entry_time,exit_time,direction,entry_spread,exit_spread,entry_z,exit_z,exit_reason,pnl_spread,pnl_norm,bars_held
2015-04-29 22:00:00+00:00,2015-04-30 10:00:00+00:00,1,-0.003055490232067859,0.000655494023641845,-2.2794,0.8873,MEAN_CROSS,0.003710984255709704,3.07823,12
2015-05-01 14:00:00+00:00,2015-05-04 02:00:00+00:00,1,-0.0014116496499405606,0.00017213100179502838,-2.0766,1.0242,MEAN_CROSS,0.001583780651735589,1.313733,12
2015-05-05 06:00:00+00:00,2015-05-05 18:00:00+00:00,1,-0.0012016431949712914,0.0008177414870735866,-2.7129,1.0535,MEAN_CROSS,0.002019384682044878,1.675062,12
2015-05-05 22:00:00+00:00,2015-05-06 12:00:00+00:00,1,-0.0035794196028469116,0.00036314961837069504,-4.7831,0.595,MEAN_CROSS,0.003942569221217607,3.270328,14
2015-05-08 04:00:00+00:00,2015-05-08 17:00:00+00:00,-1,0.0008792958353815994,0.00019561689245395364,2.4872,0.2053,MEAN_CROSS,0.0006836789429276457,0.567106,13
2015-05-10 21:00:00+00:00,2015-05-11 21:00:00+00:00,1,-0.002658250742197943,-0.00010520748373643585,-4.0367,0.6695,MEAN_CROSS,0.002553043258461507,2.117728,24
2015-05-12 02:00:00+00:00,2015-05-12 14:00:00+00:00,-1,0.0010508651060887608,-0.0012630624786313938,2.1863,-1.6953,MEAN_CROSS,0.0023139275847201546,1.919383,12
2015-05-12 21:00:00+00:00,2015-05-13 14:00:00+00:00,-1,0.0024373954703686973,0.0007741079649556948,4.7645,0.3908,MEAN_CROSS,0.0016632875054130025,1.379683,17
2015-05-13 22:00:00+00:00,2015-05-14 10:00:00+00:00,-1,0.0033497063375869107,-0.0006651639320789382,3.1256,-1.1037,MEAN_CROSS,0.004014870269665849,3.330301,12
2015-05-15 00:00:00+00:00,2015-05-15 13:00:00+00:00,1,-0.002018094162581807,0.0002989399534369941,-2.0704,0.9512,MEAN_CROSS,0.0023170341160188013,1.92196,13
2015-05-15 14:00:00+00:00,2015-05-18 01:00:00+00:00,-1,0.0020627583410079975,-0.0011788879650980189,3.6515,-1.108,MEAN_CROSS,0.0032416463061060163,2.688918,12
2015-05-19 03:00:00+00:00,2015-05-19 15:00:00+00:00,-1,0.002960568256853202,-0.0012813187313369667,5.763,-1.3379,MEAN_CROSS,0.004241886988190169,3.518609,12
2015-05-21 02:00:00+00:00,2015-05-21 14:00:00+00:00,-1,0.0010538842855494224,-0.00027096273097493295,2.0512,-0.067,MEAN_CROSS,0.0013248470165243553,1.299588,12
2015-05-22 00:00:00+00:00,2015-05-22 12:00:00+00:00,-1,0.0018392580413029158,-0.002219002750192267,3.1408,-3.9792,MEAN_CROSS,0.004058260791495183,3.980887,12
2015-05-26 06:00:00+00:00,2015-05-26 21:00:00+00:00,1,-0.0013379867659653044,7.451651628720413e-05,-6.7952,0.5083,MEAN_CROSS,0.0014125032822525085,1.385573,15
2015-05-27 20:00:00+00:00,2015-05-28 08:00:00+00:00,-1,0.0015061508203733087,-0.0001989000132263108,2.9871,-0.5282,MEAN_CROSS,0.0017050508335996195,1.672543,12
2015-05-28 10:00:00+00:00,2015-05-28 22:00:00+00:00,1,-0.0011127007980293868,0.0006419534788113523,-2.1354,0.876,MEAN_CROSS,0.0017546542768407392,1.7212,12
2015-06-01 06:00:00+00:00,2015-06-01 18:00:00+00:00,-1,0.0012346745032632,-0.0005807703124125485,2.5001,-0.7986,MEAN_CROSS,0.0018154448156757486,1.780832,12
2015-06-02 13:00:00+00:00,2015-06-03 02:00:00+00:00,-1,0.0019616553535797276,-0.00038268558666021413,2.9656,-1.0202,MEAN_CROSS,0.0023443409402399418,2.299644,13
2015-06-03 08:00:00+00:00,2015-06-03 20:00:00+00:00,1,-0.0011145354901260784,0.00037342306270571335,-2.0011,0.5262,MEAN_CROSS,0.0014879585528317918,1.459589,12
2015-06-04 08:00:00+00:00,2015-06-04 21:00:00+00:00,-1,0.001180038025958341,-0.0003464313057530699,2.2662,-0.4661,MEAN_CROSS,0.0015264693317114109,1.497366,13
2015-06-05 12:00:00+00:00,2015-06-08 01:00:00+00:00,1,-0.005134427912683037,0.0005162749236491404,-10.3781,0.7655,MEAN_CROSS,0.005650702836332178,5.542968,14
2015-06-09 03:00:00+00:00,2015-06-10 04:00:00+00:00,1,-0.000912785579397335,0.0009594544509547998,-2.0747,1.6478,MEAN_CROSS,0.0018722400303521347,2.196799,25
2015-06-10 05:00:00+00:00,2015-06-10 17:00:00+00:00,-1,0.0015970633519424293,0.00047360600119006335,2.4848,0.3403,MEAN_CROSS,0.001123457350752366,1.318212,12
2015-06-10 21:00:00+00:00,2015-06-11 12:00:00+00:00,1,-0.007673372749008367,0.0006564658692407299,-11.3659,0.7108,MEAN_CROSS,0.008329838618249097,9.773843,15
2015-06-12 08:00:00+00:00,2015-06-14 21:00:00+00:00,1,-0.001562594437109155,0.0002964781784711157,-2.1568,0.5909,MEAN_CROSS,0.0018590726155802706,2.181349,13
2015-06-15 12:00:00+00:00,2015-06-16 00:00:00+00:00,-1,0.0013835336964502787,-0.0003617051851962927,2.711,-1.0267,MEAN_CROSS,0.0017452388816465714,2.047782,12
2015-06-17 08:00:00+00:00,2015-06-17 20:00:00+00:00,1,-0.0016856152065374275,0.0010195243127035791,-5.0082,1.5092,MEAN_CROSS,0.0027051395192410066,3.174084,12
2015-06-17 22:00:00+00:00,2015-06-18 11:00:00+00:00,1,-0.0036259223175132416,0.0013264680216764635,-3.9864,1.2027,MEAN_CROSS,0.004952390339189705,5.810903,13
2015-06-19 20:00:00+00:00,2015-06-22 08:00:00+00:00,-1,0.0006687181380804486,-0.0007843924855532869,2.1544,-1.6706,MEAN_CROSS,0.0014531106236337354,1.705012,12
2015-06-22 09:00:00+00:00,2015-06-22 23:00:00+00:00,1,-0.0010888538940596604,0.0002242191913226499,-2.1907,0.589,MEAN_CROSS,0.0013130730853823103,1.540698,14
2015-06-23 12:00:00+00:00,2015-06-24 02:00:00+00:00,1,-0.0013566082260656476,0.00019934868119309002,-2.2671,0.5873,MEAN_CROSS,0.0015559569072587376,1.825687,14
2015-06-24 16:00:00+00:00,2015-06-25 04:00:00+00:00,-1,0.0012532703671113143,0.0002852954160899035,2.6762,-0.2476,MEAN_CROSS,0.0009679749510214108,1.135776,12
2015-06-25 06:00:00+00:00,2015-06-25 21:00:00+00:00,1,-0.0005651837566762463,-0.00214594800019019,-2.1901,-4.0953,STOP_LOSS,-0.0015807642435139435,-1.854795,15
2015-06-29 02:00:00+00:00,2015-06-29 14:00:00+00:00,-1,0.0013482621964373553,-0.0007946915778707098,3.1953,-0.944,MEAN_CROSS,0.002142953774308065,4.313605,12
2015-06-29 15:00:00+00:00,2015-06-30 03:00:00+00:00,-1,0.0020187574681866938,-0.0006206054152111395,3.9475,-0.7401,MEAN_CROSS,0.0026393628833978333,5.31284,12
2015-06-30 08:00:00+00:00,2015-06-30 22:00:00+00:00,1,-0.002386259480072095,0.0005416850648958249,-2.5997,0.6499,MEAN_CROSS,0.0029279445449679198,5.893733,14
2015-07-01 22:00:00+00:00,2015-07-02 12:00:00+00:00,1,-0.0017073766312662997,0.0008798117297401653,-3.2174,3.1099,MEAN_CROSS,0.002587188361006465,5.207816,14
2015-07-02 13:00:00+00:00,2015-07-03 01:00:00+00:00,-1,0.0011495236367351502,-0.0001368280736899763,3.2031,0.0502,MEAN_CROSS,0.0012863517104251265,2.58933,12
2015-07-05 21:00:00+00:00,2015-07-06 09:00:00+00:00,1,-0.0011044182978354744,0.000634827285500128,-2.5514,1.647,MEAN_CROSS,0.0017392455833356024,3.500971,12
2015-07-06 12:00:00+00:00,2015-07-07 00:00:00+00:00,-1,0.001138202005203981,-0.0001304164341997538,2.5132,-0.3164,MEAN_CROSS,0.0012686184394037348,2.553634,12
2015-07-07 07:00:00+00:00,2015-07-07 22:00:00+00:00,1,-0.0015414481964324267,0.0009614573963303563,-3.1558,1.8521,MEAN_CROSS,0.002502905592762783,5.038161,15
2015-07-08 09:00:00+00:00,2015-07-08 21:00:00+00:00,-1,0.002389867382446731,-0.00011818053620915592,3.405,-0.6979,MEAN_CROSS,0.002508047918655887,5.048513,12
2015-07-10 12:00:00+00:00,2015-07-13 00:00:00+00:00,1,-0.000793396816285652,0.0005191465481384494,-2.2288,0.9941,MEAN_CROSS,0.0013125433644241014,2.642051,12
2015-07-13 02:00:00+00:00,2015-07-13 14:00:00+00:00,-1,0.001257161384646377,-0.0010442662100071942,2.0747,-1.1689,MEAN_CROSS,0.002301427594653571,4.632601,12
2015-07-14 12:00:00+00:00,2015-07-15 00:00:00+00:00,-1,0.0014642856976772034,-0.0003119457994991137,3.2477,-0.7784,MEAN_CROSS,0.0017762314971763171,3.575421,12
2015-07-15 13:00:00+00:00,2015-07-16 06:00:00+00:00,1,-0.0018012849308355339,-9.71578475932322e-05,-4.3675,0.9384,MEAN_CROSS,0.0017041270832423017,3.43028,17
2015-07-20 04:00:00+00:00,2015-07-20 16:00:00+00:00,-1,0.002822182041531618,3.132607935385501e-05,6.6462,-0.1611,MEAN_CROSS,0.002790855962177763,4.004965,12
2015-07-21 14:00:00+00:00,2015-07-22 02:00:00+00:00,-1,0.0014900065031524523,5.0614832757922557e-05,2.781,-0.3164,MEAN_CROSS,0.0014393916703945298,2.065572,12
2015-07-22 21:00:00+00:00,2015-07-23 09:00:00+00:00,-1,0.003387671530386882,0.00042378961416233984,7.1629,0.1758,MEAN_CROSS,0.0029638819162245422,4.253263,12
2015-07-27 14:00:00+00:00,2015-07-28 03:00:00+00:00,-1,0.0010539920307476303,0.00021294964791052085,2.3357,-0.0867,MEAN_CROSS,0.0008410423828371094,1.206922,13
2015-07-28 04:00:00+00:00,2015-07-28 16:00:00+00:00,-1,0.0018238807322213946,7.510452939296641e-05,2.8893,-0.383,MEAN_CROSS,0.0017487762028284282,2.509548,12
2015-07-28 21:00:00+00:00,2015-07-29 09:00:00+00:00,-1,0.0015470861924254953,-0.0005446440205610914,2.1641,-1.2805,MEAN_CROSS,0.0020917302129865867,3.001698,12
2015-07-29 10:00:00+00:00,2015-07-30 04:00:00+00:00,1,-0.0012130454493104459,0.0001571003360890666,-2.3069,0.7287,MEAN_CROSS,0.0013701457853995125,1.966202,18
2015-07-31 01:00:00+00:00,2015-07-31 13:00:00+00:00,1,-0.0017094239581246784,0.004025780174664817,-2.8636,5.4793,MEAN_CROSS,0.005735204132789495,8.230196,12
2015-07-31 14:00:00+00:00,2015-08-03 02:00:00+00:00,-1,0.0024823773972791896,-0.00026116276484677847,2.3454,-0.2779,MEAN_CROSS,0.002743540162125968,3.937065,12
2015-08-03 20:00:00+00:00,2015-08-04 08:00:00+00:00,1,-0.0013980399267099486,0.0008834816634186726,-2.3688,1.608,MEAN_CROSS,0.002281521590128621,3.274054,12
2015-08-04 17:00:00+00:00,2015-08-05 05:00:00+00:00,1,-0.0012852960224331023,0.00037752787066824833,-2.1041,0.8121,MEAN_CROSS,0.0016628238931013506,2.386204,12
2015-08-07 03:00:00+00:00,2015-08-07 19:00:00+00:00,-1,0.0008211640141002619,0.00029888593311133693,2.2523,-0.0401,MEAN_CROSS,0.0005222780809889249,0.838355,16
2015-08-10 08:00:00+00:00,2015-08-11 00:00:00+00:00,1,-0.001626717281376866,0.0008178302912806856,-2.4004,1.5846,MEAN_CROSS,0.0024445475726575516,3.92396,16
2015-08-11 01:00:00+00:00,2015-08-11 13:00:00+00:00,1,-0.0026452268354959507,0.0003787713518094149,-4.2115,0.8251,MEAN_CROSS,0.0030239981873053656,4.854088,12
2015-08-12 01:00:00+00:00,2015-08-12 14:00:00+00:00,1,-0.0027322529302505894,0.002326286123090382,-3.1219,2.3336,MEAN_CROSS,0.005058539053340971,8.11991,13
2015-08-14 02:00:00+00:00,2015-08-14 16:00:00+00:00,1,-0.0015169911486606624,0.0002840182073473585,-2.4597,0.7,MEAN_CROSS,0.001801009356008021,2.89096,14
2015-08-18 01:00:00+00:00,2015-08-18 13:00:00+00:00,-1,0.001401676708638444,-0.0006137250930668969,3.7275,-1.5448,MEAN_CROSS,0.002015401801705341,3.2351,12
2015-08-19 16:00:00+00:00,2015-08-20 04:00:00+00:00,-1,0.0009493711718417952,0.00032437563207265985,2.5368,0.3327,MEAN_CROSS,0.0006249955397691354,1.003236,12
2015-08-21 10:00:00+00:00,2015-08-23 22:00:00+00:00,-1,0.00278889691636941,-0.0018419596382274195,7.0455,-2.6682,MEAN_CROSS,0.004630856554596829,7.433399,12
2015-08-23 23:00:00+00:00,2015-08-24 17:00:00+00:00,1,-0.001900024506254261,0.0009284968018921091,-2.3809,1.0138,MEAN_CROSS,0.00282852130814637,4.540311,18
2015-08-25 00:00:00+00:00,2015-08-25 14:00:00+00:00,-1,0.001406042663443019,-0.0001604616787834745,2.1706,0.1552,MEAN_CROSS,0.0015665043422264935,2.514535,14
2015-08-26 14:00:00+00:00,2015-08-27 07:00:00+00:00,1,-0.0030346803530190147,0.001415528950419409,-4.1729,1.9145,MEAN_CROSS,0.004450209303438424,3.164084,17
2015-08-31 01:00:00+00:00,2015-08-31 14:00:00+00:00,1,-0.0018777808355006087,-0.0030968379628603104,-3.9338,-4.9339,STOP_LOSS,-0.0012190571273597017,-0.866746,13
2015-09-01 02:00:00+00:00,2015-09-01 16:00:00+00:00,-1,0.0015028376231372986,-0.00020276120001261333,2.5435,0.217,MEAN_CROSS,0.001705598823149912,1.212675,14
2015-09-03 13:00:00+00:00,2015-09-04 01:00:00+00:00,-1,0.002040050037608543,-0.0004292087464417005,4.1102,-0.9312,MEAN_CROSS,0.0024692587840502433,1.755635,12
2015-09-04 12:00:00+00:00,2015-09-07 06:00:00+00:00,1,-0.0020407309325157774,0.0003119712855962353,-3.5576,1.1114,MEAN_CROSS,0.0023527022181120127,1.672764,18
2015-09-08 01:00:00+00:00,2015-09-08 13:00:00+00:00,-1,0.0009172507507578809,0.0016004006347303257,2.7349,3.6374,STOP_LOSS,-0.0006831498839724448,-0.485717,12
2015-09-08 15:00:00+00:00,2015-09-09 03:00:00+00:00,-1,0.0016546797705287997,-0.0003708141036242729,2.9662,-1.39,MEAN_CROSS,0.0020254938741530726,1.440119,12
2015-09-09 21:00:00+00:00,2015-09-10 09:00:00+00:00,1,-0.006122413835487284,0.0003915512045282732,-10.1778,0.5016,MEAN_CROSS,0.006513965040015557,4.631408,12
2015-09-11 15:00:00+00:00,2015-09-14 02:00:00+00:00,-1,0.001111096940356937,-9.526935824477611e-05,2.115,-0.4969,MEAN_CROSS,0.0012063662986017132,0.857722,12
2015-09-15 14:00:00+00:00,2015-09-16 07:00:00+00:00,1,-0.001556035091072161,0.0005565209139685168,-2.855,0.655,MEAN_CROSS,0.0021125560050406778,3.965443,17
2015-09-16 22:00:00+00:00,2015-09-17 17:00:00+00:00,1,-0.0012631921429623327,0.000808260805589267,-2.4056,1.8934,MEAN_CROSS,0.0020714529485515998,3.888289,19
2015-09-17 18:00:00+00:00,2015-09-18 06:00:00+00:00,-1,0.005043761518584544,0.00044173956327331343,9.5955,0.3469,MEAN_CROSS,0.004602021955311231,8.638376,12
2015-09-21 23:00:00+00:00,2015-09-22 11:00:00+00:00,-1,0.0005259286665252327,-0.0009788092584160912,2.0017,-1.6707,MEAN_CROSS,0.001504737924941324,2.824518,12
2015-09-23 01:00:00+00:00,2015-09-23 16:00:00+00:00,1,-0.0015971459334558347,0.00023603263480642678,-3.3387,0.7061,MEAN_CROSS,0.0018331785682622614,3.441028,15
2015-09-23 20:00:00+00:00,2015-09-24 08:00:00+00:00,-1,0.00136372677144736,-0.00019417508505259473,2.4158,-0.4309,MEAN_CROSS,0.0015579018564999547,2.924311,12
2015-09-24 13:00:00+00:00,2015-09-25 01:00:00+00:00,-1,0.0017720799344271843,-0.00021806387916523118,2.3802,-0.7824,MEAN_CROSS,0.0019901438135924154,3.735665,12
2015-09-28 10:00:00+00:00,2015-09-29 03:00:00+00:00,1,-0.0011104641407435611,0.0003247065514699887,-2.484,1.1125,MEAN_CROSS,0.0014351706922135499,2.693934,17
2015-09-29 07:00:00+00:00,2015-09-29 19:00:00+00:00,-1,0.0020188876853951543,0.00012343756130794858,4.0933,0.0904,MEAN_CROSS,0.0018954501240872057,3.557917,12
2015-10-01 09:00:00+00:00,2015-10-01 21:00:00+00:00,-1,0.001080630026991547,-0.00034359910915437997,2.5133,-0.5046,MEAN_CROSS,0.001424229136145927,2.673396,12
2015-10-04 21:00:00+00:00,2015-10-05 11:00:00+00:00,-1,0.0010582019095983775,-0.00010447428573290285,2.6869,-1.1573,MEAN_CROSS,0.0011626761953312803,2.111399,14
2015-10-05 20:00:00+00:00,2015-10-06 13:00:00+00:00,1,-0.0008136110312190192,0.000435849076384609,-2.0435,0.6236,MEAN_CROSS,0.0012494601076036282,2.268997,17
2015-10-06 14:00:00+00:00,2015-10-07 08:00:00+00:00,-1,0.0016774401841181952,7.144474882092577e-05,3.2651,-0.6412,MEAN_CROSS,0.0016059954352972694,2.916458,18
2015-10-07 18:00:00+00:00,2015-10-08 14:00:00+00:00,1,-0.0009272062862120123,0.0007662536634810424,-2.4044,1.4892,MEAN_CROSS,0.0016934599496930547,3.075292,20
2015-10-08 15:00:00+00:00,2015-10-09 03:00:00+00:00,-1,0.0015575466152721873,0.00030536301691741485,2.9458,0.1274,MEAN_CROSS,0.0012521835983547724,2.273942,12
2015-10-09 07:00:00+00:00,2015-10-09 19:00:00+00:00,-1,0.0019905153745500836,-0.0004215807563074936,2.7798,-1.2498,MEAN_CROSS,0.0024120961308575772,4.380322,12
2015-10-12 07:00:00+00:00,2015-10-12 19:00:00+00:00,-1,0.001436894468268668,-0.0005058631686930548,2.5784,-1.4084,MEAN_CROSS,0.0019427576369617228,3.528012,12
2015-10-13 00:00:00+00:00,2015-10-14 00:00:00+00:00,1,-0.0013240714045058555,0.0003837636215238138,-2.7686,1.1883,MEAN_CROSS,0.0017078350260296693,3.101397,24
2015-10-14 02:00:00+00:00,2015-10-14 14:00:00+00:00,-1,0.0012000207023165066,0.0003804584591631244,2.1661,0.05,MEAN_CROSS,0.0008195622431533822,1.48831,12
2015-10-15 07:00:00+00:00,2015-10-15 19:00:00+00:00,-1,0.0024484649121249147,-0.001055253649860144,2.3332,-2.1678,MEAN_CROSS,0.0035037185619850586,6.362688,12
2015-10-15 22:00:00+00:00,2015-10-16 13:00:00+00:00,1,-0.0013015912948541875,0.0008501326968388678,-2.2505,1.197,MEAN_CROSS,0.0021517239916930553,3.907491,15
2015-10-20 07:00:00+00:00,2015-10-20 19:00:00+00:00,-1,0.001621922276814347,-0.00041420843067641044,4.4912,-0.1833,MEAN_CROSS,0.0020361307074907575,3.697576,12
2015-10-22 02:00:00+00:00,2015-10-22 14:00:00+00:00,-1,0.001476325951759394,0.000528761676739764,2.0503,0.2177,MEAN_CROSS,0.00094756427501963,1.720759,12
2015-10-23 00:00:00+00:00,2015-10-23 12:00:00+00:00,-1,0.0022326458721015907,-0.0014938308411417411,3.1559,-1.9855,MEAN_CROSS,0.003726476713243332,5.902333,12
2015-10-23 13:00:00+00:00,2015-10-26 01:00:00+00:00,1,-0.0021487658865922965,0.0007282914226643955,-2.5168,0.8584,MEAN_CROSS,0.002877057309256692,4.556945,12
2015-10-27 12:00:00+00:00,2015-10-28 00:00:00+00:00,-1,0.001221221328866151,-0.0010201214112736112,3.1753,-2.4695,MEAN_CROSS,0.0022413427401397623,3.550042,12
2015-10-28 01:00:00+00:00,2015-10-28 18:00:00+00:00,1,-0.0016397439189708152,-0.0036738440073053047,-3.5207,-5.5531,STOP_LOSS,-0.0020341000883344895,-3.221793,17
2015-10-28 20:00:00+00:00,2015-10-29 12:00:00+00:00,-1,0.0013855197714375267,-0.0003743691017245032,2.4344,-0.1621,MEAN_CROSS,0.00175988887316203,2.787472,16
2015-10-30 12:00:00+00:00,2015-11-02 01:00:00+00:00,1,-0.0012720301340218843,0.0007783239578611489,-2.5149,0.7175,MEAN_CROSS,0.002050354091883033,3.247537,12
2015-11-02 09:00:00+00:00,2015-11-02 21:00:00+00:00,1,-0.0013873419124349473,0.00042544650484210855,-2.628,0.9124,MEAN_CROSS,0.0018127884172770559,2.871259,12
2015-11-03 13:00:00+00:00,2015-11-04 02:00:00+00:00,1,-0.0016739769483132827,0.00022792710303976005,-2.2552,0.7956,MEAN_CROSS,0.0019019040513530427,3.012409,13
2015-11-04 13:00:00+00:00,2015-11-05 01:00:00+00:00,1,-0.0024541664659726292,8.046488243751426e-05,-2.6446,0.733,MEAN_CROSS,0.0025346313484101435,4.01458,12
2015-11-05 13:00:00+00:00,2015-11-06 01:00:00+00:00,-1,0.001568969400830289,0.00014322520753251577,2.599,0.0755,MEAN_CROSS,0.0014257441932977732,2.258223,12
2015-11-06 12:00:00+00:00,2015-11-09 00:00:00+00:00,-1,0.0011779579300015275,-0.00013242878869312857,2.3055,0.2044,MEAN_CROSS,0.001310386718694656,2.07551,12
2015-11-10 23:00:00+00:00,2015-11-11 11:00:00+00:00,-1,0.0009212609162362329,-1.3541586664223004e-06,2.8178,-0.1989,MEAN_CROSS,0.0009226150749026552,1.461322,12
2015-11-13 08:00:00+00:00,2015-11-13 20:00:00+00:00,1,-0.0012089303166068488,0.00029857099329511083,-3.2615,0.7839,MEAN_CROSS,0.0015075013099019596,2.585542,12
2015-11-16 09:00:00+00:00,2015-11-17 06:00:00+00:00,1,-0.0008531076520278402,0.0001172783854147541,-2.3138,0.7231,MEAN_CROSS,0.0009703860374425943,1.664326,21
2015-11-18 05:00:00+00:00,2015-11-18 17:00:00+00:00,-1,0.0008955053792614187,-0.0001382581011798445,2.1886,-0.0881,MEAN_CROSS,0.0010337634804412632,1.773026,12
2015-11-18 23:00:00+00:00,2015-11-19 11:00:00+00:00,-1,0.0014126217521532869,0.0002611373191665489,2.6554,0.0915,MEAN_CROSS,0.001151484432986738,1.974931,12
2015-11-19 15:00:00+00:00,2015-11-20 03:00:00+00:00,-1,0.0028941887908670028,0.0007452325645628255,3.0883,0.1939,MEAN_CROSS,0.0021489562263041773,3.685713,12
2015-11-22 23:00:00+00:00,2015-11-23 13:00:00+00:00,1,-0.0011875527060630775,0.0005328257549791493,-2.2822,1.5978,MEAN_CROSS,0.0017203784610422268,2.950651,14
2015-11-24 01:00:00+00:00,2015-11-24 18:00:00+00:00,-1,0.0008338028635067607,8.584105722719837e-05,2.1483,0.0428,MEAN_CROSS,0.0007479618062795623,1.282842,17
2015-11-25 08:00:00+00:00,2015-11-25 20:00:00+00:00,1,-0.0005384610604750595,0.0004509552702046671,-2.046,0.5491,MEAN_CROSS,0.0009894163306797266,1.696965,12
2015-11-26 09:00:00+00:00,2015-11-26 23:00:00+00:00,1,-0.0006407347970854849,0.0004294307084546922,-2.1074,1.3234,MEAN_CROSS,0.001070165505540177,1.83546,14
2015-11-27 06:00:00+00:00,2015-11-27 18:00:00+00:00,1,-0.000710141849538326,0.0002803834278687356,-2.4517,1.2892,MEAN_CROSS,0.0009905252774070616,1.698867,12
2015-11-30 02:00:00+00:00,2015-11-30 14:00:00+00:00,-1,0.0008622058782867814,0.0003118632642754582,2.8193,0.4959,MEAN_CROSS,0.0005503426140113232,0.943902,12
2015-12-01 01:00:00+00:00,2015-12-01 14:00:00+00:00,-1,0.0018328133711729144,-3.738572727474132e-05,3.8196,-1.0271,MEAN_CROSS,0.0018701990984476558,3.207611,13
2015-12-02 15:00:00+00:00,2015-12-03 03:00:00+00:00,1,-0.00102476372766247,0.0003178961136115488,-2.0108,1.3161,MEAN_CROSS,0.0013426598412740187,2.559087,12
2015-12-03 14:00:00+00:00,2015-12-04 04:00:00+00:00,1,-0.0018751107707859482,0.0007406291438812884,-4.3075,0.7181,MEAN_CROSS,0.0026157399146672367,4.985556,14
2015-12-04 14:00:00+00:00,2015-12-07 02:00:00+00:00,-1,0.0039057749193215363,-0.0008847241488477708,4.5089,-1.1396,MEAN_CROSS,0.004790499068169307,9.13061,12
2015-12-08 06:00:00+00:00,2015-12-08 18:00:00+00:00,-1,0.0006836389216650085,7.038354159161209e-05,2.7373,0.3368,MEAN_CROSS,0.0006132553800733964,1.168854,12
2015-12-09 13:00:00+00:00,2015-12-10 01:00:00+00:00,-1,0.001433198617066811,2.029627926614097e-06,2.7772,-0.3454,MEAN_CROSS,0.0014311689891401969,2.727784,12
2015-12-11 10:00:00+00:00,2015-12-14 06:00:00+00:00,1,-0.0013887861677320812,0.00037917886727467653,-2.4945,0.9697,MEAN_CROSS,0.0017679650350067577,3.369712,20
2015-12-14 11:00:00+00:00,2015-12-15 02:00:00+00:00,-1,0.0012886410364124634,0.00038782462994901845,2.2199,0.1193,MEAN_CROSS,0.000900816406463445,1.716941,15
2015-12-15 09:00:00+00:00,2015-12-15 22:00:00+00:00,1,-0.0009511256487233499,0.0006284568586644168,-2.6269,0.7715,MEAN_CROSS,0.0015795825073877667,3.010658,13
2015-12-16 14:00:00+00:00,2015-12-17 02:00:00+00:00,-1,0.0010513659612935156,-0.0010282514881869709,2.1278,-1.2768,MEAN_CROSS,0.0020796174494804864,3.963716,12
2015-12-18 14:00:00+00:00,2015-12-21 04:00:00+00:00,-1,0.0012266256249569008,0.0003658855538438699,2.0534,0.372,MEAN_CROSS,0.0008607400711130309,1.640556,14
2015-12-22 02:00:00+00:00,2015-12-22 14:00:00+00:00,-1,0.0012589718817745954,-1.6580387872000557e-05,2.3982,-0.6495,MEAN_CROSS,0.001275552269646596,2.654808,12
2015-12-23 08:00:00+00:00,2015-12-23 20:00:00+00:00,1,-0.0007428128384444621,0.0003823307408771237,-2.0383,0.9784,MEAN_CROSS,0.0011251435793215858,2.341762,12
2015-12-29 15:00:00+00:00,2015-12-30 08:00:00+00:00,1,-0.0005940439388747443,0.0009445131031285969,-3.0639,3.1235,MEAN_CROSS,0.0015385570420033412,3.2022,17
2015-12-30 14:00:00+00:00,2015-12-31 02:00:00+00:00,1,-0.0007608526198970011,0.00013513631192607622,-2.1754,0.7788,MEAN_CROSS,0.0008959889318230774,1.864823,12
2016-01-04 00:00:00+00:00,2016-01-04 14:00:00+00:00,1,-0.0014354677633744428,0.00020092978987074073,-3.4243,0.8284,MEAN_CROSS,0.0016363975532451835,3.405836,14
2016-01-05 08:00:00+00:00,2016-01-05 20:00:00+00:00,1,-0.0015078346761777661,0.0006063745221888128,-2.0051,1.4714,MEAN_CROSS,0.002114209198366579,4.400306,12
2016-01-06 01:00:00+00:00,2016-01-06 14:00:00+00:00,1,-0.0027526173909709906,0.0003331310642663565,-4.5797,0.8748,MEAN_CROSS,0.003085748455237347,6.422371,13
2016-01-07 12:00:00+00:00,2016-01-08 01:00:00+00:00,1,-0.0022497183788143804,0.001025503784807813,-4.6926,1.5717,MEAN_CROSS,0.0032752221636221934,6.816723,13
2016-01-08 11:00:00+00:00,2016-01-11 00:00:00+00:00,1,-0.001485912052007765,0.00011506826614759991,-2.0108,0.7603,MEAN_CROSS,0.001600980318155365,3.332122,13
2016-01-11 08:00:00+00:00,2016-01-11 23:00:00+00:00,-1,0.0013045583253389337,-0.0001515870533257413,2.2791,-0.2915,MEAN_CROSS,0.001456145378664675,3.030677,15
2016-01-12 07:00:00+00:00,2016-01-12 23:00:00+00:00,1,-0.0015981976831590528,0.00020719326920315417,-4.065,0.5699,MEAN_CROSS,0.001805390952362207,4.375004,16
2016-01-13 00:00:00+00:00,2016-01-13 12:00:00+00:00,-1,0.001100946347627807,-0.0006819420821072564,2.5099,-1.1958,MEAN_CROSS,0.0017828884297350633,4.320473,12
2016-01-13 18:00:00+00:00,2016-01-14 06:00:00+00:00,1,-0.0013796698219445958,0.0006380302546805661,-3.2423,1.1232,MEAN_CROSS,0.002017700076625162,4.889492,12
2016-01-14 10:00:00+00:00,2016-01-14 23:00:00+00:00,1,-0.0025206245141425887,0.0008796342328729612,-3.3431,1.3498,MEAN_CROSS,0.00340025874701555,8.239846,13
2016-01-19 02:00:00+00:00,2016-01-19 21:00:00+00:00,1,-0.001317976801835763,-0.004121267983694055,-2.5332,-6.8862,STOP_LOSS,-0.0028032911818582917,-6.793215,19
2016-01-19 22:00:00+00:00,2016-01-20 13:00:00+00:00,1,-0.0031378163362434375,0.0009789058511009419,-3.2092,1.0528,MEAN_CROSS,0.004116722187344379,9.976052,15
2016-01-21 16:00:00+00:00,2016-01-22 04:00:00+00:00,-1,0.0031948454146033534,0.0004729402429135554,4.4484,0.1374,MEAN_CROSS,0.002721905171689798,6.595992,12
2016-01-22 08:00:00+00:00,2016-01-25 01:00:00+00:00,1,-0.0016041183150410365,0.0008540004268369206,-2.1695,1.1883,MEAN_CROSS,0.002458118741877957,5.956759,17
2016-01-25 03:00:00+00:00,2016-01-25 15:00:00+00:00,-1,0.0015351648741603885,-1.3907725761375112e-05,2.0413,0.273,MEAN_CROSS,0.0015490725999217636,3.753867,12
2016-01-26 13:00:00+00:00,2016-01-27 01:00:00+00:00,-1,0.001235732542182788,-0.00083954529838981,3.1859,-1.8166,MEAN_CROSS,0.002075277840572598,5.02902,12
2016-01-27 13:00:00+00:00,2016-01-28 03:00:00+00:00,-1,0.0016658174457014896,0.0001962016070967687,3.2069,0.4384,MEAN_CROSS,0.001469615838604721,3.56132,14
2016-01-29 05:00:00+00:00,2016-01-29 17:00:00+00:00,-1,0.0019867198272273123,-0.0004232234926609957,3.851,-0.6966,MEAN_CROSS,0.002409943319888308,5.840015,12
2016-02-01 14:00:00+00:00,2016-02-02 02:00:00+00:00,-1,0.0016315627198961735,0.0005123809820994918,4.105,0.3546,MEAN_CROSS,0.0011191817377966817,1.57144,12
2016-02-02 08:00:00+00:00,2016-02-02 21:00:00+00:00,1,-0.0014825203754454952,0.0018553128542843078,-2.5819,2.2206,MEAN_CROSS,0.003337833229729803,4.686643,13
2016-02-03 15:00:00+00:00,2016-02-04 03:00:00+00:00,-1,0.002431294317016053,0.0001150955233327755,2.4127,-0.7257,MEAN_CROSS,0.0023161987936832773,3.252169,12
2016-02-05 01:00:00+00:00,2016-02-05 13:00:00+00:00,1,-0.0018497564399929667,-0.0026597885482870787,-3.034,-3.5874,STOP_LOSS,-0.000810032108294112,-1.137364,12
2016-02-05 14:00:00+00:00,2016-02-08 04:00:00+00:00,1,-0.002994890019363927,0.00023978855880801841,-3.2495,0.5528,MEAN_CROSS,0.0032346785781719456,4.541804,14
2016-02-09 00:00:00+00:00,2016-02-09 13:00:00+00:00,1,-0.0011776611609836118,0.0007245240979047995,-2.8337,1.7096,MEAN_CROSS,0.0019021852588884114,2.670853,13
2016-02-09 14:00:00+00:00,2016-02-10 02:00:00+00:00,-1,0.0014422966989566799,-0.0005578677561499656,2.871,-0.6776,MEAN_CROSS,0.0020001644551066455,2.808426,12
2016-02-11 00:00:00+00:00,2016-02-11 14:00:00+00:00,-1,0.0020834121075911094,0.0005685268507601426,2.9506,0.3453,MEAN_CROSS,0.0015148852568309668,2.127046,14
2016-02-16 02:00:00+00:00,2016-02-16 17:00:00+00:00,1,-0.002601649578671039,0.00010438695674708232,-6.4094,0.6919,MEAN_CROSS,0.0027060365354181215,3.799539,15
2016-02-17 13:00:00+00:00,2016-02-18 01:00:00+00:00,1,-0.0011874169069250318,0.0008673963966437936,-2.2982,1.1843,MEAN_CROSS,0.0020548133035688254,2.885158,12
2016-02-19 13:00:00+00:00,2016-02-22 01:00:00+00:00,1,-0.0012180687637518561,0.0011687415105943177,-2.885,1.7884,MEAN_CROSS,0.002386810274346174,4.703958,12
2016-02-22 13:00:00+00:00,2016-02-23 01:00:00+00:00,-1,0.0014528332925541898,-0.00036471079764266445,2.0741,-1.262,MEAN_CROSS,0.0018175440901968543,3.58204,12
2016-02-24 13:00:00+00:00,2016-02-25 01:00:00+00:00,-1,0.0007801962001069418,4.2657896236586446e-05,2.2169,0.2392,MEAN_CROSS,0.0007375383038703553,1.45355,12
2016-02-25 23:00:00+00:00,2016-02-26 11:00:00+00:00,-1,0.001690146935331538,-0.00015847555724901596,3.7727,-0.823,MEAN_CROSS,0.0018486224925805539,3.64329,12
2016-02-26 12:00:00+00:00,2016-02-29 04:00:00+00:00,1,-0.0010120692298243306,0.0005021451958224787,-2.2061,0.9338,MEAN_CROSS,0.0015142144256468093,2.984234,16
2016-03-02 15:00:00+00:00,2016-03-03 03:00:00+00:00,-1,0.001407754516546511,-0.00010037659572670332,2.5905,-0.5303,MEAN_CROSS,0.0015081311122732144,2.972245,12
2016-03-03 19:00:00+00:00,2016-03-04 14:00:00+00:00,1,-0.0007160490772295525,0.0015996644262333826,-2.2934,2.1965,MEAN_CROSS,0.002315713503462935,4.563839,19
2016-03-06 23:00:00+00:00,2016-03-07 14:00:00+00:00,1,-0.0011302163994015846,0.000741876815596898,-2.7722,1.1744,MEAN_CROSS,0.0018720932149984826,3.689547,15
2016-03-07 15:00:00+00:00,2016-03-08 03:00:00+00:00,-1,0.001823243034866251,-0.00018227911656920615,2.7908,-0.0386,MEAN_CROSS,0.002005522151435457,3.95251,12
2016-03-09 09:00:00+00:00,2016-03-09 21:00:00+00:00,-1,0.001721394110762775,-0.004796608777114519,3.272,-2.7029,MEAN_CROSS,0.006518002887877294,12.845768,12
2016-03-11 08:00:00+00:00,2016-03-14 20:00:00+00:00,1,-0.0008078100304282909,0.0003436455326617516,-2.0315,0.6528,MEAN_CROSS,0.0011514555630900425,0.576937,37
2016-03-14 23:00:00+00:00,2016-03-15 12:00:00+00:00,-1,0.0008155144899683053,-0.00014941739239815455,2.0781,0.3944,MEAN_CROSS,0.0009649318823664599,0.483479,13
2016-03-15 14:00:00+00:00,2016-03-16 03:00:00+00:00,1,-0.002665007182496737,0.00012124047663575332,-4.2387,0.5965,MEAN_CROSS,0.0027862476591324903,1.39605,13
2016-03-16 18:00:00+00:00,2016-03-17 06:00:00+00:00,-1,0.0047169090198331265,0.0006261117843529007,6.795,0.0387,MEAN_CROSS,0.004090797235480226,2.049695,12
2016-03-18 08:00:00+00:00,2016-03-21 02:00:00+00:00,1,-0.0018928618048884571,0.00010421451764874856,-3.0827,0.7369,MEAN_CROSS,0.0019970763225372057,1.000635,18
2016-03-21 08:00:00+00:00,2016-03-21 23:00:00+00:00,-1,0.0011085679392525138,-0.00036468353261298603,3.3632,-0.5345,MEAN_CROSS,0.0014732514718654999,0.738173,15
2016-03-23 00:00:00+00:00,2016-03-23 12:00:00+00:00,-1,0.0009853997096679334,-0.0004440232043724235,2.6239,-0.3689,MEAN_CROSS,0.001429422914040357,0.716213,12
2016-03-23 14:00:00+00:00,2016-03-24 02:00:00+00:00,-1,0.0009406633945830967,-0.00043146610378441697,2.5491,-0.6807,MEAN_CROSS,0.0013721294983675136,0.687506,12
2016-03-24 12:00:00+00:00,2016-03-25 00:00:00+00:00,-1,0.0011934437937320963,8.553919909848329e-05,2.4971,0.2671,MEAN_CROSS,0.001107904594633613,0.555116,12
2016-03-25 06:00:00+00:00,2016-03-25 19:00:00+00:00,-1,0.0007030602283453202,-6.754559721333653e-05,2.1113,-0.1665,MEAN_CROSS,0.0007706058255586568,0.386112,13
2016-03-28 08:00:00+00:00,2016-03-28 20:00:00+00:00,-1,0.0006414071163759472,-0.00016489159487587113,2.0499,-0.623,MEAN_CROSS,0.0008062987112518183,0.403996,12
2016-03-29 09:00:00+00:00,2016-03-29 21:00:00+00:00,1,-0.0006078499420130168,0.00099636859291663,-2.1605,0.5601,MEAN_CROSS,0.0016042185349296467,0.803794,12
2016-03-30 07:00:00+00:00,2016-03-30 19:00:00+00:00,-1,0.004718114892627412,0.00047923784803427516,4.4919,-0.1815,MEAN_CROSS,0.004238877044593137,4.597319,12
2016-04-01 12:00:00+00:00,2016-04-04 05:00:00+00:00,1,-0.002085393713570971,0.0002939851345142852,-3.6631,0.6574,MEAN_CROSS,0.0023793788480852562,2.58058,17
2016-04-04 22:00:00+00:00,2016-04-05 10:00:00+00:00,1,-0.0016041186880784153,-0.00022099710594103428,-3.2777,0.513,MEAN_CROSS,0.001383121582137381,1.500079,12
2016-04-05 12:00:00+00:00,2016-04-06 02:00:00+00:00,-1,0.0007032785083465054,-5.947903960423773e-05,2.7161,0.0609,MEAN_CROSS,0.0007627575479507431,0.827257,14
2016-04-06 15:00:00+00:00,2016-04-07 03:00:00+00:00,-1,0.0016443609986993568,-0.0003291801399388783,2.9261,-0.7835,MEAN_CROSS,0.001973541138638235,2.140425,12
2016-04-07 09:00:00+00:00,2016-04-08 00:00:00+00:00,1,-0.001478633784659844,0.00021130312137740415,-2.9282,0.7501,MEAN_CROSS,0.0016899369060372482,1.832839,15
2016-04-08 14:00:00+00:00,2016-04-11 03:00:00+00:00,-1,0.0007846854488312571,0.00013204686074530514,2.151,0.3458,MEAN_CROSS,0.000652638588085952,0.707826,13
2016-04-11 09:00:00+00:00,2016-04-11 21:00:00+00:00,-1,0.0009042469964780642,-0.0004447168264973822,2.6978,-1.3179,MEAN_CROSS,0.0013489638229754464,1.463033,12
2016-04-13 05:00:00+00:00,2016-04-13 17:00:00+00:00,1,-0.0005117955412924369,0.0005743819591664812,-2.0543,0.8984,MEAN_CROSS,0.001086177500458918,1.178025,12
2016-04-14 00:00:00+00:00,2016-04-14 12:00:00+00:00,1,-0.00118563566854879,0.0002575120306561596,-2.3831,0.6359,MEAN_CROSS,0.0014431476992049497,1.565181,12
2016-04-18 06:00:00+00:00,2016-04-18 21:00:00+00:00,1,-0.0007581374422563902,0.0005982212076726112,-2.2218,0.8582,MEAN_CROSS,0.0013563586499290015,1.471053,15
2016-04-20 00:00:00+00:00,2016-04-20 20:00:00+00:00,1,-0.001528829661631148,2.6852814903888245e-06,-3.7361,0.6295,MEAN_CROSS,0.001531514943121537,2.738895,20
2016-04-21 12:00:00+00:00,2016-04-22 02:00:00+00:00,-1,0.0005997324620949929,1.008752695230708e-05,2.2212,0.4668,MEAN_CROSS,0.0005896449351426858,1.054495,14
2016-04-22 07:00:00+00:00,2016-04-22 19:00:00+00:00,1,-0.0018435441662448815,0.00010241067644356505,-2.9553,0.9728,MEAN_CROSS,0.0019459548426884465,3.480061,12
2016-04-26 13:00:00+00:00,2016-04-27 01:00:00+00:00,-1,0.0010740754542339914,-0.0008650007603056009,2.3601,-2.4313,MEAN_CROSS,0.0019390762145395923,3.46776,12
2016-04-27 08:00:00+00:00,2016-04-27 21:00:00+00:00,1,-0.0011936998731262305,0.003912063978122715,-2.5339,9.1766,MEAN_CROSS,0.005105763851248946,9.130926,13
2016-04-27 22:00:00+00:00,2016-04-28 10:00:00+00:00,-1,0.0030924522066622107,0.0003275596696250549,3.6246,-0.015,MEAN_CROSS,0.0027648925370371558,4.944614,12
2016-04-29 14:00:00+00:00,2016-05-02 02:00:00+00:00,-1,0.0010363566436110139,-0.0002982986664209486,2.0752,-0.9106,MEAN_CROSS,0.0013346553100319625,2.38684,12
2016-05-03 04:00:00+00:00,2016-05-03 22:00:00+00:00,1,-0.0037246347562026605,0.0009312360670375996,-8.1179,1.1835,MEAN_CROSS,0.00465587082324026,8.326357,18
2016-05-04 12:00:00+00:00,2016-05-05 00:00:00+00:00,-1,0.0013914998104637144,-0.00036224177252730527,2.2966,-0.4187,MEAN_CROSS,0.0017537415829910197,3.136315,12
2016-05-06 01:00:00+00:00,2016-05-06 13:00:00+00:00,1,-0.0015591759119846227,3.7321180403004917e-05,-3.7396,0.6101,MEAN_CROSS,0.0015964970923876276,2.855106,12
2016-05-06 15:00:00+00:00,2016-05-09 03:00:00+00:00,-1,0.0007710145771844257,-8.30145987729125e-05,2.0046,0.1272,MEAN_CROSS,0.0008540291759573382,1.527309,12
2016-05-09 11:00:00+00:00,2016-05-10 05:00:00+00:00,1,-0.0014229209666881681,-6.701528278685309e-05,-2.7353,0.5197,MEAN_CROSS,0.001355905683901315,2.523389,18
2016-05-10 21:00:00+00:00,2016-05-11 09:00:00+00:00,-1,0.0022731431551037407,0.00018240533682201132,5.3073,0.0235,MEAN_CROSS,0.0020907378182817293,3.890939,12
2016-05-12 11:00:00+00:00,2016-05-13 05:00:00+00:00,1,-0.0010597357030907029,0.000247882148825207,-2.3341,0.7213,MEAN_CROSS,0.0013076178519159098,2.433524,18
2016-05-13 12:00:00+00:00,2016-05-16 02:00:00+00:00,1,-0.0010579338685740014,0.0003071236690529444,-2.3062,1.2359,MEAN_CROSS,0.0013650575376269458,2.540421,14
2016-05-17 01:00:00+00:00,2016-05-17 16:00:00+00:00,-1,0.0011827665402542875,8.600292349392191e-05,2.9594,-0.1462,MEAN_CROSS,0.0010967636167603656,2.041117,15
2016-05-18 00:00:00+00:00,2016-05-18 15:00:00+00:00,1,-0.0012256638668852737,0.000548622077771066,-2.0696,1.083,MEAN_CROSS,0.0017742859446563397,3.30201,15
2016-05-18 18:00:00+00:00,2016-05-19 06:00:00+00:00,1,-0.0018823986482496835,0.0006439713494984511,-2.7475,1.3335,MEAN_CROSS,0.0025263699977481346,4.701666,12
2016-05-19 07:00:00+00:00,2016-05-19 19:00:00+00:00,-1,0.0011400853438394698,-5.715340790402035e-05,2.0558,-0.1008,MEAN_CROSS,0.0011972387517434901,2.228105,12
2016-05-23 03:00:00+00:00,2016-05-23 15:00:00+00:00,-1,0.0011217954906717065,-0.0007016050778864136,2.9045,-1.687,MEAN_CROSS,0.00182340056855812,3.393414,12
2016-05-24 00:00:00+00:00,2016-05-24 12:00:00+00:00,1,-0.0009490206067142015,0.00017034410778693498,-2.0428,0.9862,MEAN_CROSS,0.0011193647145011365,2.083178,12
2016-05-24 22:00:00+00:00,2016-05-25 11:00:00+00:00,-1,0.0015107573143900987,7.851064326280799e-05,3.6724,-0.097,MEAN_CROSS,0.0014322466711272908,2.665463,13
2016-05-25 14:00:00+00:00,2016-05-26 05:00:00+00:00,1,-0.0007011220425831022,0.0003913129094189616,-2.2963,1.0126,MEAN_CROSS,0.0010924349520020638,2.033061,15
2016-05-27 17:00:00+00:00,2016-05-30 07:00:00+00:00,1,-0.0014599178284836478,0.00014616546466106328,-3.267,0.8898,MEAN_CROSS,0.001606083293144711,2.737638,14
2016-05-31 00:00:00+00:00,2016-05-31 16:00:00+00:00,-1,0.0006405336371292369,0.00022376735249240998,2.1107,-0.2323,MEAN_CROSS,0.00041676628463682697,0.710396,16
2016-05-31 22:00:00+00:00,2016-06-01 10:00:00+00:00,-1,0.0014589924901096119,0.00024519787096255463,2.2499,-0.3169,MEAN_CROSS,0.0012137946191470572,2.068965,12
2016-06-02 06:00:00+00:00,2016-06-02 23:00:00+00:00,1,-0.0012617972310338121,0.0003467674585416747,-3.4266,0.7278,MEAN_CROSS,0.0016085646895754868,2.741868,17
2016-06-03 12:00:00+00:00,2016-06-06 00:00:00+00:00,-1,0.003940794466945952,-0.0003287932704936214,7.3364,-0.9014,MEAN_CROSS,0.004269587737439573,7.277696,12
2016-06-07 04:00:00+00:00,2016-06-07 16:00:00+00:00,-1,0.0010453398124918856,-0.0001908581149573374,3.7994,-0.4731,MEAN_CROSS,0.001236197927449223,2.107153,12
2016-06-07 23:00:00+00:00,2016-06-08 11:00:00+00:00,1,-0.001374099769543058,0.000615582752566346,-2.4055,0.5889,MEAN_CROSS,0.001989682522109404,3.3915,12
2016-06-08 21:00:00+00:00,2016-06-09 09:00:00+00:00,-1,0.004118016594844454,-0.001143345812086749,7.5968,-1.7312,MEAN_CROSS,0.005261362406931203,8.968219,12
2016-06-13 07:00:00+00:00,2016-06-13 19:00:00+00:00,-1,0.000699597236833438,-0.0001902911997055945,2.3554,-0.1619,MEAN_CROSS,0.0008898884365390325,1.516853,12
2016-06-13 20:00:00+00:00,2016-06-14 08:00:00+00:00,-1,0.0009629814050232666,-0.0008401092270194921,2.3091,-1.6789,MEAN_CROSS,0.0018030906320427587,3.073446,12
2016-06-14 09:00:00+00:00,2016-06-15 01:00:00+00:00,1,-0.001377035623851497,5.7105628853415524e-06,-2.6134,0.5587,MEAN_CROSS,0.0013827461867368385,2.356951,16
2016-06-15 02:00:00+00:00,2016-06-15 15:00:00+00:00,-1,0.000881037433574372,-0.00010261932817567931,2.1772,-0.2557,MEAN_CROSS,0.0009836567617500513,1.676685,13
2016-06-16 07:00:00+00:00,2016-06-16 21:00:00+00:00,1,-0.001116152579662355,0.0007583001135448297,-2.1062,0.6496,MEAN_CROSS,0.0018744526932071848,2.50009,14
2016-06-20 02:00:00+00:00,2016-06-20 14:00:00+00:00,-1,0.0010199339932318585,-0.0005160120496449094,2.2261,-1.629,MEAN_CROSS,0.001535946042876768,2.0486,12
2016-06-21 08:00:00+00:00,2016-06-21 20:00:00+00:00,-1,0.001590441370934892,-0.0005938160837218875,2.8103,-1.2518,MEAN_CROSS,0.0021842574546567795,2.913298,12
2016-06-22 23:00:00+00:00,2016-06-23 15:00:00+00:00,1,-0.0007283987910582379,0.0009865582575872,-2.0833,1.3028,MEAN_CROSS,0.001714957048645438,2.287359,16
2016-06-23 22:00:00+00:00,2016-06-24 10:00:00+00:00,1,-0.0016337350998887334,0.0021486046648372392,-4.1217,1.1381,MEAN_CROSS,0.0037823397647259727,5.044773,12
2016-06-29 10:00:00+00:00,2016-06-29 22:00:00+00:00,-1,0.001597843212439054,5.138613108601753e-05,2.0526,-0.2188,MEAN_CROSS,0.0015464570813530365,2.062619,12
2016-06-30 14:00:00+00:00,2016-07-01 04:00:00+00:00,-1,0.0014287490533628766,0.00038415984536444014,2.1071,0.4242,MEAN_CROSS,0.0010445892079984365,1.393242,14
2016-07-01 14:00:00+00:00,2016-07-04 05:00:00+00:00,1,-0.0009203583080870104,0.0006138101860178047,-3.2423,0.9912,MEAN_CROSS,0.001534168494104815,2.046229,15
2016-07-04 14:00:00+00:00,2016-07-05 02:00:00+00:00,-1,0.0012577888916918134,-0.00012226510097068655,2.3743,-0.6413,MEAN_CROSS,0.0013800539926625,1.840675,12
2016-07-07 05:00:00+00:00,2016-07-07 17:00:00+00:00,-1,0.0024175741208688484,0.0007199166649636268,4.2034,0.2759,MEAN_CROSS,0.0016976574559052215,2.95843,12
2016-07-08 01:00:00+00:00,2016-07-08 13:00:00+00:00,-1,0.0021784877785416823,0.000676999409627066,2.1815,0.1829,MEAN_CROSS,0.0015014883689146163,2.616575,12
2016-07-08 14:00:00+00:00,2016-07-11 02:00:00+00:00,-1,0.0018825603702995464,-6.195593629132468e-05,2.1801,-0.6614,MEAN_CROSS,0.001944516306590871,3.38862,12
2016-07-11 06:00:00+00:00,2016-07-11 22:00:00+00:00,1,-0.001309930462236153,0.0006850118104428926,-2.2575,1.9218,MEAN_CROSS,0.0019949422726790456,3.476495,16
2016-07-12 02:00:00+00:00,2016-07-12 14:00:00+00:00,-1,0.0013247784708645405,-0.0009207650360614217,2.7786,-1.7398,MEAN_CROSS,0.002245543506925962,3.913206,12
2016-07-13 01:00:00+00:00,2016-07-14 01:00:00+00:00,1,-0.0012654103198550537,0.00037193593576656525,-2.4912,0.7988,MEAN_CROSS,0.001637346255621619,2.853329,24
2016-07-14 03:00:00+00:00,2016-07-14 16:00:00+00:00,1,-0.002494943333199773,0.00010341849640016498,-2.8827,0.6663,MEAN_CROSS,0.0025983618295999378,4.528047,13
2016-07-17 22:00:00+00:00,2016-07-18 13:00:00+00:00,1,-0.0031309290970962245,0.0005429336727037493,-3.1761,0.7454,MEAN_CROSS,0.0036738627697999737,6.402273,15
2016-07-18 21:00:00+00:00,2016-07-19 09:00:00+00:00,1,-0.0034827676747621883,0.0002906551768303567,-3.827,0.5561,MEAN_CROSS,0.003773422851592545,6.575772,12
2016-07-20 21:00:00+00:00,2016-07-21 09:00:00+00:00,1,-0.003143979789618334,0.0007873584300945868,-6.184,1.361,MEAN_CROSS,0.003931338219712921,6.850964,12
2016-07-25 00:00:00+00:00,2016-07-25 16:00:00+00:00,1,-0.0011875898008198993,0.000654307510334573,-2.7955,1.2936,MEAN_CROSS,0.0018418973111544723,3.20979,16
2016-07-26 14:00:00+00:00,2016-07-27 04:00:00+00:00,1,-0.0012991590348852,0.0006415717862815473,-2.793,0.5094,MEAN_CROSS,0.0019407308211667473,3.189849,14
2016-07-28 14:00:00+00:00,2016-07-29 02:00:00+00:00,1,-0.001085917456079999,0.0008528130563365544,-2.5769,1.2293,MEAN_CROSS,0.0019387305124165533,3.186561,12
2016-07-29 05:00:00+00:00,2016-07-29 17:00:00+00:00,1,-0.0010231547059853519,0.0010041259305552108,-2.0282,0.5931,MEAN_CROSS,0.0020272806365405627,3.332105,12
2016-08-01 06:00:00+00:00,2016-08-02 00:00:00+00:00,1,-0.0013565355532521028,0.00036173011541951183,-2.0415,0.7947,MEAN_CROSS,0.0017182656686716147,2.824198,18
2016-08-02 05:00:00+00:00,2016-08-02 17:00:00+00:00,-1,0.001340771948767694,0.00034875717361282366,2.4541,0.2357,MEAN_CROSS,0.0009920147751548702,1.630508,12
2016-08-02 23:00:00+00:00,2016-08-03 19:00:00+00:00,1,-0.00143997940082774,0.00023143566378891478,-2.4099,0.8496,MEAN_CROSS,0.0016714150646166548,2.747193,20
2016-08-04 01:00:00+00:00,2016-08-04 13:00:00+00:00,-1,0.0011609412869977298,-0.0003604156700017791,2.9743,-0.3642,MEAN_CROSS,0.001521356956999509,2.500552,12
2016-08-05 12:00:00+00:00,2016-08-08 07:00:00+00:00,1,-0.0015573257486211078,0.0006864218889334195,-3.9689,1.2281,MEAN_CROSS,0.0022437476375545273,3.687898,19
2016-08-09 06:00:00+00:00,2016-08-10 00:00:00+00:00,1,-0.0009991295004919687,0.000731875743371746,-2.5933,1.3407,MEAN_CROSS,0.0017310052438637147,2.845137,18
2016-08-10 01:00:00+00:00,2016-08-10 13:00:00+00:00,-1,0.001226259405655794,-0.0006078587160914806,2.2872,-1.9843,MEAN_CROSS,0.0018341181217472746,3.014617,12
2016-08-10 15:00:00+00:00,2016-08-12 05:00:00+00:00,1,-0.0009097921516697527,6.905471416329689e-05,-2.2725,0.5228,MEAN_CROSS,0.0009788468658330496,1.608865,38
2016-08-12 12:00:00+00:00,2016-08-15 00:00:00+00:00,-1,0.00256985344505245,-0.0007237330183177404,4.8253,-0.6965,MEAN_CROSS,0.0032935864633701906,5.413447,12
2016-08-16 05:00:00+00:00,2016-08-16 18:00:00+00:00,-1,0.0014823039016351736,0.0004832332926123506,2.6798,0.2942,MEAN_CROSS,0.000999070609022823,1.369486,13
2016-08-18 01:00:00+00:00,2016-08-18 13:00:00+00:00,-1,0.002544831811103765,0.000245453974709986,4.0517,0.2878,MEAN_CROSS,0.002299377836393779,3.151894,12
2016-08-22 01:00:00+00:00,2016-08-22 13:00:00+00:00,1,-0.0012496583792379612,0.0012137739142861204,-2.0777,1.7933,MEAN_CROSS,0.0024634322935240816,3.376774,12
2016-08-23 14:00:00+00:00,2016-08-24 03:00:00+00:00,1,-0.0006082973138981096,0.00035992691653652376,-2.3816,0.5807,MEAN_CROSS,0.0009682242304346333,1.327203,13
2016-08-24 08:00:00+00:00,2016-08-24 20:00:00+00:00,-1,0.002272342300468355,0.00016375684597147444,4.5384,0.3644,MEAN_CROSS,0.0021085854544968807,2.890364,12
2016-08-25 12:00:00+00:00,2016-08-26 00:00:00+00:00,1,-0.0011369255899423836,0.0004731119785896798,-2.104,1.2927,MEAN_CROSS,0.0016100375685320634,2.206975,12
2016-08-26 12:00:00+00:00,2016-08-29 00:00:00+00:00,-1,0.0019225532253323019,-0.0003357280466979029,5.5287,-0.0611,MEAN_CROSS,0.002258281272030205,3.095561,12
2016-08-30 23:00:00+00:00,2016-08-31 11:00:00+00:00,-1,0.0010266186850093062,0.0001985470640798459,3.05,0.2947,MEAN_CROSS,0.0008280716209294603,1.135087,12
2016-09-01 06:00:00+00:00,2016-09-01 18:00:00+00:00,-1,0.0010279986400920649,0.0003131853997242473,2.1724,0.2687,MEAN_CROSS,0.0007148132403678176,0.979837,12
2016-09-02 12:00:00+00:00,2016-09-05 06:00:00+00:00,-1,0.0014870757829915648,-0.00010759685661188012,2.1681,-0.277,MEAN_CROSS,0.001594672639603445,2.682424,18
2016-09-06 14:00:00+00:00,2016-09-07 02:00:00+00:00,-1,0.0032472183896187223,0.0007616068395018827,7.3892,0.4046,MEAN_CROSS,0.0024856115501168397,4.181086,12
2016-09-08 12:00:00+00:00,2016-09-09 00:00:00+00:00,1,-0.001444769762129372,0.00022685321811399817,-3.0242,0.6045,MEAN_CROSS,0.0016716229802433702,2.811863,12
2016-09-12 00:00:00+00:00,2016-09-12 12:00:00+00:00,-1,0.0010157747685873852,-0.00017087524702652512,2.465,0.2183,MEAN_CROSS,0.0011866500156139104,1.996083,12
2016-09-12 17:00:00+00:00,2016-09-13 05:00:00+00:00,-1,0.00127889495456468,-0.00014897166457494837,2.6936,-0.4683,MEAN_CROSS,0.0014278666191396283,2.401837,12
2016-09-13 13:00:00+00:00,2016-09-14 01:00:00+00:00,1,-0.0013205873490097497,0.00017233901919444516,-2.7747,0.7793,MEAN_CROSS,0.0014929263682041949,2.511275,12
2016-09-14 15:00:00+00:00,2016-09-15 03:00:00+00:00,-1,0.0014622612815156089,-0.00041118609069923373,2.2189,-1.0877,MEAN_CROSS,0.0018734473722148426,3.151355,12
2016-09-15 06:00:00+00:00,2016-09-15 18:00:00+00:00,1,-0.0009580481189477297,0.0009907064212102412,-2.2724,1.5071,MEAN_CROSS,0.001948754540157971,3.278031,12
2016-09-16 14:00:00+00:00,2016-09-19 02:00:00+00:00,1,-0.0012966224264548964,0.00115894486952961,-2.7554,2.4439,MEAN_CROSS,0.0024555672959845065,4.130549,12
2016-09-20 06:00:00+00:00,2016-09-20 18:00:00+00:00,-1,0.0014983767480928334,-0.0003794380642040407,3.045,-0.7085,MEAN_CROSS,0.001877814812296874,3.158702,12
2016-09-21 04:00:00+00:00,2016-09-21 18:00:00+00:00,1,-0.001453057471858088,0.000692716744189914,-2.238,1.3391,MEAN_CROSS,0.002145774216048002,3.609441,14
2016-09-23 00:00:00+00:00,2016-09-23 12:00:00+00:00,1,-0.001296504004800969,0.0006470059111683968,-2.3202,2.2487,MEAN_CROSS,0.0019435099159693658,3.194972,12
2016-09-26 10:00:00+00:00,2016-09-26 22:00:00+00:00,-1,0.0010432134494665624,9.040772248614104e-07,2.2962,-0.4771,MEAN_CROSS,0.001042309372241701,1.713472,12
2016-09-27 07:00:00+00:00,2016-09-27 19:00:00+00:00,-1,0.0019455919616847561,-0.0003545692158523073,3.7183,-1.2123,MEAN_CROSS,0.0023001611775370634,3.781278,12
2016-09-29 03:00:00+00:00,2016-09-29 17:00:00+00:00,-1,0.0007229875725657253,-0.0011470940933515639,2.0979,-2.6112,MEAN_CROSS,0.0018700816659172892,3.074262,14
2016-09-30 00:00:00+00:00,2016-09-30 12:00:00+00:00,1,-0.0011120925199801235,0.0004696285468732686,-2.0358,0.8762,MEAN_CROSS,0.001581721066853392,2.600221,12
2016-10-02 23:00:00+00:00,2016-10-03 16:00:00+00:00,1,-0.0011688767449290483,0.0003789251968087104,-2.6316,0.8168,MEAN_CROSS,0.0015478019417377586,2.54446,17
2016-10-04 13:00:00+00:00,2016-10-05 07:00:00+00:00,1,-0.0008546740582970891,0.0001992422682486339,-2.3649,1.0367,MEAN_CROSS,0.001053916326545723,1.732553,18
2016-10-06 15:00:00+00:00,2016-10-07 03:00:00+00:00,-1,0.00071568754026341,-0.0005389134314762734,2.0987,-0.9691,MEAN_CROSS,0.0012546009717396833,2.062462,12
2016-10-07 10:00:00+00:00,2016-10-09 22:00:00+00:00,-1,0.0011430689574283281,0.0003589353473923973,2.7047,0.3653,MEAN_CROSS,0.0007841336100359309,1.289052,12
2016-10-11 00:00:00+00:00,2016-10-11 12:00:00+00:00,1,-0.0014788780879263497,3.608909330921062e-05,-2.8427,0.7875,MEAN_CROSS,0.0015149671812355603,2.490483,12
2016-10-12 15:00:00+00:00,2016-10-13 03:00:00+00:00,1,-0.000879947860454311,0.0005665763131382784,-2.0438,1.2153,MEAN_CROSS,0.0014465241735925893,1.992654,12
2016-10-13 09:00:00+00:00,2016-10-13 21:00:00+00:00,-1,0.0009360320151357016,-0.00030784736127564827,2.3002,-0.7898,MEAN_CROSS,0.0012438793764113498,1.713502,12
2016-10-14 01:00:00+00:00,2016-10-14 13:00:00+00:00,-1,0.001800571348396951,-0.00011870317814099973,3.6361,-0.416,MEAN_CROSS,0.0019192745265379507,2.64389,12
2016-10-17 21:00:00+00:00,2016-10-18 09:00:00+00:00,-1,0.0023581541031743036,0.00028156338587559393,5.4635,-0.2154,MEAN_CROSS,0.0020765907172987097,2.8606,12
2016-10-19 16:00:00+00:00,2016-10-20 04:00:00+00:00,-1,0.0012275133344884503,-0.0004691261588857243,2.0016,-1.42,MEAN_CROSS,0.0016966394933741746,2.3372,12
2016-10-20 06:00:00+00:00,2016-10-21 09:00:00+00:00,1,-0.001164967439506559,-7.069461951070277e-05,-2.5538,0.5163,MEAN_CROSS,0.0010942728199958562,1.507412,27
2016-10-24 05:00:00+00:00,2016-10-24 17:00:00+00:00,-1,0.0005676199051768416,-0.0003780620107355359,2.1456,-0.7675,MEAN_CROSS,0.0009456819159123775,1.302721,12
2016-10-25 15:00:00+00:00,2016-10-26 03:00:00+00:00,-1,0.00144906970850478,-0.00018029029029453802,3.0446,-0.6445,MEAN_CROSS,0.001629359998799318,2.244519,12
2016-10-27 08:00:00+00:00,2016-10-27 22:00:00+00:00,1,-0.000827993312172981,0.00010907810441729282,-2.3756,0.8906,MEAN_CROSS,0.0009370714165902738,1.290859,14
2016-10-28 01:00:00+00:00,2016-10-28 15:00:00+00:00,-1,0.0004964434355806402,0.00010941742864256643,2.0144,0.4019,MEAN_CROSS,0.00038702600693807376,0.533146,14
2016-10-28 17:00:00+00:00,2016-10-31 05:00:00+00:00,-1,0.000918141472930345,-0.00013281806497000836,2.5657,-0.8455,MEAN_CROSS,0.0010509595379003533,1.447746,12
2016-11-01 11:00:00+00:00,2016-11-02 01:00:00+00:00,-1,0.0008020632705714181,0.000498139405634368,2.6271,0.4321,MEAN_CROSS,0.00030392386493705015,0.951172,14
2016-11-02 11:00:00+00:00,2016-11-02 23:00:00+00:00,-1,0.001870534180474226,-0.0003676161277887946,2.5244,-1.424,MEAN_CROSS,0.0022381503082630205,7.004599,12
2016-11-03 08:00:00+00:00,2016-11-03 20:00:00+00:00,1,-0.0008534359853532569,0.0004985657079000783,-2.2497,0.5537,MEAN_CROSS,0.0013520016932533352,4.231275,12
2016-11-04 00:00:00+00:00,2016-11-04 16:00:00+00:00,1,-0.0009368859454769174,0.0006859403521054519,-2.4805,1.3544,MEAN_CROSS,0.0016228262975823693,5.078858,16
2016-11-07 21:00:00+00:00,2016-11-08 10:00:00+00:00,-1,0.0010505225188882639,-0.00018005859706338168,2.6183,-0.6209,MEAN_CROSS,0.0012305811159516455,3.851273,13
2016-11-08 15:00:00+00:00,2016-11-09 03:00:00+00:00,-1,0.0016189689735507384,-0.0011258636558111323,3.7864,-2.1439,MEAN_CROSS,0.0027448326293618708,8.590331,12
2016-11-09 04:00:00+00:00,2016-11-09 20:00:00+00:00,1,-0.003089550619771231,0.0025431381563835176,-4.9311,2.6329,MEAN_CROSS,0.005632688776154748,17.628274,16
2016-11-10 12:00:00+00:00,2016-11-11 02:00:00+00:00,1,-0.0027663450875559104,0.0006418000388590528,-2.5445,0.9022,MEAN_CROSS,0.003408145126414963,10.666259,14
2016-11-11 14:00:00+00:00,2016-11-14 02:00:00+00:00,1,-0.0024188833608477234,0.00010267397734109451,-2.2276,0.7994,MEAN_CROSS,0.002521557338188818,7.89156,12
2016-11-14 21:00:00+00:00,2016-11-15 09:00:00+00:00,-1,0.0013030772499804666,0.00010111046736505092,2.3438,0.0907,MEAN_CROSS,0.0012019667826154157,3.76172,12
2016-11-15 13:00:00+00:00,2016-11-16 02:00:00+00:00,1,-0.0013100615863385068,0.0009544385773770925,-2.6323,1.6462,MEAN_CROSS,0.0022645001637155993,7.087065,13
2016-11-16 10:00:00+00:00,2016-11-16 22:00:00+00:00,1,-0.0013418253204545705,0.0008471008651766976,-2.2456,1.6943,MEAN_CROSS,0.002188926185631268,6.850546,12
2016-11-17 17:00:00+00:00,2016-11-18 06:00:00+00:00,1,-0.001747269637487725,0.0006353468924749084,-2.5074,1.39,MEAN_CROSS,0.0023826165299626334,7.456726,13
2016-11-21 12:00:00+00:00,2016-11-22 00:00:00+00:00,-1,0.0013011775909358425,0.00011848309290807268,2.1948,-0.0823,MEAN_CROSS,0.0011826944980277698,2.093483,12
2016-11-22 06:00:00+00:00,2016-11-22 21:00:00+00:00,1,-0.0010847636895645607,0.000611177506114946,-2.3968,1.1237,MEAN_CROSS,0.0016959411956795067,3.001978,14
2016-11-23 13:00:00+00:00,2016-11-24 04:00:00+00:00,1,-0.001987368461905281,0.0001229403048359501,-4.1618,0.7418,MEAN_CROSS,0.0021103087667412312,3.735449,15
2016-11-24 09:00:00+00:00,2016-11-24 21:00:00+00:00,-1,0.001014025758833359,2.0321617979046636e-05,2.4896,0.3126,MEAN_CROSS,0.0009937041408543124,1.758951,12
2016-11-28 01:00:00+00:00,2016-11-28 13:00:00+00:00,-1,0.0008612521974911136,-0.0006202921563553954,2.0128,-1.3697,MEAN_CROSS,0.001481544353846509,2.622475,12
2016-11-29 15:00:00+00:00,2016-11-30 03:00:00+00:00,-1,0.001227655781684156,0.00019505472160696868,2.3931,-0.4848,MEAN_CROSS,0.0010326010600771873,1.827803,12
2016-11-30 10:00:00+00:00,2016-12-01 04:00:00+00:00,1,-0.0006410605872383401,0.0007251100714023018,-2.3891,1.3467,MEAN_CROSS,0.001366170658640642,2.418253,18
2016-12-01 14:00:00+00:00,2016-12-02 02:00:00+00:00,1,-0.0019324243525862261,0.0004072821677636451,-2.6211,0.8836,MEAN_CROSS,0.0023397065203498713,4.141505,12
2016-12-02 14:00:00+00:00,2016-12-05 02:00:00+00:00,-1,0.0011283565330479917,-0.00023342481439836416,2.2881,-0.3924,MEAN_CROSS,0.0013617813474463558,2.410483,12
2016-12-07 09:00:00+00:00,2016-12-08 04:00:00+00:00,-1,0.0007378330607048511,6.554172571338057e-07,2.4629,-0.8306,MEAN_CROSS,0.0007371776434477173,1.304875,19
2016-12-09 12:00:00+00:00,2016-12-12 01:00:00+00:00,1,-0.0012793767221235264,0.000631157969238183,-2.1011,1.9031,MEAN_CROSS,0.0019105346913617094,2.64636,13
2016-12-12 13:00:00+00:00,2016-12-13 01:00:00+00:00,-1,0.0015718684311327724,-1.4278605079298679e-05,2.853,-0.4594,MEAN_CROSS,0.001586147036212071,2.197037,12
2016-12-13 13:00:00+00:00,2016-12-14 04:00:00+00:00,-1,0.0019870726686053164,0.00013728143494062817,3.4462,0.0651,MEAN_CROSS,0.0018497912336646882,2.562222,15
2016-12-14 19:00:00+00:00,2016-12-15 13:00:00+00:00,1,-0.004417301770232029,0.0006410398312508558,-8.9611,1.0834,MEAN_CROSS,0.005058341601482885,7.006516,18
2016-12-16 14:00:00+00:00,2016-12-19 02:00:00+00:00,1,-0.0023419900460494025,0.0006111134297938081,-2.934,1.0379,MEAN_CROSS,0.0029531034758432106,4.090465,12
2016-12-20 15:00:00+00:00,2016-12-21 03:00:00+00:00,-1,0.00052517678291919,1.3742264849181396e-05,2.1367,0.089,MEAN_CROSS,0.0005114345180700086,0.708409,12
2016-12-22 01:00:00+00:00,2016-12-22 13:00:00+00:00,-1,0.0009758776942351277,-1.6989261468314254e-05,2.2859,0.1156,MEAN_CROSS,0.000992866955703442,1.375261,12
2016-12-23 12:00:00+00:00,2016-12-26 00:00:00+00:00,1,-0.0014485774892601944,0.0005079861278739495,-5.524,1.5837,MEAN_CROSS,0.001956563617134144,2.710116,12
2016-12-26 23:00:00+00:00,2016-12-27 14:00:00+00:00,1,-0.0009963356508316812,0.00031437974959092063,-4.1496,0.9651,MEAN_CROSS,0.0013107154004226018,1.815526,15
2016-12-28 02:00:00+00:00,2016-12-28 14:00:00+00:00,-1,0.0012653676943175096,-0.0004009909329346639,3.8148,-1.2953,MEAN_CROSS,0.0016663586272521735,2.308142,12
2016-12-29 09:00:00+00:00,2016-12-29 22:00:00+00:00,-1,0.0010425352658063325,4.49287740116322e-05,2.1117,-0.4342,MEAN_CROSS,0.0009976064917947003,2.203039,13
2016-12-30 07:00:00+00:00,2017-01-02 07:00:00+00:00,1,-0.0008947716550232743,0.00011266862070657968,-2.7987,0.6205,MEAN_CROSS,0.001007440275729854,2.224755,22
2017-01-02 14:00:00+00:00,2017-01-03 05:00:00+00:00,-1,0.0012722326930306727,0.00019312560921747046,3.2439,0.2301,MEAN_CROSS,0.0010791070838132022,2.383018,15
2017-01-03 07:00:00+00:00,2017-01-04 05:00:00+00:00,1,-0.001064364458688516,0.0004912239483318981,-2.2589,0.8084,MEAN_CROSS,0.001555588407020414,3.435244,22
2017-01-05 00:00:00+00:00,2017-01-05 12:00:00+00:00,-1,0.0018164058602945232,-0.0007970998279498431,3.4518,-1.4179,MEAN_CROSS,0.0026135056882443664,5.771468,12
2017-01-05 15:00:00+00:00,2017-01-06 03:00:00+00:00,-1,0.0023143193966822517,-1.5331215957314903e-05,2.932,-0.3496,MEAN_CROSS,0.0023296506126395666,5.144624,12
2017-01-06 13:00:00+00:00,2017-01-09 01:00:00+00:00,1,-0.002009424724078057,0.00023560794205723656,-2.7194,0.7693,MEAN_CROSS,0.0022450326661352937,4.95776,12
2017-01-09 16:00:00+00:00,2017-01-10 04:00:00+00:00,-1,0.0018825512714972792,0.00016143534080059752,2.7133,-0.2552,MEAN_CROSS,0.0017211159306966817,3.800782,12
2017-01-10 09:00:00+00:00,2017-01-11 02:00:00+00:00,1,-0.0010928238597984752,0.00034776085371590604,-2.1342,0.7862,MEAN_CROSS,0.0014405847135143812,3.181278,17
2017-01-11 17:00:00+00:00,2017-01-12 05:00:00+00:00,-1,0.002478956986968206,0.0005189206016359416,3.8193,0.2029,MEAN_CROSS,0.0019600363853322644,4.328396,12
2017-01-12 19:00:00+00:00,2017-01-13 14:00:00+00:00,1,-0.0010861632141522248,-0.002178923975852398,-2.275,-3.8573,STOP_LOSS,-0.0010927607617001733,-2.41317,19
2017-01-17 04:00:00+00:00,2017-01-17 16:00:00+00:00,-1,0.0011241523194887026,-0.00041625124428257276,2.4794,-1.4721,MEAN_CROSS,0.0015404035637712754,3.401711,12
2017-01-18 20:00:00+00:00,2017-01-19 08:00:00+00:00,1,-0.0017703841831216982,0.0016313961459355486,-3.5626,2.9128,MEAN_CROSS,0.003401780329057247,5.116132,12
2017-01-19 09:00:00+00:00,2017-01-19 22:00:00+00:00,-1,0.0016356957305676545,-0.00029558440005572617,2.4886,-0.3577,MEAN_CROSS,0.0019312801306233807,2.904563,13
2017-01-20 01:00:00+00:00,2017-01-20 13:00:00+00:00,-1,0.0018712519250627668,0.000419605423316316,2.042,0.3792,MEAN_CROSS,0.0014516465017464508,2.183214,12
2017-01-23 22:00:00+00:00,2017-01-24 10:00:00+00:00,-1,0.001955727368752158,-0.0005928683113518574,3.1619,-1.1587,MEAN_CROSS,0.0025485956801040155,3.832979,12
2017-01-25 20:00:00+00:00,2017-01-26 08:00:00+00:00,-1,0.0010533075846033135,-0.0002322468459845517,2.0188,-0.5619,MEAN_CROSS,0.0012855544305878652,1.933419,12
2017-01-26 12:00:00+00:00,2017-01-27 02:00:00+00:00,1,-0.0015019892271090907,0.00034470215294990503,-2.256,0.5673,MEAN_CROSS,0.0018466913800589957,2.777345,14
2017-01-27 09:00:00+00:00,2017-01-27 21:00:00+00:00,-1,0.0007858966352175534,0.0001639644466255863,2.1495,0.1343,MEAN_CROSS,0.0006219321885919671,0.935359,12
2017-01-30 15:00:00+00:00,2017-01-31 03:00:00+00:00,-1,0.0013155744030826089,-4.8120137416951536e-05,2.616,-0.3535,MEAN_CROSS,0.0013636945404995604,2.050938,12
2017-01-31 08:00:00+00:00,2017-02-01 10:00:00+00:00,1,-0.000983092413715858,0.0009322692614951444,-2.3181,1.2609,MEAN_CROSS,0.0019153616752110025,2.880622,26
2017-02-01 19:00:00+00:00,2017-02-02 07:00:00+00:00,-1,0.0015714362018136585,-0.00037465932331470775,2.1826,-0.3743,MEAN_CROSS,0.0019460955251283663,2.926844,12
2017-02-03 13:00:00+00:00,2017-02-06 01:00:00+00:00,-1,0.002027045475562095,0.00026723771110703787,4.2022,0.276,MEAN_CROSS,0.001759807764455057,2.646675,12
2017-02-07 09:00:00+00:00,2017-02-08 01:00:00+00:00,1,-0.0018779025806839877,0.000641181279234293,-2.3213,0.6452,MEAN_CROSS,0.0025190838599182808,3.082375,16
2017-02-08 19:00:00+00:00,2017-02-09 08:00:00+00:00,1,-0.0013157135740391457,0.00044681577254446214,-2.6981,1.124,MEAN_CROSS,0.0017625293465836078,2.156647,13
2017-02-13 09:00:00+00:00,2017-02-13 23:00:00+00:00,1,-0.0006995085686199998,0.00024241383498713187,-2.0188,0.8469,MEAN_CROSS,0.0009419224036071316,1.152545,14
2017-02-14 15:00:00+00:00,2017-02-15 03:00:00+00:00,1,-0.0021880149814754724,0.0002720295776222903,-5.2754,0.5747,MEAN_CROSS,0.0024600445590977627,3.010134,12
2017-02-15 16:00:00+00:00,2017-02-16 04:00:00+00:00,-1,0.0015156406989762505,-9.493434165652737e-05,2.6575,-0.6947,MEAN_CROSS,0.001610575040632778,1.970715,12
2017-02-16 21:00:00+00:00,2017-02-17 11:00:00+00:00,1,-0.0009358555244736166,4.651078013484522e-05,-2.1379,0.5241,MEAN_CROSS,0.0009823663046084619,1.202033,14
2017-02-20 23:00:00+00:00,2017-02-21 11:00:00+00:00,1,-0.0007225814782482187,7.860756947708492e-05,-3.1459,0.5689,MEAN_CROSS,0.0008011890477253036,0.980342,12
2017-02-21 14:00:00+00:00,2017-02-22 03:00:00+00:00,-1,0.0008640233325113433,-6.656938433191595e-05,2.6992,0.0109,MEAN_CROSS,0.0009305927168432593,1.138682,13
2017-02-22 19:00:00+00:00,2017-02-23 07:00:00+00:00,-1,0.0016484374520250311,0.00045317820073909054,4.2399,0.4726,MEAN_CROSS,0.0011952592512859406,1.46253,12
2017-02-23 08:00:00+00:00,2017-02-24 20:00:00+00:00,1,-0.000807454815581865,0.0002236183872025288,-2.1582,0.9022,MEAN_CROSS,0.0010310732027843938,1.261631,36
2017-02-27 15:00:00+00:00,2017-02-28 03:00:00+00:00,-1,0.0008063235856248241,0.00014116075021131103,2.5931,0.4486,MEAN_CROSS,0.0006651628354135131,1.876608,12
2017-02-28 14:00:00+00:00,2017-03-01 02:00:00+00:00,-1,0.0009901170346724442,-9.447495125791683e-05,2.4074,0.0089,MEAN_CROSS,0.001084591985930361,3.059933,12
2017-03-02 14:00:00+00:00,2017-03-03 06:00:00+00:00,1,-0.0015013610411376277,0.0002129144525143678,-2.1968,1.3041,MEAN_CROSS,0.0017142754936519955,4.836444,16
2017-03-03 12:00:00+00:00,2017-03-06 00:00:00+00:00,-1,0.0004321314735987736,-0.0004995909468805682,2.0535,-0.644,MEAN_CROSS,0.0009317224204793417,2.628646,12
2017-03-07 18:00:00+00:00,2017-03-08 06:00:00+00:00,1,-0.0010952491716890167,0.00036534726215398106,-2.248,1.2352,MEAN_CROSS,0.0014605964338429978,4.120745,12
2017-03-09 09:00:00+00:00,2017-03-09 22:00:00+00:00,-1,0.00030586135420551663,-0.0001651325960354555,2.0021,-0.1851,MEAN_CROSS,0.0004709939502409721,1.328804,13
2017-03-10 13:00:00+00:00,2017-03-13 00:00:00+00:00,-1,0.0010802205172079082,-0.00033694176663012776,3.2926,-1.2929,MEAN_CROSS,0.001417162283838036,3.998206,12
2017-03-14 07:00:00+00:00,2017-03-14 23:00:00+00:00,1,-0.0009430715024573155,0.00033460567574472577,-2.9753,0.9693,MEAN_CROSS,0.0012776771782020413,3.60468,16
2017-03-15 18:00:00+00:00,2017-03-16 06:00:00+00:00,-1,0.003546587288168035,0.00012948007239665937,11.6895,-0.1159,MEAN_CROSS,0.0034171072157713756,9.640602,12
2017-03-17 09:00:00+00:00,2017-03-19 21:00:00+00:00,-1,0.0008812723087848751,-5.8820456326880155e-05,2.1598,-0.5106,MEAN_CROSS,0.0009400927651117552,1.966292,12
2017-03-21 14:00:00+00:00,2017-03-22 02:00:00+00:00,-1,0.0015197628194193458,-9.339564907617781e-05,4.2842,-0.0381,MEAN_CROSS,0.0016131584684955236,3.374071,12
2017-03-22 14:00:00+00:00,2017-03-23 02:00:00+00:00,-1,0.001039752220644674,-8.6552254929817e-05,2.163,-0.0847,MEAN_CROSS,0.001126304475574491,2.355771,12
2017-03-24 02:00:00+00:00,2017-03-24 14:00:00+00:00,1,-0.0009648547417210329,0.0009543633641047045,-2.3015,3.1985,MEAN_CROSS,0.0019192181058257374,4.014223,12
2017-03-27 13:00:00+00:00,2017-03-28 06:00:00+00:00,1,-0.0004456288678907905,-0.0013064586538273915,-2.6429,-4.4394,STOP_LOSS,-0.000860829785936601,-1.800506,17
2017-03-29 07:00:00+00:00,2017-03-29 19:00:00+00:00,-1,0.0008883274085748072,2.2945365562909714e-05,3.0711,0.0351,MEAN_CROSS,0.0008653820430118975,1.810027,12
2017-03-30 13:00:00+00:00,2017-03-31 01:00:00+00:00,-1,0.0007237086658445913,-0.00032670215606278585,2.1384,-0.4595,MEAN_CROSS,0.0010504108219073771,2.197032,12
2017-03-31 15:00:00+00:00,2017-04-03 03:00:00+00:00,-1,0.0007345610350421028,-9.839854958948457e-06,2.5542,-0.1075,MEAN_CROSS,0.0007444008900010513,1.556984,12
2017-04-03 05:00:00+00:00,2017-04-03 20:00:00+00:00,1,-0.0008320857544444893,0.0006864224471588853,-2.3352,1.549,MEAN_CROSS,0.0015185082016033746,3.176101,15
2017-04-05 06:00:00+00:00,2017-04-05 19:00:00+00:00,-1,0.00031767169027385744,0.0011316038754645152,2.0829,4.2196,STOP_LOSS,-0.0008139321851906578,-1.702415,13
2017-04-07 13:00:00+00:00,2017-04-10 03:00:00+00:00,1,-0.0006596655252901762,0.00017782066100213711,-2.7016,1.148,MEAN_CROSS,0.0008374861862923133,2.090606,14
2017-04-10 05:00:00+00:00,2017-04-10 17:00:00+00:00,-1,0.0006290396383688002,-2.4936751612747443e-05,2.3609,0.0701,MEAN_CROSS,0.0006539763899815476,1.632513,12
2017-04-11 02:00:00+00:00,2017-04-11 14:00:00+00:00,1,-0.0007862801298602617,0.00022690328998486997,-2.4715,0.7763,MEAN_CROSS,0.0010131834198451317,2.529197,12
2017-04-12 02:00:00+00:00,2017-04-12 14:00:00+00:00,1,-0.0009795648264836476,9.441762711359658e-05,-3.2745,0.6399,MEAN_CROSS,0.0010739824535972442,2.680968,12
2017-04-12 19:00:00+00:00,2017-04-13 07:00:00+00:00,-1,0.001741446670384117,3.783154717162951e-05,5.0354,-0.1623,MEAN_CROSS,0.0017036151232124874,4.252712,12
2017-04-17 00:00:00+00:00,2017-04-17 12:00:00+00:00,-1,0.0011910635344271059,0.00017902549416359825,4.8774,0.1551,MEAN_CROSS,0.0010120380402635076,2.526337,12
2017-04-17 18:00:00+00:00,2017-04-18 07:00:00+00:00,1,-0.0008514735627604963,0.00023448855015573145,-2.6675,0.7798,MEAN_CROSS,0.0010859621129162278,2.710873,13
2017-04-18 09:00:00+00:00,2017-04-18 21:00:00+00:00,-1,0.0006227026484924014,5.372891255162049e-05,2.0907,-0.1144,MEAN_CROSS,0.0005689737359407809,1.420322,12
2017-04-19 06:00:00+00:00,2017-04-19 22:00:00+00:00,1,-0.0007612965127384852,0.0022669442276253005,-2.6404,6.678,MEAN_CROSS,0.0030282407403637857,7.559358,16
2017-04-19 23:00:00+00:00,2017-04-20 11:00:00+00:00,-1,0.0011527833393581988,2.176038214929399e-05,2.0942,0.1325,MEAN_CROSS,0.0011310229572089048,2.823358,12
2017-04-21 15:00:00+00:00,2017-04-24 03:00:00+00:00,-1,0.0008557050029809332,0.00010261724844251585,2.418,0.001,MEAN_CROSS,0.0007530877545384174,1.879923,12
2017-04-25 02:00:00+00:00,2017-04-25 14:00:00+00:00,1,-0.0007278175821753274,-4.639560251040731e-05,-2.2427,0.5305,MEAN_CROSS,0.0006814219796649201,1.701025,12
2017-04-26 17:00:00+00:00,2017-04-27 06:00:00+00:00,-1,0.0006768140773915077,3.493563253775811e-05,2.7085,0.4277,MEAN_CROSS,0.0006418784448537496,1.248771,13
2017-04-27 13:00:00+00:00,2017-04-28 11:00:00+00:00,1,-0.0012879863685058002,0.00028077575173246494,-2.187,0.9727,MEAN_CROSS,0.0015687621202382651,3.052017,22
2017-05-01 01:00:00+00:00,2017-05-01 13:00:00+00:00,1,-0.0006310125674677813,0.0013543593604569137,-2.3138,3.1065,MEAN_CROSS,0.001985371927924695,3.862529,12
2017-05-01 14:00:00+00:00,2017-05-02 02:00:00+00:00,-1,0.0011524676688049462,0.00047209042895857145,2.2069,0.4465,MEAN_CROSS,0.0006803772398463748,1.32367,12
2017-05-02 22:00:00+00:00,2017-05-03 10:00:00+00:00,-1,0.0019093830012252289,-0.0009664308726048398,5.158,-1.7902,MEAN_CROSS,0.0028758138738300687,5.594878,12
2017-05-03 18:00:00+00:00,2017-05-04 08:00:00+00:00,1,-0.00204689926102275,0.0001392379506464092,-3.3968,1.0525,MEAN_CROSS,0.002186137211669159,4.253117,14
2017-05-05 07:00:00+00:00,2017-05-05 19:00:00+00:00,-1,0.0012290366059909408,0.00022357643477621814,2.846,-0.0266,MEAN_CROSS,0.0010054601712147226,1.956117,12
2017-05-07 21:00:00+00:00,2017-05-08 22:00:00+00:00,1,-0.0007186188582595232,0.0003897714356371207,-2.3828,0.8702,MEAN_CROSS,0.001108390293896644,2.156367,25
2017-05-09 06:00:00+00:00,2017-05-09 20:00:00+00:00,1,-0.0011351586612226017,0.00012493590924111952,-2.5081,0.5946,MEAN_CROSS,0.0012600945704637212,2.451506,14
2017-05-10 08:00:00+00:00,2017-05-10 20:00:00+00:00,-1,0.0013685876433656707,0.0003439326170106005,3.3623,0.3391,MEAN_CROSS,0.0010246550263550702,1.99346,12
2017-05-10 21:00:00+00:00,2017-05-11 19:00:00+00:00,1,-0.005234514710985239,0.0002929376930190797,-12.3041,0.5312,MEAN_CROSS,0.005527452404004318,10.753625,22
2017-05-12 12:00:00+00:00,2017-05-15 02:00:00+00:00,-1,0.001064369848255864,0.0002142475685509293,3.1811,0.3587,MEAN_CROSS,0.0008501222797049346,1.653908,14
2017-05-15 09:00:00+00:00,2017-05-15 21:00:00+00:00,-1,0.0013687528497907664,0.0001749342775322349,4.3592,0.1447,MEAN_CROSS,0.0011938185722585315,2.322567,12
2017-05-17 05:00:00+00:00,2017-05-17 20:00:00+00:00,-1,0.00122982311833153,0.00029179143492508164,2.8164,0.048,MEAN_CROSS,0.0009380316834064484,1.737774,15
2017-05-18 17:00:00+00:00,2017-05-19 05:00:00+00:00,1,-0.001497135865070498,0.00023249333481245582,-2.6164,1.3368,MEAN_CROSS,0.0017296291998829538,3.204267,12
2017-05-19 13:00:00+00:00,2017-05-22 01:00:00+00:00,-1,0.0009916552319014782,0.00018602419564450745,2.8976,0.1411,MEAN_CROSS,0.0008056310362569707,1.492492,12
2017-05-22 11:00:00+00:00,2017-05-22 23:00:00+00:00,-1,0.001160510119746383,0.0005499566478374129,2.0003,0.335,MEAN_CROSS,0.00061055347190897,1.131096,12
2017-05-23 05:00:00+00:00,2017-05-23 17:00:00+00:00,-1,0.0012434662245811579,-0.00011192271768312168,2.2882,-0.7659,MEAN_CROSS,0.0013553889422642795,2.510959,12
2017-05-24 14:00:00+00:00,2017-05-25 05:00:00+00:00,1,-0.00130367536532916,0.0006991068380932663,-2.458,1.0819,MEAN_CROSS,0.0020027822034224263,3.710304,15
2017-05-26 06:00:00+00:00,2017-05-26 19:00:00+00:00,-1,0.0011893016569555215,0.0001662893438705293,3.0009,-0.0192,MEAN_CROSS,0.0010230123130849922,1.895207,13
2017-05-29 15:00:00+00:00,2017-05-30 05:00:00+00:00,1,-0.0008106003951491303,0.00030589901250477336,-2.2213,0.7837,MEAN_CROSS,0.0011164994076539037,2.068399,14
2017-05-31 19:00:00+00:00,2017-06-01 07:00:00+00:00,1,-0.0008737737536789192,0.00026399592468973054,-2.3991,0.7996,MEAN_CROSS,0.0011377696783686497,2.107803,12
2017-06-02 01:00:00+00:00,2017-06-02 13:00:00+00:00,-1,0.00043978351079587696,0.0021162923902733333,2.1354,4.6848,STOP_LOSS,-0.0016765088794774563,-3.105858,12
2017-06-02 14:00:00+00:00,2017-06-05 02:00:00+00:00,-1,0.001332694407326085,-0.0007066450855788275,2.0534,-1.8549,MEAN_CROSS,0.0020393394929049125,3.778029,12
2017-06-06 02:00:00+00:00,2017-06-06 16:00:00+00:00,-1,0.0010469048215798749,-0.0004444749489944666,3.2571,-1.7428,MEAN_CROSS,0.0014913797705743415,2.331882,14
2017-06-08 02:00:00+00:00,2017-06-08 16:00:00+00:00,-1,0.0008363077100165262,-0.00012566596776730776,2.0663,-0.6885,MEAN_CROSS,0.0009619736777838339,1.504117,14
2017-06-08 21:00:00+00:00,2017-06-09 15:00:00+00:00,1,-0.0010454971159798987,0.00044731876388404146,-3.9369,1.2785,MEAN_CROSS,0.0014928158798639402,2.334127,18
2017-06-13 00:00:00+00:00,2017-06-13 12:00:00+00:00,-1,0.0008276991745116424,-0.0005752300262983345,2.6005,-2.1458,MEAN_CROSS,0.001402929200809977,2.193583,12
2017-06-13 21:00:00+00:00,2017-06-14 09:00:00+00:00,1,-0.0005377358667996157,0.0009415286925980038,-2.0777,1.9839,MEAN_CROSS,0.0014792645593976195,2.312939,12
2017-06-14 12:00:00+00:00,2017-06-15 00:00:00+00:00,-1,0.002710043396105366,-0.0004153290395507714,6.0773,-0.5496,MEAN_CROSS,0.0031253724356561374,4.88675,12
2017-06-16 07:00:00+00:00,2017-06-16 19:00:00+00:00,-1,0.0010899220050866187,0.00011863859423499878,2.4108,-0.3038,MEAN_CROSS,0.00097128341085162,1.518673,12
2017-06-19 01:00:00+00:00,2017-06-19 13:00:00+00:00,-1,0.0018963868720118793,-0.0007149479794765767,4.5021,-1.4823,MEAN_CROSS,0.002611334851488456,4.083014,12
2017-06-20 05:00:00+00:00,2017-06-20 19:00:00+00:00,-1,0.001261253031119236,-0.00010859994933509753,2.1531,-0.078,MEAN_CROSS,0.0013698529804543336,2.141866,14
2017-06-21 15:00:00+00:00,2017-06-22 04:00:00+00:00,1,-0.0009717545100562663,0.00040661497898231147,-2.1264,0.8261,MEAN_CROSS,0.0013783694890385778,2.155182,13
2017-06-26 08:00:00+00:00,2017-06-27 02:00:00+00:00,1,-0.0009936168862687556,0.00031492980896263845,-3.3241,0.5729,MEAN_CROSS,0.001308546695231394,3.237818,18
2017-06-28 12:00:00+00:00,2017-06-29 00:00:00+00:00,-1,0.0011511064894447198,0.00010363201633634134,2.1699,-0.1,MEAN_CROSS,0.0010474744731083785,2.591831,12
2017-06-29 01:00:00+00:00,2017-06-29 13:00:00+00:00,-1,0.00152505312242468,-3.410754256505388e-05,2.269,-0.1552,MEAN_CROSS,0.0015591606649897338,3.857928,12
2017-06-30 00:00:00+00:00,2017-06-30 12:00:00+00:00,-1,0.0012584521076594024,-0.0007725404515650514,2.1908,-1.4835,MEAN_CROSS,0.0020309925592244538,5.025411,12
2017-07-03 02:00:00+00:00,2017-07-03 15:00:00+00:00,1,-0.0007907284839286932,0.0005086556307389856,-2.2774,1.5471,MEAN_CROSS,0.0012993841146676788,3.215147,13
2017-07-04 01:00:00+00:00,2017-07-04 13:00:00+00:00,1,-0.00128127492223018,0.0009387870183785729,-2.4846,2.4697,MEAN_CROSS,0.002220061940608753,5.493237,12
2017-07-05 08:00:00+00:00,2017-07-05 20:00:00+00:00,1,-0.0008473751505418958,0.0005755152633984961,-2.1473,1.3027,MEAN_CROSS,0.001422890413940392,3.520746,12
2017-07-06 11:00:00+00:00,2017-07-06 23:00:00+00:00,1,-0.001575156140520395,0.0005272306132421134,-2.9134,0.9341,MEAN_CROSS,0.0021023867537625085,5.202066,12
2017-07-10 09:00:00+00:00,2017-07-10 22:00:00+00:00,1,-0.0005893986755791669,-0.0010504163436119152,-2.5379,-3.9607,STOP_LOSS,-0.00046101766803274824,-1.140725,13
2017-07-10 23:00:00+00:00,2017-07-11 12:00:00+00:00,1,-0.000782661291648612,7.124655355983389e-05,-2.297,0.9182,MEAN_CROSS,0.0008539078452084459,2.112877,13
2017-07-11 16:00:00+00:00,2017-07-12 06:00:00+00:00,-1,0.0005743972610449122,4.33142489472127e-05,2.1841,0.3252,MEAN_CROSS,0.0005310830120976995,1.314092,14
2017-07-12 12:00:00+00:00,2017-07-13 01:00:00+00:00,-1,0.0023478973893777955,0.00038844323035558403,5.2692,0.3719,MEAN_CROSS,0.0019594541590222114,4.848399,13
2017-07-13 09:00:00+00:00,2017-07-13 21:00:00+00:00,-1,0.002264766102382021,1.2812620269420094e-05,3.1277,-0.6035,MEAN_CROSS,0.002251953482112601,3.923521,12
2017-07-14 10:00:00+00:00,2017-07-16 22:00:00+00:00,1,-0.0010399595876965373,0.0005919755147860695,-2.1947,0.6109,MEAN_CROSS,0.0016319351024826068,2.843279,12
2017-07-17 01:00:00+00:00,2017-07-17 13:00:00+00:00,1,-0.0012421049897669567,0.00064933296451819,-2.0392,0.6875,MEAN_CROSS,0.0018914379542851467,3.295404,12
2017-07-17 22:00:00+00:00,2017-07-19 05:00:00+00:00,1,-0.003088379389898477,0.0007099682590251399,-5.5699,0.5336,MEAN_CROSS,0.0037983476489236168,6.617764,31
2017-07-20 05:00:00+00:00,2017-07-20 17:00:00+00:00,1,-0.0007855218439949407,0.001124470945656264,-2.0029,1.2782,MEAN_CROSS,0.0019099927896512048,3.327731,12
2017-07-24 00:00:00+00:00,2017-07-24 18:00:00+00:00,1,-0.0007180666621582343,0.00023269485687205105,-2.4534,0.5836,MEAN_CROSS,0.0009507615190302854,1.656487,18
2017-07-25 14:00:00+00:00,2017-07-26 02:00:00+00:00,1,-0.0008356040073355109,0.0004560653366347811,-2.5566,1.2264,MEAN_CROSS,0.001291669343970292,2.250442,12
2017-07-26 17:00:00+00:00,2017-07-27 05:00:00+00:00,-1,0.0009315297149756763,-0.0002286257782604384,2.3538,-0.9932,MEAN_CROSS,0.0011601554932361147,2.021309,12
2017-07-27 14:00:00+00:00,2017-07-28 07:00:00+00:00,1,-0.001519144367133407,0.00026723772762693443,-2.0366,0.7321,MEAN_CROSS,0.0017863820947603415,3.112368,17
2017-07-28 12:00:00+00:00,2017-07-31 00:00:00+00:00,-1,0.000715604694528249,8.708803232793105e-05,2.1921,-0.0467,MEAN_CROSS,0.000628516662200318,1.095048,12
2017-08-03 14:00:00+00:00,2017-08-04 02:00:00+00:00,-1,0.0016037846968028902,-0.0007643860577555284,2.8848,-1.2626,MEAN_CROSS,0.0023681707545584185,3.259335,12
2017-08-04 12:00:00+00:00,2017-08-07 00:00:00+00:00,1,-0.002030043903962331,0.000232055501069528,-5.1352,0.5766,MEAN_CROSS,0.002262099405031859,3.113348,12
2017-08-08 14:00:00+00:00,2017-08-09 02:00:00+00:00,1,-0.0018272325136543532,0.00012686946371409658,-3.7941,0.6908,MEAN_CROSS,0.00195410197736845,2.689448,12
2017-08-09 21:00:00+00:00,2017-08-10 09:00:00+00:00,-1,0.0012825829539427902,-0.0003160276762202985,3.3732,-0.0997,MEAN_CROSS,0.0015986106301630887,2.200182,12
2017-08-11 12:00:00+00:00,2017-08-14 00:00:00+00:00,-1,0.0011571199692022027,0.00014169417373000037,2.0639,-0.112,MEAN_CROSS,0.0010154257954722024,1.39754,12
2017-08-14 07:00:00+00:00,2017-08-14 23:00:00+00:00,1,-0.0008963210829318058,0.00041687160955061753,-2.1703,1.1312,MEAN_CROSS,0.0013131926924824233,1.807359,16
2017-08-15 01:00:00+00:00,2017-08-15 13:00:00+00:00,-1,0.0006801102465731068,-0.0014913263424265466,2.1614,-2.2811,MEAN_CROSS,0.0021714365889996534,2.988568,12
2017-08-16 08:00:00+00:00,2017-08-16 22:00:00+00:00,-1,0.0008074410946302679,0.00020979958489308892,2.0652,-0.1694,MEAN_CROSS,0.000597641509737179,0.822539,14
2017-08-17 08:00:00+00:00,2017-08-18 01:00:00+00:00,1,-0.0006767344002348574,0.0003415001183677546,-2.0736,0.5637,MEAN_CROSS,0.001018234518602612,1.401405,17
2017-08-18 07:00:00+00:00,2017-08-18 19:00:00+00:00,-1,0.001229812192951596,-0.00025269809376216035,2.8341,-0.7294,MEAN_CROSS,0.0014825102867137563,2.040392,12
2017-08-22 07:00:00+00:00,2017-08-22 21:00:00+00:00,1,-0.0009079817923157707,0.00013754817927658092,-3.0591,0.8322,MEAN_CROSS,0.0010455299715923516,3.365554,14
2017-08-23 00:00:00+00:00,2017-08-23 14:00:00+00:00,1,-0.002257962215325593,-5.812965773799306e-05,-4.4598,0.6954,MEAN_CROSS,0.0021998325575876,7.081246,14
2017-08-23 18:00:00+00:00,2017-08-24 06:00:00+00:00,-1,0.0008708643953503348,-0.0016532155277538818,2.0073,-1.9766,MEAN_CROSS,0.0025240799231042166,8.124996,12
2017-08-25 08:00:00+00:00,2017-08-25 20:00:00+00:00,-1,0.0008419188827201163,-1.4683539190762929e-05,2.0163,-0.3404,MEAN_CROSS,0.0008566024219108792,2.757397,12
2017-08-28 21:00:00+00:00,2017-08-29 09:00:00+00:00,1,-0.0007041389155122424,0.0011844300130562369,-2.3455,1.7935,MEAN_CROSS,0.0018885689285684792,6.07929,12
2017-08-31 01:00:00+00:00,2017-08-31 13:00:00+00:00,1,-0.0017089617440586569,0.00023716166491716262,-2.6898,1.6471,MEAN_CROSS,0.0019461234089758195,6.264558,12
2017-08-31 14:00:00+00:00,2017-09-01 02:00:00+00:00,-1,0.0007152034176930444,-2.6033322197527298e-05,2.5826,0.1317,MEAN_CROSS,0.0007412367398905717,2.386036,12
2017-09-01 12:00:00+00:00,2017-09-04 02:00:00+00:00,-1,0.0011141000245656896,0.00017063500729208592,2.13,0.4957,MEAN_CROSS,0.0009434650172736037,3.037007,14
2017-09-05 08:00:00+00:00,2017-09-05 20:00:00+00:00,-1,0.0008100000594883916,-0.0002922311359935259,2.8161,-0.8457,MEAN_CROSS,0.0011022311954819175,3.548075,12
2017-09-07 06:00:00+00:00,2017-09-07 19:00:00+00:00,1,-0.0017726010237496537,0.0007384901415117273,-3.1948,1.0958,MEAN_CROSS,0.002511091165261381,8.083185,13
2017-09-08 00:00:00+00:00,2017-09-08 12:00:00+00:00,-1,0.0014420158826619067,-0.0009531797180344359,2.026,-1.4316,MEAN_CROSS,0.0023951956006963426,7.710118,12
2017-09-08 13:00:00+00:00,2017-09-11 05:00:00+00:00,1,-0.0017849554904623144,0.0009722265828777665,-2.393,0.7386,MEAN_CROSS,0.002757182073340081,8.87535,16
2017-09-12 06:00:00+00:00,2017-09-12 18:00:00+00:00,-1,0.0030845440211425545,0.0001326423563708934,4.3014,0.055,MEAN_CROSS,0.002951901664771661,2.468634,12
2017-09-13 15:00:00+00:00,2017-09-14 17:00:00+00:00,1,-0.0023029892366815963,0.0007041735881413436,-4.2548,1.7081,MEAN_CROSS,0.00300716282482294,2.514848,26
2017-09-15 05:00:00+00:00,2017-09-15 17:00:00+00:00,-1,0.0014144004453922054,-7.66258989471913e-05,2.5787,-0.5004,MEAN_CROSS,0.0014910263443393967,1.246925,12
2017-09-18 02:00:00+00:00,2017-09-18 14:00:00+00:00,-1,0.0017701297539672867,-0.0013929682389449694,2.5938,-2.2077,MEAN_CROSS,0.003163097992912256,2.645255,12
2017-09-20 04:00:00+00:00,2017-09-20 17:00:00+00:00,1,-0.0007376355066653906,0.0011248829045533704,-2.9353,0.9751,MEAN_CROSS,0.001862518411218761,1.557598,13
2017-09-20 18:00:00+00:00,2017-09-21 13:00:00+00:00,1,-0.0027857174230050408,0.0006518444821302927,-4.957,0.8022,MEAN_CROSS,0.0034375619051353334,2.874785,19
2017-09-22 06:00:00+00:00,2017-09-22 18:00:00+00:00,-1,0.0008941851262739275,-0.0005926399934323978,3.1581,-1.1574,MEAN_CROSS,0.0014868251197063254,1.243411,12
2017-09-24 22:00:00+00:00,2017-09-25 16:00:00+00:00,1,-0.0013032753548917198,0.00027041900853985723,-2.2491,0.6086,MEAN_CROSS,0.001573694363431577,1.316059,18
2017-09-26 14:00:00+00:00,2017-09-27 02:00:00+00:00,1,-0.0015004328244121456,0.00032196651293459055,-2.1461,0.9889,MEAN_CROSS,0.0018223993373467362,1.524047,12
2017-09-27 10:00:00+00:00,2017-09-27 22:00:00+00:00,-1,0.0009872076011792075,-0.00022058609726549605,2.0389,-0.4858,MEAN_CROSS,0.0012077936984447035,1.010061,12
2017-09-28 03:00:00+00:00,2017-09-28 16:00:00+00:00,1,-0.0013055164174781142,0.0012393074114344094,-2.0427,1.5343,MEAN_CROSS,0.0025448238289125236,2.128201,13
2017-09-29 12:00:00+00:00,2017-10-02 00:00:00+00:00,-1,0.0013694740023292296,-0.0006858475100842698,2.3468,-1.3772,MEAN_CROSS,0.0020553215124134994,3.13008,12
2017-10-02 01:00:00+00:00,2017-10-02 13:00:00+00:00,1,-0.0012250107958605705,0.0007120594688552195,-2.4624,1.415,MEAN_CROSS,0.00193707026471579,2.949993,12
2017-10-03 03:00:00+00:00,2017-10-03 18:00:00+00:00,1,-0.0011923593217293416,0.0001256302978991375,-2.0065,0.5754,MEAN_CROSS,0.001317989619628479,2.007186,15
2017-10-04 00:00:00+00:00,2017-10-04 12:00:00+00:00,-1,0.0019462261495133415,-0.0003027940202623425,4.7419,-0.6094,MEAN_CROSS,0.002249020169775684,3.425067,12
2017-10-05 13:00:00+00:00,2017-10-06 02:00:00+00:00,1,-0.0009492802708435111,0.0003342685904423881,-2.485,1.9516,MEAN_CROSS,0.0012835488612858992,1.954736,13
2017-10-06 12:00:00+00:00,2017-10-09 01:00:00+00:00,1,-0.0015464921265923026,5.788052504029917e-05,-3.4036,0.5397,MEAN_CROSS,0.0016043726516326018,2.443323,13
2017-10-10 01:00:00+00:00,2017-10-10 15:00:00+00:00,-1,0.0010184912367655619,0.00015778374328712097,2.8718,0.4685,MEAN_CROSS,0.0008607074934784409,1.310784,14
2017-10-11 00:00:00+00:00,2017-10-11 14:00:00+00:00,-1,0.0012943252859139998,-0.0004934906516563808,3.8008,-1.3713,MEAN_CROSS,0.0017878159375703806,2.722692,14
2017-10-12 17:00:00+00:00,2017-10-13 05:00:00+00:00,-1,0.0013096485745804909,0.00011959431962249578,2.8018,-0.2822,MEAN_CROSS,0.001190054254957995,1.812351,12
2017-10-13 12:00:00+00:00,2017-10-16 00:00:00+00:00,-1,0.0015393879723799575,8.731095540637224e-05,3.2764,-0.2359,MEAN_CROSS,0.0014520770169735853,2.21139,12
2017-10-16 21:00:00+00:00,2017-10-17 09:00:00+00:00,-1,0.0011128418320571765,0.0001821819762120036,3.0208,0.362,MEAN_CROSS,0.0009306598558451729,1.417316,12
2017-10-18 07:00:00+00:00,2017-10-18 19:00:00+00:00,1,-0.0014122287956669366,0.0005852489571409603,-2.7383,1.5096,MEAN_CROSS,0.001997477752807897,3.041989,12
2017-10-24 02:00:00+00:00,2017-10-24 18:00:00+00:00,1,-0.002320635270951721,0.0002637554671209852,-4.5413,0.8414,MEAN_CROSS,0.002584390738072706,2.487025,16
2017-10-25 20:00:00+00:00,2017-10-26 08:00:00+00:00,-1,0.0008194750562982023,-0.0004199087094592935,2.3708,-0.8009,MEAN_CROSS,0.0012393837657574958,1.192691,12
2017-10-26 13:00:00+00:00,2017-10-27 03:00:00+00:00,1,-0.0010481221886258218,0.00045332917778362347,-2.2408,1.5112,MEAN_CROSS,0.0015014513664094453,1.444885,14
2017-10-27 14:00:00+00:00,2017-10-30 02:00:00+00:00,-1,0.001176517899330931,-0.00026258601737860765,3.0656,-0.7338,MEAN_CROSS,0.0014391039167095387,1.384886,12
2017-10-31 00:00:00+00:00,2017-10-31 15:00:00+00:00,1,-0.001193260976536159,0.0005164101856611758,-2.7687,1.0773,MEAN_CROSS,0.0017096711621973348,1.64526,15
2017-10-31 21:00:00+00:00,2017-11-01 09:00:00+00:00,-1,0.002474530436269551,-7.350160937036332e-05,5.1645,-0.4833,MEAN_CROSS,0.002548032045639914,2.452036,12
2017-11-03 14:00:00+00:00,2017-11-06 08:00:00+00:00,1,-0.001646812696436517,0.00034933837786688127,-3.8086,1.0551,MEAN_CROSS,0.0019961510743033983,1.920947,17
2017-11-06 16:00:00+00:00,2017-11-07 04:00:00+00:00,-1,0.0008127139721312293,-0.00047555701963897246,2.1115,-1.1919,MEAN_CROSS,0.0012882709917702018,1.239736,12
2017-11-08 10:00:00+00:00,2017-11-08 23:00:00+00:00,-1,0.0008307890082924763,0.0001040600624010457,2.5579,-0.2477,MEAN_CROSS,0.0007267289458914306,1.943026,13
2017-11-09 13:00:00+00:00,2017-11-10 05:00:00+00:00,1,-0.0015553690090565064,0.0003295727256407144,-3.048,0.7684,MEAN_CROSS,0.0018849417346972208,5.039693,16
2017-11-13 09:00:00+00:00,2017-11-13 21:00:00+00:00,1,-0.0010002287690348277,7.637442871355482e-05,-2.7478,0.814,MEAN_CROSS,0.0010766031977483825,2.878471,12
2017-11-14 02:00:00+00:00,2017-11-14 14:00:00+00:00,1,-0.0010338020244223811,0.0002348045221073347,-2.8582,1.2745,MEAN_CROSS,0.0012686065465297158,3.391823,12
2017-11-14 16:00:00+00:00,2017-11-15 04:00:00+00:00,-1,0.0006533868891258621,-0.00030439796336489966,2.0839,-0.3579,MEAN_CROSS,0.0009577848524907617,2.560791,12
2017-11-15 09:00:00+00:00,2017-11-15 21:00:00+00:00,-1,0.001026672281643215,-1.0924525423283704e-05,2.3012,-0.0889,MEAN_CROSS,0.0010375968070664987,2.774181,12
2017-11-17 01:00:00+00:00,2017-11-17 13:00:00+00:00,-1,0.0012234930423654644,9.958662684828035e-06,3.4681,0.4307,MEAN_CROSS,0.0012135343796806364,3.244578,12
2017-11-21 01:00:00+00:00,2017-11-21 13:00:00+00:00,1,-0.0008008629106110998,0.00023071348446113138,-2.1014,0.5768,MEAN_CROSS,0.0010315763950722312,2.758085,12
2017-11-21 14:00:00+00:00,2017-11-22 02:00:00+00:00,-1,0.0009402225889740823,-0.0007421035857734237,2.3784,-2.0707,MEAN_CROSS,0.001682326174747506,4.497968,12
2017-11-22 19:00:00+00:00,2017-11-23 07:00:00+00:00,-1,0.0016418507358455514,0.0002150797520312775,3.2681,0.0976,MEAN_CROSS,0.001426770983814274,3.8147,12
2017-11-24 03:00:00+00:00,2017-11-27 03:00:00+00:00,1,-0.0007166823821809221,8.450668289561314e-05,-2.6116,0.6637,MEAN_CROSS,0.0008011890650765352,2.142107,24
2017-11-27 07:00:00+00:00,2017-11-27 19:00:00+00:00,-1,0.0006541333894245493,1.9473920858881222e-05,2.3906,-0.2774,MEAN_CROSS,0.0006346594685656681,1.696864,12
2017-11-28 19:00:00+00:00,2017-11-29 07:00:00+00:00,1,-0.000997083003605792,0.0005366643719455499,-2.4397,1.2459,MEAN_CROSS,0.001533747375551342,2.958884,12
2017-11-29 08:00:00+00:00,2017-11-29 20:00:00+00:00,-1,0.001053699166317923,-0.00025219796753317425,2.2763,-0.1152,MEAN_CROSS,0.0013058971338510972,2.519319,12
2017-11-30 00:00:00+00:00,2017-11-30 12:00:00+00:00,1,-0.002310407342225873,0.00017147663803385171,-4.0152,0.6347,MEAN_CROSS,0.002481883980259725,4.788016,12
2017-11-30 14:00:00+00:00,2017-12-01 02:00:00+00:00,-1,0.0011846214432649216,-0.0002619680538548108,2.2723,0.045,MEAN_CROSS,0.0014465894971197324,2.790741,12
2017-12-01 08:00:00+00:00,2017-12-01 20:00:00+00:00,-1,0.001100236725907866,-5.9750555304938224e-05,2.7242,-0.3763,MEAN_CROSS,0.0011599872812128043,2.237831,12
2017-12-03 22:00:00+00:00,2017-12-04 11:00:00+00:00,1,-0.0013967130345544643,0.0004976576846665859,-2.4034,0.5246,MEAN_CROSS,0.0018943707192210502,3.654594,13
2017-12-05 00:00:00+00:00,2017-12-05 12:00:00+00:00,-1,0.001546717338604231,-0.00024195813212268824,3.0778,-0.6715,MEAN_CROSS,0.0017886754707269192,3.450688,12
2017-12-07 13:00:00+00:00,2017-12-08 01:00:00+00:00,-1,0.0007959693305501503,-0.0002550358746180592,3.0834,-0.0522,MEAN_CROSS,0.0010510052051682095,2.027585,12
2017-12-08 13:00:00+00:00,2017-12-11 03:00:00+00:00,-1,0.0012153856530328078,0.0025273839768794604,3.1908,6.4621,STOP_LOSS,-0.0013119983238466526,-2.531089,14
2017-12-11 05:00:00+00:00,2017-12-11 17:00:00+00:00,-1,0.0016600090022043101,-0.000159527821819605,2.3368,-0.7646,MEAN_CROSS,0.0018195368240239151,3.510225,12
2017-12-13 13:00:00+00:00,2017-12-14 01:00:00+00:00,-1,0.0020073710035100056,-0.0001839906083094256,4.7792,-0.8951,MEAN_CROSS,0.0021913616118194312,4.227545,12
2017-12-15 03:00:00+00:00,2017-12-15 15:00:00+00:00,-1,0.0009288763714533355,-0.0006422352332752235,3.3879,-1.6765,MEAN_CROSS,0.001571111604728559,3.030967,12
2017-12-19 00:00:00+00:00,2017-12-19 12:00:00+00:00,-1,0.0008482862001045754,-9.160367526694912e-05,2.1973,-0.2511,MEAN_CROSS,0.0009398898753715246,1.810721,12
2017-12-19 14:00:00+00:00,2017-12-20 06:00:00+00:00,1,-0.0014704124217187475,0.0001598072179052057,-3.7286,0.6126,MEAN_CROSS,0.0016302196396239532,3.140659,16
2017-12-20 21:00:00+00:00,2017-12-21 09:00:00+00:00,-1,0.002037566170341454,9.634850711426335e-05,5.0814,-0.0221,MEAN_CROSS,0.0019412176632271905,3.739804,12
2017-12-24 23:00:00+00:00,2017-12-26 02:00:00+00:00,1,-0.0006075462104099261,0.0004908992873078333,-2.8578,1.8785,MEAN_CROSS,0.0010984454977177593,2.116183,13
2017-12-26 10:00:00+00:00,2017-12-27 02:00:00+00:00,1,-0.0008168782448846335,0.0003750092619217993,-3.8088,1.0096,MEAN_CROSS,0.0011918875068064327,2.296201,16
2017-12-27 21:00:00+00:00,2017-12-28 14:00:00+00:00,1,-0.00040887462877559066,0.00038735007956292034,-2.0198,0.6176,MEAN_CROSS,0.000796224708338511,1.533947,17
2017-12-29 16:00:00+00:00,2018-01-02 04:00:00+00:00,1,-0.001002855601200503,0.000423258225076828,-3.9855,0.7161,MEAN_CROSS,0.001426113826277331,2.747444,12
2018-01-03 02:00:00+00:00,2018-01-03 16:00:00+00:00,1,-0.0011379911185911418,0.00029486451320626106,-2.6139,1.024,MEAN_CROSS,0.0014328556317974028,2.760432,14
2018-01-04 06:00:00+00:00,2018-01-04 20:00:00+00:00,-1,0.0010422009053999703,4.465712455381521e-05,2.2778,-0.3905,MEAN_CROSS,0.0009975437808461551,1.921793,14
2018-01-08 07:00:00+00:00,2018-01-09 00:00:00+00:00,1,-0.0008767193520118344,0.000358773593261974,-3.003,0.9624,MEAN_CROSS,0.0012354929452738084,2.380208,17
2018-01-09 08:00:00+00:00,2018-01-10 01:00:00+00:00,1,-0.0006315738051851927,0.0006182195561750259,-2.175,1.7067,MEAN_CROSS,0.0012497933613602186,3.607488,17
2018-01-10 08:00:00+00:00,2018-01-10 20:00:00+00:00,-1,0.0016672098864328744,0.00010576873496415118,3.508,0.0649,MEAN_CROSS,0.0015614411514687232,4.50705,12
2018-01-11 10:00:00+00:00,2018-01-11 23:00:00+00:00,-1,0.0016725806428026235,0.00010500816351388664,2.5951,-0.4748,MEAN_CROSS,0.0015675724792887369,4.524748,13
2018-01-12 13:00:00+00:00,2018-01-15 01:00:00+00:00,1,-0.0018157589926034445,0.0011746529297332886,-4.1857,2.0519,MEAN_CROSS,0.002990411922336733,8.631728,12
2018-01-16 05:00:00+00:00,2018-01-16 17:00:00+00:00,1,-0.000697384771551568,0.0002630881758881598,-2.0401,0.7177,MEAN_CROSS,0.0009604729474397278,2.772374,12
2018-01-17 00:00:00+00:00,2018-01-17 12:00:00+00:00,-1,0.0009720862716838807,-1.5403267892399874e-05,3.1736,0.153,MEAN_CROSS,0.0009874895395762806,2.850357,12
2018-01-17 17:00:00+00:00,2018-01-18 07:00:00+00:00,-1,0.0016061997581998666,0.0003026485164696613,2.3419,0.2419,MEAN_CROSS,0.0013035512417302053,3.762659,14
2018-01-19 08:00:00+00:00,2018-01-19 20:00:00+00:00,-1,0.0011904551105925698,-0.00046269359884654193,2.0965,-0.7953,MEAN_CROSS,0.0016531487094391117,4.771761,12
2018-01-22 08:00:00+00:00,2018-01-22 22:00:00+00:00,-1,0.0008432985565436368,0.0002840430171409114,2.0168,0.2139,MEAN_CROSS,0.0005592555394027254,1.614273,14
2018-01-23 15:00:00+00:00,2018-01-24 03:00:00+00:00,-1,0.0014864334899995502,0.0003613059924171269,2.3405,0.298,MEAN_CROSS,0.0011251274975824233,3.247644,12
2018-01-24 08:00:00+00:00,2018-01-24 20:00:00+00:00,-1,0.001501996740534861,0.0003014259766089822,2.8897,-0.3327,MEAN_CROSS,0.001200570763925879,3.465409,12
2018-01-24 21:00:00+00:00,2018-01-25 15:00:00+00:00,1,-0.005166473737632793,0.000797036017469388,-10.6984,0.6048,MEAN_CROSS,0.005963509755102181,17.213479,18
2018-01-30 07:00:00+00:00,2018-01-30 23:00:00+00:00,1,-0.00206101257196456,0.0005517772216546701,-3.6588,0.698,MEAN_CROSS,0.00261278979361923,2.517521,16
2018-01-31 16:00:00+00:00,2018-02-01 12:00:00+00:00,1,-0.002006279289853863,0.0005288115267340077,-4.0175,0.8898,MEAN_CROSS,0.0025350908165878705,2.442655,20
2018-02-01 15:00:00+00:00,2018-02-02 03:00:00+00:00,-1,0.0020139135527903473,-0.0005389596457633372,2.7892,-0.7872,MEAN_CROSS,0.0025528731985536846,2.459789,12
2018-02-02 13:00:00+00:00,2018-02-05 01:00:00+00:00,1,-0.002164535919318089,0.0003922057588248151,-2.9387,1.2039,MEAN_CROSS,0.002556741678142904,2.463517,12
2018-02-05 08:00:00+00:00,2018-02-05 20:00:00+00:00,-1,0.0009891621967401676,-0.0009682629932973308,2.0463,-0.9355,MEAN_CROSS,0.0019574251900374984,1.886053,12
2018-02-06 03:00:00+00:00,2018-02-06 15:00:00+00:00,-1,0.0012011270004580465,-0.00013125932382318517,2.0847,-0.1075,MEAN_CROSS,0.0013323863242812317,1.283804,12
2018-02-06 21:00:00+00:00,2018-02-07 09:00:00+00:00,-1,0.002293086811848033,-0.000306377834933258,3.2972,-0.6875,MEAN_CROSS,0.002599464646781291,2.504682,12
2018-02-07 20:00:00+00:00,2018-02-08 08:00:00+00:00,1,-0.0029734616646549528,2.4744745102056598e-05,-3.4965,0.9523,MEAN_CROSS,0.0029982064097570094,2.888885,12
2018-02-08 10:00:00+00:00,2018-02-08 22:00:00+00:00,-1,0.001477881731834052,-0.0003324443192757043,2.7621,0.0388,MEAN_CROSS,0.0018103260511097563,1.744317,12
2018-02-09 13:00:00+00:00,2018-02-12 05:00:00+00:00,-1,0.0014028104063823488,0.00015373626236925286,2.3554,-0.1734,MEAN_CROSS,0.001249074144013096,1.20353,16
2018-02-12 07:00:00+00:00,2018-02-12 20:00:00+00:00,1,-0.0010492667001715805,0.00046293832607391394,-2.9569,0.9351,MEAN_CROSS,0.0015122050262454945,1.457066,13
2018-02-12 21:00:00+00:00,2018-02-13 10:00:00+00:00,-1,0.001019852278616895,0.00030175853434433186,2.1277,0.3245,MEAN_CROSS,0.0007180937442725632,0.69191,13
2018-02-14 02:00:00+00:00,2018-02-14 14:00:00+00:00,-1,0.002751586525703398,-0.0011815917135319376,5.8032,-1.3356,MEAN_CROSS,0.003933178239235335,3.789765,12
2018-02-14 15:00:00+00:00,2018-02-15 03:00:00+00:00,-1,0.003346118326905567,-0.0004361077842410799,3.5152,-0.7649,MEAN_CROSS,0.003782226111146647,3.644317,12
2018-02-19 13:00:00+00:00,2018-02-20 04:00:00+00:00,1,-0.0017494201580218194,0.00012455052648563392,-3.139,0.5529,MEAN_CROSS,0.0018739706845074533,2.849598,15
2018-02-20 13:00:00+00:00,2018-02-21 01:00:00+00:00,1,-0.0012034275768614267,0.00032847227273069546,-2.2791,1.3345,MEAN_CROSS,0.0015318998495921221,2.329438,12
2018-02-21 20:00:00+00:00,2018-02-22 08:00:00+00:00,1,-0.000999974825495964,0.0002704032717010252,-3.0437,1.0448,MEAN_CROSS,0.0012703780971969891,1.931763,12
2018-02-22 09:00:00+00:00,2018-02-22 21:00:00+00:00,-1,0.0007680010849975272,-0.0002446663469899413,2.2299,-0.5477,MEAN_CROSS,0.0010126674319874684,1.539883,12
2018-02-22 23:00:00+00:00,2018-02-23 15:00:00+00:00,1,-0.0012448504944203576,0.0001806562035319148,-2.5421,0.5296,MEAN_CROSS,0.0014255066979522724,2.167654,16
2018-02-26 01:00:00+00:00,2018-02-26 13:00:00+00:00,-1,0.0006524136297708649,-0.0005933965022931753,2.1338,-1.1805,MEAN_CROSS,0.0012458101320640402,1.894404,12
2018-02-27 15:00:00+00:00,2018-02-28 04:00:00+00:00,1,-0.001353833830855411,3.883440915641856e-05,-2.9458,1.1077,MEAN_CROSS,0.0013926682400118295,2.117719,13
2018-02-28 05:00:00+00:00,2018-02-28 17:00:00+00:00,-1,0.0004515129038629162,-0.00040359702972603273,2.1261,-0.2963,MEAN_CROSS,0.0008551099335889489,1.300297,12
2018-03-01 06:00:00+00:00,2018-03-01 18:00:00+00:00,-1,0.0007003716347049327,-0.0006575580497092393,2.4042,-1.5588,MEAN_CROSS,0.001357929684414172,2.064895,12
2018-03-01 19:00:00+00:00,2018-03-02 07:00:00+00:00,-1,0.0013991256254992646,-7.139491617902394e-07,2.6338,-0.6295,MEAN_CROSS,0.0013998395746610548,2.128624,12
2018-03-02 09:00:00+00:00,2018-03-02 21:00:00+00:00,1,-0.0010800360167443346,0.0004986451500502698,-3.0105,0.6218,MEAN_CROSS,0.0015786811667946044,2.400574,12
2018-03-06 11:00:00+00:00,2018-03-06 23:00:00+00:00,-1,0.0019193666908029483,-0.0002856437449532123,5.2298,-0.9485,MEAN_CROSS,0.0022050104357561606,3.352983,12
2018-03-08 08:00:00+00:00,2018-03-08 21:00:00+00:00,1,-0.0009736484556138736,0.00014985952442014838,-2.5495,0.6307,MEAN_CROSS,0.001123507980034022,2.857806,13
2018-03-09 14:00:00+00:00,2018-03-12 04:00:00+00:00,-1,0.0011513755422100092,0.0003987190430831955,2.8876,0.39,MEAN_CROSS,0.0007526564991268136,1.914491,15
2018-03-13 08:00:00+00:00,2018-03-13 20:00:00+00:00,-1,0.0009535300054487328,-0.00033952175069307255,2.3539,-1.2162,MEAN_CROSS,0.0012930517561418053,3.289065,12
2018-03-14 21:00:00+00:00,2018-03-15 14:00:00+00:00,1,-0.001403344136910789,0.00015222682453674974,-3.5517,0.654,MEAN_CROSS,0.0015555709614475388,3.956821,17
2018-03-16 14:00:00+00:00,2018-03-19 06:00:00+00:00,1,-0.0016307581624142031,-1.2362108857799647e-05,-2.9793,0.6643,MEAN_CROSS,0.0016183960535564035,4.116626,16
2018-03-19 13:00:00+00:00,2018-03-20 01:00:00+00:00,-1,0.0008569732777201633,0.00012231878846147293,2.2395,-0.0095,MEAN_CROSS,0.0007346544892586904,1.868701,12
2018-03-21 06:00:00+00:00,2018-03-21 18:00:00+00:00,-1,0.0003761068604449802,0.002270578161090331,2.1972,5.5742,STOP_LOSS,-0.0018944713006453506,-4.818864,12
2018-03-21 19:00:00+00:00,2018-03-22 09:00:00+00:00,-1,0.0019977343840931194,-0.0005380083628711008,3.3448,-1.2044,MEAN_CROSS,0.00253574274696422,6.450031,14
2018-03-23 19:00:00+00:00,2018-03-26 07:00:00+00:00,1,-0.0009713195056572088,0.00079979705798916,-2.5872,1.1181,MEAN_CROSS,0.0017711165636463688,4.505093,12
2018-03-27 11:00:00+00:00,2018-03-27 23:00:00+00:00,1,-0.0007332072368751996,0.00015384559133613251,-2.0274,0.8647,MEAN_CROSS,0.0008870528282113321,2.256348,12
2018-03-28 14:00:00+00:00,2018-03-29 02:00:00+00:00,1,-0.0018387667312379508,-7.837796866871916e-05,-4.5494,0.5121,MEAN_CROSS,0.0017603887625692316,5.141416,12
2018-04-02 13:00:00+00:00,2018-04-03 02:00:00+00:00,1,-0.0004982128006500997,0.00014361133906093393,-2.2654,1.1205,MEAN_CROSS,0.0006418241397110336,1.874521,13
2018-04-03 04:00:00+00:00,2018-04-03 17:00:00+00:00,-1,0.0008967656641952759,-0.00017899395505216464,4.0777,-0.4897,MEAN_CROSS,0.0010757596192474406,3.141879,13
2018-04-05 02:00:00+00:00,2018-04-05 20:00:00+00:00,1,-0.0005397477387596439,0.000433734301136357,-2.3564,1.204,MEAN_CROSS,0.0009734820398960009,2.843165,18
2018-04-06 13:00:00+00:00,2018-04-09 03:00:00+00:00,-1,0.0006096445234524683,0.00019168694442595058,2.3277,0.2637,MEAN_CROSS,0.00041795757902651776,1.220693,14
2018-04-09 19:00:00+00:00,2018-04-10 11:00:00+00:00,1,-0.0005064979901377997,0.0004996925333725644,-2.2448,0.6737,MEAN_CROSS,0.001006190523510364,2.938694,16
2018-04-11 02:00:00+00:00,2018-04-11 14:00:00+00:00,1,-0.0007318997685328288,0.00068245430773195,-2.6415,1.5027,MEAN_CROSS,0.0014143540762647788,4.130782,12
2018-04-12 07:00:00+00:00,2018-04-12 19:00:00+00:00,-1,0.0009020890085553734,-0.0001594183146688133,2.2636,-0.6001,MEAN_CROSS,0.0010615073232241867,3.100253,12
2018-04-13 12:00:00+00:00,2018-04-16 00:00:00+00:00,1,-0.001100403302636277,0.00031787247849279776,-3.7091,1.1382,MEAN_CROSS,0.0014182757811290747,4.142236,12
2018-04-18 06:00:00+00:00,2018-04-18 22:00:00+00:00,1,-0.0009126155478685893,0.0005576106314533202,-2.3752,1.4131,MEAN_CROSS,0.0014702261793219096,3.69824,16
2018-04-19 15:00:00+00:00,2018-04-20 06:00:00+00:00,1,-0.0012548284614579686,-0.0001652708014987514,-2.8257,0.5909,MEAN_CROSS,0.0010895576599592172,2.740698,15
2018-04-20 14:00:00+00:00,2018-04-23 03:00:00+00:00,-1,0.0005796569992022604,-0.0002453162225720673,3.3815,0.1436,MEAN_CROSS,0.0008249732217743277,2.075156,13
2018-04-23 09:00:00+00:00,2018-04-23 21:00:00+00:00,1,-0.0015289891285877877,0.0002092215111775264,-3.5024,1.3005,MEAN_CROSS,0.001738210639765314,4.372334,12
2018-04-24 01:00:00+00:00,2018-04-24 13:00:00+00:00,1,-0.001310891215214216,0.0003698400185861983,-2.5017,1.57,MEAN_CROSS,0.0016807312338004143,4.227749,12
2018-04-25 11:00:00+00:00,2018-04-25 23:00:00+00:00,1,-0.0011459709302239496,0.000361341559577566,-2.5093,1.6535,MEAN_CROSS,0.0015073124898015156,3.791528,12
2018-04-26 10:00:00+00:00,2018-04-26 22:00:00+00:00,-1,0.0007832572275453531,-0.0003962197317504135,2.4086,-1.0516,MEAN_CROSS,0.0011794769592957666,2.966883,12
2018-04-27 05:00:00+00:00,2018-04-27 17:00:00+00:00,1,-0.0007729746536400128,0.0005657171010852169,-2.1014,1.3934,MEAN_CROSS,0.0013386917547252297,3.367375,12
2018-04-27 18:00:00+00:00,2018-04-30 06:00:00+00:00,-1,0.0008577417005972698,-0.00019291980866964487,2.0081,-0.5692,MEAN_CROSS,0.0010506615092669147,2.642858,12
2018-04-30 08:00:00+00:00,2018-05-01 02:00:00+00:00,1,-0.001059986522226719,5.8408895031836217e-05,-2.2973,0.8056,MEAN_CROSS,0.0011183954172585553,2.813237,18
2018-05-02 01:00:00+00:00,2018-05-02 13:00:00+00:00,-1,0.0004910123021150126,-0.0004721182107317867,2.3492,-0.9498,MEAN_CROSS,0.0009631305128467993,2.42268,12
2018-05-03 09:00:00+00:00,2018-05-03 21:00:00+00:00,-1,0.0011832604977651817,0.00011125818769253115,2.8743,-0.0903,MEAN_CROSS,0.0010720023100726506,2.696539,12
2018-05-04 03:00:00+00:00,2018-05-04 16:00:00+00:00,1,-0.0008523816925488648,0.0005412532061797037,-3.0384,1.3434,MEAN_CROSS,0.0013936348987285685,3.505581,13
2018-05-07 14:00:00+00:00,2018-05-08 02:00:00+00:00,-1,0.0008272467465730848,3.228877920202766e-05,2.2092,0.0425,MEAN_CROSS,0.0007949579673710572,1.977375,12
2018-05-08 08:00:00+00:00,2018-05-08 20:00:00+00:00,1,-0.0014872292632498452,0.00019814890443781152,-3.6435,0.6233,MEAN_CROSS,0.0016853781676876567,4.192203,12
2018-05-09 10:00:00+00:00,2018-05-09 22:00:00+00:00,-1,0.0008501594933754131,-0.0017384452281727913,2.0174,-2.9358,MEAN_CROSS,0.0025886047215482044,6.438885,12
2018-05-09 23:00:00+00:00,2018-05-10 12:00:00+00:00,1,-0.0015172978899319345,0.0018393881444147553,-2.1688,2.6878,MEAN_CROSS,0.0033566860343466898,8.349408,13
2018-05-14 05:00:00+00:00,2018-05-14 21:00:00+00:00,1,-0.0005998867321003187,-7.015230798967931e-05,-2.0721,0.5682,MEAN_CROSS,0.0005297344241106394,1.317659,16
2018-05-15 04:00:00+00:00,2018-05-15 20:00:00+00:00,1,-0.001016570747712886,-4.4353071231295615e-06,-2.4634,0.7344,MEAN_CROSS,0.0010121354405897565,2.517582,16
2018-05-16 13:00:00+00:00,2018-05-17 03:00:00+00:00,-1,0.001385067233926951,0.00016620412157919429,2.5618,-0.1159,MEAN_CROSS,0.0012188631123477567,3.031795,14
2018-05-17 04:00:00+00:00,2018-05-17 16:00:00+00:00,1,-0.0006212137035248588,0.00030006057309628353,-2.0163,0.7079,MEAN_CROSS,0.0009212742766211424,2.291574,12
2018-05-18 00:00:00+00:00,2018-05-18 12:00:00+00:00,-1,0.0008784875227839661,0.00014635899877046832,2.1909,0.317,MEAN_CROSS,0.0007321285240134978,1.821094,12
2018-05-18 14:00:00+00:00,2018-05-21 02:00:00+00:00,-1,0.0008639688005920299,-0.000392155163343455,2.0941,-1.3578,MEAN_CROSS,0.0012561239639354849,3.124478,12
2018-05-21 12:00:00+00:00,2018-05-22 00:00:00+00:00,-1,0.0010531321321004539,0.00017365923506640346,2.0577,0.0492,MEAN_CROSS,0.0008794728970340504,2.187598,12
2018-05-22 12:00:00+00:00,2018-05-23 08:00:00+00:00,1,-0.0008930597593880263,0.0001872087984530202,-2.3752,0.701,MEAN_CROSS,0.0010802685578410465,2.687056,20
2018-05-23 18:00:00+00:00,2018-05-24 06:00:00+00:00,-1,0.000955490318779395,-0.0003016783266129863,2.1499,-0.3988,MEAN_CROSS,0.0012571686453923814,3.127076,12
2018-05-25 04:00:00+00:00,2018-05-27 21:00:00+00:00,1,-0.0005019696928413309,0.0008016193497268898,-2.0841,2.2283,MEAN_CROSS,0.0013035890425682206,3.636758,17
2018-05-28 01:00:00+00:00,2018-05-28 13:00:00+00:00,-1,0.00151077676250444,-6.851177977018619e-05,4.0101,-0.4408,MEAN_CROSS,0.0015792885422746261,4.405906,12
2018-05-29 08:00:00+00:00,2018-05-29 20:00:00+00:00,1,-0.0011848421313571667,0.00017033184090908815,-3.3221,1.077,MEAN_CROSS,0.0013551739722662548,3.78067,12
2018-05-30 10:00:00+00:00,2018-05-30 22:00:00+00:00,-1,0.001817301211644362,4.00681030944261e-05,3.5042,-0.4143,MEAN_CROSS,0.001777233108549936,4.958132,12
2018-05-31 01:00:00+00:00,2018-05-31 14:00:00+00:00,1,-0.0009224261927138766,0.0007668512961522822,-2.4237,0.6075,MEAN_CROSS,0.0016892774888661588,4.712753,13
2018-06-01 12:00:00+00:00,2018-06-04 00:00:00+00:00,1,-0.001049935778237976,0.0003977345289188916,-2.076,1.1999,MEAN_CROSS,0.0014476703071568675,4.038717,12
2018-06-04 01:00:00+00:00,2018-06-04 13:00:00+00:00,-1,0.0010288763822218217,6.839679273540344e-05,2.5942,-0.2373,MEAN_CROSS,0.0009604795894864182,2.67955,12
2018-06-05 10:00:00+00:00,2018-06-06 00:00:00+00:00,1,-0.0006822460837088151,0.0002329412024548727,-2.0176,0.6828,MEAN_CROSS,0.0009151872861636878,2.553193,14
2018-06-07 15:00:00+00:00,2018-06-08 04:00:00+00:00,1,-0.0007419216648139049,0.0001816305974351451,-3.0073,0.7045,MEAN_CROSS,0.00092355226224905,2.57653,13
2018-06-11 00:00:00+00:00,2018-06-11 14:00:00+00:00,-1,0.0006372478074777588,-0.0002588793938276268,2.2452,-0.9644,MEAN_CROSS,0.0008961272013053856,2.500019,14
2018-06-11 16:00:00+00:00,2018-06-12 04:00:00+00:00,1,-0.0006180067429548686,0.0008260212921011867,-2.0164,1.8394,MEAN_CROSS,0.0014440280350560553,4.028555,12
2018-06-13 09:00:00+00:00,2018-06-13 21:00:00+00:00,-1,0.0007948488066014114,-0.00020775575820453085,2.0622,-0.2894,MEAN_CROSS,0.0010026045648059423,2.79707,12
2018-06-14 15:00:00+00:00,2018-06-15 04:00:00+00:00,1,-0.0015639281883642608,1.7771810733147042e-05,-2.616,0.631,MEAN_CROSS,0.0015816999990974079,2.528041,13
2018-06-18 03:00:00+00:00,2018-06-18 15:00:00+00:00,-1,0.0005852975562197216,-0.0009222607434345997,2.3088,-2.4255,MEAN_CROSS,0.0015075582996543213,2.40954,12
2018-06-19 06:00:00+00:00,2018-06-19 20:00:00+00:00,1,-0.0023648857832978543,8.675715016448482e-05,-5.3416,0.5796,MEAN_CROSS,0.002451642933462339,3.918476,14
2018-06-20 14:00:00+00:00,2018-06-21 07:00:00+00:00,1,-0.0008767682188040027,0.0006893069364426463,-2.0831,2.5353,MEAN_CROSS,0.001566075155246649,2.503068,17
2018-06-21 10:00:00+00:00,2018-06-21 22:00:00+00:00,-1,0.0011962783940622224,-4.917014881389292e-05,3.7766,-0.0488,MEAN_CROSS,0.0012454485428761153,1.990608,12
2018-06-22 14:00:00+00:00,2018-06-25 07:00:00+00:00,1,-0.0006097494785958224,0.0004920305259573654,-2.1335,0.8445,MEAN_CROSS,0.0011017800045531878,1.760982,17
2018-06-26 06:00:00+00:00,2018-06-26 18:00:00+00:00,1,-0.0009099240690519927,-2.164855425723644e-05,-2.9342,0.5743,MEAN_CROSS,0.0008882755147947563,1.419736,12
2018-06-27 01:00:00+00:00,2018-06-27 13:00:00+00:00,1,-0.0017224666409655365,0.00012741070915334163,-4.8412,1.0863,MEAN_CROSS,0.001849877350118878,2.95667,12
2018-06-29 02:00:00+00:00,2018-06-29 16:00:00+00:00,-1,0.0014761415710825565,3.418124549658952e-05,4.2971,0.1593,MEAN_CROSS,0.001441960325585967,2.304694,14
2018-07-02 07:00:00+00:00,2018-07-02 19:00:00+00:00,1,-0.0011098312384949516,0.00037934401003159035,-2.4924,1.2128,MEAN_CROSS,0.001489175248526542,2.380158,12
2018-07-03 08:00:00+00:00,2018-07-03 20:00:00+00:00,-1,0.0010697523588237834,0.0001754444588086823,2.2815,0.0674,MEAN_CROSS,0.0008943079000151011,1.429378,12
2018-07-05 08:00:00+00:00,2018-07-05 20:00:00+00:00,-1,0.0007981627351888454,-0.0001790983843696914,2.6095,-1.0821,MEAN_CROSS,0.0009772611195585368,2.543023,12
2018-07-06 01:00:00+00:00,2018-07-06 13:00:00+00:00,1,-0.00044686352867218115,0.0007077411732613337,-2.0861,1.4819,MEAN_CROSS,0.0011546047019335148,3.004506,12
2018-07-09 13:00:00+00:00,2018-07-10 01:00:00+00:00,1,-0.0004629355373848565,0.00034164256757329703,-2.7415,1.1289,MEAN_CROSS,0.0008045781049581535,2.093669,12
2018-07-10 08:00:00+00:00,2018-07-11 06:00:00+00:00,1,-0.0012661277016307038,0.00019766133115761697,-4.5722,0.6754,MEAN_CROSS,0.0014637890327883207,3.809064,22
2018-07-11 09:00:00+00:00,2018-07-12 00:00:00+00:00,1,-0.0013273918273635221,1.9613522558081797e-05,-2.197,0.8371,MEAN_CROSS,0.001347005349921604,3.50517,15
2018-07-12 12:00:00+00:00,2018-07-13 00:00:00+00:00,-1,0.0008923776469967892,0.00013856961513136756,2.2151,0.3716,MEAN_CROSS,0.0007538080318654217,1.961555,12
2018-07-13 06:00:00+00:00,2018-07-13 18:00:00+00:00,1,-0.0008942290041278333,0.0002704142768849005,-3.0153,0.5044,MEAN_CROSS,0.0011646432810127338,3.030628,12
2018-07-17 03:00:00+00:00,2018-07-17 15:00:00+00:00,-1,0.003516804993577871,-0.00038992481825950165,9.7441,-0.5524,MEAN_CROSS,0.003906729811837373,10.166071,12
2018-07-19 07:00:00+00:00,2018-07-19 20:00:00+00:00,1,-0.001546277520046102,0.0004068466058357867,-2.9684,0.7444,MEAN_CROSS,0.0019531241258818888,5.082409,13
2018-07-20 12:00:00+00:00,2018-07-23 00:00:00+00:00,-1,0.0017565358332765069,0.0003067899261508522,2.5503,-0.1046,MEAN_CROSS,0.0014497459071256547,3.772521,12
2018-07-24 07:00:00+00:00,2018-07-24 20:00:00+00:00,-1,0.001046951369501059,2.618652542973887e-05,3.3362,0.0286,MEAN_CROSS,0.0010207648440713202,2.364855,13
2018-07-25 17:00:00+00:00,2018-07-26 05:00:00+00:00,-1,0.000918487445270455,-0.0002279312395834232,2.389,-0.955,MEAN_CROSS,0.0011464186848538782,2.655964,12
2018-07-26 12:00:00+00:00,2018-07-27 02:00:00+00:00,1,-0.001014903584127702,0.00013275637693455078,-2.6287,0.8868,MEAN_CROSS,0.0011476599610622529,2.658839,14
2018-07-27 08:00:00+00:00,2018-07-30 01:00:00+00:00,1,-0.000982099242011425,0.0002595535262330806,-2.2985,0.5637,MEAN_CROSS,0.0012416527682445055,2.876597,17
2018-07-31 07:00:00+00:00,2018-08-01 07:00:00+00:00,1,-0.0006816909487118439,-9.534090183782595e-06,-2.6368,0.5501,MEAN_CROSS,0.0006721568585280613,1.557218,24
2018-08-01 10:00:00+00:00,2018-08-01 23:00:00+00:00,-1,0.0006468183194743293,1.6756854141819488e-05,2.6843,0.384,MEAN_CROSS,0.0006300614653325098,1.459694,13
2018-08-02 08:00:00+00:00,2018-08-02 21:00:00+00:00,1,-0.0007953381401288873,-5.384860768564703e-05,-2.0882,0.8469,MEAN_CROSS,0.0007414895324432402,1.717845,13
2018-08-03 08:00:00+00:00,2018-08-03 20:00:00+00:00,-1,0.0006427234607238042,-0.0004976195808267248,4.0879,-1.0824,MEAN_CROSS,0.001140343041550529,2.641888,12
2018-08-07 06:00:00+00:00,2018-08-07 18:00:00+00:00,-1,0.00047485178513517745,-1.8960098688847182e-06,2.4628,-0.0163,MEAN_CROSS,0.00047674779500406217,1.104505,12
2018-08-08 03:00:00+00:00,2018-08-08 19:00:00+00:00,-1,0.0010326324648690655,1.5698793377483256e-06,3.3883,-0.0569,MEAN_CROSS,0.0010310625855313171,2.388713,16
2018-08-08 21:00:00+00:00,2018-08-09 11:00:00+00:00,1,-0.0026813461499156643,3.950313656908566e-05,-7.0534,0.6538,MEAN_CROSS,0.00272084928648475,6.303523,14
2018-08-14 01:00:00+00:00,2018-08-14 13:00:00+00:00,-1,0.0006358189923327817,-0.0001547529687824234,2.1266,-0.6314,MEAN_CROSS,0.0007905719611152051,1.789355,12
2018-08-14 15:00:00+00:00,2018-08-15 09:00:00+00:00,1,-0.0007622644308576954,0.00014311742138595207,-2.1668,0.8833,MEAN_CROSS,0.0009053818522436474,2.049212,18
2018-08-16 01:00:00+00:00,2018-08-16 14:00:00+00:00,-1,0.0008330456070456682,0.000303295599609843,2.8375,0.3098,MEAN_CROSS,0.0005297500074358252,1.199019,13
2018-08-16 16:00:00+00:00,2018-08-17 08:00:00+00:00,1,-0.000570931064051039,0.0004177545046790687,-2.3818,0.7791,MEAN_CROSS,0.0009886855687301077,2.237759,16
2018-08-17 18:00:00+00:00,2018-08-20 06:00:00+00:00,-1,0.0013853049470698986,-0.00046079258443942894,3.9488,-1.64,MEAN_CROSS,0.0018460975315093275,4.178397,12
2018-08-21 04:00:00+00:00,2018-08-21 18:00:00+00:00,-1,0.0008328394685904739,0.0002975961894767787,2.1114,-0.0793,MEAN_CROSS,0.0005352432791136952,1.211452,14
2018-08-21 22:00:00+00:00,2018-08-22 10:00:00+00:00,-1,0.001193345581934846,6.683072474555907e-05,2.5266,-0.295,MEAN_CROSS,0.001126514857189287,2.549717,12
2018-08-23 01:00:00+00:00,2018-08-24 00:00:00+00:00,1,-0.0009992892169073953,0.0003623326192411236,-2.6145,1.7641,MEAN_CROSS,0.0013616218361485188,3.081851,23
2018-08-24 02:00:00+00:00,2018-08-24 18:00:00+00:00,-1,0.0008110024199116106,0.0001708564668787549,2.7767,0.1798,MEAN_CROSS,0.0006401459530328557,1.448886,16
2018-08-27 06:00:00+00:00,2018-08-27 23:00:00+00:00,1,-0.000731594734423413,0.00023079723123831108,-2.348,0.5082,MEAN_CROSS,0.0009623919656617241,2.178247,17
2018-08-28 09:00:00+00:00,2018-08-28 21:00:00+00:00,-1,0.0009693711391729476,-0.00036220630996253167,2.6053,-1.1789,MEAN_CROSS,0.0013315774491354793,3.013849,12
2018-08-29 05:00:00+00:00,2018-08-29 17:00:00+00:00,1,-0.0008645246849402488,0.00034910060184545344,-2.3016,0.9384,MEAN_CROSS,0.0012136252867857023,2.74688,12
2018-08-30 01:00:00+00:00,2018-08-30 19:00:00+00:00,1,-0.002626479572414353,0.00025542725860017157,-7.4061,0.7264,MEAN_CROSS,0.0028819068310145246,6.522815,18
2018-08-31 15:00:00+00:00,2018-09-03 03:00:00+00:00,1,-0.0012649248834549764,8.20381540167503e-05,-2.9823,0.7673,MEAN_CROSS,0.0013469630374717267,1.848027,12
2018-09-04 06:00:00+00:00,2018-09-04 18:00:00+00:00,1,-0.0010362313194058892,0.0001947083816331574,-3.3045,0.8448,MEAN_CROSS,0.0012309397010390466,1.688843,12
2018-09-05 13:00:00+00:00,2018-09-06 01:00:00+00:00,-1,0.0010973612927407395,0.0001981795881644821,2.0341,-0.0712,MEAN_CROSS,0.0008991817045762573,1.233673,12
2018-09-06 03:00:00+00:00,2018-09-07 04:00:00+00:00,1,-0.0008280188000595601,0.00020230546410759942,-2.6732,0.6304,MEAN_CROSS,0.0010303242641671595,1.4136,25
2018-09-07 12:00:00+00:00,2018-09-10 04:00:00+00:00,1,-0.0015303989524857453,-5.04021218883377e-05,-4.3094,0.6904,MEAN_CROSS,0.0014799968305974076,2.030549,16
2018-09-10 07:00:00+00:00,2018-09-10 19:00:00+00:00,-1,0.0007861010570970883,-0.00031982952199294257,2.417,-0.2605,MEAN_CROSS,0.001105930579090031,1.517332,12
2018-09-11 10:00:00+00:00,2018-09-12 02:00:00+00:00,1,-0.0008095660516012071,0.00014305684414528397,-2.4248,0.6204,MEAN_CROSS,0.0009526228957464911,1.306994,16
2018-09-12 08:00:00+00:00,2018-09-12 20:00:00+00:00,-1,0.0007314069616848329,0.0002610961456342986,2.2328,0.1084,MEAN_CROSS,0.00047031081605053426,0.645264,12
2018-09-13 12:00:00+00:00,2018-09-14 00:00:00+00:00,-1,0.0021503370579851744,0.00020072954656491504,4.1871,0.1971,MEAN_CROSS,0.0019496075114202593,2.674852,12
2018-09-17 23:00:00+00:00,2018-09-18 22:00:00+00:00,1,-0.0009506626251836181,0.0004061293138691857,-2.8278,0.9623,MEAN_CROSS,0.0013567919390528038,1.861512,23
2018-09-21 10:00:00+00:00,2018-09-23 23:00:00+00:00,1,-0.0004493480392996352,0.00037856942152836304,-2.5197,1.0748,MEAN_CROSS,0.0008279174608279982,1.781515,13
2018-09-25 06:00:00+00:00,2018-09-25 19:00:00+00:00,-1,0.00039321425588145775,1.8389696795351185e-06,2.1538,0.2925,MEAN_CROSS,0.00039137528620192263,0.842163,13
2018-09-26 01:00:00+00:00,2018-09-26 13:00:00+00:00,-1,0.001971126050785754,-7.842165250371291e-05,7.7265,-0.2076,MEAN_CROSS,0.002049547703289467,4.410223,12
2018-09-28 11:00:00+00:00,2018-09-30 23:00:00+00:00,-1,0.0004111615479555075,-0.00012133779825618252,2.4459,-0.2581,MEAN_CROSS,0.00053249934621169,1.145834,12
2018-10-01 21:00:00+00:00,2018-10-02 11:00:00+00:00,1,-0.0011744010674928917,7.88273793346228e-05,-3.8012,0.6315,MEAN_CROSS,0.0012532284468275146,2.696701,14
2018-10-03 20:00:00+00:00,2018-10-04 09:00:00+00:00,1,-0.001125422650339769,0.0001547777572182829,-2.1644,1.8405,MEAN_CROSS,0.001280200407558052,2.754739,13
2018-10-04 12:00:00+00:00,2018-10-05 01:00:00+00:00,-1,0.0005069905248876738,-0.0005071085738372894,2.728,-0.6029,MEAN_CROSS,0.0010140990987249632,2.182142,13
2018-10-05 12:00:00+00:00,2018-10-08 00:00:00+00:00,-1,0.0006245563493441075,-0.0007442963615895692,2.4256,-1.18,MEAN_CROSS,0.0013688527109336768,2.945502,12
2018-10-09 06:00:00+00:00,2018-10-09 18:00:00+00:00,1,-0.0009674209365638786,0.0006857329819477398,-3.2862,1.7491,MEAN_CROSS,0.0016531539185116184,3.557262,12
2018-10-10 07:00:00+00:00,2018-10-11 00:00:00+00:00,1,-0.000801730492137831,0.00040791819391527984,-2.1683,0.685,MEAN_CROSS,0.0012096486860531108,2.812846,17
2018-10-11 12:00:00+00:00,2018-10-12 00:00:00+00:00,-1,0.0010394136192950487,9.417505261344328e-05,2.0153,-0.3929,MEAN_CROSS,0.0009452385666816054,2.198003,12
2018-10-15 06:00:00+00:00,2018-10-15 18:00:00+00:00,-1,0.0006272004225328365,0.00017348442557341137,3.4602,0.0443,MEAN_CROSS,0.0004537159969594251,1.055045,12
2018-10-15 21:00:00+00:00,2018-10-16 09:00:00+00:00,-1,0.002633008531100489,0.0002753072291171721,6.1169,-0.0837,MEAN_CROSS,0.002357701301983317,5.482461,12
2018-10-17 10:00:00+00:00,2018-10-18 02:00:00+00:00,1,-0.0011469445380555277,0.00045060070091973436,-4.1058,1.7219,MEAN_CROSS,0.001597545238975262,3.714838,16
2018-10-18 07:00:00+00:00,2018-10-18 19:00:00+00:00,-1,0.0006720743494885717,-0.0004099160047020822,2.0341,-0.6697,MEAN_CROSS,0.001081990354190654,2.515997,12
2018-10-22 09:00:00+00:00,2018-10-22 21:00:00+00:00,1,-0.0008145429478139121,5.3775247475962296e-05,-2.2972,0.6649,MEAN_CROSS,0.0008683181952898744,2.019136,12
2018-10-23 06:00:00+00:00,2018-10-23 18:00:00+00:00,-1,0.0005878596665475078,8.988272935828157e-05,2.4597,0.458,MEAN_CROSS,0.0004979769371892262,1.157966,12
2018-10-24 15:00:00+00:00,2018-10-25 03:00:00+00:00,1,-0.0010794934106402865,5.649919955441618e-05,-2.9162,0.5612,MEAN_CROSS,0.0011359926101947027,2.641571,12
2018-10-25 11:00:00+00:00,2018-10-25 23:00:00+00:00,-1,0.0007793912061507813,0.0001416339950215395,2.8835,0.4375,MEAN_CROSS,0.0006377572111292418,1.483003,12
2018-10-26 03:00:00+00:00,2018-10-26 15:00:00+00:00,1,-0.0022206434907950934,0.0014331296324304743,-5.4131,2.0462,MEAN_CROSS,0.0036537731232255677,8.496271,12
2018-10-30 13:00:00+00:00,2018-10-31 01:00:00+00:00,-1,0.0013244866294310764,-0.00011110709409001274,3.2621,-0.6363,MEAN_CROSS,0.0014355937235210892,3.795543,12
2018-10-31 09:00:00+00:00,2018-10-31 22:00:00+00:00,1,-0.0008573380848598822,0.00021618988088611957,-2.2277,1.3093,MEAN_CROSS,0.0010735279657460017,2.838283,13
2018-11-01 00:00:00+00:00,2018-11-01 15:00:00+00:00,-1,0.0010084836634514094,0.0005779149971493203,3.5336,0.1908,MEAN_CROSS,0.0004305686663020891,1.138374,15
2018-11-01 21:00:00+00:00,2018-11-02 10:00:00+00:00,1,-0.0007956360824956654,0.0009165352991117315,-2.0624,0.5818,MEAN_CROSS,0.001712171381607397,4.526783,13
2018-11-02 12:00:00+00:00,2018-11-05 07:00:00+00:00,1,-0.0010530747781929417,0.0007230353428099301,-2.5205,1.2413,MEAN_CROSS,0.0017761101210028718,4.695829,18
2018-11-06 08:00:00+00:00,2018-11-06 20:00:00+00:00,-1,0.0009096680074880403,0.00015522364379183529,2.1431,0.2828,MEAN_CROSS,0.000754444363696205,1.994663,12
2018-11-06 21:00:00+00:00,2018-11-07 10:00:00+00:00,-1,0.004167346453235576,0.0006251267893782053,11.1077,0.0579,MEAN_CROSS,0.003542219663857371,9.365218,13
2018-11-08 19:00:00+00:00,2018-11-09 10:00:00+00:00,1,-0.002025715136184769,0.00012685722052629966,-7.02,0.7293,MEAN_CROSS,0.002152572356711069,5.691152,15
2018-11-12 06:00:00+00:00,2018-11-13 01:00:00+00:00,1,-0.001039421850228206,0.00034412750050194507,-2.1865,0.7749,MEAN_CROSS,0.001383549350730151,3.657944,19
2018-11-13 03:00:00+00:00,2018-11-13 15:00:00+00:00,-1,0.0013530916979968,0.00031845919667028433,2.4153,0.3191,MEAN_CROSS,0.0010346325013265156,2.735448,12
2018-11-14 09:00:00+00:00,2018-11-15 00:00:00+00:00,1,-0.0006849204614203241,0.0005545217851017359,-2.2017,0.9196,MEAN_CROSS,0.00123944224652206,3.276942,15
2018-11-15 19:00:00+00:00,2018-11-16 07:00:00+00:00,-1,0.0010029765043612082,-0.0006387946710316728,2.6139,-2.3942,MEAN_CROSS,0.001641771175392881,4.340653,12
2018-11-20 14:00:00+00:00,2018-11-21 02:00:00+00:00,1,-0.0015819372062534365,0.00046132972338841505,-3.143,1.1203,MEAN_CROSS,0.0020432669296418515,2.475919,12
2018-11-22 07:00:00+00:00,2018-11-22 20:00:00+00:00,1,-0.001014363361120485,0.0002324848538794999,-2.2437,0.7896,MEAN_CROSS,0.0012468482149999849,1.510862,13
2018-11-23 08:00:00+00:00,2018-11-23 20:00:00+00:00,1,-0.0008798760121120353,0.00015098374777111623,-2.0692,0.7518,MEAN_CROSS,0.0010308597598831515,1.249139,12
2018-11-26 03:00:00+00:00,2018-11-26 15:00:00+00:00,-1,0.0008386009767723523,-0.000894498309878089,2.5742,-1.5962,MEAN_CROSS,0.0017330992866504413,2.100075,12
2018-11-26 21:00:00+00:00,2018-11-27 10:00:00+00:00,1,-0.0009320779516532873,0.000801337331140628,-2.1506,1.6268,MEAN_CROSS,0.0017334152827939153,2.100457,13
2018-11-28 17:00:00+00:00,2018-11-29 05:00:00+00:00,-1,0.003959795615723238,0.0007224514585416619,11.039,0.3656,MEAN_CROSS,0.0032373441571815764,3.922836,12
2018-11-30 16:00:00+00:00,2018-12-03 04:00:00+00:00,-1,0.0008599945894685046,0.0004002320502811685,2.6987,0.3617,MEAN_CROSS,0.0004597625391873361,0.557115,12
2018-12-04 13:00:00+00:00,2018-12-05 06:00:00+00:00,1,-0.000927170547701528,0.00025519959812703163,-2.7288,0.5202,MEAN_CROSS,0.0011823701458285596,1.432731,17
2018-12-06 03:00:00+00:00,2018-12-06 15:00:00+00:00,1,-0.0011350697352413563,0.0003414492645001932,-2.0289,1.2548,MEAN_CROSS,0.0014765189997415495,1.789165,12
2018-12-07 12:00:00+00:00,2018-12-10 00:00:00+00:00,1,-0.0009903730123258514,0.0006561164826260901,-3.1176,1.6532,MEAN_CROSS,0.0016464894949519415,3.759428,12
2018-12-10 01:00:00+00:00,2018-12-10 13:00:00+00:00,-1,0.0018866744295701343,-0.0005454853202202514,4.094,-0.9509,MEAN_CROSS,0.0024321597497903857,5.553348,12
2018-12-11 11:00:00+00:00,2018-12-12 02:00:00+00:00,-1,0.0008466799557317328,1.6333230301368573e-05,2.7162,-0.1021,MEAN_CROSS,0.0008303467254303643,1.89593,15
2018-12-12 07:00:00+00:00,2018-12-12 20:00:00+00:00,1,-0.0012962839048652475,0.0002615069093033773,-2.6138,0.9349,MEAN_CROSS,0.0015577908141686247,3.556903,13
2018-12-14 00:00:00+00:00,2018-12-14 12:00:00+00:00,1,-0.0010314186155737648,0.00010790380697278668,-3.6916,0.6103,MEAN_CROSS,0.0011393224225465515,2.601414,12
2018-12-18 00:00:00+00:00,2018-12-18 12:00:00+00:00,-1,0.0011884656641708569,0.00021720877259812088,4.0948,-0.266,MEAN_CROSS,0.000971256891572736,2.21767,12
2018-12-18 15:00:00+00:00,2018-12-19 14:00:00+00:00,1,-0.0011164987428609052,0.00033961245976477095,-2.5029,0.7655,MEAN_CROSS,0.0014561112026256762,3.324738,23
2018-12-19 19:00:00+00:00,2018-12-20 07:00:00+00:00,1,-0.002864602748201328,0.0002929978612870032,-7.2486,0.9398,MEAN_CROSS,0.0031576006094883313,7.209747,12
2018-12-20 09:00:00+00:00,2018-12-20 21:00:00+00:00,-1,0.0019217721582720504,-0.00011020887919221956,2.7426,0.2548,MEAN_CROSS,0.00203198103746427,4.639621,12
2018-12-21 09:00:00+00:00,2018-12-23 22:00:00+00:00,1,-0.0017243951627491372,0.00038406370967325465,-2.3087,1.2647,MEAN_CROSS,0.002108458872422392,4.814242,13
2018-12-24 01:00:00+00:00,2018-12-24 13:00:00+00:00,-1,0.0009603752759328454,-0.0003771117467076257,2.2394,-0.2752,MEAN_CROSS,0.0013374870226404711,3.053883,12
2018-12-25 22:00:00+00:00,2018-12-26 16:00:00+00:00,1,-0.0006227135768001046,0.000819939714985729,-2.008,2.8997,MEAN_CROSS,0.0014426532917858337,3.294009,18
2018-12-26 17:00:00+00:00,2018-12-27 08:00:00+00:00,1,-0.0008209489769017697,0.00026840188157095657,-2.8919,0.9177,MEAN_CROSS,0.0010893508584727263,2.487314,15
2018-12-28 00:00:00+00:00,2018-12-28 13:00:00+00:00,-1,0.000624132146267109,-0.0003853210601957313,2.0274,-1.0952,MEAN_CROSS,0.0010094532064628403,2.375893,13
2019-01-02 01:00:00+00:00,2019-01-02 13:00:00+00:00,1,-0.0005360607996617306,-0.001976316223192498,-2.1607,-3.8838,STOP_LOSS,-0.0014402554235307674,-3.389848,12
2019-01-02 22:00:00+00:00,2019-01-03 13:00:00+00:00,1,-0.003699671608102695,0.0008838306959184639,-5.7586,1.463,MEAN_CROSS,0.004583502304021159,10.787932,15
2019-01-03 15:00:00+00:00,2019-01-04 04:00:00+00:00,-1,0.0015168142752310931,-0.0005356691386793067,2.0324,-0.76,MEAN_CROSS,0.0020524834139104,4.830815,13
2019-01-04 15:00:00+00:00,2019-01-07 03:00:00+00:00,-1,0.0032121304208062584,0.00041550769852249925,4.7474,0.1934,MEAN_CROSS,0.002796622722283759,6.582254,12
2019-01-08 13:00:00+00:00,2019-01-09 01:00:00+00:00,1,-0.0011680563800038346,0.000834820479728271,-3.5084,2.1759,MEAN_CROSS,0.0020028768597321056,4.714059,12
2019-01-09 14:00:00+00:00,2019-01-10 02:00:00+00:00,-1,0.0012337121633226866,-0.0005715775891840247,2.1296,-1.8251,MEAN_CROSS,0.0018052897525067113,4.249009,12
2019-01-11 01:00:00+00:00,2019-01-11 13:00:00+00:00,-1,0.0005729516489205722,-6.990522239191943e-05,2.0935,-0.7,MEAN_CROSS,0.0006428568713124916,1.513056,12
2019-01-11 14:00:00+00:00,2019-01-14 10:00:00+00:00,1,-0.0010813193893660644,0.0005729231315640959,-3.1967,0.9982,MEAN_CROSS,0.0016542425209301603,3.893498,20
2019-01-15 09:00:00+00:00,2019-01-15 23:00:00+00:00,1,-0.0010583059760775892,0.00034214434641588465,-3.0273,0.8322,MEAN_CROSS,0.001400450322493474,3.296161,14
2019-01-16 09:00:00+00:00,2019-01-17 11:00:00+00:00,1,-0.001957768256664605,0.00014480504934877292,-3.7561,0.7602,MEAN_CROSS,0.0021025733060133778,4.948709,26
2019-01-17 19:00:00+00:00,2019-01-18 08:00:00+00:00,-1,0.0015390779390748177,-0.0007420376079204649,3.9341,-1.401,MEAN_CROSS,0.0022811155469952826,3.552447,13
2019-01-18 16:00:00+00:00,2019-01-21 06:00:00+00:00,1,-0.0010352104788186045,0.0003932022431478721,-2.7187,1.4242,MEAN_CROSS,0.0014284127219664766,2.224508,14
2019-01-22 06:00:00+00:00,2019-01-22 21:00:00+00:00,1,-0.0007033167891844494,0.001638448098785772,-2.1209,5.0818,MEAN_CROSS,0.0023417648879702213,3.646898,15
2019-01-22 22:00:00+00:00,2019-01-23 10:00:00+00:00,-1,0.001067584517606801,0.0001920528995142945,2.354,-0.1677,MEAN_CROSS,0.0008755316180925066,1.363491,12
2019-01-24 02:00:00+00:00,2019-01-24 14:00:00+00:00,1,-0.0008066223755042179,0.0006633152318962221,-2.3815,2.0591,MEAN_CROSS,0.00146993760740044,2.289176,12
2019-01-25 03:00:00+00:00,2019-01-25 19:00:00+00:00,-1,0.0007992957846101323,0.0006393984581758438,2.4605,0.4853,MEAN_CROSS,0.00015989732643428844,0.249013,16
2019-01-28 11:00:00+00:00,2019-01-29 02:00:00+00:00,1,-0.0009610444578207478,0.00025265251050377024,-2.0685,0.681,MEAN_CROSS,0.001213696968324518,1.890125,15
2019-01-30 19:00:00+00:00,2019-01-31 07:00:00+00:00,-1,0.00447974070139745,0.00014202860880763168,12.2282,-0.2782,MEAN_CROSS,0.004337712092589818,6.755244,12
2019-02-04 19:00:00+00:00,2019-02-05 07:00:00+00:00,-1,0.0003716048624652357,2.6346583100966825e-05,2.0062,0.0647,MEAN_CROSS,0.0003452582793642689,0.537681,12
2019-02-06 21:00:00+00:00,2019-02-07 09:00:00+00:00,1,-0.003442652259563639,0.00012467986240194406,-8.0412,1.0768,MEAN_CROSS,0.003567332121965583,8.644361,12
2019-02-13 00:00:00+00:00,2019-02-14 13:00:00+00:00,1,-0.0005446797269063053,0.0009682800083665732,-2.3687,1.9049,MEAN_CROSS,0.0015129597352728785,3.666205,37
2019-02-15 00:00:00+00:00,2019-02-15 12:00:00+00:00,1,-0.0010012115059128135,0.0005422218425019665,-2.2473,0.9259,MEAN_CROSS,0.00154343334841478,3.740048,12
2019-02-18 07:00:00+00:00,2019-02-18 23:00:00+00:00,1,-0.0007771862869478952,0.0003538462564467437,-2.2593,0.697,MEAN_CROSS,0.0011310325433946389,2.740719,16
2019-02-19 14:00:00+00:00,2019-02-20 02:00:00+00:00,-1,0.001245806853239384,-0.00035368496075405265,3.4275,-0.745,MEAN_CROSS,0.0015994918139934367,3.875889,12
2019-02-21 01:00:00+00:00,2019-02-21 13:00:00+00:00,1,-0.0011026437743464346,0.00022609850328625392,-3.0381,0.9389,MEAN_CROSS,0.0013287422776326885,3.219809,12
2019-02-22 03:00:00+00:00,2019-02-22 15:00:00+00:00,1,-0.0018103755076740446,0.0012064561932094708,-3.103,1.9551,MEAN_CROSS,0.0030168317008835155,7.310388,12
2019-02-26 19:00:00+00:00,2019-02-27 07:00:00+00:00,-1,0.0007508479080806651,-0.00011279528587881948,3.6552,-0.5882,MEAN_CROSS,0.0008636431939594846,2.688773,12
2019-02-27 08:00:00+00:00,2019-02-27 20:00:00+00:00,1,-0.0007537699174081647,8.989179754426146e-05,-2.9229,0.6448,MEAN_CROSS,0.0008436617149524261,2.626565,12
2019-02-28 13:00:00+00:00,2019-03-01 01:00:00+00:00,1,-0.001329623962514792,0.00010697774772294721,-2.8239,0.6179,MEAN_CROSS,0.0014366017102377393,4.47256,12
2019-03-01 11:00:00+00:00,2019-03-04 00:00:00+00:00,-1,0.0008162351980472993,-0.00025196848049990894,2.2948,-0.5413,MEAN_CROSS,0.0010682036785472082,3.32563,13
2019-03-05 01:00:00+00:00,2019-03-05 14:00:00+00:00,1,-0.0008522136220985299,0.00016598143390311737,-2.1988,0.6557,MEAN_CROSS,0.0010181950560016473,3.169938,13
2019-03-05 15:00:00+00:00,2019-03-06 06:00:00+00:00,1,-0.000860684384826671,0.00026630741277255954,-2.1411,1.1288,MEAN_CROSS,0.0011269917975992305,3.508654,15
2019-03-07 13:00:00+00:00,2019-03-08 01:00:00+00:00,1,-0.0005877745359605946,0.0004674832812613383,-2.274,1.372,MEAN_CROSS,0.001055257817221933,3.285325,12
2019-03-08 09:00:00+00:00,2019-03-08 21:00:00+00:00,-1,0.0012627835221562522,-5.672606064233143e-05,3.6413,-0.3971,MEAN_CROSS,0.0013195095827985837,4.108018,12
2019-03-12 12:00:00+00:00,2019-03-13 00:00:00+00:00,-1,0.0012445530118713188,-0.00021112018418589784,3.7694,-0.9844,MEAN_CROSS,0.0014556731960572167,4.531935,12
2019-03-13 01:00:00+00:00,2019-03-13 15:00:00+00:00,1,-0.0011927790526571336,0.0010623416249796458,-3.6516,2.4201,MEAN_CROSS,0.0022551206776367794,7.020848,14
2019-03-14 10:00:00+00:00,2019-03-14 22:00:00+00:00,1,-0.0012012794130024096,0.00044316656855059033,-3.0304,1.2885,MEAN_CROSS,0.001644445981553,5.11964,12
2019-03-20 00:00:00+00:00,2019-03-20 12:00:00+00:00,1,-0.0012365994852928663,0.00029119708869329575,-5.0689,0.9941,MEAN_CROSS,0.001527796573986162,4.354268,12
2019-03-20 18:00:00+00:00,2019-03-21 06:00:00+00:00,-1,0.0039012163325262694,-1.6558304104519195e-06,11.4793,-0.3394,MEAN_CROSS,0.0039028721629367213,11.123308,12
2019-03-22 08:00:00+00:00,2019-03-24 21:00:00+00:00,1,-0.0011387175117321124,0.0005499867762657207,-2.096,1.3717,MEAN_CROSS,0.0016887042879978331,4.81286,13
2019-03-25 12:00:00+00:00,2019-03-26 01:00:00+00:00,-1,0.0009457632759812817,0.00017289472669490547,2.6566,-0.0148,MEAN_CROSS,0.0007728685492863763,2.2027,13
2019-03-26 05:00:00+00:00,2019-03-27 00:00:00+00:00,1,-0.0006186958558940248,0.0003481963179226,-2.4727,1.3949,MEAN_CROSS,0.0009668921738166247,2.755673,19
2019-03-27 01:00:00+00:00,2019-03-27 16:00:00+00:00,1,-0.005933277539859172,0.000266634900947027,-22.6847,0.5679,MEAN_CROSS,0.006199912440806199,17.669945,15
2019-04-01 15:00:00+00:00,2019-04-02 11:00:00+00:00,1,-0.0007465677901347112,0.0001796677102587907,-2.5448,1.2852,MEAN_CROSS,0.0009262355003935019,2.6398,20
2019-04-02 19:00:00+00:00,2019-04-03 10:00:00+00:00,-1,0.00034352314756525004,0.00018187564592930805,2.1435,0.3051,MEAN_CROSS,0.000161647501635942,0.4607,15
2019-04-04 08:00:00+00:00,2019-04-04 21:00:00+00:00,1,-0.0007071983425411821,0.00014778330326314926,-2.3811,0.7633,MEAN_CROSS,0.0008549816458043313,2.436725,13
2019-04-08 13:00:00+00:00,2019-04-09 01:00:00+00:00,-1,0.0006903089600952539,-3.541576665144763e-05,2.2427,-0.5517,MEAN_CROSS,0.0007257247267467015,1.764589,12
2019-04-09 11:00:00+00:00,2019-04-09 23:00:00+00:00,1,-0.00034677672510385893,0.0004025570268549883,-2.0122,1.899,MEAN_CROSS,0.0007493337519588472,1.821994,12
2019-04-10 09:00:00+00:00,2019-04-10 21:00:00+00:00,-1,0.0007090316341971103,0.0001961860368657753,3.1028,0.3504,MEAN_CROSS,0.0005128455973313351,1.246976,12
2019-04-11 12:00:00+00:00,2019-04-12 01:00:00+00:00,1,-0.0013155861450667716,0.0001072506883977864,-3.631,0.847,MEAN_CROSS,0.001422836833464558,3.459607,13
2019-04-12 08:00:00+00:00,2019-04-12 20:00:00+00:00,-1,0.0007413962212886593,-0.00022324018609620744,2.5816,-0.8139,MEAN_CROSS,0.0009646364073848668,2.345499,12
2019-04-15 10:00:00+00:00,2019-04-15 22:00:00+00:00,1,-0.0005721798512968723,0.00012266781905001523,-2.0758,0.5934,MEAN_CROSS,0.0006948476703468875,1.689512,12
2019-04-16 01:00:00+00:00,2019-04-16 13:00:00+00:00,1,-0.0009101598288017154,0.00011745467108337238,-3.9126,0.665,MEAN_CROSS,0.0010276144998850878,2.498629,12
2019-04-16 22:00:00+00:00,2019-04-17 20:00:00+00:00,1,-0.0036037340604860857,0.0005207190298786024,-12.3433,0.8257,MEAN_CROSS,0.004124453090364688,10.028547,22
2019-04-18 09:00:00+00:00,2019-04-18 21:00:00+00:00,1,-0.0010624860020808091,1.2673245230576669e-05,-2.3987,0.5911,MEAN_CROSS,0.0010751592473113858,2.614234,12
2019-04-22 01:00:00+00:00,2019-04-22 13:00:00+00:00,1,-0.0003525076856412124,7.845933872407951e-05,-2.4572,0.8361,MEAN_CROSS,0.0004309670243652919,1.04789,12
2019-04-22 20:00:00+00:00,2019-04-23 08:00:00+00:00,-1,0.0002570933528259767,-3.628354247930954e-05,2.0799,0.2397,MEAN_CROSS,0.0002933768953052862,0.713342,12
2019-04-23 12:00:00+00:00,2019-04-24 01:00:00+00:00,1,-0.0006550519532401156,-0.0015329826551447878,-2.8478,-4.6241,STOP_LOSS,-0.0008779307019046723,-2.134676,13
2019-04-24 02:00:00+00:00,2019-04-24 20:00:00+00:00,1,-0.0009932832410552983,8.266077569873964e-05,-2.0631,0.7513,MEAN_CROSS,0.001075944016754038,2.616142,18
2019-04-25 14:00:00+00:00,2019-04-26 03:00:00+00:00,-1,0.0009122393900699022,9.316679500481762e-05,2.0418,-0.323,MEAN_CROSS,0.0008190725950650846,1.654189,13
2019-04-26 20:00:00+00:00,2019-04-29 19:00:00+00:00,1,-0.00035888918930793157,0.00020850089783241987,-2.2322,0.5119,MEAN_CROSS,0.0005673900871403514,1.145894,23
2019-04-30 00:00:00+00:00,2019-04-30 12:00:00+00:00,-1,0.0007441620975462415,-0.0002661228316814812,2.4689,-0.7511,MEAN_CROSS,0.0010102849292277227,2.04036,12
2019-04-30 22:00:00+00:00,2019-05-01 17:00:00+00:00,1,-0.0019852300567825276,0.0006699711378056472,-6.1897,1.6568,MEAN_CROSS,0.002655201194588175,5.362413,19
2019-05-01 18:00:00+00:00,2019-05-02 07:00:00+00:00,1,-0.002114042158794849,0.0002977936791213054,-4.2245,0.8238,MEAN_CROSS,0.002411835837916154,4.870915,13
2019-05-03 12:00:00+00:00,2019-05-06 00:00:00+00:00,-1,0.0009914035772622398,-0.0010301896064693894,4.5974,-1.974,MEAN_CROSS,0.0020215931837316292,4.082786,12
2019-05-08 02:00:00+00:00,2019-05-08 22:00:00+00:00,1,-0.0014569271016205976,0.0005293537640066459,-4.7232,1.574,MEAN_CROSS,0.0019862808656272435,4.01147,20
2019-05-09 13:00:00+00:00,2019-05-10 01:00:00+00:00,-1,0.0005394492926656946,0.0012011829985451028,2.3612,4.0698,STOP_LOSS,-0.0006617337058794082,-1.33643,12
2019-05-10 12:00:00+00:00,2019-05-13 00:00:00+00:00,-1,0.0008268277781324773,-0.0004563866390990823,2.137,-1.2541,MEAN_CROSS,0.0012832144172315596,2.591565,12
2019-05-13 09:00:00+00:00,2019-05-13 22:00:00+00:00,-1,0.000649819492698045,-0.00012563646474283985,2.4256,0.0781,MEAN_CROSS,0.0007754559574408848,1.566102,13
2019-05-14 00:00:00+00:00,2019-05-14 12:00:00+00:00,-1,0.0009711417695340563,-0.0003958320912429425,3.7145,-1.1254,MEAN_CROSS,0.0013669738607769988,2.760724,12
2019-05-15 14:00:00+00:00,2019-05-16 02:00:00+00:00,-1,0.0005879836420715767,-0.0001218137289673571,4.0941,-0.2315,MEAN_CROSS,0.0007097973710389338,4.014468,12
2019-05-16 07:00:00+00:00,2019-05-16 19:00:00+00:00,-1,0.0006185360905551773,-0.000356334680035042,2.7939,-0.6063,MEAN_CROSS,0.0009748707705902193,5.513668,12
2019-05-19 21:00:00+00:00,2019-05-20 09:00:00+00:00,-1,0.0008965918964807251,2.4644211929603088e-05,3.8336,0.0362,MEAN_CROSS,0.000871947684551122,4.931556,12
2019-05-21 03:00:00+00:00,2019-05-21 19:00:00+00:00,1,-0.001024152413077406,9.457959935466054e-05,-4.2695,0.7562,MEAN_CROSS,0.0011187320124320665,6.327318,16
2019-05-22 14:00:00+00:00,2019-05-23 04:00:00+00:00,1,-0.0005415770979697587,5.351166479672376e-05,-2.3188,0.6361,MEAN_CROSS,0.0005950887627664825,3.365699,14
2019-05-23 14:00:00+00:00,2019-05-24 02:00:00+00:00,-1,0.0011376441603706544,-0.0002550638439918762,4.9239,-0.9216,MEAN_CROSS,0.0013927080043625306,7.876869,12
2019-05-27 07:00:00+00:00,2019-05-27 20:00:00+00:00,1,-0.0004725744260204445,0.00011016404414421199,-2.3937,0.6215,MEAN_CROSS,0.0005827384701646565,3.295849,13
2019-05-28 05:00:00+00:00,2019-05-28 17:00:00+00:00,-1,0.00046643710753191403,-7.226055733644543e-05,2.9199,-0.3828,MEAN_CROSS,0.0005386976648683595,3.046763,12
2019-05-28 18:00:00+00:00,2019-05-29 07:00:00+00:00,1,-0.0003544300546285406,-0.0011175360778556964,-2.0606,-5.4342,STOP_LOSS,-0.0007631060232271558,-4.31597,13
2019-05-29 08:00:00+00:00,2019-05-29 20:00:00+00:00,1,-0.0009361818947425382,-7.431251100475933e-06,-3.0802,0.5771,MEAN_CROSS,0.0009287506436420623,5.252822,12
2019-05-30 04:00:00+00:00,2019-05-30 18:00:00+00:00,-1,0.0005664484637873946,-5.274050853143475e-05,2.0072,0.0087,MEAN_CROSS,0.0006191889723188293,3.502005,14
2019-05-31 07:00:00+00:00,2019-05-31 20:00:00+00:00,-1,0.0007408734412007734,-9.531562355846734e-05,2.4574,-0.5175,MEAN_CROSS,0.0008361890647592407,4.729313,13
2019-06-03 17:00:00+00:00,2019-06-04 05:00:00+00:00,-1,0.0011678631332443512,0.0002295176368327656,2.4319,-0.0299,MEAN_CROSS,0.0009383454964115856,5.307089,12
2019-06-05 01:00:00+00:00,2019-06-05 13:00:00+00:00,-1,0.0009579994682821225,0.00039315906549730606,2.1375,0.2773,MEAN_CROSS,0.0005648404027848164,1.284448,12
2019-06-05 14:00:00+00:00,2019-06-06 02:00:00+00:00,1,-0.0007399048147153087,0.00047152928676286177,-2.7044,0.7828,MEAN_CROSS,0.0012114341014781704,2.754804,12
2019-06-07 12:00:00+00:00,2019-06-10 00:00:00+00:00,-1,0.00218159287559061,-0.0001980915142446582,8.7495,-0.5122,MEAN_CROSS,0.002379684389835268,5.411407,12
2019-06-11 17:00:00+00:00,2019-06-12 07:00:00+00:00,-1,0.0003322425699086029,0.0006883322979196471,2.1308,3.5129,STOP_LOSS,-0.0003560897280110442,-0.809749,14
2019-06-13 17:00:00+00:00,2019-06-14 05:00:00+00:00,-1,0.00047794275368595596,-0.00014443480371040263,2.1907,0.1176,MEAN_CROSS,0.0006223775573963586,1.415288,12
2019-06-14 12:00:00+00:00,2019-06-17 00:00:00+00:00,1,-0.0015163034383174345,0.0003763308324510328,-3.1574,1.4886,MEAN_CROSS,0.0018926342707684674,4.303854,12
2019-06-18 08:00:00+00:00,2019-06-18 21:00:00+00:00,-1,0.0007180870357499369,0.00013903238956147757,3.6673,0.048,MEAN_CROSS,0.0005790546461884594,1.316771,13
2019-06-19 01:00:00+00:00,2019-06-19 16:00:00+00:00,1,-0.000391526831774458,0.0004542374306654162,-2.1266,1.243,MEAN_CROSS,0.0008457642624398742,1.92327,15
2019-06-19 18:00:00+00:00,2019-06-20 06:00:00+00:00,-1,0.0010567781710290047,0.00044489695726757095,3.3771,0.458,MEAN_CROSS,0.0006118812137614338,1.391419,12
2019-06-20 14:00:00+00:00,2019-06-21 14:00:00+00:00,1,-0.000786179746804172,0.00030257042662185096,-2.2738,0.7777,MEAN_CROSS,0.001088750173426023,2.47582,24
2019-06-25 00:00:00+00:00,2019-06-25 12:00:00+00:00,-1,0.0009684839772440279,0.0003524323050668743,2.6913,0.3732,MEAN_CROSS,0.0006160516721771536,1.530247,12
2019-06-26 02:00:00+00:00,2019-06-26 14:00:00+00:00,-1,0.0011341267236797403,0.00033442365879743363,2.6536,0.3403,MEAN_CROSS,0.0007997030648823067,1.986429,12
2019-06-28 01:00:00+00:00,2019-06-28 14:00:00+00:00,1,-0.0005937537904613377,0.0005535864513379618,-3.1584,1.7917,MEAN_CROSS,0.0011473402417992995,2.849945,13
2019-07-01 00:00:00+00:00,2019-07-01 19:00:00+00:00,1,-0.0005547533824635797,0.00013629808376114383,-3.109,0.7546,MEAN_CROSS,0.0006910514662247236,1.716543,19
2019-07-03 08:00:00+00:00,2019-07-03 20:00:00+00:00,-1,0.0008474097943120817,0.00026182665763752055,3.2938,0.2106,MEAN_CROSS,0.0005855831366745612,1.454564,12
2019-07-04 07:00:00+00:00,2019-07-04 21:00:00+00:00,1,-0.000889215471084559,0.00019145616948756938,-2.9169,0.6559,MEAN_CROSS,0.0010806716405721284,2.684343,14
2019-07-05 12:00:00+00:00,2019-07-08 00:00:00+00:00,1,-0.0017325716760150378,0.0002467098098132281,-4.5244,0.8731,MEAN_CROSS,0.001979281485828266,4.916452,12
2019-07-09 08:00:00+00:00,2019-07-09 21:00:00+00:00,1,-0.0008417550127842732,8.042246557149468e-06,-2.1325,0.5977,MEAN_CROSS,0.0008497972593414227,2.110861,13
2019-07-10 05:00:00+00:00,2019-07-10 17:00:00+00:00,-1,0.0004622962213371995,0.00042808026584117975,2.4592,0.3794,MEAN_CROSS,3.4215955496019745e-05,0.084991,12
2019-07-12 16:00:00+00:00,2019-07-15 04:00:00+00:00,-1,0.000976404313709156,0.00038291050814165395,2.2936,0.2582,MEAN_CROSS,0.0005934938055675021,1.529559,12
2019-07-16 07:00:00+00:00,2019-07-17 00:00:00+00:00,1,-0.0005288546240146408,0.00025412386662970743,-2.1471,1.2056,MEAN_CROSS,0.0007829784906443482,2.017901,17
2019-07-17 01:00:00+00:00,2019-07-17 13:00:00+00:00,-1,0.0006558055184401335,-0.00014298376773558275,2.4755,-0.2337,MEAN_CROSS,0.0007987892861757162,2.058648,12
2019-07-17 15:00:00+00:00,2019-07-18 04:00:00+00:00,-1,0.0012272959273812445,0.0001658954874920182,3.4111,-0.0533,MEAN_CROSS,0.0010614004398892263,2.735453,13
2019-07-18 18:00:00+00:00,2019-07-19 06:00:00+00:00,-1,0.0015276257491642076,-8.132043027142544e-05,3.9844,-0.6826,MEAN_CROSS,0.001608946179435633,4.146593,12
2019-07-22 03:00:00+00:00,2019-07-22 15:00:00+00:00,-1,0.0007230961343517306,-0.00047747499881611866,2.2647,-1.648,MEAN_CROSS,0.0012005711331678492,3.094125,12
2019-07-22 23:00:00+00:00,2019-07-23 17:00:00+00:00,1,-0.0013333940778410547,-0.00014300800596445118,-3.7188,0.6333,MEAN_CROSS,0.0011903860718766035,3.067876,18
2019-07-24 10:00:00+00:00,2019-07-24 22:00:00+00:00,-1,0.000741661135227889,-0.00026505254890529795,2.9504,-0.8167,MEAN_CROSS,0.001006713684133187,2.594513,12
2019-07-25 08:00:00+00:00,2019-07-25 20:00:00+00:00,1,-0.0006811193158196005,0.00024539277972668305,-2.5186,1.2489,MEAN_CROSS,0.0009265120955462836,2.387817,12
2019-07-29 15:00:00+00:00,2019-07-30 04:00:00+00:00,-1,0.0007082453694811086,-6.999260290674325e-05,4.3361,-0.2303,MEAN_CROSS,0.0007782379723878519,2.005683,13
2019-07-30 10:00:00+00:00,2019-07-30 22:00:00+00:00,1,-0.0005287044432956689,7.73630281061255e-05,-2.0994,0.5398,MEAN_CROSS,0.0006060674714017944,1.561964,12
2019-07-31 01:00:00+00:00,2019-07-31 17:00:00+00:00,1,-0.0009750504814229899,0.00039999702475002064,-3.7516,1.3828,MEAN_CROSS,0.0013750475061730105,3.543787,16
2019-07-31 18:00:00+00:00,2019-08-01 08:00:00+00:00,1,-0.002601667530179652,0.0004306517535574983,-6.7153,1.1335,MEAN_CROSS,0.0030323192837371504,7.814926,14
2019-08-01 16:00:00+00:00,2019-08-02 04:00:00+00:00,-1,0.00112555841592199,-0.0001554005399178049,2.0038,-0.063,MEAN_CROSS,0.001280958955839795,1.920066,12
2019-08-02 15:00:00+00:00,2019-08-05 04:00:00+00:00,-1,0.000995908924991462,2.5468123081684446e-05,2.1895,0.4695,MEAN_CROSS,0.0009704408019097777,1.454622,13
2019-08-05 13:00:00+00:00,2019-08-06 01:00:00+00:00,-1,0.0009503414004120581,0.0003545722531360651,2.2121,0.3448,MEAN_CROSS,0.000595769147275993,0.893016,12
2019-08-07 02:00:00+00:00,2019-08-07 14:00:00+00:00,1,-0.006255016611961928,0.0014154659463904151,-7.6804,1.1219,MEAN_CROSS,0.007670482558352343,11.497507,12
2019-08-08 13:00:00+00:00,2019-08-09 01:00:00+00:00,-1,0.001625018812739687,0.00013369925236128566,2.6599,-0.042,MEAN_CROSS,0.0014913195603784013,2.235382,12
2019-08-09 16:00:00+00:00,2019-08-12 04:00:00+00:00,1,-0.0007616539672002931,0.00015481395165173328,-2.0479,0.6002,MEAN_CROSS,0.0009164679188520264,1.37372,12
2019-08-12 14:00:00+00:00,2019-08-13 02:00:00+00:00,-1,0.0005922029674774176,3.329795272333236e-05,2.3503,0.3797,MEAN_CROSS,0.0005589050147540853,0.837759,12
2019-08-13 12:00:00+00:00,2019-08-14 03:00:00+00:00,1,-0.001395956764784656,0.000513489871600048,-3.7004,1.0715,MEAN_CROSS,0.001909446636384704,2.862125,15
2019-08-14 09:00:00+00:00,2019-08-14 22:00:00+00:00,1,-0.0009502227744098146,0.00041932204030847853,-2.0334,1.2866,MEAN_CROSS,0.0013695448147182931,2.05285,13
2019-08-15 22:00:00+00:00,2019-08-16 10:00:00+00:00,1,-0.0005223194755831218,0.00017954002386766366,-2.6563,0.6779,MEAN_CROSS,0.0007018594994507854,1.052037,12
2019-08-19 08:00:00+00:00,2019-08-19 22:00:00+00:00,1,-0.0006622908037621222,6.262318931871125e-05,-2.0454,0.6371,MEAN_CROSS,0.0007249139930808335,1.086594,14
2019-08-20 02:00:00+00:00,2019-08-20 15:00:00+00:00,-1,0.0007338799834728515,-0.00022660808498609075,2.9277,-0.5719,MEAN_CROSS,0.0009604880684589423,1.439703,13
2019-08-21 18:00:00+00:00,2019-08-22 06:00:00+00:00,1,-0.00078175618815024,0.00023764009002091857,-2.3064,0.9073,MEAN_CROSS,0.0010193962781711585,2.971259,12
2019-08-22 23:00:00+00:00,2019-08-23 11:00:00+00:00,-1,0.001239845965395503,-0.0001863064431005812,4.288,-0.4016,MEAN_CROSS,0.0014261524084960842,4.156841,12
2019-08-23 14:00:00+00:00,2019-08-26 03:00:00+00:00,-1,0.001848990269687878,6.780269466633015e-05,5.0016,0.0018,MEAN_CROSS,0.0017811875750215478,5.191671,13
2019-08-28 04:00:00+00:00,2019-08-28 19:00:00+00:00,1,-0.0009579342896091081,-1.0384308442468182e-05,-2.5317,0.5872,MEAN_CROSS,0.0009475499811666399,2.761847,15
2019-08-29 01:00:00+00:00,2019-08-29 23:00:00+00:00,1,-0.001281231228143609,0.0002907914851160154,-3.4078,0.7249,MEAN_CROSS,0.0015720227132596243,4.582013,22
2019-08-30 20:00:00+00:00,2019-09-02 08:00:00+00:00,-1,0.0007503211275023958,0.00010604859374363507,2.0537,0.256,MEAN_CROSS,0.0006442725337587607,1.877877,12
2019-09-03 00:00:00+00:00,2019-09-03 13:00:00+00:00,1,-0.0006575415857656974,0.0004555370610234144,-2.4758,1.3661,MEAN_CROSS,0.0011130786467891118,3.244318,13
2019-09-03 14:00:00+00:00,2019-09-04 02:00:00+00:00,-1,0.0017126632898351035,0.0003526925049210927,4.3531,0.3489,MEAN_CROSS,0.0013599707849140108,3.96394,12
2019-09-05 12:00:00+00:00,2019-09-06 02:00:00+00:00,1,-0.00040704332921615016,0.000338712775911576,-2.2927,0.6415,MEAN_CROSS,0.0007457561051277262,2.173674,14
2019-09-06 13:00:00+00:00,2019-09-09 01:00:00+00:00,-1,0.001614964386698725,8.26343134587848e-05,2.8947,-0.3616,MEAN_CROSS,0.0015323300732399403,4.46632,12
2019-09-09 07:00:00+00:00,2019-09-10 01:00:00+00:00,1,-0.0007468300206806555,0.0004565285909220451,-2.1226,1.3717,MEAN_CROSS,0.0012033586116027006,3.507459,18
2019-09-11 04:00:00+00:00,2019-09-11 16:00:00+00:00,-1,0.0008130998540065715,-5.731816496712394e-05,2.9235,-0.0291,MEAN_CROSS,0.0008704180189736954,2.319588,12
2019-09-12 03:00:00+00:00,2019-09-12 15:00:00+00:00,-1,0.0007615376686578301,-0.0005729064822792562,2.2741,-1.6033,MEAN_CROSS,0.0013344441509370863,3.556178,12
2019-09-12 18:00:00+00:00,2019-09-13 14:00:00+00:00,1,-0.0007927492714885354,-0.000128023453266235,-2.04,0.5136,MEAN_CROSS,0.0006647258182223004,1.771437,20
2019-09-15 22:00:00+00:00,2019-09-16 10:00:00+00:00,-1,0.0007919809729675098,-0.0005068767403174634,4.1491,-1.2297,MEAN_CROSS,0.0012988577132849732,3.461343,12
2019-09-16 11:00:00+00:00,2019-09-17 05:00:00+00:00,1,-0.0011506476922433784,0.00035785949356281765,-3.0874,1.615,MEAN_CROSS,0.001508507185806196,4.020041,18
2019-09-17 13:00:00+00:00,2019-09-18 01:00:00+00:00,-1,0.00043079438385840163,-0.0005736264334440522,2.1528,-1.5643,MEAN_CROSS,0.0010044208173024538,2.676694,12
2019-09-18 02:00:00+00:00,2019-09-18 16:00:00+00:00,1,-0.000853432178057334,0.0002996880350027986,-2.1597,0.6511,MEAN_CROSS,0.0011531202130601326,3.072965,14
2019-09-18 18:00:00+00:00,2019-09-19 06:00:00+00:00,1,-0.001364774579093786,-1.2502966954319739e-05,-3.2493,0.5732,MEAN_CROSS,0.0013522716121394662,3.603686,12
2019-09-20 08:00:00+00:00,2019-09-20 20:00:00+00:00,1,-0.0008382184061221931,0.00010602190850284021,-2.7227,1.2033,MEAN_CROSS,0.0009442403146250333,2.516318,12
2019-09-22 21:00:00+00:00,2019-09-23 20:00:00+00:00,-1,0.00041268623814683103,0.0001192668226329685,2.143,0.022,MEAN_CROSS,0.0002934194155138625,0.781937,23
2019-09-24 01:00:00+00:00,2019-09-24 13:00:00+00:00,1,-0.00038259755151037744,0.0006667363610223243,-2.0647,1.4433,MEAN_CROSS,0.0010493339125327017,2.796384,12
2019-09-24 23:00:00+00:00,2019-09-26 01:00:00+00:00,1,-0.00048529498142324545,0.00036751728384165627,-2.0352,1.1211,MEAN_CROSS,0.0008528122652649017,2.272671,26
2019-09-26 03:00:00+00:00,2019-09-26 15:00:00+00:00,-1,0.00144011399926669,-0.0006149427710088196,2.7723,-0.8103,MEAN_CROSS,0.0020550567702755096,5.476548,12
2019-09-30 00:00:00+00:00,2019-09-30 12:00:00+00:00,1,-0.000801333882541555,9.784989504502128e-05,-2.687,0.5658,MEAN_CROSS,0.0008991837775865763,2.396247,12
2019-10-01 01:00:00+00:00,2019-10-01 14:00:00+00:00,1,-0.0011351428693019416,0.0011785650712967666,-2.7092,3.6237,MEAN_CROSS,0.002313707940598708,5.552058,13
2019-10-01 15:00:00+00:00,2019-10-02 03:00:00+00:00,-1,0.0016241545569345428,0.00010828666971363088,3.8858,0.2711,MEAN_CROSS,0.001515867887220912,3.637532,12
2019-10-02 08:00:00+00:00,2019-10-03 07:00:00+00:00,1,-0.0015053589519438138,0.00030138456949646564,-2.4649,0.6242,MEAN_CROSS,0.0018067435214402794,4.335527,23
2019-10-03 08:00:00+00:00,2019-10-03 20:00:00+00:00,-1,0.0014700726781726736,8.919557042175175e-05,3.3897,-0.3725,MEAN_CROSS,0.0013808771077509219,3.313603,12
2019-10-04 15:00:00+00:00,2019-10-07 08:00:00+00:00,1,-0.0007560477527672749,-0.0013917844618458464,-2.594,-4.7654,STOP_LOSS,-0.0006357367090785715,-1.525537,17
2019-10-08 01:00:00+00:00,2019-10-08 13:00:00+00:00,-1,0.0010859486019512143,-0.00023863776203025822,3.4619,-0.5144,MEAN_CROSS,0.0013245863639814726,3.178526,12
2019-10-08 14:00:00+00:00,2019-10-09 02:00:00+00:00,1,-0.0011189797348453157,0.00042400341302473166,-2.2035,0.7044,MEAN_CROSS,0.0015429831478700473,3.702598,12
2019-10-09 22:00:00+00:00,2019-10-10 15:00:00+00:00,1,-0.0007655818803350423,0.0003719883545224567,-2.006,0.6571,MEAN_CROSS,0.001137570234857499,2.729755,17
2019-10-14 00:00:00+00:00,2019-10-14 14:00:00+00:00,1,-0.0008368363150965674,0.00021289122387346815,-2.9047,0.8991,MEAN_CROSS,0.0010497275389700356,2.518964,14
2019-10-15 14:00:00+00:00,2019-10-16 02:00:00+00:00,-1,0.0015598809386034862,-0.0007670144254285916,4.2792,-1.2381,MEAN_CROSS,0.0023268953640320778,5.583703,12
2019-10-16 16:00:00+00:00,2019-10-17 04:00:00+00:00,-1,0.0013738962857390291,-0.00015337672238602273,2.1459,-0.2275,MEAN_CROSS,0.0015272730081250518,3.6649,12
2019-10-17 08:00:00+00:00,2019-10-17 20:00:00+00:00,-1,0.0014011297557712243,-7.17774951680683e-05,2.2768,-1.1274,MEAN_CROSS,0.0014729072509392926,3.534442,12
2019-10-21 09:00:00+00:00,2019-10-21 21:00:00+00:00,-1,0.0009404969114658046,-4.458176850341555e-05,2.6414,-0.4773,MEAN_CROSS,0.0009850786799692202,2.142089,12
2019-10-22 00:00:00+00:00,2019-10-22 12:00:00+00:00,-1,0.0010477781625232163,-0.0005768684597767804,2.0633,-1.4447,MEAN_CROSS,0.0016246466222999967,3.532852,12
2019-10-23 01:00:00+00:00,2019-10-23 13:00:00+00:00,1,-0.0007817873402211628,0.0005112764405134085,-2.1261,1.6877,MEAN_CROSS,0.0012930637807345713,2.811814,12
2019-10-24 02:00:00+00:00,2019-10-24 20:00:00+00:00,1,-0.0007023317806386098,0.0002561010046226997,-2.2189,1.1833,MEAN_CROSS,0.0009584327852613095,2.084147,18
2019-10-25 05:00:00+00:00,2019-10-25 17:00:00+00:00,-1,0.0005890743055630976,-0.0003728505230075063,3.1295,-0.6128,MEAN_CROSS,0.0009619248285706039,2.09174,12
2019-10-28 08:00:00+00:00,2019-10-28 22:00:00+00:00,-1,0.0005234562497767881,-4.4069733639906516e-05,2.408,0.0932,MEAN_CROSS,0.0005675259834166946,1.234106,14
2019-10-29 00:00:00+00:00,2019-10-29 12:00:00+00:00,-1,0.0009181603405356009,0.0001750586367536,3.2673,0.398,MEAN_CROSS,0.0007431017037820009,1.615901,12
2019-10-30 00:00:00+00:00,2019-10-30 12:00:00+00:00,-1,0.0008627269509624558,-0.00042654216934323586,2.0985,-0.9727,MEAN_CROSS,0.0012892691203056916,2.803562,12
2019-10-30 19:00:00+00:00,2019-10-31 07:00:00+00:00,-1,0.0010352656322768494,-5.506013713862945e-05,3.442,-0.5835,MEAN_CROSS,0.0010903257694154789,2.370953,12
2019-10-31 09:00:00+00:00,2019-11-01 01:00:00+00:00,1,-0.0016097798849753486,0.0016084474403180726,-3.2777,1.8888,MEAN_CROSS,0.0032182273252934213,6.998151,16
2019-11-04 10:00:00+00:00,2019-11-04 23:00:00+00:00,1,-0.0009899142435927377,0.00026878899084115115,-2.3523,0.8245,MEAN_CROSS,0.0012587032344338889,2.737095,13
2019-11-05 15:00:00+00:00,2019-11-06 08:00:00+00:00,1,-0.0018768010749635744,0.0009295332502606835,-2.8591,1.8944,MEAN_CROSS,0.002806334325224258,6.102475,17
2019-11-07 15:00:00+00:00,2019-11-08 15:00:00+00:00,1,-0.0013817745578895702,0.00014996722189986045,-2.7094,0.5581,MEAN_CROSS,0.0015317417797894306,3.040421,24
2019-11-12 01:00:00+00:00,2019-11-12 16:00:00+00:00,1,-0.0004892116887741382,0.00018998030832628743,-2.4849,0.6481,MEAN_CROSS,0.0006791919971004257,1.348158,15
2019-11-13 01:00:00+00:00,2019-11-13 14:00:00+00:00,-1,0.003604220346437148,0.00038737550523826325,8.5401,0.1341,MEAN_CROSS,0.003216844841198885,6.385256,13
2019-11-14 21:00:00+00:00,2019-11-15 09:00:00+00:00,-1,0.0007515529425683454,-0.0002889194552845309,2.2822,-0.5372,MEAN_CROSS,0.0010404723978528763,2.065279,12
2019-11-18 13:00:00+00:00,2019-11-19 03:00:00+00:00,1,-0.0007020013244348755,0.0001397947104757602,-3.035,0.7258,MEAN_CROSS,0.0008417960349106357,1.670918,14
2019-11-19 09:00:00+00:00,2019-11-19 21:00:00+00:00,-1,0.0006261193997606496,0.00021511720833156112,2.1776,0.2844,MEAN_CROSS,0.00041100219142908845,0.815816,12
2019-11-20 01:00:00+00:00,2019-11-20 14:00:00+00:00,1,-0.0007252824836549987,0.0007713419778080377,-2.5381,2.1042,MEAN_CROSS,0.0014966244614630364,2.970715,13
2019-11-20 16:00:00+00:00,2019-11-21 04:00:00+00:00,1,-0.0007856047767442753,0.00016884154343110858,-2.5668,0.8725,MEAN_CROSS,0.0009544463201753839,1.894522,12
2019-11-21 08:00:00+00:00,2019-11-21 20:00:00+00:00,-1,0.0008212685086523841,-0.0003230564094373056,2.6381,-0.5877,MEAN_CROSS,0.0011443249180896897,2.27142,12
2019-11-22 08:00:00+00:00,2019-11-22 21:00:00+00:00,-1,0.0008873775835617215,-0.00015304386155134964,2.3838,-0.2136,MEAN_CROSS,0.001040421445113071,2.065178,13
2019-11-25 01:00:00+00:00,2019-11-25 13:00:00+00:00,-1,0.0005986140348659408,-0.0003472322114327353,2.2383,-1.0469,MEAN_CROSS,0.0009458462462986761,1.877451,12
2019-11-25 21:00:00+00:00,2019-11-26 09:00:00+00:00,-1,0.0008036761228735756,-4.067592665635278e-05,2.7255,-0.0981,MEAN_CROSS,0.0008443520495299284,1.675991,12
2019-11-27 23:00:00+00:00,2019-11-28 18:00:00+00:00,1,-0.0004983400811061078,8.077121292526801e-05,-2.14,0.6099,MEAN_CROSS,0.0005791112940313758,2.128766,19
2019-11-29 07:00:00+00:00,2019-11-29 19:00:00+00:00,-1,0.0003825583159627888,-7.440048765777751e-05,2.0922,-0.2007,MEAN_CROSS,0.0004569588036205663,1.679743,12
2019-12-01 22:00:00+00:00,2019-12-02 11:00:00+00:00,-1,0.0006323446412078715,0.00031963171858706563,2.4271,0.3014,MEAN_CROSS,0.00031271292262080586,1.149507,13
2019-12-02 15:00:00+00:00,2019-12-03 03:00:00+00:00,-1,0.001270859135516944,0.0004917431565948371,2.7447,0.2896,MEAN_CROSS,0.0007791159789221069,2.863966,12
2019-12-03 12:00:00+00:00,2019-12-04 12:00:00+00:00,1,-0.000585304716294921,0.0012332587704593778,-2.4975,3.6654,MEAN_CROSS,0.0018185634867542988,6.68489,24
2019-12-04 13:00:00+00:00,2019-12-05 01:00:00+00:00,-1,0.0012276591283630345,0.0003861385248522531,2.9939,0.4173,MEAN_CROSS,0.0008415206035107814,3.093361,12
2019-12-06 13:00:00+00:00,2019-12-09 05:00:00+00:00,1,-0.0005267099912417139,0.000261263078607854,-2.1831,0.6587,MEAN_CROSS,0.0007879730698495679,2.896524,16
2019-12-10 01:00:00+00:00,2019-12-10 15:00:00+00:00,-1,0.000616085625138596,-6.289229643519079e-05,2.6097,-0.058,MEAN_CROSS,0.0006789779215737868,2.495867,14
2019-12-11 09:00:00+00:00,2019-12-11 21:00:00+00:00,-1,0.0006394788088746051,0.00016498846820556246,2.0621,-0.1038,MEAN_CROSS,0.0004744903406690426,1.744188,12
2019-12-12 22:00:00+00:00,2019-12-13 10:00:00+00:00,-1,0.0017165332725217475,-1.0773788872375789e-05,2.7415,-0.3606,MEAN_CROSS,0.0017273070613941233,6.349439,12
2019-12-13 14:00:00+00:00,2019-12-16 06:00:00+00:00,1,-0.0009363807105777777,0.00023051066531520892,-2.3684,0.7411,MEAN_CROSS,0.0011668913758929866,4.289397,16
2019-12-18 10:00:00+00:00,2019-12-18 22:00:00+00:00,-1,0.0005188840703417297,-0.00032492306460180087,2.0758,-1.0676,MEAN_CROSS,0.0008438071349435305,2.006816,12
2019-12-19 11:00:00+00:00,2019-12-20 12:00:00+00:00,1,-0.0005534632452509625,0.0002741573061668112,-2.1663,0.7196,MEAN_CROSS,0.0008276205514177737,1.96832,25
2019-12-23 07:00:00+00:00,2019-12-23 20:00:00+00:00,-1,0.0004770823409548375,0.00015464628578376605,2.0909,-0.0214,MEAN_CROSS,0.00032243605517107143,0.766846,13
2019-12-24 00:00:00+00:00,2019-12-24 15:00:00+00:00,1,-0.0006272306851416443,0.0007876367074973745,-2.2896,1.9882,MEAN_CROSS,0.0014148673926390187,3.364962,15
2019-12-25 23:00:00+00:00,2019-12-26 11:00:00+00:00,-1,0.0006044033788730752,-9.911498630976734e-05,2.204,-0.6761,MEAN_CROSS,0.0007035183651828425,1.673169,12
2019-12-26 13:00:00+00:00,2019-12-27 01:00:00+00:00,-1,0.000571482358915798,0.0003068241766158719,2.1881,0.252,MEAN_CROSS,0.0002646581822999261,0.629433,12
2019-12-27 10:00:00+00:00,2019-12-29 22:00:00+00:00,-1,0.0009124660332542334,-7.587630680211399e-05,2.0865,-0.8011,MEAN_CROSS,0.0009883423400563474,2.350563,12
2019-12-31 08:00:00+00:00,2020-01-01 23:00:00+00:00,1,-0.00043086433518707556,0.00029321048722974474,-2.0768,0.6415,MEAN_CROSS,0.0007240748224168203,1.722059,15
2020-01-02 11:00:00+00:00,2020-01-02 23:00:00+00:00,1,-0.001558214676460945,0.00011136103030845446,-3.5705,0.7525,MEAN_CROSS,0.0016695757067693995,3.970732,12
2020-01-06 09:00:00+00:00,2020-01-06 22:00:00+00:00,-1,0.0009645468785116074,-0.00013277250859722312,2.5887,-0.4093,MEAN_CROSS,0.0010973193871088305,2.609742,13
2020-01-08 07:00:00+00:00,2020-01-08 19:00:00+00:00,-1,0.0016496931989454788,0.0002462429549945355,3.5463,0.4547,MEAN_CROSS,0.0014034502439509433,2.800292,12
2020-01-09 08:00:00+00:00,2020-01-09 20:00:00+00:00,1,-0.001123132602044219,0.00022692999239243283,-2.3178,0.96,MEAN_CROSS,0.0013500625944366518,2.693768,12
2020-01-10 15:00:00+00:00,2020-01-13 04:00:00+00:00,-1,0.0012100374729949182,0.0001972410647375633,2.8392,0.0606,MEAN_CROSS,0.0010127964082573548,2.020823,13
2020-01-13 08:00:00+00:00,2020-01-14 02:00:00+00:00,1,-0.0007297972955795928,0.00013000668331430987,-2.6998,0.5392,MEAN_CROSS,0.0008598039788939027,1.715559,18
2020-01-15 13:00:00+00:00,2020-01-16 01:00:00+00:00,1,-0.000918351210827506,0.0006510313899404929,-2.8079,1.5491,MEAN_CROSS,0.001569382600767999,3.131375,12
2020-01-17 10:00:00+00:00,2020-01-19 23:00:00+00:00,1,-0.0007476176715014438,0.0003093146355909182,-2.2776,1.2996,MEAN_CROSS,0.001056932307092362,2.108887,13
2020-01-22 12:00:00+00:00,2020-01-23 00:00:00+00:00,-1,0.000717575845606222,-0.00014881787503534527,2.4082,-0.0886,MEAN_CROSS,0.0008663937206415673,1.728708,12
2020-01-23 21:00:00+00:00,2020-01-24 09:00:00+00:00,-1,0.001217619395647962,-0.0006065924231400954,2.9991,-1.9002,MEAN_CROSS,0.0018242118187880574,3.639833,12
2020-01-26 22:00:00+00:00,2020-01-27 14:00:00+00:00,1,-0.0008593837146879668,0.00021512662103762015,-2.0712,1.1719,MEAN_CROSS,0.001074510335725587,2.143961,16
2020-01-28 08:00:00+00:00,2020-01-28 20:00:00+00:00,1,-0.0010441246667349247,0.0005429999139062724,-2.5636,1.9838,MEAN_CROSS,0.001587124580641197,3.855253,12
2020-01-28 21:00:00+00:00,2020-01-29 09:00:00+00:00,-1,0.0008865888475740324,-0.0001281453023036505,2.8134,-0.2528,MEAN_CROSS,0.001014734149877683,2.464871,12
2020-01-29 19:00:00+00:00,2020-01-30 07:00:00+00:00,-1,0.0007430399469489646,-0.0006082932817274012,2.4295,-1.4743,MEAN_CROSS,0.0013513332286763657,3.282497,12
2020-01-30 20:00:00+00:00,2020-01-31 08:00:00+00:00,-1,0.0006819445140007208,-0.0011661729165577395,2.8394,-3.0186,MEAN_CROSS,0.0018481174305584602,4.489226,12
2020-01-31 09:00:00+00:00,2020-01-31 21:00:00+00:00,1,-0.0011299779201627835,6.222330126176567e-05,-2.5836,0.5466,MEAN_CROSS,0.0011922012214245492,2.895952,12
2020-02-03 16:00:00+00:00,2020-02-04 04:00:00+00:00,1,-0.0007048602905190826,0.0004002958643845589,-2.3245,1.5312,MEAN_CROSS,0.0011051561549036415,2.684513,12
2020-02-04 14:00:00+00:00,2020-02-05 02:00:00+00:00,-1,0.0006145511900146894,-0.0007168543679140771,2.1612,-2.3645,MEAN_CROSS,0.0013314055579287665,3.234091,12
2020-02-05 08:00:00+00:00,2020-02-05 20:00:00+00:00,-1,0.0011533325387063642,-8.521262185096079e-05,2.7971,-0.3245,MEAN_CROSS,0.001238545160557325,3.008526,12
2020-02-07 07:00:00+00:00,2020-02-07 19:00:00+00:00,1,-0.0009545373028960746,-3.2230114414055766e-05,-3.2757,0.8413,MEAN_CROSS,0.0009223071884820189,2.240358,12
2020-02-10 02:00:00+00:00,2020-02-10 14:00:00+00:00,-1,0.0005985352221422602,-0.0004932604097717674,2.1652,-0.5957,MEAN_CROSS,0.0010917956319140276,2.652059,12
2020-02-11 14:00:00+00:00,2020-02-12 02:00:00+00:00,-1,0.0009805494094584088,0.002504854442346105,3.3766,3.5352,STOP_LOSS,-0.0015243050328876961,-3.702659,12
2020-02-17 12:00:00+00:00,2020-02-18 00:00:00+00:00,1,-0.0005377617494086717,-0.0011484434847385816,-2.0116,-4.39,STOP_LOSS,-0.0006106817353299099,-2.219054,12
2020-02-18 01:00:00+00:00,2020-02-18 14:00:00+00:00,1,-0.0012476602083525412,1.3583700946728783e-05,-3.6538,0.5001,MEAN_CROSS,0.00126124390929927,4.583024,13
2020-02-20 01:00:00+00:00,2020-02-20 14:00:00+00:00,1,-0.0014451971559792387,0.0007590978854813968,-3.958,1.9979,MEAN_CROSS,0.0022042950414606355,8.00982,13
2020-02-21 14:00:00+00:00,2020-02-24 02:00:00+00:00,-1,0.0009010325904915129,-0.00044466928686898166,2.3756,-0.5133,MEAN_CROSS,0.0013457018773604945,4.889921,12
2020-02-27 07:00:00+00:00,2020-02-27 19:00:00+00:00,-1,0.0005136409078547732,-0.0005565895197628401,2.2544,-1.3625,MEAN_CROSS,0.0010702304276176133,3.888932,12
2020-02-28 01:00:00+00:00,2020-02-28 14:00:00+00:00,1,-0.0020107154379444547,0.00018462271788310947,-4.3672,0.6314,MEAN_CROSS,0.002195338155827564,7.977273,13
2020-02-28 19:00:00+00:00,2020-03-02 11:00:00+00:00,-1,0.0017618187912604721,-0.00013352653443965412,2.9981,-0.1873,MEAN_CROSS,0.0018953453257001263,6.887179,16
2020-03-03 15:00:00+00:00,2020-03-04 03:00:00+00:00,-1,0.0028035760027806944,-0.00021625025206672976,5.6965,-0.5128,MEAN_CROSS,0.003019826254847424,10.973242,12
2020-03-05 09:00:00+00:00,2020-03-05 21:00:00+00:00,-1,0.001167072319628204,0.00019272945360926386,2.6421,0.3477,MEAN_CROSS,0.0009743428660189402,3.540502,12
2020-03-06 07:00:00+00:00,2020-03-06 19:00:00+00:00,-1,0.0015994361164832216,0.0004539446852963036,2.6145,0.385,MEAN_CROSS,0.001145491431186918,2.094793,12
2020-03-08 21:00:00+00:00,2020-03-09 09:00:00+00:00,1,-0.0032648488415408794,0.0022163931339559406,-5.4854,1.3274,MEAN_CROSS,0.00548124197549682,10.023702,12
2020-03-09 14:00:00+00:00,2020-03-10 02:00:00+00:00,-1,0.004581997331226884,-0.0007629188282188837,2.4991,-0.2401,MEAN_CROSS,0.005344916159445767,9.774399,12
2020-03-10 15:00:00+00:00,2020-03-11 03:00:00+00:00,1,-0.0030119858050506876,0.0007015569897793617,-2.1198,1.0662,MEAN_CROSS,0.0037135427948300492,6.791061,12
2020-03-12 11:00:00+00:00,2020-03-13 00:00:00+00:00,1,-0.002019420666015348,0.0005076432325145097,-2.5083,1.0085,MEAN_CROSS,0.0025270638985298577,4.621313,13
2020-03-13 15:00:00+00:00,2020-03-16 03:00:00+00:00,1,-0.00468212276516955,0.0008687051446505389,-2.7567,0.8676,MEAN_CROSS,0.0055508279098200886,10.150956,12
2020-03-16 15:00:00+00:00,2020-03-17 03:00:00+00:00,-1,0.0043462070587094725,5.3881954434231716e-05,3.0308,0.0754,MEAN_CROSS,0.004292325104275241,7.849496,12
2020-03-17 09:00:00+00:00,2020-03-17 21:00:00+00:00,1,-0.0025214534717543646,0.0012248812479288551,-2.1209,1.222,MEAN_CROSS,0.0037463347196832197,6.851028,12
2020-03-18 08:00:00+00:00,2020-03-19 00:00:00+00:00,1,-0.003907010624309426,-0.005320971370336602,-3.2776,-4.0117,STOP_LOSS,-0.0014139607460271764,-2.58575,16
2020-03-19 01:00:00+00:00,2020-03-19 13:00:00+00:00,1,-0.008564820489435188,0.005154550541991654,-5.522,2.3221,MEAN_CROSS,0.013719371031426841,25.089002,12
2020-03-19 14:00:00+00:00,2020-03-20 03:00:00+00:00,-1,0.005737784640091004,0.0010163349891586515,2.26,0.3339,MEAN_CROSS,0.004721449650932352,8.634249,13
2020-03-23 12:00:00+00:00,2020-03-24 03:00:00+00:00,-1,0.004176065457460076,0.0003249435987789928,3.0864,-0.0246,MEAN_CROSS,0.0038511218586810836,7.042655,15
2020-03-25 10:00:00+00:00,2020-03-26 02:00:00+00:00,1,-0.0027355075950723506,0.0016069174438479994,-3.8635,1.5943,MEAN_CROSS,0.00434242503892035,7.941116,16
2020-03-26 15:00:00+00:00,2020-03-27 03:00:00+00:00,-1,0.0026093459086973247,0.0004525447773792157,2.2708,-0.0176,MEAN_CROSS,0.002156801131318109,1.879731,12
2020-03-27 15:00:00+00:00,2020-03-30 03:00:00+00:00,-1,0.003807020668658123,-0.00048323117403969995,3.0257,-0.6608,MEAN_CROSS,0.004290251842697823,3.73911,12
2020-03-31 00:00:00+00:00,2020-03-31 13:00:00+00:00,1,-0.0011029022374592357,0.0012866145051302347,-2.001,1.6831,MEAN_CROSS,0.0023895167425894703,2.082551,13
2020-03-31 14:00:00+00:00,2020-04-01 02:00:00+00:00,1,-0.0018819140870920403,0.0003332302041590962,-2.0511,0.6426,MEAN_CROSS,0.0022151442912511365,1.930579,12
2020-04-01 14:00:00+00:00,2020-04-02 02:00:00+00:00,-1,0.0021267995104861104,-0.00046643758507491917,3.0293,-0.5331,MEAN_CROSS,0.0025932370955610295,2.2601,12
2020-04-02 13:00:00+00:00,2020-04-03 02:00:00+00:00,1,-0.0013790268999458455,0.00032392591758645395,-2.0829,0.7219,MEAN_CROSS,0.0017029528175322994,1.484185,13
2020-04-03 07:00:00+00:00,2020-04-03 19:00:00+00:00,1,-0.001384962086199537,-2.0358122553520985e-05,-2.1029,0.501,MEAN_CROSS,0.001364603963646016,1.189302,12
2020-04-05 21:00:00+00:00,2020-04-06 14:00:00+00:00,-1,0.0011852224238402265,-0.0003113364978254429,2.1852,-0.5697,MEAN_CROSS,0.0014965589216656694,1.304305,17
2020-04-08 00:00:00+00:00,2020-04-08 12:00:00+00:00,1,-0.0011558089313425945,0.0009084834303402234,-2.1383,1.7719,MEAN_CROSS,0.002064292361682818,1.799106,12
2020-04-08 14:00:00+00:00,2020-04-09 02:00:00+00:00,-1,0.0018100662242330756,-0.0003747319152292983,3.3686,-0.745,MEAN_CROSS,0.002184798139462374,1.904131,12
2020-04-09 13:00:00+00:00,2020-04-10 01:00:00+00:00,-1,0.0019129493520760876,9.791040794393524e-05,2.3503,-0.1501,MEAN_CROSS,0.0018150389441321524,1.581872,12
2020-04-13 06:00:00+00:00,2020-04-13 18:00:00+00:00,-1,0.0008216759544611429,0.00013798993611036092,2.2818,0.31,MEAN_CROSS,0.000683686018350782,0.595857,12
2020-04-14 01:00:00+00:00,2020-04-14 13:00:00+00:00,-1,0.0013349998540049812,-0.0010322361679566683,3.7092,-2.2424,MEAN_CROSS,0.0023672360219616495,2.063132,12
2020-04-15 06:00:00+00:00,2020-04-15 20:00:00+00:00,1,-0.0014537724764424054,0.0004356435245673751,-2.0455,0.8506,MEAN_CROSS,0.0018894160010097805,3.16029,14
2020-04-16 00:00:00+00:00,2020-04-16 18:00:00+00:00,1,-0.0020191349241948098,0.00024660784535324165,-2.3459,0.51,MEAN_CROSS,0.0022657427695480514,3.789745,18
2020-04-17 07:00:00+00:00,2020-04-20 04:00:00+00:00,1,-0.0014392382647007151,0.002224705389456294,-2.4082,3.0948,MEAN_CROSS,0.003663943654157009,6.128414,21
2020-04-21 01:00:00+00:00,2020-04-21 13:00:00+00:00,1,-0.0020042726362018426,0.0006156283086029557,-3.2786,1.1924,MEAN_CROSS,0.0026199009448047983,4.382119,12
2020-04-22 13:00:00+00:00,2020-04-23 01:00:00+00:00,1,-0.0013859936463537226,0.00033199339386635884,-2.5408,0.7953,MEAN_CROSS,0.0017179870402200814,2.873553,12
2020-04-23 05:00:00+00:00,2020-04-23 17:00:00+00:00,-1,0.0011910904281184909,-0.00039713320709400257,2.1681,-0.5474,MEAN_CROSS,0.0015882236352124934,2.656507,12
2020-04-27 01:00:00+00:00,2020-04-27 13:00:00+00:00,-1,0.001013894020491013,-0.00022139435041590438,2.6028,-1.4117,MEAN_CROSS,0.0012352883709069173,2.066178,12
2020-04-27 14:00:00+00:00,2020-04-28 07:00:00+00:00,1,-0.0005624899592305832,0.0013126345651747195,-2.2161,2.3414,MEAN_CROSS,0.0018751245244053028,3.136386,17
2020-04-29 09:00:00+00:00,2020-04-30 03:00:00+00:00,1,-0.0010538364030938663,0.0005578521985674101,-3.1044,0.7406,MEAN_CROSS,0.0016116886016612764,2.695755,18
2020-04-30 07:00:00+00:00,2020-05-01 14:00:00+00:00,1,-0.000784634627745695,0.0008486655732105053,-2.0399,1.6564,MEAN_CROSS,0.0016333002009562003,2.731904,31
2020-05-03 22:00:00+00:00,2020-05-04 16:00:00+00:00,1,-0.0011671410802758242,0.00021158572518598096,-2.4077,0.7337,MEAN_CROSS,0.0013787268054618051,2.306097,18
2020-05-05 08:00:00+00:00,2020-05-05 22:00:00+00:00,1,-0.001015410927939886,0.0004110929306396782,-2.4295,0.8125,MEAN_CROSS,0.0014265038585795642,2.580183,14
2020-05-06 11:00:00+00:00,2020-05-07 00:00:00+00:00,-1,0.0008165013713625768,7.021362549486376e-05,2.1751,0.365,MEAN_CROSS,0.0007462877458677131,1.349845,13
2020-05-07 14:00:00+00:00,2020-05-08 02:00:00+00:00,1,-0.00114723285673346,0.0007253216953679864,-2.0524,0.9934,MEAN_CROSS,0.0018725545521014464,3.386975,12
2020-05-11 05:00:00+00:00,2020-05-11 20:00:00+00:00,1,-0.000512004108845332,0.00029496156258235207,-2.083,0.9498,MEAN_CROSS,0.000806965671427684,1.459596,15
2020-05-12 10:00:00+00:00,2020-05-12 22:00:00+00:00,-1,0.0007928707381104072,8.166000416776065e-05,2.1103,-0.0641,MEAN_CROSS,0.0007112107339426466,1.286399,12
2020-05-12 23:00:00+00:00,2020-05-13 11:00:00+00:00,1,-0.0008844553179566672,0.001092465753597005,-2.6089,1.4562,MEAN_CROSS,0.0019769210715536722,3.575747,12
2020-05-14 19:00:00+00:00,2020-05-15 07:00:00+00:00,-1,0.000916906639389703,0.00012587841073297135,2.7859,0.4161,MEAN_CROSS,0.0007910282286567316,1.430769,12
2020-05-15 11:00:00+00:00,2020-05-18 01:00:00+00:00,1,-0.0011174175293575672,0.0006145969170719967,-2.2015,1.1605,MEAN_CROSS,0.001732014446429564,3.132774,14
2020-05-18 13:00:00+00:00,2020-05-19 01:00:00+00:00,-1,0.0017118990638277376,3.749943875164252e-05,2.7408,-0.5746,MEAN_CROSS,0.001674399625076095,3.028563,12
2020-05-19 06:00:00+00:00,2020-05-19 18:00:00+00:00,-1,0.0018674598984161905,0.0004109617634621143,3.4607,-0.0065,MEAN_CROSS,0.0014564981349540762,2.634435,12
2020-05-19 19:00:00+00:00,2020-05-20 09:00:00+00:00,1,-0.0007498946847271926,0.0011487349195695717,-2.2101,1.6198,MEAN_CROSS,0.0018986296042967643,3.434138,14
2020-05-26 00:00:00+00:00,2020-05-26 12:00:00+00:00,-1,0.0004460451245775765,0.0003210118606101764,2.1151,0.1506,MEAN_CROSS,0.0001250332639674001,0.503151,12
2020-05-26 13:00:00+00:00,2020-05-27 01:00:00+00:00,-1,0.0010409918192378909,-8.494763532762573e-05,2.0648,-0.539,MEAN_CROSS,0.0011259394545655166,4.530938,12
2020-05-27 12:00:00+00:00,2020-05-28 04:00:00+00:00,1,-0.001352123131370564,0.00016469061388491024,-2.7056,0.5025,MEAN_CROSS,0.0015168137452554742,6.10387,16
2020-05-28 13:00:00+00:00,2020-05-29 01:00:00+00:00,-1,0.001151043088657988,0.00011695564415747928,2.0562,0.0016,MEAN_CROSS,0.0010340874445005088,4.161312,12
2020-06-01 00:00:00+00:00,2020-06-01 12:00:00+00:00,-1,0.0008641660368285953,-4.976976918813492e-06,2.6475,-0.1301,MEAN_CROSS,0.0008691430137474088,3.497553,12
2020-06-01 14:00:00+00:00,2020-06-02 02:00:00+00:00,-1,0.0016043888283391317,-0.000703889124233914,3.164,-1.5796,MEAN_CROSS,0.0023082779525730457,9.288833,12
2020-06-02 09:00:00+00:00,2020-06-02 21:00:00+00:00,-1,0.0014525577240865895,0.00036820237533530253,2.6741,0.0925,MEAN_CROSS,0.001084355348751287,4.363597,12
2020-06-03 08:00:00+00:00,2020-06-04 11:00:00+00:00,1,-0.0010694785237985727,0.000693631156114094,-2.1652,1.4021,MEAN_CROSS,0.0017631096799126666,7.095,27
2020-06-04 14:00:00+00:00,2020-06-05 02:00:00+00:00,-1,0.0022062244875135084,0.00040927282001967935,4.5565,0.4368,MEAN_CROSS,0.001796951667493829,7.231185,12
2020-06-05 13:00:00+00:00,2020-06-08 08:00:00+00:00,1,-0.000813202696381965,0.0006747208042019448,-2.3887,1.2727,MEAN_CROSS,0.0014879235005839098,5.987612,19
2020-06-08 16:00:00+00:00,2020-06-09 04:00:00+00:00,-1,0.0007883452402923652,-0.0007383832382537037,2.1907,-2.545,MEAN_CROSS,0.0015267284785460689,6.143769,12
2020-06-09 06:00:00+00:00,2020-06-10 01:00:00+00:00,1,-0.0010741871991151175,0.0003474913123959755,-3.2086,0.8287,MEAN_CROSS,0.001421678511511093,5.721033,19
2020-06-10 05:00:00+00:00,2020-06-10 18:00:00+00:00,-1,0.0013681886314360625,0.00021068706855409403,2.2666,0.0955,MEAN_CROSS,0.0011575015628819685,4.657948,13
2020-06-10 23:00:00+00:00,2020-06-11 13:00:00+00:00,1,-0.0010289199467885535,0.0004647933080939026,-2.0985,1.1832,MEAN_CROSS,0.001493713254882456,6.010911,14
2020-06-12 05:00:00+00:00,2020-06-12 17:00:00+00:00,-1,0.001362164088120954,-0.0006017354833960376,3.0612,-0.6255,MEAN_CROSS,0.0019638995715169916,3.702487,12
2020-06-15 07:00:00+00:00,2020-06-15 21:00:00+00:00,-1,0.00124184719390108,6.029713863253683e-05,2.0444,-0.154,MEAN_CROSS,0.0011815500552685432,2.227545,14
2020-06-16 07:00:00+00:00,2020-06-16 23:00:00+00:00,1,-0.001157514470615073,0.0003653612263549988,-2.3532,0.6571,MEAN_CROSS,0.0015228756969700719,2.871037,16
2020-06-17 14:00:00+00:00,2020-06-18 02:00:00+00:00,-1,0.0010620713577305096,-0.0003204422734717216,2.1973,-0.7816,MEAN_CROSS,0.0013825136312022313,2.606416,12
2020-06-18 13:00:00+00:00,2020-06-19 02:00:00+00:00,1,-0.0007538468284715716,8.339440429572242e-05,-2.0928,0.8868,MEAN_CROSS,0.000837241232767294,1.578429,13
2020-06-19 12:00:00+00:00,2020-06-22 10:00:00+00:00,-1,0.0009268281864007744,0.0003079045806464453,3.5585,0.4489,MEAN_CROSS,0.000618923605754329,1.16684,22
2020-06-23 12:00:00+00:00,2020-06-24 00:00:00+00:00,-1,0.0013693507725975884,0.00019071800438186237,2.627,0.2848,MEAN_CROSS,0.001178632768215726,2.222045,12
2020-06-24 02:00:00+00:00,2020-06-24 19:00:00+00:00,1,-0.0011979400862758283,-3.387826367728941e-05,-2.8867,0.5405,MEAN_CROSS,0.0011640618225985389,2.194575,17
2020-06-29 15:00:00+00:00,2020-06-30 03:00:00+00:00,1,-0.0006640796632586543,0.00025872601979037846,-2.0095,0.9194,MEAN_CROSS,0.0009228056830490328,1.739741,12
2020-06-30 06:00:00+00:00,2020-06-30 18:00:00+00:00,1,-0.0006256462785350081,0.00040139390283022713,-2.0756,1.0603,MEAN_CROSS,0.0010270401813652352,1.936251,12
2020-07-01 13:00:00+00:00,2020-07-02 01:00:00+00:00,-1,0.0008697022154147138,0.0002533450943369431,2.0577,0.3497,MEAN_CROSS,0.0006163571210777707,1.162002,12
2020-07-02 11:00:00+00:00,2020-07-02 23:00:00+00:00,-1,0.0009918737846905668,-0.0001272263074276747,2.5856,-0.7763,MEAN_CROSS,0.0011191000921182415,3.59421,12
2020-07-03 19:00:00+00:00,2020-07-06 12:00:00+00:00,1,-0.0010985167193640066,0.0006279837850733383,-4.6939,1.4161,MEAN_CROSS,0.001726500504437345,5.544995,17
2020-07-07 08:00:00+00:00,2020-07-08 11:00:00+00:00,1,-0.0009573573268712998,0.0004274686751222223,-2.5438,0.8637,MEAN_CROSS,0.0013848260019935221,4.447641,27
2020-07-09 03:00:00+00:00,2020-07-09 15:00:00+00:00,-1,0.0004644516521628006,-0.0001930355791013305,2.3422,-0.839,MEAN_CROSS,0.0006574872312641311,2.111649,12
2020-07-10 00:00:00+00:00,2020-07-10 14:00:00+00:00,1,-0.0007884914175739777,0.0004326815474686718,-2.7525,1.0157,MEAN_CROSS,0.0012211729650426495,3.922037,14
2020-07-13 08:00:00+00:00,2020-07-14 03:00:00+00:00,1,-0.0006650603272544409,0.00018340411348516383,-2.5616,0.9861,MEAN_CROSS,0.0008484644407396047,2.72501,19
2020-07-14 07:00:00+00:00,2020-07-14 20:00:00+00:00,1,-0.0009211751348767727,0.00018813840799913883,-2.0934,0.8177,MEAN_CROSS,0.0011093135428759116,3.562778,13
2020-07-15 01:00:00+00:00,2020-07-15 13:00:00+00:00,-1,0.0009292870175598988,8.014981192716597e-05,2.3605,-0.0661,MEAN_CROSS,0.0008491372056327329,2.727171,12
2020-07-15 15:00:00+00:00,2020-07-16 11:00:00+00:00,1,-0.0009338815381445542,0.0001910202600825528,-2.9239,0.8243,MEAN_CROSS,0.001124901798227107,3.612843,20
2020-07-16 15:00:00+00:00,2020-07-17 04:00:00+00:00,-1,0.0007949400841680276,0.00014464504669375877,2.0924,0.4848,MEAN_CROSS,0.0006502950374742689,2.08855,13
2020-07-20 01:00:00+00:00,2020-07-20 18:00:00+00:00,1,-0.0005109424174967181,0.00024728954542307946,-2.1932,0.6228,MEAN_CROSS,0.0007582319629197976,2.435211,17
2020-07-21 04:00:00+00:00,2020-07-21 16:00:00+00:00,1,-0.0008218065791960605,0.00033776103808125235,-3.2738,0.5053,MEAN_CROSS,0.0011595676172773128,3.724179,12
2020-07-22 07:00:00+00:00,2020-07-23 03:00:00+00:00,1,-0.0005969096364987214,0.0005268692950501919,-2.1021,1.0791,MEAN_CROSS,0.0011237789315489133,2.670945,20
2020-07-23 10:00:00+00:00,2020-07-23 22:00:00+00:00,1,-0.0009156915731033388,0.00015844132387299315,-2.255,0.6855,MEAN_CROSS,0.001074132896976332,2.552949,12
2020-07-27 00:00:00+00:00,2020-07-27 12:00:00+00:00,-1,0.0007408657799587992,-6.572516188041444e-05,2.2116,-0.7158,MEAN_CROSS,0.0008065909418392136,1.917067,12
2020-07-27 13:00:00+00:00,2020-07-28 02:00:00+00:00,-1,0.0009745363867356138,-0.00017056674254944948,2.1428,-0.8653,MEAN_CROSS,0.0011451031292850633,2.721627,13
2020-07-28 03:00:00+00:00,2020-07-28 20:00:00+00:00,1,-0.001357936627395584,0.0003351604462115132,-3.6432,1.0391,MEAN_CROSS,0.0016930970736070972,4.024074,17
2020-07-29 11:00:00+00:00,2020-07-30 00:00:00+00:00,1,-0.0008054060620408254,0.0001916891888913419,-2.0817,0.5778,MEAN_CROSS,0.0009970952509321673,2.369849,13
2020-07-30 16:00:00+00:00,2020-07-31 05:00:00+00:00,-1,0.0008596047853417499,0.00031273318170144115,2.3093,0.1473,MEAN_CROSS,0.0005468716036403087,1.299779,13
2020-07-31 08:00:00+00:00,2020-08-02 22:00:00+00:00,1,-0.0011102996390135456,0.00044165575212329333,-2.1915,0.5917,MEAN_CROSS,0.0015519553911368389,3.688615,14
2020-08-03 13:00:00+00:00,2020-08-04 02:00:00+00:00,1,-0.0019955482336329045,0.0005632570647586821,-2.713,1.1916,MEAN_CROSS,0.0025588052983915865,6.081648,13
2020-08-04 22:00:00+00:00,2020-08-05 10:00:00+00:00,-1,0.0009620973139672362,-0.00042963568753739967,3.2129,-1.2756,MEAN_CROSS,0.0013917330015046359,3.307806,12
2020-08-06 02:00:00+00:00,2020-08-06 14:00:00+00:00,1,-0.0009093694969450894,0.0005099497917298024,-2.4496,1.0974,MEAN_CROSS,0.0014193192886748918,3.373371,12
2020-08-06 16:00:00+00:00,2020-08-07 04:00:00+00:00,-1,0.0010113225032601925,-0.0001538963172282859,2.3172,-0.7163,MEAN_CROSS,0.0011652188204884784,2.769437,12
2020-08-07 10:00:00+00:00,2020-08-09 23:00:00+00:00,1,-0.0008240169295367084,6.346424519476646e-05,-2.1322,0.5184,MEAN_CROSS,0.0008874811747314748,2.109324,13
2020-08-10 12:00:00+00:00,2020-08-11 00:00:00+00:00,-1,0.000646797314769354,-0.0002719490406080105,2.0997,-0.4959,MEAN_CROSS,0.0009187463553773645,2.183633,12
2020-08-11 15:00:00+00:00,2020-08-12 09:00:00+00:00,1,-0.001422455169876935,0.00038967963144809215,-2.7459,1.4685,MEAN_CROSS,0.0018121348013250271,3.832651,18
2020-08-12 12:00:00+00:00,2020-08-13 01:00:00+00:00,-1,0.0005691562973997311,-0.0002845321794086031,2.3879,-0.4167,MEAN_CROSS,0.0008536884768083342,1.805544,13
2020-08-13 18:00:00+00:00,2020-08-14 07:00:00+00:00,1,-0.0010510925022521045,0.00019620010173793112,-2.1048,1.3262,MEAN_CROSS,0.0012472926039900356,2.638014,13
2020-08-14 13:00:00+00:00,2020-08-17 01:00:00+00:00,-1,0.0009574499846599638,-0.00012029282722947343,3.1813,-0.23,MEAN_CROSS,0.0010777428118894372,2.279418,12
2020-08-17 13:00:00+00:00,2020-08-18 01:00:00+00:00,-1,0.0008166115444945277,-0.0008620779070025453,2.2817,-2.0886,MEAN_CROSS,0.001678689451497073,3.550415,12
2020-08-18 02:00:00+00:00,2020-08-18 16:00:00+00:00,1,-0.0010230863230780152,0.00048451131450766294,-2.2618,0.5057,MEAN_CROSS,0.001507597637585678,3.188557,14
2020-08-19 14:00:00+00:00,2020-08-20 03:00:00+00:00,1,-0.0015445249891162804,0.0003732139217244024,-4.405,0.7028,MEAN_CROSS,0.0019177389108406828,4.056003,13
2020-08-20 12:00:00+00:00,2020-08-21 04:00:00+00:00,1,-0.0018577312074526953,0.00021510207593877784,-2.0072,0.6259,MEAN_CROSS,0.002072833283391473,4.384026,16
2020-08-24 10:00:00+00:00,2020-08-24 22:00:00+00:00,-1,0.001048813729514264,-0.0002996986769585597,2.9576,-0.7616,MEAN_CROSS,0.0013485124064728238,2.852093,12
2020-08-25 18:00:00+00:00,2020-08-26 06:00:00+00:00,-1,0.0007245081747415671,0.0002225980799964722,2.3223,0.4582,MEAN_CROSS,0.000501910094745095,1.061536,12
2020-08-26 08:00:00+00:00,2020-08-26 21:00:00+00:00,-1,0.000962045620421792,0.00010130008877151653,2.9952,-0.5197,MEAN_CROSS,0.0008607455316502755,1.82047,13
2020-08-27 13:00:00+00:00,2020-08-28 02:00:00+00:00,1,-0.0006072758457202898,0.0005772791103098029,-2.0031,1.0134,MEAN_CROSS,0.0011845549560300928,2.505325,13
2020-08-28 11:00:00+00:00,2020-08-30 23:00:00+00:00,-1,0.0015230359428192175,0.0003670131517751196,2.9532,-0.2984,MEAN_CROSS,0.0011560227910440979,2.444979,12
2020-08-31 04:00:00+00:00,2020-09-01 01:00:00+00:00,1,-0.0009220532442029139,0.0012088115302095748,-2.8627,2.8344,MEAN_CROSS,0.0021308647744124887,4.371049,21
2020-09-01 02:00:00+00:00,2020-09-01 14:00:00+00:00,-1,0.0010159717037502292,0.00010818909978538294,2.0601,-0.114,MEAN_CROSS,0.0009077826039648462,1.862137,12
2020-09-01 17:00:00+00:00,2020-09-02 05:00:00+00:00,1,-0.0009058093507723353,0.0004336714073264192,-2.2534,0.5003,MEAN_CROSS,0.0013394807580987544,2.74768,12
2020-09-02 07:00:00+00:00,2020-09-02 20:00:00+00:00,1,-0.00127923603130764,0.0005411810212995194,-3.1672,1.1184,MEAN_CROSS,0.0018204170526071595,3.734226,13
2020-09-03 09:00:00+00:00,2020-09-04 00:00:00+00:00,1,-0.0012444062717944515,0.00023648001105058825,-2.577,1.0561,MEAN_CROSS,0.0014808862828450398,3.037746,15
2020-09-04 08:00:00+00:00,2020-09-04 20:00:00+00:00,-1,0.0008326842164526616,-3.031299338873694e-06,2.2396,0.0865,MEAN_CROSS,0.0008357155157915352,1.714305,12
2020-09-08 05:00:00+00:00,2020-09-08 17:00:00+00:00,-1,0.0004070500922582765,-0.00019337550871878495,3.5792,0.1685,MEAN_CROSS,0.0006004256009770614,1.231655,12
2020-09-08 18:00:00+00:00,2020-09-09 07:00:00+00:00,1,-0.0010836660516722052,0.0005461398912914861,-2.1346,1.6629,MEAN_CROSS,0.0016298059429636913,3.343225,13
2020-09-09 12:00:00+00:00,2020-09-10 00:00:00+00:00,-1,0.001510439961665777,-0.00019960496152049423,3.3222,-0.6924,MEAN_CROSS,0.0017100449231862713,3.50782,12
2020-09-10 07:00:00+00:00,2020-09-11 00:00:00+00:00,1,-0.0006556474651013833,0.0004062770922254044,-2.0931,1.203,MEAN_CROSS,0.0010619245573267877,2.178329,17
2020-09-11 17:00:00+00:00,2020-09-14 05:00:00+00:00,1,-0.0011110117062931302,0.000447821174223928,-2.0566,0.5457,MEAN_CROSS,0.0015588328805170582,3.197638,12
2020-09-15 14:00:00+00:00,2020-09-16 02:00:00+00:00,1,-0.0005977905711475051,0.0005391819002091847,-2.0005,1.3713,MEAN_CROSS,0.0011369724713566898,2.332275,12
2020-09-16 17:00:00+00:00,2020-09-17 07:00:00+00:00,1,-0.0006123169982064081,0.0008333411751234587,-2.2137,1.524,MEAN_CROSS,0.0014456581733298668,2.965482,14
2020-09-17 08:00:00+00:00,2020-09-17 21:00:00+00:00,-1,0.0014829444774808742,-0.00027267771691430465,2.5281,-0.4221,MEAN_CROSS,0.0017556221943951789,3.601312,13
2020-09-18 11:00:00+00:00,2020-09-21 00:00:00+00:00,1,-0.0006859078639241956,0.0004628628933316392,-2.3271,0.6402,MEAN_CROSS,0.0011487707572558348,1.628116,13
2020-09-21 07:00:00+00:00,2020-09-21 19:00:00+00:00,1,-0.001536880871485069,7.702531016862135e-05,-3.315,0.7561,MEAN_CROSS,0.0016139061816536904,2.287338,12
2020-09-24 14:00:00+00:00,2020-09-25 05:00:00+00:00,-1,0.0002934878312592648,2.020562579951868e-05,2.1912,0.0267,MEAN_CROSS,0.00027328220545974613,0.387314,15
2020-09-25 06:00:00+00:00,2020-09-25 18:00:00+00:00,-1,0.0010806271387809874,0.00017135155070491237,2.7067,0.177,MEAN_CROSS,0.000909275588076075,1.288687,12
2020-09-29 08:00:00+00:00,2020-09-29 20:00:00+00:00,-1,0.0009030615766398853,-0.00021962593840008093,2.5572,-1.1926,MEAN_CROSS,0.0011226875150399662,1.591149,12
2020-09-30 03:00:00+00:00,2020-09-30 15:00:00+00:00,1,-0.0007700914013625271,0.00036013555863223523,-3.1001,0.5239,MEAN_CROSS,0.0011302269599947623,1.601835,12
2020-09-30 16:00:00+00:00,2020-10-01 06:00:00+00:00,-1,0.0010594339527697505,0.00019431131801173063,2.1826,0.1223,MEAN_CROSS,0.0008651226347580199,1.226111,14
2020-10-02 00:00:00+00:00,2020-10-02 13:00:00+00:00,1,-0.0006599199747917561,0.0001888447050684139,-3.0361,0.5704,MEAN_CROSS,0.00084876467986017,1.202927,13
2020-10-06 06:00:00+00:00,2020-10-06 18:00:00+00:00,1,-0.0006274265402662627,-0.001895878647998006,-2.3969,-4.9513,STOP_LOSS,-0.0012684521077317434,-1.797737,12
2020-10-06 20:00:00+00:00,2020-10-07 12:00:00+00:00,1,-0.001224419463190074,0.00043096691670774234,-2.0805,1.2201,MEAN_CROSS,0.0016553863798978163,2.346127,16
2020-10-09 12:00:00+00:00,2020-10-12 00:00:00+00:00,-1,0.0012591233512996292,-0.00035368541715019575,3.3215,-1.555,MEAN_CROSS,0.001612808768449825,3.850726,12
2020-10-13 00:00:00+00:00,2020-10-13 15:00:00+00:00,1,-0.000758663488004796,0.00017241276045998344,-2.6986,0.6504,MEAN_CROSS,0.0009310762484647794,2.223028,15
2020-10-14 14:00:00+00:00,2020-10-15 02:00:00+00:00,-1,0.0008407576661801919,-0.0008981553643411244,2.1417,-2.7379,MEAN_CROSS,0.0017389130305213163,4.151811,12
2020-10-15 08:00:00+00:00,2020-10-15 20:00:00+00:00,1,-0.00246666930706807,0.00024834534977158373,-6.0892,0.9632,MEAN_CROSS,0.002715014656839654,6.482342,12
2020-10-18 23:00:00+00:00,2020-10-19 12:00:00+00:00,-1,0.000516190999994226,0.00010864323497983275,2.1607,-0.3041,MEAN_CROSS,0.00040754776501439327,0.973057,13
2020-10-19 14:00:00+00:00,2020-10-20 13:00:00+00:00,1,-0.000561485222051683,8.173946690170908e-06,-2.4824,0.579,MEAN_CROSS,0.000569659168741854,1.360113,23
2020-10-20 14:00:00+00:00,2020-10-21 05:00:00+00:00,-1,0.0010794279299082277,0.0001651104922097968,2.856,0.338,MEAN_CROSS,0.0009143174376984309,2.183015,15
2020-10-21 13:00:00+00:00,2020-10-22 01:00:00+00:00,-1,0.0012784736237717587,-8.245975908216518e-05,2.0656,-0.662,MEAN_CROSS,0.0013609333828539238,3.249351,12
2020-10-23 07:00:00+00:00,2020-10-23 20:00:00+00:00,-1,0.0008868494719881381,0.00028555842117905517,2.382,0.3984,MEAN_CROSS,0.000601291050809083,1.435637,13
2020-10-27 02:00:00+00:00,2020-10-27 17:00:00+00:00,-1,0.0007182197874342489,0.00026806832101999856,2.2971,0.4244,MEAN_CROSS,0.0004501514664142503,1.074777,15
2020-10-28 08:00:00+00:00,2020-10-28 23:00:00+00:00,1,-0.0011800989611908674,0.00026208720430143106,-3.1395,0.9548,MEAN_CROSS,0.0014421861654922985,3.769274,15
2020-10-29 15:00:00+00:00,2020-10-30 08:00:00+00:00,1,-0.001799953926472142,0.0003601288635576294,-2.3613,0.8701,MEAN_CROSS,0.0021600827900297714,5.645556,17
2020-10-30 12:00:00+00:00,2020-11-02 02:00:00+00:00,-1,0.0018973156236022914,6.967229538801245e-05,3.1775,0.1758,MEAN_CROSS,0.001827643328214279,4.776698,13
2020-11-03 07:00:00+00:00,2020-11-03 19:00:00+00:00,-1,0.0010412713034277932,-0.000689399908224031,2.1588,-1.5222,MEAN_CROSS,0.0017306712116518241,4.523253,12
2020-11-03 23:00:00+00:00,2020-11-04 13:00:00+00:00,-1,0.0017442258886821715,-9.238891529161908e-05,2.0425,-0.2214,MEAN_CROSS,0.0018366148039737906,4.800146,14
2020-11-05 22:00:00+00:00,2020-11-08 22:00:00+00:00,1,-0.0007511368399721885,0.0007860989846146804,-2.3819,1.5489,MEAN_CROSS,0.001537235824586869,4.017694,24
2020-11-09 11:00:00+00:00,2020-11-09 23:00:00+00:00,-1,0.0013179110099400537,0.00043890458881634675,2.4318,0.4128,MEAN_CROSS,0.000879006421123707,2.297356,12
2020-11-11 01:00:00+00:00,2020-11-11 13:00:00+00:00,-1,0.0021039395112782966,-4.766687305457484e-05,4.6319,-0.3744,MEAN_CROSS,0.0021516063843328714,5.623402,12
2020-11-12 17:00:00+00:00,2020-11-13 06:00:00+00:00,1,-0.001165357761703123,0.00016025588130585966,-2.3403,1.0012,MEAN_CROSS,0.0013256136430089827,3.464602,13
2020-11-13 10:00:00+00:00,2020-11-15 22:00:00+00:00,-1,0.0006252171353200442,0.00010416740174834516,2.0325,0.4797,MEAN_CROSS,0.000521049733571699,1.361807,12
2020-11-15 23:00:00+00:00,2020-11-16 11:00:00+00:00,-1,0.0013995884083103372,-7.233034609510636e-05,3.2715,-0.6085,MEAN_CROSS,0.0014719187544054435,3.846982,12
2020-11-16 15:00:00+00:00,2020-11-17 03:00:00+00:00,-1,0.0012444205141729503,5.1822706326531964e-05,2.1011,-0.4196,MEAN_CROSS,0.0011925978078464183,3.116954,12
2020-11-17 07:00:00+00:00,2020-11-18 03:00:00+00:00,1,-0.0009422810315458108,0.0002743250254682028,-2.2323,0.8941,MEAN_CROSS,0.0012166060570140136,2.195364,20
2020-11-18 07:00:00+00:00,2020-11-18 19:00:00+00:00,-1,0.00081139263200114,-4.278514711308912e-05,2.3284,-0.4792,MEAN_CROSS,0.0008541777791142291,1.541363,12
2020-11-18 20:00:00+00:00,2020-11-19 11:00:00+00:00,1,-0.0007745177769902245,0.0004029506597800214,-2.1572,0.7017,MEAN_CROSS,0.001177468436770246,2.12474,15
2020-11-19 19:00:00+00:00,2020-11-20 07:00:00+00:00,-1,0.0010926681201213206,-0.0003768465649482966,2.5613,-0.9234,MEAN_CROSS,0.0014695146850696172,2.651738,12
2020-11-20 21:00:00+00:00,2020-11-23 10:00:00+00:00,1,-0.0007755789117471767,0.0005848836653140621,-2.5784,0.9997,MEAN_CROSS,0.0013604625770612389,2.454953,13
2020-11-23 14:00:00+00:00,2020-11-24 02:00:00+00:00,1,-0.0015681331124168807,0.0020540512240541098,-4.2989,2.6157,MEAN_CROSS,0.0036221843364709905,6.536227,12
2020-11-25 16:00:00+00:00,2020-11-26 04:00:00+00:00,-1,0.0009655767376475222,-0.0003210787434089202,2.276,-1.1091,MEAN_CROSS,0.0012866554810564423,2.321768,12
2020-11-27 05:00:00+00:00,2020-11-27 17:00:00+00:00,-1,0.0005693868362285359,0.0002137485346404011,2.1046,0.3225,MEAN_CROSS,0.0003556383015881348,0.641749,12
2020-11-30 02:00:00+00:00,2020-11-30 23:00:00+00:00,1,-0.0005083337519140585,0.0002376188632763343,-2.3076,0.6878,MEAN_CROSS,0.0007459526151903928,1.346071,21
2020-12-02 08:00:00+00:00,2020-12-02 20:00:00+00:00,1,-0.0008536537196406346,0.00039804436469870197,-3.3336,0.6426,MEAN_CROSS,0.0012516980843393366,2.258688,12
2020-12-03 14:00:00+00:00,2020-12-04 02:00:00+00:00,-1,0.0012991916421812855,-0.0004334015675235836,2.4985,-1.0648,MEAN_CROSS,0.001732593209704869,3.126462,12
2020-12-04 08:00:00+00:00,2020-12-04 21:00:00+00:00,1,-0.0009485781640082847,8.1666253776147e-05,-2.1514,1.0232,MEAN_CROSS,0.0010302444177844317,1.859075,13
2020-12-07 08:00:00+00:00,2020-12-08 04:00:00+00:00,1,-0.0011905203104690676,0.0003874893794412193,-3.2734,0.77,MEAN_CROSS,0.001578009689910287,4.936106,20
2020-12-09 04:00:00+00:00,2020-12-09 16:00:00+00:00,-1,0.0011219377209653603,-0.0013519584867353052,3.0459,-2.6309,MEAN_CROSS,0.0024738962077006654,7.738491,12
2020-12-09 17:00:00+00:00,2020-12-10 08:00:00+00:00,1,-0.0015912102064555844,0.00035011135744411614,-2.7305,0.5225,MEAN_CROSS,0.0019413215638997006,6.072566,15
2020-12-10 14:00:00+00:00,2020-12-11 02:00:00+00:00,-1,0.0014018604002973278,0.0005019550717821897,2.1201,0.3617,MEAN_CROSS,0.0008999053285151382,2.814956,12
2020-12-11 08:00:00+00:00,2020-12-13 22:00:00+00:00,1,-0.0008899694910814437,0.0004200889487200321,-3.0329,0.7283,MEAN_CROSS,0.0013100584398014758,4.097939,14
2020-12-14 09:00:00+00:00,2020-12-14 21:00:00+00:00,-1,0.0008309798201330265,-0.0003699339261717949,2.4245,-0.7139,MEAN_CROSS,0.0012009137463048214,3.756528,12
2020-12-15 16:00:00+00:00,2020-12-16 05:00:00+00:00,-1,0.0008865442504912835,-6.563716354102134e-06,2.3381,-0.2313,MEAN_CROSS,0.0008931079668453856,2.793693,13
2020-12-16 08:00:00+00:00,2020-12-16 23:00:00+00:00,-1,0.0009522928195440095,0.0003892958345033115,2.0593,0.4535,MEAN_CROSS,0.000562996985040698,1.761087,15
2020-12-17 01:00:00+00:00,2020-12-17 13:00:00+00:00,-1,0.0014628360669208806,-0.0002509012643370223,2.3682,-0.8794,MEAN_CROSS,0.001713737331257903,5.36067,12
2020-12-18 09:00:00+00:00,2020-12-18 21:00:00+00:00,1,-0.0010587580068210922,0.0005464811620101706,-2.2351,1.8313,MEAN_CROSS,0.0016052391688312628,5.021281,12
2020-12-20 23:00:00+00:00,2020-12-21 13:00:00+00:00,1,-0.0014600522843932762,2.4371099968556464e-05,-3.497,0.5919,MEAN_CROSS,0.0014844233843618326,4.643362,14
2020-12-21 16:00:00+00:00,2020-12-22 04:00:00+00:00,-1,0.002040633205648401,-0.001112797975665769,2.6894,-0.7432,MEAN_CROSS,0.0031534311813141702,9.864116,12
2020-12-23 07:00:00+00:00,2020-12-23 19:00:00+00:00,-1,0.0017426472506465451,-0.0002412231268803522,3.2443,-0.6558,MEAN_CROSS,0.0019838703775268973,6.205662,12
2020-12-28 02:00:00+00:00,2020-12-28 14:00:00+00:00,-1,0.0007761477480481282,0.0002274041829464224,2.0589,0.4536,MEAN_CROSS,0.0005487435651017059,1.678673,12
2020-12-28 15:00:00+00:00,2020-12-29 03:00:00+00:00,1,-0.0011431052778504425,0.0004602965964998207,-2.4369,0.8239,MEAN_CROSS,0.0016034018743502632,4.905,12
2020-12-29 13:00:00+00:00,2020-12-30 03:00:00+00:00,-1,0.0011367928197260069,0.0005012364910648159,2.2378,0.4595,MEAN_CROSS,0.0006355563286611909,1.944244,14
2020-12-31 00:00:00+00:00,2020-12-31 12:00:00+00:00,-1,0.0011242144503451623,-0.0003337650270467396,2.0449,-1.4658,MEAN_CROSS,0.001457979477391902,4.460136,12
2020-12-31 15:00:00+00:00,2021-01-04 03:00:00+00:00,1,-0.0016290217162867604,0.00044147945498018704,-4.4672,0.7339,MEAN_CROSS,0.0020705011712669474,6.333914,12
2021-01-04 08:00:00+00:00,2021-01-04 20:00:00+00:00,-1,0.0012372871813847164,-4.256994249607349e-05,2.1891,0.2736,MEAN_CROSS,0.0012798571238807899,3.915238,12
2021-01-05 02:00:00+00:00,2021-01-05 19:00:00+00:00,-1,0.0013978047619686018,0.0005214356287078781,2.3304,0.4346,MEAN_CROSS,0.0008763691332607237,2.680919,17
2021-01-06 07:00:00+00:00,2021-01-06 19:00:00+00:00,-1,0.001758747384368875,-0.0004513662824786602,2.044,-1.0826,MEAN_CROSS,0.002210113666847535,6.761005,12
2021-01-07 09:00:00+00:00,2021-01-07 23:00:00+00:00,1,-0.0013223433316644773,0.0006498815989470774,-2.18,1.3216,MEAN_CROSS,0.0019722249306115547,6.033275,14
2021-01-08 13:00:00+00:00,2021-01-11 01:00:00+00:00,-1,0.0009907773244532958,-0.00100015766289141,2.0056,-1.2515,MEAN_CROSS,0.0019909349873447058,6.090511,12
2021-01-11 14:00:00+00:00,2021-01-12 03:00:00+00:00,1,-0.001708559025012213,5.46278938330369e-05,-2.1317,0.5955,MEAN_CROSS,0.0017631869188452498,5.393802,13
2021-01-12 19:00:00+00:00,2021-01-13 07:00:00+00:00,-1,0.0015626423068192397,-0.00033206495859106067,2.5824,-1.07,MEAN_CROSS,0.0018947072654103003,5.796139,12
2021-01-13 08:00:00+00:00,2021-01-13 23:00:00+00:00,1,-0.0008669346477971906,0.0005639084319511989,-2.0341,0.8631,MEAN_CROSS,0.0014308430797483895,4.377122,15
2021-01-14 16:00:00+00:00,2021-01-15 04:00:00+00:00,-1,0.0016068912600799568,-0.0003287087797708699,3.3036,-0.7669,MEAN_CROSS,0.0019356000398508266,5.921235,12
2021-01-19 00:00:00+00:00,2021-01-19 12:00:00+00:00,-1,0.0008088926135831898,0.00011195622009818607,2.5622,0.3294,MEAN_CROSS,0.0006969363934850037,0.976142,12
2021-01-19 14:00:00+00:00,2021-01-20 02:00:00+00:00,1,-0.001049678343979732,0.0004773375918623035,-2.6465,1.0708,MEAN_CROSS,0.0015270159358420354,2.138768,12
2021-01-20 15:00:00+00:00,2021-01-21 04:00:00+00:00,-1,0.0011833161513863377,0.00033617511622363594,3.081,-0.1041,MEAN_CROSS,0.0008471410351627018,1.186522,13
2021-01-21 13:00:00+00:00,2021-01-22 14:00:00+00:00,1,-0.0006075013018823627,0.00025514126241976687,-2.2845,0.6821,MEAN_CROSS,0.0008626425643021296,1.208234,25
2021-01-25 02:00:00+00:00,2021-01-25 14:00:00+00:00,-1,0.000978663994051221,-0.0006365574648493633,2.0324,-2.0466,MEAN_CROSS,0.0016152214589005842,2.26231,12
2021-01-25 15:00:00+00:00,2021-01-26 08:00:00+00:00,1,-0.0008757874005359545,0.0009177787519465408,-2.4547,2.1815,MEAN_CROSS,0.0017935661524824953,2.512103,17
2021-01-26 11:00:00+00:00,2021-01-26 23:00:00+00:00,-1,0.0011812398560294701,1.755995760099882e-05,2.6734,-0.3139,MEAN_CROSS,0.0011636798984284713,1.629872,12
2021-01-27 12:00:00+00:00,2021-01-28 01:00:00+00:00,1,-0.0012406299156193512,0.00011948848703446924,-2.3561,0.8146,MEAN_CROSS,0.0013601184026538204,1.905008,13
2021-01-28 13:00:00+00:00,2021-01-29 01:00:00+00:00,-1,0.0012613197489744765,-0.00021170233560108276,2.689,-0.1947,MEAN_CROSS,0.0014730220845755593,2.063143,12
2021-02-02 08:00:00+00:00,2021-02-02 21:00:00+00:00,-1,0.0009830933997926339,0.001990111482015111,2.4119,4.1832,STOP_LOSS,-0.0010070180822224772,-1.410449,13
2021-02-05 08:00:00+00:00,2021-02-05 21:00:00+00:00,-1,0.0010810858618039987,4.697583076840317e-05,2.8347,-0.034,MEAN_CROSS,0.0010341100310355955,1.944356,13
2021-02-08 15:00:00+00:00,2021-02-09 05:00:00+00:00,-1,0.0015965181340218404,0.00029979370033195174,2.0193,0.1431,MEAN_CROSS,0.0012967244336898887,2.438129,14
2021-02-09 10:00:00+00:00,2021-02-10 08:00:00+00:00,1,-0.0008944882898348494,0.0003868473436470232,-2.0484,0.8753,MEAN_CROSS,0.0012813356334818726,2.409194,22
2021-02-10 09:00:00+00:00,2021-02-10 21:00:00+00:00,1,-0.0016868594272119175,0.00012452489244485498,-4.6673,0.557,MEAN_CROSS,0.0018113843196567725,3.405803,12
2021-02-11 13:00:00+00:00,2021-02-12 01:00:00+00:00,-1,0.0009971693767741874,-0.0003035436924956336,2.224,-1.032,MEAN_CROSS,0.001300713069269821,2.445628,12
2021-02-12 02:00:00+00:00,2021-02-12 15:00:00+00:00,1,-0.0007916733149129218,0.001323483758702726,-2.3959,3.2296,MEAN_CROSS,0.0021151570736156478,3.976963,13
2021-02-12 16:00:00+00:00,2021-02-15 06:00:00+00:00,-1,0.0014506305623173121,-7.57438694919399e-05,2.971,-0.1734,MEAN_CROSS,0.001526374431809252,2.869922,14
2021-02-16 01:00:00+00:00,2021-02-16 13:00:00+00:00,-1,0.0009446907544410355,-0.0019977465971441344,2.3392,-3.8893,MEAN_CROSS,0.00294243735158517,5.532433,12
2021-02-16 14:00:00+00:00,2021-02-17 02:00:00+00:00,1,-0.0017499088700008159,0.00031326087266070335,-2.6842,0.6391,MEAN_CROSS,0.002063169742661519,3.879216,12
2021-02-18 08:00:00+00:00,2021-02-18 22:00:00+00:00,-1,0.001365666606828464,0.00028029543009899793,3.102,0.1951,MEAN_CROSS,0.001085371176729466,2.040738,14
2021-02-19 08:00:00+00:00,2021-02-19 20:00:00+00:00,-1,0.001475057961310533,0.00012379754329916448,2.846,-0.4427,MEAN_CROSS,0.0013512604180113685,2.540669,12
2021-02-22 07:00:00+00:00,2021-02-23 08:00:00+00:00,1,-0.0008196428389253274,0.00029681794400948647,-2.0405,0.6585,MEAN_CROSS,0.0011164607829348139,2.099193,25
2021-02-24 01:00:00+00:00,2021-02-24 13:00:00+00:00,-1,0.001418413114956496,-0.0004816920818556669,3.9309,-2.0343,MEAN_CROSS,0.001900105196812163,3.572618,12
2021-02-24 20:00:00+00:00,2021-02-25 09:00:00+00:00,-1,0.0028389448132870587,0.0006698337431394474,5.5336,0.3893,MEAN_CROSS,0.0021691110701476113,4.755445,13
2021-02-25 13:00:00+00:00,2021-02-26 02:00:00+00:00,1,-0.0010535290055848634,0.0003614194538694715,-2.0937,0.5153,MEAN_CROSS,0.001414948459454335,3.102058,13
2021-02-26 10:00:00+00:00,2021-02-28 22:00:00+00:00,1,-0.002818618339513246,0.00038371074349741185,-2.8561,1.5629,MEAN_CROSS,0.0032023290830106577,7.020617,12
2021-02-28 23:00:00+00:00,2021-03-01 11:00:00+00:00,-1,0.0017020626167785213,-0.0010903629315451857,2.9721,-0.5472,MEAN_CROSS,0.002792425548323707,6.121966,12
2021-03-02 07:00:00+00:00,2021-03-02 20:00:00+00:00,1,-0.0015692371612994194,0.0005593917951115523,-2.0594,0.5115,MEAN_CROSS,0.0021286289564109717,4.666694,13
2021-03-03 13:00:00+00:00,2021-03-04 01:00:00+00:00,1,-0.0014316858665947008,0.0005591123426830213,-2.2853,1.3801,MEAN_CROSS,0.001990798209277722,4.364521,12
2021-03-04 17:00:00+00:00,2021-03-05 05:00:00+00:00,1,-0.002399935125777075,8.79195095153662e-05,-3.976,0.5463,MEAN_CROSS,0.0024878546352924413,5.454241,12
2021-03-08 09:00:00+00:00,2021-03-08 23:00:00+00:00,1,-0.0016235915337331486,0.00044086647133279033,-2.4269,0.8262,MEAN_CROSS,0.002064458005065939,4.526009,14
2021-03-09 07:00:00+00:00,2021-03-09 20:00:00+00:00,-1,0.0009504967447045987,0.00043401293920131145,2.0638,0.4201,MEAN_CROSS,0.0005164838055032872,1.132312,13
2021-03-11 14:00:00+00:00,2021-03-12 12:00:00+00:00,1,-0.0010707551328155152,0.00018398643391537295,-3.6584,0.6183,MEAN_CROSS,0.001254741566730888,2.750829,22
2021-03-15 00:00:00+00:00,2021-03-15 12:00:00+00:00,-1,0.0008560092407274844,-8.496372714561495e-05,2.2402,0.125,MEAN_CROSS,0.0009409729678730994,2.062939,12
2021-03-17 11:00:00+00:00,2021-03-17 23:00:00+00:00,1,-0.0008970427700122352,0.0010655059397899347,-2.4357,0.877,MEAN_CROSS,0.00196254870980217,5.574065,12
2021-03-18 13:00:00+00:00,2021-03-19 03:00:00+00:00,1,-0.0021979145270918377,0.0001519014511700556,-2.1871,0.5936,MEAN_CROSS,0.0023498159782618933,6.673988,14
2021-03-21 21:00:00+00:00,2021-03-22 09:00:00+00:00,1,-0.0011654151787181544,0.000558211277150944,-2.3521,1.447,MEAN_CROSS,0.0017236264558690984,4.895473,12
2021-03-22 11:00:00+00:00,2021-03-22 23:00:00+00:00,-1,0.000947994361909954,-0.0013756182297014474,2.3432,-2.6365,MEAN_CROSS,0.0023236125916114014,6.599564,12
2021-03-23 00:00:00+00:00,2021-03-23 20:00:00+00:00,1,-0.0019976204548241006,-0.000305824189906434,-3.4189,0.7614,MEAN_CROSS,0.0016917962649176665,4.805069,20
2021-03-24 08:00:00+00:00,2021-03-24 20:00:00+00:00,-1,0.00045912791520885676,-0.000629666113928451,2.6162,-0.7064,MEAN_CROSS,0.0010887940291373077,3.092411,12
2021-03-25 00:00:00+00:00,2021-03-25 12:00:00+00:00,-1,0.0006664361184055556,-0.00038904242688719837,2.1808,-0.7462,MEAN_CROSS,0.001055478545292754,2.997788,12
2021-03-29 00:00:00+00:00,2021-03-29 12:00:00+00:00,1,-0.0006626120368052879,0.0004480014623565731,-3.3765,0.9291,MEAN_CROSS,0.001110613499161861,3.154384,12
2021-03-29 15:00:00+00:00,2021-03-30 04:00:00+00:00,-1,0.0009484781512096863,0.00035986527701525883,2.2387,0.4663,MEAN_CROSS,0.0005886128741944274,1.671788,13
2021-03-31 15:00:00+00:00,2021-04-01 06:00:00+00:00,1,-0.0009181872586536688,0.0001176166957966851,-2.3871,0.7474,MEAN_CROSS,0.001035803954450354,2.941908,15
2021-04-01 07:00:00+00:00,2021-04-01 20:00:00+00:00,-1,0.0007532754867177749,7.993787411197939e-05,2.3793,0.0326,MEAN_CROSS,0.0006733376126057955,1.912425,13
2021-04-02 14:00:00+00:00,2021-04-05 08:00:00+00:00,1,-0.0006303339711084543,0.0007474664637066031,-2.1768,2.5529,MEAN_CROSS,0.0013778004348150574,3.913252,18
2021-04-06 02:00:00+00:00,2021-04-06 14:00:00+00:00,1,-0.0007008133939490069,0.000854450563766096,-2.7346,1.4966,MEAN_CROSS,0.0015552639577151028,4.391428,12
2021-04-08 05:00:00+00:00,2021-04-08 17:00:00+00:00,-1,0.0007125982824679467,1.988676389197419e-05,2.271,-0.0411,MEAN_CROSS,0.0006927115185759725,1.955934,12
2021-04-09 02:00:00+00:00,2021-04-12 03:00:00+00:00,1,-0.0006334261911841166,0.0005639737406265555,-2.4713,1.5552,MEAN_CROSS,0.001197399931810672,3.380967,25
2021-04-13 00:00:00+00:00,2021-04-13 12:00:00+00:00,1,-0.00081056829518944,0.0005650065604266841,-2.4753,1.395,MEAN_CROSS,0.001375574855616124,3.88406,12
2021-04-14 02:00:00+00:00,2021-04-14 16:00:00+00:00,-1,0.001421618351838072,0.0005592544808261657,3.1253,0.1206,MEAN_CROSS,0.0008623638710119064,2.434962,14
2021-04-15 07:00:00+00:00,2021-04-15 19:00:00+00:00,-1,0.0014666961980636106,0.00037822062766745823,2.1454,0.1823,MEAN_CROSS,0.0010884755703961524,3.073409,12
2021-04-16 00:00:00+00:00,2021-04-16 20:00:00+00:00,1,-0.0006481015291142089,0.00015001716520191,-2.0122,0.5502,MEAN_CROSS,0.0007981186943161189,2.25356,20
2021-04-19 07:00:00+00:00,2021-04-19 19:00:00+00:00,-1,0.0015411548062876923,0.00014153395133431612,3.8302,0.048,MEAN_CROSS,0.0013996208549533762,3.951956,12
2021-04-20 10:00:00+00:00,2021-04-21 09:00:00+00:00,1,-0.0007839242877969443,0.0003921947022781369,-2.1247,1.0955,MEAN_CROSS,0.0011761189900750812,3.320878,23
2021-04-22 03:00:00+00:00,2021-04-22 20:00:00+00:00,1,-0.0006458717291254468,0.0004366559443415019,-2.8344,1.8828,MEAN_CROSS,0.0010825276734669487,3.056615,17
2021-04-23 01:00:00+00:00,2021-04-23 13:00:00+00:00,-1,0.00048148585855445347,-0.00018999551955922733,2.1732,-0.2847,MEAN_CROSS,0.0006714813781136808,1.895988,12
2021-04-27 02:00:00+00:00,2021-04-28 03:00:00+00:00,1,-0.0007354954974466699,0.0001593653869282896,-2.4132,1.0588,MEAN_CROSS,0.0008948608843749595,2.073118,25
2021-04-28 04:00:00+00:00,2021-04-28 16:00:00+00:00,-1,0.0005405356196861444,0.00026058880985257993,2.1044,0.4326,MEAN_CROSS,0.00027994680983356446,0.648551,12
2021-04-28 18:00:00+00:00,2021-04-29 06:00:00+00:00,-1,0.001051051046330409,-6.73274802652779e-05,2.6249,-0.5719,MEAN_CROSS,0.001118378526595687,2.590939,12
2021-04-29 13:00:00+00:00,2021-04-30 03:00:00+00:00,1,-0.0011004383841473064,0.00019916443617262747,-2.8182,0.5878,MEAN_CROSS,0.001299602820319934,3.01078,14
2021-04-30 14:00:00+00:00,2021-05-03 02:00:00+00:00,1,-0.0025676327141476163,0.00017830696326104345,-5.454,0.7636,MEAN_CROSS,0.0027459396774086597,6.361499,12
2021-05-04 07:00:00+00:00,2021-05-04 19:00:00+00:00,1,-0.0011602574211737604,0.00020100000360767645,-2.4446,0.5747,MEAN_CROSS,0.0013612574247814369,3.153615,12
2021-05-04 22:00:00+00:00,2021-05-05 15:00:00+00:00,-1,0.0014786905849788479,0.0005076335170409729,2.9043,0.48,MEAN_CROSS,0.0009710570679378749,2.249641,17
2021-05-06 02:00:00+00:00,2021-05-06 19:00:00+00:00,1,-0.0014963309305318084,0.000726544922034722,-4.4772,1.2079,MEAN_CROSS,0.0022228758525665304,5.14972,17
2021-05-07 12:00:00+00:00,2021-05-10 00:00:00+00:00,-1,0.002575776076036318,-0.0002985309214349474,7.2518,-0.7726,MEAN_CROSS,0.0028743069974712654,6.658886,12
2021-05-11 08:00:00+00:00,2021-05-11 22:00:00+00:00,-1,0.001019889897770021,-0.0005078828030310456,2.4728,-0.7698,MEAN_CROSS,0.0015277727008010666,3.53938,14
2021-05-12 03:00:00+00:00,2021-05-12 20:00:00+00:00,1,-0.001152727358034622,-6.715550657898639e-05,-2.2002,0.7478,MEAN_CROSS,0.0010855718514556356,2.514936,17
2021-05-17 00:00:00+00:00,2021-05-17 15:00:00+00:00,1,-0.0007458230238835961,0.0004425423954644847,-2.306,0.6476,MEAN_CROSS,0.0011883654193480808,1.215835,15
2021-05-18 01:00:00+00:00,2021-05-18 13:00:00+00:00,-1,0.0009635805411933873,-0.00040629367736910726,2.3007,-1.027,MEAN_CROSS,0.0013698742185624946,1.401539,12
2021-05-19 07:00:00+00:00,2021-05-19 20:00:00+00:00,1,-0.0011245175156878728,3.065844926475325e-05,-2.5239,0.7765,MEAN_CROSS,0.001155175964952626,1.181878,13
2021-05-20 13:00:00+00:00,2021-05-21 01:00:00+00:00,-1,0.0011773211187307009,-0.0003936665615160706,2.1813,-1.0768,MEAN_CROSS,0.0015709876802467715,1.607301,12
2021-05-21 09:00:00+00:00,2021-05-23 21:00:00+00:00,-1,0.0011274030615584518,7.702124786956865e-05,2.5269,0.3917,MEAN_CROSS,0.0010503818136888832,1.074662,12
2021-05-24 13:00:00+00:00,2021-05-25 01:00:00+00:00,-1,0.0014307821693236855,-0.00014095636081723484,2.1357,-0.9277,MEAN_CROSS,0.0015717385301409204,1.608069,12
2021-05-25 15:00:00+00:00,2021-05-26 03:00:00+00:00,1,-0.0009871995505067455,0.0034525280327802887,-3.1388,4.6885,MEAN_CROSS,0.004439727583287034,4.542352,12
2021-05-28 05:00:00+00:00,2021-05-28 17:00:00+00:00,1,-0.0010494100373670268,0.0004134860021144382,-2.3194,1.1621,MEAN_CROSS,0.001462896039481465,1.496711,12
2021-06-01 08:00:00+00:00,2021-06-01 20:00:00+00:00,1,-0.0009990971073734478,0.0002313184858750983,-3.7657,0.6964,MEAN_CROSS,0.001230415593248546,1.258857,12
2021-06-03 12:00:00+00:00,2021-06-04 02:00:00+00:00,1,-0.0017044702259992883,0.0001148928998226939,-3.1458,0.8036,MEAN_CROSS,0.0018193631258219822,3.471818,14
2021-06-04 12:00:00+00:00,2021-06-07 00:00:00+00:00,-1,0.001982912293840511,-7.723087267952344e-05,2.9886,-0.7061,MEAN_CROSS,0.0020601431665200343,3.931289,12
2021-06-07 20:00:00+00:00,2021-06-08 11:00:00+00:00,1,-0.0004847118933115624,0.0002691933094018939,-2.0476,0.6529,MEAN_CROSS,0.0007539052027134563,1.438647,15
2021-06-08 13:00:00+00:00,2021-06-09 01:00:00+00:00,1,-0.0008103938519790077,0.0002949433740720986,-2.0834,1.6907,MEAN_CROSS,0.0011053372260511063,2.109271,12
2021-06-09 14:00:00+00:00,2021-06-10 02:00:00+00:00,1,-0.00146373500369823,0.00016775890209219657,-4.8461,0.7027,MEAN_CROSS,0.0016314939057904265,3.113315,12
2021-06-11 09:00:00+00:00,2021-06-13 21:00:00+00:00,1,-0.000701904465291836,0.0002442183700076539,-2.9179,0.8754,MEAN_CROSS,0.0009461228352994899,1.805449,12
2021-06-15 01:00:00+00:00,2021-06-15 16:00:00+00:00,1,-0.00047058437185254487,8.072767921629698e-05,-2.4366,0.5122,MEAN_CROSS,0.0005513120510688418,1.052047,15
2021-06-16 18:00:00+00:00,2021-06-17 17:00:00+00:00,1,-0.004323039707591625,0.0002773823041979373,-12.9444,0.7706,MEAN_CROSS,0.004600422011789562,8.778803,23
2021-06-21 02:00:00+00:00,2021-06-21 18:00:00+00:00,-1,0.0011273787687379189,8.176933516612639e-05,2.0762,0.1068,MEAN_CROSS,0.0010456094335717925,1.995295,16
2021-06-22 05:00:00+00:00,2021-06-22 17:00:00+00:00,1,-0.0007158070756637658,0.0007327696959888996,-2.4531,1.4171,MEAN_CROSS,0.0014485767716526654,2.764262,12
2021-06-23 01:00:00+00:00,2021-06-23 13:00:00+00:00,1,-0.0009981369745558633,0.001254250251189415,-2.1839,1.8023,MEAN_CROSS,0.002252387225745278,4.751997,12
2021-06-24 14:00:00+00:00,2021-06-25 03:00:00+00:00,1,-0.0008550918146086328,0.00045985663348013794,-2.8175,1.1933,MEAN_CROSS,0.0013149484480887708,2.774226,13
2021-06-25 09:00:00+00:00,2021-06-28 00:00:00+00:00,1,-0.0005249068897531517,0.0004827921995220752,-2.2498,1.1413,MEAN_CROSS,0.0010076990892752269,2.126004,15
2021-06-28 11:00:00+00:00,2021-06-28 23:00:00+00:00,1,-0.0014125373796775031,0.0003749616458978977,-3.1928,1.3231,MEAN_CROSS,0.0017874990255754009,3.771195,12
2021-06-29 08:00:00+00:00,2021-06-29 20:00:00+00:00,1,-0.0012009667753237752,5.204272682746147e-05,-2.4088,0.6826,MEAN_CROSS,0.0012530095021512366,2.64355,12
2021-07-01 11:00:00+00:00,2021-07-01 23:00:00+00:00,-1,0.0007775115851980097,-0.0003479821788355819,2.4935,-0.7899,MEAN_CROSS,0.0011254937640335916,2.374522,12
2021-07-02 12:00:00+00:00,2021-07-05 00:00:00+00:00,-1,0.0017605979352199874,-0.00013643741929092457,4.9102,-0.5549,MEAN_CROSS,0.001897035354510912,4.00229,12
2021-07-05 22:00:00+00:00,2021-07-06 10:00:00+00:00,-1,0.0020793740172584396,8.576794594561399e-05,4.8621,-0.4206,MEAN_CROSS,0.0019936060713128256,4.206031,12
2021-07-06 14:00:00+00:00,2021-07-07 05:00:00+00:00,1,-0.003382716565218158,0.0008176444432110852,-6.0844,0.8667,MEAN_CROSS,0.004200361008429243,8.861755,15
2021-07-08 01:00:00+00:00,2021-07-08 13:00:00+00:00,1,-0.00132712906557364,0.0004153379219781206,-2.6951,1.3268,MEAN_CROSS,0.0017424669875517607,3.676188,12
2021-07-08 14:00:00+00:00,2021-07-09 03:00:00+00:00,1,-0.0015404877520061033,0.00035079115926661686,-2.5773,1.6579,MEAN_CROSS,0.0018912789112727202,3.990145,13
2021-07-09 09:00:00+00:00,2021-07-11 21:00:00+00:00,-1,0.0009788124988213687,-0.00010123805098927185,2.6665,-0.5285,MEAN_CROSS,0.0010800505498106405,2.278648,12
2021-07-13 12:00:00+00:00,2021-07-14 00:00:00+00:00,1,-0.0032890355907303492,0.0008400956827869788,-6.708,1.3212,MEAN_CROSS,0.004129131273517328,7.754729,12
2021-07-14 02:00:00+00:00,2021-07-14 14:00:00+00:00,-1,0.0030967325590676165,0.00041775267942478767,4.0116,0.1837,MEAN_CROSS,0.002678979879642829,5.031267,12
2021-07-15 02:00:00+00:00,2021-07-15 20:00:00+00:00,1,-0.0013354257250569601,0.00013367922077511807,-2.0908,0.5862,MEAN_CROSS,0.0014691049458320782,2.759057,18
2021-07-15 22:00:00+00:00,2021-07-16 10:00:00+00:00,-1,0.001617554001610677,-0.00048398900503565656,3.4588,-0.826,MEAN_CROSS,0.0021015430066463336,3.94681,12
2021-07-19 10:00:00+00:00,2021-07-20 01:00:00+00:00,1,-0.0010420047696332313,0.00047039419572680874,-2.2138,1.7236,MEAN_CROSS,0.00151239896536004,2.840366,15
2021-07-20 04:00:00+00:00,2021-07-20 16:00:00+00:00,1,-0.0016527612596087815,0.0003787607940091142,-2.8619,1.3033,MEAN_CROSS,0.0020315220536178957,3.815307,12
2021-07-21 08:00:00+00:00,2021-07-21 20:00:00+00:00,-1,0.000819259494374891,0.00010964429631987738,2.0456,-0.1827,MEAN_CROSS,0.0007096151980550136,1.332695,12
2021-07-26 00:00:00+00:00,2021-07-26 13:00:00+00:00,1,-0.0006834473219047288,0.001264966052871852,-2.4721,4.0472,MEAN_CROSS,0.0019484133747765808,3.659224,13
2021-07-26 14:00:00+00:00,2021-07-27 02:00:00+00:00,-1,0.0013408178274013638,-0.00044162289940086197,3.3385,-1.1065,MEAN_CROSS,0.0017824407268022258,3.347519,12
2021-07-27 07:00:00+00:00,2021-07-27 19:00:00+00:00,1,-0.0015237938695399356,0.00024007908192447136,-3.502,0.5021,MEAN_CROSS,0.001763872951464407,3.312648,12
2021-07-28 18:00:00+00:00,2021-07-29 10:00:00+00:00,-1,0.0006218708659807559,2.329856155802723e-05,2.2008,-0.0743,MEAN_CROSS,0.0005985723044227287,1.124151,16
2021-08-03 00:00:00+00:00,2021-08-03 12:00:00+00:00,-1,0.000724057379518861,-0.00020575709689596433,2.0603,-1.2409,MEAN_CROSS,0.0009298144764148253,1.921013,12
2021-08-03 13:00:00+00:00,2021-08-04 01:00:00+00:00,1,-0.0012020011134079578,0.0011524453059932327,-3.7794,1.6186,MEAN_CROSS,0.0023544464194011905,4.864328,12
2021-08-04 14:00:00+00:00,2021-08-05 07:00:00+00:00,1,-0.002083903661123321,0.0011355108585132667,-4.4902,1.6851,MEAN_CROSS,0.0032194145196365875,6.651367,17
2021-08-06 13:00:00+00:00,2021-08-09 01:00:00+00:00,1,-0.0009424191255239522,0.0005922366713826399,-2.7319,2.2246,MEAN_CROSS,0.0015346557969065922,3.170626,12
2021-08-09 02:00:00+00:00,2021-08-09 14:00:00+00:00,-1,0.0008812171071322927,-0.0009809253479555746,2.7011,-1.6316,MEAN_CROSS,0.0018621424550878674,3.847219,12
2021-08-10 01:00:00+00:00,2021-08-10 14:00:00+00:00,1,-0.0011932028570955655,0.00046603437290915206,-2.5406,1.303,MEAN_CROSS,0.0016592372300047176,3.428013,13
2021-08-11 12:00:00+00:00,2021-08-12 00:00:00+00:00,-1,0.002413991756825995,-0.00016167033311231815,8.7062,-0.6111,MEAN_CROSS,0.002575662089938313,5.321363,12
2021-08-12 13:00:00+00:00,2021-08-13 01:00:00+00:00,1,-0.0012545610466745405,0.00025629193845744247,-2.1313,1.3085,MEAN_CROSS,0.001510852985131983,3.121449,12
2021-08-13 12:00:00+00:00,2021-08-16 00:00:00+00:00,-1,0.0006813139275220204,-0.0002965991125268852,2.1294,-1.1134,MEAN_CROSS,0.0009779130400489056,2.020386,12
2021-08-17 02:00:00+00:00,2021-08-17 17:00:00+00:00,1,-0.002752280063673007,8.240286115790418e-06,-9.6855,0.6363,MEAN_CROSS,0.0027605203497887976,5.703284,15
2021-08-19 00:00:00+00:00,2021-08-19 12:00:00+00:00,1,-0.0016952781894534752,6.206161680077926e-05,-2.7514,0.891,MEAN_CROSS,0.0017573398062542545,3.630695,12
2021-08-20 03:00:00+00:00,2021-08-20 15:00:00+00:00,-1,0.0009240688620488768,6.668773226992109e-05,2.1648,0.0558,MEAN_CROSS,0.0008573811297789558,1.66297,12
2021-08-24 00:00:00+00:00,2021-08-24 14:00:00+00:00,1,-0.0006597870798294991,0.0007635950006178449,-2.5131,0.7933,MEAN_CROSS,0.001423382080447344,2.760781,14
2021-08-25 18:00:00+00:00,2021-08-26 06:00:00+00:00,-1,0.0008994709729728267,-0.0006868127365108334,2.2343,-2.2349,MEAN_CROSS,0.0015862837094836602,3.076744,12
2021-08-27 14:00:00+00:00,2021-08-30 02:00:00+00:00,-1,0.002593421158116005,-0.0006051539434627218,9.2592,-1.2818,MEAN_CROSS,0.0031985751015787267,6.203933,12
2021-08-31 00:00:00+00:00,2021-08-31 12:00:00+00:00,-1,0.0014688017897609429,-4.327644659229968e-05,6.295,-0.6594,MEAN_CROSS,0.0015120782363532426,2.932816,12
2021-09-01 13:00:00+00:00,2021-09-02 01:00:00+00:00,-1,0.0008276184023988664,-0.00013417117375524867,2.1105,-0.5737,MEAN_CROSS,0.0009617895761541151,1.86548,12
2021-09-03 10:00:00+00:00,2021-09-06 11:00:00+00:00,1,-0.0003928780263858789,0.0005565151275825908,-2.0808,0.9898,MEAN_CROSS,0.0009493931539684697,1.841436,25
2021-09-07 00:00:00+00:00,2021-09-07 12:00:00+00:00,-1,0.0008288917084721126,-5.2952848248910556e-05,3.5723,0.0781,MEAN_CROSS,0.0008818445567210231,1.710419,12
2021-09-07 14:00:00+00:00,2021-09-08 02:00:00+00:00,1,-0.0008735931585581724,0.0001698311804720909,-2.1561,0.6627,MEAN_CROSS,0.0010434243390302633,2.023818,12
2021-09-09 00:00:00+00:00,2021-09-10 02:00:00+00:00,1,-0.0006874346011883636,0.0009588947831147276,-2.2458,2.2675,MEAN_CROSS,0.0016463293843030913,4.458282,26
2021-09-10 08:00:00+00:00,2021-09-10 20:00:00+00:00,-1,0.001164304533146976,-0.00032287204573111516,2.0764,-0.5966,MEAN_CROSS,0.001487176578878091,4.027294,12
2021-09-13 20:00:00+00:00,2021-09-14 09:00:00+00:00,-1,0.0005767663993316852,-0.0002698000482465046,2.1083,-0.9593,MEAN_CROSS,0.0008465664475781898,2.292513,13
2021-09-14 12:00:00+00:00,2021-09-15 00:00:00+00:00,-1,0.0017807816895772932,-0.0004222894395852217,5.6169,-0.7586,MEAN_CROSS,0.002203071129162515,5.965947,12
2021-09-15 22:00:00+00:00,2021-09-16 10:00:00+00:00,-1,0.0014710413088592222,-3.0206403373589374e-05,4.026,-0.2377,MEAN_CROSS,0.0015012477122328116,4.065399,12
2021-09-16 12:00:00+00:00,2021-09-17 03:00:00+00:00,1,-0.0011125166480205895,0.00021619186882404495,-2.6684,0.6829,MEAN_CROSS,0.0013287085168446344,3.598161,15
2021-09-20 13:00:00+00:00,2021-09-21 02:00:00+00:00,-1,0.0006363626630997432,0.00010779352189094205,2.3501,0.4834,MEAN_CROSS,0.0005285691412088012,1.431372,13
2021-09-21 08:00:00+00:00,2021-09-21 20:00:00+00:00,-1,0.0012430741347734253,-0.00015783342009312307,3.0188,-0.1211,MEAN_CROSS,0.0014009075548665484,3.793677,12
2021-09-22 01:00:00+00:00,2021-09-22 13:00:00+00:00,-1,0.001060678394849579,-0.000273527493605763,2.197,-0.5062,MEAN_CROSS,0.001334205888455342,3.613048,12
2021-09-22 18:00:00+00:00,2021-09-23 06:00:00+00:00,1,-0.0012059496915964862,0.0005750217187379114,-2.5671,1.2952,MEAN_CROSS,0.0017809714103343977,4.822895,12
2021-09-23 08:00:00+00:00,2021-09-23 20:00:00+00:00,-1,0.0011747398319824631,-0.00043596730066786105,2.6752,-0.9267,MEAN_CROSS,0.0016107071326503242,4.361817,12
2021-09-24 09:00:00+00:00,2021-09-26 21:00:00+00:00,1,-0.0011421854346560512,0.00012251970750343233,-2.2044,0.9991,MEAN_CROSS,0.0012647051421594835,3.424839,12
2021-09-29 12:00:00+00:00,2021-09-30 00:00:00+00:00,1,-0.0014435960348007093,0.00017941282370703693,-2.0454,0.8787,MEAN_CROSS,0.0016230088585077462,2.744126,12
2021-09-30 13:00:00+00:00,2021-10-01 01:00:00+00:00,-1,0.0011838291128383194,9.76117361023432e-05,2.275,-0.0025,MEAN_CROSS,0.0010862173767359762,1.836538,12
2021-10-01 11:00:00+00:00,2021-10-03 23:00:00+00:00,-1,0.0012092798231577717,-7.361812437789439e-05,2.4699,-0.6931,MEAN_CROSS,0.001282897947535666,2.169079,12
2021-10-04 14:00:00+00:00,2021-10-05 07:00:00+00:00,1,-0.0007803820481594448,0.0005473606558558108,-2.6991,1.2203,MEAN_CROSS,0.0013277427040152556,2.244901,17
2021-10-05 09:00:00+00:00,2021-10-05 21:00:00+00:00,-1,0.0010724486789586152,0.00011134318219629957,2.1287,0.3255,MEAN_CROSS,0.0009611054967623156,1.625003,12
2021-10-06 01:00:00+00:00,2021-10-06 13:00:00+00:00,1,-0.00112809823704485,0.0005728245405487442,-2.4915,1.1208,MEAN_CROSS,0.0017009227775935942,2.87586,12
2021-10-08 06:00:00+00:00,2021-10-11 00:00:00+00:00,1,-0.0007086242565526035,0.0008216017121078778,-2.2209,2.1985,MEAN_CROSS,0.0015302259686604813,2.587252,18
2021-10-12 12:00:00+00:00,2021-10-13 00:00:00+00:00,1,-0.0009751447201876706,0.0001995407648773817,-2.3668,0.6295,MEAN_CROSS,0.0011746854850650523,1.986117,12
2021-10-13 12:00:00+00:00,2021-10-14 00:00:00+00:00,1,-0.001666374416292915,0.00038122958112463134,-3.585,0.5149,MEAN_CROSS,0.0020476039974175464,3.462017,12
2021-10-14 07:00:00+00:00,2021-10-14 20:00:00+00:00,-1,0.0011795878838648521,0.00029100164367457104,2.0598,-0.2786,MEAN_CROSS,0.0008885862401902811,1.50239,13
2021-10-17 21:00:00+00:00,2021-10-18 09:00:00+00:00,-1,0.0009237184597723491,-0.0005448046396538953,2.171,-1.5074,MEAN_CROSS,0.0014685230994262444,2.482927,12
2021-10-19 01:00:00+00:00,2021-10-19 14:00:00+00:00,-1,0.001454468810616949,0.0005996109730063148,2.8038,0.3424,MEAN_CROSS,0.0008548578376106342,1.654229,13
2021-10-19 18:00:00+00:00,2021-10-20 12:00:00+00:00,1,-0.00031088652254041005,0.0005906950252334564,-2.2326,0.8476,MEAN_CROSS,0.0009015815477738665,1.744644,18
2021-10-20 14:00:00+00:00,2021-10-21 03:00:00+00:00,-1,0.0012262489774874652,-0.00011249843703020623,2.2556,-0.7916,MEAN_CROSS,0.0013387474145176714,2.5906,13
2021-10-21 04:00:00+00:00,2021-10-21 23:00:00+00:00,1,-0.0010125132624583255,4.9162602252406096e-05,-2.8507,0.5047,MEAN_CROSS,0.0010616758647107316,2.054441,19
2021-10-22 12:00:00+00:00,2021-10-25 00:00:00+00:00,1,-0.0013970076026479372,0.0005280910148082185,-2.4051,1.1782,MEAN_CROSS,0.0019250986174561557,3.725244,12
2021-10-25 09:00:00+00:00,2021-10-26 03:00:00+00:00,1,-0.0017377413908392647,0.0005952796897772394,-3.3955,1.0414,MEAN_CROSS,0.002333021080616504,4.514611,18
2021-10-26 15:00:00+00:00,2021-10-27 04:00:00+00:00,1,-0.0010912487765932788,0.00047269551121964515,-2.1644,1.1675,MEAN_CROSS,0.001563944287812924,3.026377,13
2021-10-27 08:00:00+00:00,2021-10-28 02:00:00+00:00,1,-0.0015821565330048637,0.0006659905909879305,-3.5827,1.3219,MEAN_CROSS,0.002248147123992794,4.350372,18
2021-10-28 14:00:00+00:00,2021-10-29 02:00:00+00:00,-1,0.001524781837478284,-0.000136771318270279,2.6108,-0.3812,MEAN_CROSS,0.001661553155748563,3.215259,12
2021-10-29 12:00:00+00:00,2021-11-01 01:00:00+00:00,1,-0.0012961938264225425,0.0003839231445031954,-2.5125,1.1275,MEAN_CROSS,0.001680116970925738,3.251182,13
2021-11-01 05:00:00+00:00,2021-11-01 17:00:00+00:00,-1,0.0008472132894443707,-8.165656933944998e-05,2.0567,-0.3026,MEAN_CROSS,0.0009288698587838207,1.797449,12
2021-11-02 06:00:00+00:00,2021-11-02 18:00:00+00:00,1,-0.0007392679247391065,-8.715855488439228e-05,-2.475,0.5062,MEAN_CROSS,0.0006521093698547142,1.261892,12
2021-11-02 21:00:00+00:00,2021-11-03 13:00:00+00:00,-1,0.0008967568739818299,-5.7912548735106206e-05,2.4171,0.135,MEAN_CROSS,0.0009546694227169361,1.847374,16
2021-11-03 19:00:00+00:00,2021-11-04 07:00:00+00:00,-1,0.00156388427058618,-9.581235574140923e-05,2.6261,-0.4043,MEAN_CROSS,0.0016596966263275892,3.211666,12
2021-11-04 13:00:00+00:00,2021-11-05 03:00:00+00:00,1,-0.0012206780958666785,0.00022589065150280252,-2.3323,1.0935,MEAN_CROSS,0.001446568747369481,2.799244,14
2021-11-09 00:00:00+00:00,2021-11-09 19:00:00+00:00,1,-0.0006953561560675281,0.0002480156229413,-2.232,0.8093,MEAN_CROSS,0.0009433717790088281,1.483168,19
2021-11-10 14:00:00+00:00,2021-11-11 02:00:00+00:00,-1,0.0007505282649704625,-0.0011461892653094052,2.797,-1.9567,MEAN_CROSS,0.0018967175302798678,2.982016,12
2021-11-11 14:00:00+00:00,2021-11-12 02:00:00+00:00,-1,0.0006114289920410299,-0.00040873837468458074,2.0341,-0.2579,MEAN_CROSS,0.0010201673667256106,1.603906,12
2021-11-12 06:00:00+00:00,2021-11-12 19:00:00+00:00,-1,0.0007767062013648296,0.00012689383464881132,2.2974,0.1038,MEAN_CROSS,0.0006498123667160183,1.021634,13
2021-11-15 14:00:00+00:00,2021-11-16 02:00:00+00:00,1,-0.0005866888285345206,0.0007521610488134822,-2.4961,1.787,MEAN_CROSS,0.0013388498773480029,2.104938,12
2021-11-16 14:00:00+00:00,2021-11-17 02:00:00+00:00,1,-0.0012681216002704554,4.5404392967962615e-05,-2.2421,0.7568,MEAN_CROSS,0.001313525993238418,2.065124,12
2021-11-17 08:00:00+00:00,2021-11-17 20:00:00+00:00,-1,0.000798605267044894,9.467795792261757e-05,2.0669,0.4197,MEAN_CROSS,0.0007039273091222764,1.106713,12
2021-11-18 02:00:00+00:00,2021-11-18 14:00:00+00:00,-1,0.0012477166475225454,-0.0004262959692835633,3.7051,-1.3075,MEAN_CROSS,0.0016740126168061087,2.63188,12
2021-11-18 15:00:00+00:00,2021-11-19 13:00:00+00:00,1,-0.0008170934334740254,0.0002196671245181525,-2.0456,0.549,MEAN_CROSS,0.001036760557992178,1.629993,22
2021-11-22 04:00:00+00:00,2021-11-22 16:00:00+00:00,-1,0.0007718484831754635,-0.0012034860306187056,2.5751,-2.0623,MEAN_CROSS,0.001975334513794169,3.105618,12
2021-11-23 14:00:00+00:00,2021-11-24 02:00:00+00:00,-1,0.0007333235295921003,-0.0011224298830956325,2.1257,-1.9895,MEAN_CROSS,0.0018557534126877329,2.917613,12
2021-11-24 03:00:00+00:00,2021-11-24 19:00:00+00:00,1,-0.0012147930738812818,6.605573329132586e-05,-2.0143,0.605,MEAN_CROSS,0.0012808488071726076,2.013749,16
2021-11-25 00:00:00+00:00,2021-11-25 12:00:00+00:00,-1,0.0007743123536172458,-0.0006124378326410884,2.0064,-0.6339,MEAN_CROSS,0.0013867501862583342,2.180247,12
2021-11-26 08:00:00+00:00,2021-11-28 22:00:00+00:00,-1,0.0004938123867000987,-0.00015854031371476118,2.1826,-0.0744,MEAN_CROSS,0.0006523527004148599,1.259102,14
2021-11-29 01:00:00+00:00,2021-11-29 13:00:00+00:00,-1,0.0006225836959525832,-0.0006815638040069683,2.0739,-2.2472,MEAN_CROSS,0.0013041474999595515,2.517128,12
2021-11-29 14:00:00+00:00,2021-11-30 02:00:00+00:00,1,-0.0008909672517082301,0.0003639965581974103,-2.7986,0.665,MEAN_CROSS,0.0012549638099056404,2.422199,12
2021-11-30 05:00:00+00:00,2021-11-30 17:00:00+00:00,1,-0.0017954728186899693,0.00043505308673075227,-3.6241,0.6813,MEAN_CROSS,0.0022305259054207216,4.305126,12
2021-12-02 14:00:00+00:00,2021-12-03 02:00:00+00:00,-1,0.0007564495890481915,-0.0008184776341216837,2.1247,-1.6143,MEAN_CROSS,0.0015749272231698752,3.039759,12
2021-12-03 11:00:00+00:00,2021-12-06 00:00:00+00:00,-1,0.0007232759247067788,-0.00028545981984562374,2.3181,0.0175,MEAN_CROSS,0.0010087357445524026,1.946956,13
2021-12-06 11:00:00+00:00,2021-12-06 23:00:00+00:00,-1,0.0007251310655226328,-0.0001414821490433038,2.0672,-0.1993,MEAN_CROSS,0.0008666132145659367,1.672646,12
2021-12-07 05:00:00+00:00,2021-12-07 17:00:00+00:00,-1,0.0006446571219325126,-7.389731757756479e-05,2.0268,-0.4002,MEAN_CROSS,0.0007185544395100774,1.386878,12
2021-12-08 02:00:00+00:00,2021-12-08 20:00:00+00:00,-1,0.0009136484783391907,0.00019530537967404893,2.355,-0.049,MEAN_CROSS,0.0007183430986651418,1.38647,18
2021-12-09 11:00:00+00:00,2021-12-10 01:00:00+00:00,1,-0.000977266444427638,0.00019208655444813427,-2.1783,0.6984,MEAN_CROSS,0.0011693529988757723,2.256962,14
2021-12-10 08:00:00+00:00,2021-12-10 20:00:00+00:00,1,-0.0007788460600559599,0.00023745726196922057,-2.0565,0.5448,MEAN_CROSS,0.0010163033220251805,1.961562,12
2021-12-13 15:00:00+00:00,2021-12-14 06:00:00+00:00,1,-0.0011237705229556472,0.000360630864141509,-2.8401,2.2358,MEAN_CROSS,0.0014844013870971562,2.865035,15
2021-12-14 07:00:00+00:00,2021-12-14 19:00:00+00:00,-1,0.00047145768404099897,-0.00040460953500942587,2.4103,-0.8123,MEAN_CROSS,0.0008760672190504248,1.690893,12
2021-12-15 19:00:00+00:00,2021-12-16 10:00:00+00:00,-1,0.0010205836184526973,0.000642702767415515,3.0391,0.4268,MEAN_CROSS,0.0003778808510371823,1.022899,15
2021-12-20 10:00:00+00:00,2021-12-20 22:00:00+00:00,-1,0.0001958434870480419,-0.00038638385618350313,2.0252,-0.6794,MEAN_CROSS,0.000582227343231545,1.576052,12
2021-12-21 01:00:00+00:00,2021-12-21 13:00:00+00:00,-1,0.000820717905594126,0.0002584028288405982,3.4381,0.2733,MEAN_CROSS,0.0005623150767535279,1.522151,12
2021-12-22 00:00:00+00:00,2021-12-22 13:00:00+00:00,1,-0.0005583109044546841,0.0008880242974251829,-2.2717,1.3208,MEAN_CROSS,0.001446335201879867,3.915137,13
2021-12-22 15:00:00+00:00,2021-12-23 03:00:00+00:00,-1,0.0013269090198231304,6.87344980476734e-05,2.2728,-0.2123,MEAN_CROSS,0.001258174521775457,3.405798,12
2021-12-23 12:00:00+00:00,2021-12-24 08:00:00+00:00,1,-0.0010907662151197206,0.000591254809512054,-3.0213,1.2724,MEAN_CROSS,0.0016820210246317746,4.553124,20
2021-12-27 08:00:00+00:00,2021-12-27 20:00:00+00:00,1,-0.0007718786726604865,0.00019107339953239322,-2.8782,0.6949,MEAN_CROSS,0.0009629520721928797,2.60665,12
2021-12-28 15:00:00+00:00,2021-12-29 03:00:00+00:00,1,-0.001105424128724053,0.0004018970975424585,-3.5309,1.2878,MEAN_CROSS,0.0015073212262665114,4.080222,12
2021-12-29 14:00:00+00:00,2021-12-30 03:00:00+00:00,-1,0.0010192786238609752,8.887541335100835e-06,2.6783,-0.43,MEAN_CROSS,0.0010103910825258744,2.735064,13
2021-12-30 06:00:00+00:00,2021-12-31 06:00:00+00:00,1,-0.0008381193385067487,0.00031758944766779873,-2.1979,0.8145,MEAN_CROSS,0.0011557087861745474,3.12843,24
2022-01-03 13:00:00+00:00,2022-01-04 02:00:00+00:00,1,-0.001360360532801197,6.439862888008019e-05,-4.1033,0.5693,MEAN_CROSS,0.0014247591616812771,3.856732,13
2022-01-05 19:00:00+00:00,2022-01-06 10:00:00+00:00,1,-0.001711735243346002,0.0010733992284727156,-4.3994,2.1232,MEAN_CROSS,0.0027851344718187176,3.717796,15
2022-01-07 14:00:00+00:00,2022-01-10 02:00:00+00:00,-1,0.0009541031538634615,-0.0001409682627718789,2.8891,-0.7815,MEAN_CROSS,0.0010950714166353404,1.46178,12
2022-01-10 12:00:00+00:00,2022-01-11 00:00:00+00:00,1,-0.0006984518012299601,0.0004240098072338938,-2.1236,1.1599,MEAN_CROSS,0.001122461608463854,1.498342,12
2022-01-11 16:00:00+00:00,2022-01-12 04:00:00+00:00,-1,0.0008814798746724639,6.965307806927612e-05,2.1516,-0.0826,MEAN_CROSS,0.0008118267966031878,1.083684,12
2022-01-12 13:00:00+00:00,2022-01-13 01:00:00+00:00,-1,0.001772940490982089,-0.00026546429677754,4.0121,-0.8627,MEAN_CROSS,0.002038404787759629,2.721008,12
2022-01-14 16:00:00+00:00,2022-01-17 04:00:00+00:00,1,-0.0012135123218471877,1.8002181496945546e-05,-2.5878,0.7348,MEAN_CROSS,0.0012315145033441333,1.643914,12
2022-01-17 07:00:00+00:00,2022-01-17 19:00:00+00:00,-1,0.0008042992339114541,-0.0001370284786762488,2.3435,0.2029,MEAN_CROSS,0.0009413277125877029,1.256551,12
2022-01-18 03:00:00+00:00,2022-01-18 19:00:00+00:00,1,-0.001735455202907743,0.00027336381647047325,-5.3387,1.1741,MEAN_CROSS,0.0020088190193782163,2.681515,16
2022-01-19 14:00:00+00:00,2022-01-20 02:00:00+00:00,-1,0.0008394413468034712,-0.000680988055943299,2.3863,-2.0533,MEAN_CROSS,0.0015204294027467702,2.029578,12
2022-01-20 13:00:00+00:00,2022-01-21 01:00:00+00:00,-1,0.0011450049659627037,-0.0009861379878434162,3.0529,-1.3104,MEAN_CROSS,0.00213114295380612,2.844802,12
2022-01-24 20:00:00+00:00,2022-01-25 08:00:00+00:00,-1,0.0009100111283294465,-0.00038992436465401514,3.0802,-0.4558,MEAN_CROSS,0.0012999354929834617,3.431857,12
2022-01-25 18:00:00+00:00,2022-01-26 06:00:00+00:00,-1,0.0008827377989436558,-0.00022030498959024758,2.0913,-0.3385,MEAN_CROSS,0.0011030427885339034,2.912056,12
2022-01-26 19:00:00+00:00,2022-01-27 08:00:00+00:00,1,-0.0012335082016846632,0.0005785901571302432,-4.0286,1.7412,MEAN_CROSS,0.0018120983588149064,4.783978,13
2022-01-28 13:00:00+00:00,2022-01-31 10:00:00+00:00,-1,0.001003947110663761,-0.00015542868292617307,2.5014,-0.268,MEAN_CROSS,0.001159375793589934,3.060777,21
2022-02-02 03:00:00+00:00,2022-02-03 01:00:00+00:00,1,-0.0006001735992150481,0.0004435785605453324,-2.3482,1.0735,MEAN_CROSS,0.0010437521597603805,2.755528,22
2022-02-03 08:00:00+00:00,2022-02-03 20:00:00+00:00,-1,0.0007905746914494971,-7.046497303797583e-05,2.1588,-0.2857,MEAN_CROSS,0.0008610396644874729,2.273163,12
2022-02-04 07:00:00+00:00,2022-02-04 19:00:00+00:00,1,-0.0008332046640453505,0.00029167410692765294,-2.609,0.6049,MEAN_CROSS,0.0011248787709730035,2.969704,12
2022-02-09 10:00:00+00:00,2022-02-09 22:00:00+00:00,-1,0.0013771052163952247,-0.0002609251317656769,4.6072,-1.3651,MEAN_CROSS,0.0016380303481609015,4.324435,12
2022-02-10 13:00:00+00:00,2022-02-11 08:00:00+00:00,1,-0.0019107353967096063,0.0006500005334875159,-5.2009,0.9773,MEAN_CROSS,0.002560735930197122,6.760397,19
2022-02-11 19:00:00+00:00,2022-02-14 12:00:00+00:00,1,-0.00205838165918637,0.0008470354617654552,-2.0625,1.3813,MEAN_CROSS,0.0029054171209518254,3.10888,17
2022-02-15 08:00:00+00:00,2022-02-15 20:00:00+00:00,-1,0.0011378751053667813,0.00010921990913004276,2.2103,-0.0364,MEAN_CROSS,0.0010286551962367385,1.100691,12
2022-02-16 16:00:00+00:00,2022-02-17 04:00:00+00:00,-1,0.001029836914734794,-0.0006129910534502514,2.012,-1.6699,MEAN_CROSS,0.0016428279681850455,1.757873,12
2022-02-18 15:00:00+00:00,2022-02-21 03:00:00+00:00,1,-0.001000016872013898,0.0007314438800137824,-2.825,1.4559,MEAN_CROSS,0.0017314607520276803,1.852713,12
2022-02-21 18:00:00+00:00,2022-02-22 08:00:00+00:00,1,-0.0008766208240533757,0.00027587017435981576,-2.1604,0.5328,MEAN_CROSS,0.0011524909984131915,1.233198,14
2022-02-22 10:00:00+00:00,2022-02-22 22:00:00+00:00,-1,0.001208129207876163,-5.718518932285033e-05,3.266,-0.2811,MEAN_CROSS,0.0012653143971990133,1.353923,12
2022-02-23 01:00:00+00:00,2022-02-23 14:00:00+00:00,-1,0.0017962879445677649,-0.0003051899956949544,3.6496,-1.3707,MEAN_CROSS,0.0021014779402627193,2.248642,13
2022-02-23 15:00:00+00:00,2022-02-24 15:00:00+00:00,1,-0.0010436756799427904,-0.0028273130117121292,-2.6569,-3.7332,STOP_LOSS,-0.0017836373317693388,-1.908543,24
2022-02-24 18:00:00+00:00,2022-02-25 06:00:00+00:00,-1,0.0010584177887649204,0.0001484146372184858,2.3251,0.4413,MEAN_CROSS,0.0009100031515464346,0.973729,12
2022-02-27 22:00:00+00:00,2022-02-28 10:00:00+00:00,1,-0.0031908545118785048,0.0016252945326290513,-6.219,1.7426,MEAN_CROSS,0.004816149044507556,5.153418,12
2022-03-02 15:00:00+00:00,2022-03-03 05:00:00+00:00,1,-0.0014543657849719338,0.0003319132404377978,-3.7777,0.5609,MEAN_CROSS,0.0017862790254097316,1.91137,14
2022-03-04 00:00:00+00:00,2022-03-04 15:00:00+00:00,1,-0.0015552930009427035,0.0006046120776138642,-3.8878,0.5597,MEAN_CROSS,0.0021599050785565677,4.041863,15
2022-03-07 01:00:00+00:00,2022-03-07 13:00:00+00:00,-1,0.002803231720674093,-0.001151341010349638,3.7588,-1.9434,MEAN_CROSS,0.003954572731023731,7.400253,12
2022-03-07 14:00:00+00:00,2022-03-08 08:00:00+00:00,1,-0.0019304072898606028,0.0002136701372997818,-2.7094,0.8049,MEAN_CROSS,0.0021440774271603846,4.012245,18
2022-03-08 09:00:00+00:00,2022-03-08 21:00:00+00:00,-1,0.0010942113668043207,-0.0004730961462819927,2.0749,-0.4327,MEAN_CROSS,0.0015673075130863134,2.932927,12
2022-03-09 09:00:00+00:00,2022-03-09 21:00:00+00:00,-1,0.0010685456540793226,-9.638024173541648e-05,2.0116,-0.2917,MEAN_CROSS,0.001164925895814739,2.179944,12
2022-03-10 01:00:00+00:00,2022-03-10 15:00:00+00:00,1,-0.0010321453297317262,0.0009564663787043903,-2.3912,1.8212,MEAN_CROSS,0.0019886117084361166,3.72132,14
2022-03-11 16:00:00+00:00,2022-03-14 04:00:00+00:00,1,-0.0014725977523438738,0.00021164561908770807,-3.5742,1.2556,MEAN_CROSS,0.0016842433714315819,3.15175,13
2022-03-14 09:00:00+00:00,2022-03-14 21:00:00+00:00,-1,0.0006790700203653799,-0.00028470398750934933,2.1595,0.2001,MEAN_CROSS,0.0009637740078747292,1.803525,12
2022-03-15 07:00:00+00:00,2022-03-15 19:00:00+00:00,-1,0.0010108233032148917,0.00018780262617601462,2.5876,0.4667,MEAN_CROSS,0.000823020677038877,1.540131,12
2022-03-16 00:00:00+00:00,2022-03-16 13:00:00+00:00,1,-0.001321051816996932,0.00104571244056062,-2.0571,1.3178,MEAN_CROSS,0.002366764257557552,4.428962,13
2022-03-16 19:00:00+00:00,2022-03-17 07:00:00+00:00,-1,0.0017438961063498404,0.00037688409776637233,2.6778,-0.0322,MEAN_CROSS,0.001367012008583468,2.558111,12
2022-03-17 15:00:00+00:00,2022-03-18 03:00:00+00:00,-1,0.0019123607471799309,-0.00014845993075240926,3.5085,-0.7254,MEAN_CROSS,0.00206082067793234,3.856445,12
2022-03-21 00:00:00+00:00,2022-03-21 12:00:00+00:00,-1,0.0009817128051501367,0.00023651234641353103,2.1027,0.4731,MEAN_CROSS,0.0007452004587366057,1.394505,12
2022-03-22 08:00:00+00:00,2022-03-22 20:00:00+00:00,-1,0.0022308256468615006,0.00046044190636529425,6.5328,0.2017,MEAN_CROSS,0.0017703837404962064,3.312946,12
2022-03-23 18:00:00+00:00,2022-03-24 06:00:00+00:00,-1,0.0013095575647826818,-0.00029233844756593186,2.2515,-0.5227,MEAN_CROSS,0.0016018960123486137,3.232989,12
2022-03-24 14:00:00+00:00,2022-03-25 02:00:00+00:00,-1,0.0009599375964216561,6.347343122548033e-05,2.0679,0.2989,MEAN_CROSS,0.0008964641651961758,1.809268,12
2022-03-25 13:00:00+00:00,2022-03-28 07:00:00+00:00,1,-0.0009321360028623493,0.0001282540876063054,-2.3441,0.5941,MEAN_CROSS,0.0010603900904686547,2.140107,18
2022-03-28 13:00:00+00:00,2022-03-29 01:00:00+00:00,1,-0.0012147320272715145,0.0004496028499282323,-2.6221,2.0288,MEAN_CROSS,0.0016643348771997468,3.359005,12
2022-03-29 06:00:00+00:00,2022-03-29 20:00:00+00:00,-1,0.0005521022158991862,2.0812365925548804e-05,2.008,-0.1027,MEAN_CROSS,0.0005312898499736374,1.072263,14
2022-03-31 03:00:00+00:00,2022-03-31 20:00:00+00:00,1,-0.0008067478203576117,5.036122226376172e-05,-2.975,0.6407,MEAN_CROSS,0.0008571090426213734,1.72984,17
2022-04-01 08:00:00+00:00,2022-04-03 21:00:00+00:00,-1,0.0008904329773393727,9.786332156880295e-05,2.8708,0.4386,MEAN_CROSS,0.0007925696557705697,1.599585,13
2022-04-05 04:00:00+00:00,2022-04-05 16:00:00+00:00,-1,0.0016806818705011883,-0.0015167938289993854,3.475,-2.0225,MEAN_CROSS,0.0031974756995005738,6.45323,12
2022-04-07 17:00:00+00:00,2022-04-08 06:00:00+00:00,-1,0.00044585442715761037,-0.00019738102163890936,2.5181,-0.2046,MEAN_CROSS,0.0006432354487965197,1.298195,13
2022-04-08 07:00:00+00:00,2022-04-08 20:00:00+00:00,1,-0.001353644377594776,0.0005051342172894824,-4.3542,1.5564,MEAN_CROSS,0.0018587785948842583,3.751436,13
2022-04-13 04:00:00+00:00,2022-04-13 16:00:00+00:00,1,-0.002102332422831532,0.00040521284619432496,-3.6892,0.7432,MEAN_CROSS,0.002507545269025857,4.358279,12
2022-04-14 13:00:00+00:00,2022-04-15 08:00:00+00:00,1,-0.001295494332105518,0.0002453465819631795,-2.1262,0.8657,MEAN_CROSS,0.0015408409140686974,2.678083,19
2022-04-17 22:00:00+00:00,2022-04-18 11:00:00+00:00,-1,0.0004198229713442414,-0.0002480626870818847,2.2216,-0.1824,MEAN_CROSS,0.0006678856584261261,1.160829,13
2022-04-19 07:00:00+00:00,2022-04-19 19:00:00+00:00,-1,0.00090137963357384,3.915880035421093e-05,2.5331,0.1554,MEAN_CROSS,0.0008622208332196291,1.498597,12
2022-04-20 01:00:00+00:00,2022-04-20 13:00:00+00:00,-1,0.0010995310052833718,-2.3329224607793186e-05,2.3043,-0.4756,MEAN_CROSS,0.001122860229891165,1.951605,12
2022-04-20 22:00:00+00:00,2022-04-22 10:00:00+00:00,1,-0.0021042149291692347,8.831053796654054e-05,-5.6655,0.856,MEAN_CROSS,0.0021925254671357752,3.810754,36
2022-04-22 14:00:00+00:00,2022-04-25 07:00:00+00:00,1,-0.0017835544859912122,0.0014564348406956862,-2.2607,3.9854,MEAN_CROSS,0.0032399893266868984,5.631315,17
2022-04-25 11:00:00+00:00,2022-04-25 23:00:00+00:00,-1,0.0009890254632940465,-4.898700283018087e-05,2.1413,0.0705,MEAN_CROSS,0.0010380124661242274,1.804134,12
2022-04-26 14:00:00+00:00,2022-04-27 04:00:00+00:00,1,-0.0016346141431516914,0.0007364039715297421,-3.9088,1.7157,MEAN_CROSS,0.0023710181146814335,4.120986,14
2022-04-27 14:00:00+00:00,2022-04-28 06:00:00+00:00,1,-0.0019400869745810345,0.00020831150681666077,-2.7996,0.786,MEAN_CROSS,0.0021483984813976953,3.734058,16
2022-04-28 07:00:00+00:00,2022-04-28 22:00:00+00:00,-1,0.001530723389402855,-7.692127928837778e-06,2.689,0.3679,MEAN_CROSS,0.0015384155173316927,2.673868,15
2022-04-29 14:00:00+00:00,2022-05-02 06:00:00+00:00,1,-0.0016555916576126428,0.0005808005303372665,-2.5165,1.1151,MEAN_CROSS,0.0022363921879499093,3.886997,16
2022-05-03 00:00:00+00:00,2022-05-03 13:00:00+00:00,-1,0.0015516479003023775,8.9560467496419e-05,3.0521,0.1027,MEAN_CROSS,0.0014620874328059585,2.059197,13
2022-05-04 13:00:00+00:00,2022-05-05 01:00:00+00:00,1,-0.0008897373254612706,0.0011012922381481438,-2.1687,0.6158,MEAN_CROSS,0.0019910295636094144,2.804156,12
2022-05-05 15:00:00+00:00,2022-05-06 03:00:00+00:00,1,-0.003052824305481816,0.00011943023238270012,-2.3327,0.5276,MEAN_CROSS,0.003172254537864516,4.467787,12
2022-05-09 00:00:00+00:00,2022-05-09 12:00:00+00:00,1,-0.0013621546101886262,0.0007889054938411411,-2.2961,1.5875,MEAN_CROSS,0.0021510601040297672,3.029542,12
2022-05-10 00:00:00+00:00,2022-05-10 17:00:00+00:00,1,-0.0016805301892092173,0.0005950816899003009,-2.5349,1.1882,MEAN_CROSS,0.002275611879109518,3.20496,17
2022-05-11 08:00:00+00:00,2022-05-11 20:00:00+00:00,-1,0.0012451749081335839,-0.000295401716669752,2.0087,-0.2304,MEAN_CROSS,0.001540576624803336,2.16974,12
2022-05-13 20:00:00+00:00,2022-05-16 09:00:00+00:00,-1,0.0012534477104176878,0.00011372096361361717,2.9268,0.1854,MEAN_CROSS,0.0011397267468040706,1.605185,13
2022-05-17 08:00:00+00:00,2022-05-17 20:00:00+00:00,-1,0.001555145993345941,0.0002356139586848771,2.1723,-0.0811,MEAN_CROSS,0.001319532034661064,1.858422,12
2022-05-18 13:00:00+00:00,2022-05-19 02:00:00+00:00,1,-0.0008294909062440681,0.0013205581950731515,-2.0136,3.5322,MEAN_CROSS,0.0021500491013172196,3.028118,13
2022-05-19 03:00:00+00:00,2022-05-19 16:00:00+00:00,-1,0.0012369780783728634,0.0005246827675320365,2.7713,0.4285,MEAN_CROSS,0.000712295310840827,1.003193,13
2022-05-20 20:00:00+00:00,2022-05-23 08:00:00+00:00,-1,0.001262317513399669,0.00040849822400024216,2.1237,0.0197,MEAN_CROSS,0.0008538192893994268,1.191214,12
2022-05-25 01:00:00+00:00,2022-05-25 18:00:00+00:00,1,-0.0013662814938795176,0.0009150726321177638,-2.5327,0.717,MEAN_CROSS,0.0022813541259972814,3.182852,17
2022-05-27 01:00:00+00:00,2022-05-27 14:00:00+00:00,-1,0.0013630174137596596,0.0003971066855983363,2.6358,0.3255,MEAN_CROSS,0.0009659107281613233,1.347599,13
2022-05-30 07:00:00+00:00,2022-05-31 12:00:00+00:00,1,-0.000692413807889869,-0.001883115510620148,-2.0118,-3.9752,STOP_LOSS,-0.001190701702730279,-1.661218,29
2022-06-01 12:00:00+00:00,2022-06-02 00:00:00+00:00,-1,0.0012403456015857017,6.570068394884387e-05,2.7851,0.3733,MEAN_CROSS,0.0011746449176368579,1.638816,12
2022-06-03 09:00:00+00:00,2022-06-06 02:00:00+00:00,1,-0.0006783302865325247,-2.310828633611539e-05,-2.3307,0.5772,MEAN_CROSS,0.0006552220001964093,0.914139,17
2022-06-06 07:00:00+00:00,2022-06-06 19:00:00+00:00,-1,0.0007734952260416428,-6.110876704190638e-05,2.7639,0.2422,MEAN_CROSS,0.0008346039930835492,1.164405,12
2022-06-07 05:00:00+00:00,2022-06-07 17:00:00+00:00,1,-0.0012305406867605395,5.528106841301561e-05,-2.0502,0.5474,MEAN_CROSS,0.0012858217551735551,1.793926,12
2022-06-07 18:00:00+00:00,2022-06-08 06:00:00+00:00,-1,0.0010614008407974218,-0.00037605070312818345,2.1464,-0.308,MEAN_CROSS,0.0014374515439256053,2.005473,12
2022-06-10 05:00:00+00:00,2022-06-10 17:00:00+00:00,-1,0.0010993568251286279,-0.00068955922907743,2.6615,-0.6011,MEAN_CROSS,0.0017889160542060578,3.974413,12
2022-06-15 19:00:00+00:00,2022-06-16 07:00:00+00:00,-1,0.0018097328454927952,-0.0013126328988086744,3.1027,-2.7142,MEAN_CROSS,0.0031223657443014696,6.936921,12
2022-06-16 15:00:00+00:00,2022-06-17 03:00:00+00:00,-1,0.003042810024295406,-0.0007949802914246629,3.8787,-0.9799,MEAN_CROSS,0.003837790315720069,8.526371,12
2022-06-21 07:00:00+00:00,2022-06-21 19:00:00+00:00,-1,0.0010208392377379916,-0.0006164023113121031,2.1866,-1.0279,MEAN_CROSS,0.0016372415490500947,3.637439,12
2022-06-22 00:00:00+00:00,2022-06-22 12:00:00+00:00,1,-0.0013578522545334426,0.0003122687300362026,-2.6495,1.1186,MEAN_CROSS,0.0016701209845696452,3.710487,12
2022-06-22 13:00:00+00:00,2022-06-23 01:00:00+00:00,-1,0.001491966858131688,-0.0008397149570410489,2.9995,-0.7825,MEAN_CROSS,0.002331681815172737,5.180269,12
2022-06-23 13:00:00+00:00,2022-06-24 01:00:00+00:00,-1,0.0018386945458871429,0.00028421063248584844,2.9185,0.4051,MEAN_CROSS,0.0015544839134012944,3.453578,12
2022-06-27 00:00:00+00:00,2022-06-27 13:00:00+00:00,1,-0.0006203905077256655,0.0005382558296911366,-2.0529,1.4266,MEAN_CROSS,0.0011586463374168021,2.57415,13
2022-06-29 01:00:00+00:00,2022-06-29 13:00:00+00:00,-1,0.0006222967745309615,-0.0007113992368038558,2.7079,-0.7958,MEAN_CROSS,0.0013336960113348173,2.963056,12
2022-06-30 08:00:00+00:00,2022-06-30 20:00:00+00:00,-1,0.0009224611997337151,-8.186616102778821e-05,2.2258,-0.4605,MEAN_CROSS,0.0010043273607615033,2.061592,12
2022-07-01 03:00:00+00:00,2022-07-01 15:00:00+00:00,1,-0.0023296134386942002,0.0008629878811801106,-4.8615,1.5548,MEAN_CROSS,0.003192601319874311,6.553482,12
2022-07-04 13:00:00+00:00,2022-07-05 01:00:00+00:00,1,-0.0009768520889466004,0.00043912215091757023,-2.0326,0.7658,MEAN_CROSS,0.0014159742398641706,2.906583,12
2022-07-05 07:00:00+00:00,2022-07-05 19:00:00+00:00,1,-0.0016199150199543988,0.0009632424011222218,-3.0509,1.7226,MEAN_CROSS,0.0025831574210766206,5.302471,12
2022-07-06 14:00:00+00:00,2022-07-07 02:00:00+00:00,1,-0.001300317452123334,0.001196120705094006,-2.0062,2.5999,MEAN_CROSS,0.00249643815721734,5.124462,12
2022-07-08 12:00:00+00:00,2022-07-11 15:00:00+00:00,1,-0.0011391654597455725,0.0003252827088952026,-3.4301,0.8114,MEAN_CROSS,0.001464448168640775,3.006086,27
2022-07-12 12:00:00+00:00,2022-07-13 00:00:00+00:00,-1,0.0010075708011551,-0.00016722436770566507,2.3602,-0.5667,MEAN_CROSS,0.001174795168860765,2.411513,12
2022-07-13 12:00:00+00:00,2022-07-14 02:00:00+00:00,1,-0.0023494527421284994,0.00030165105556023697,-7.1358,0.6106,MEAN_CROSS,0.0026511037976887364,5.441945,14
2022-07-14 15:00:00+00:00,2022-07-15 03:00:00+00:00,-1,0.0015198972059324856,-0.00015602363383904194,2.2776,-0.5312,MEAN_CROSS,0.0016759208397715275,3.440178,12
2022-07-17 23:00:00+00:00,2022-07-18 11:00:00+00:00,-1,0.0016154871050615416,-0.00036061432296707885,3.8434,-0.7311,MEAN_CROSS,0.0019761014280286204,4.056362,12
2022-07-20 16:00:00+00:00,2022-07-21 04:00:00+00:00,1,-0.0010197480440505835,0.0007782567231079396,-2.0228,1.4585,MEAN_CROSS,0.001798004767158523,2.370035,12
2022-07-21 07:00:00+00:00,2022-07-21 19:00:00+00:00,1,-0.0012847376966962365,0.0010162101589815675,-2.3741,2.0822,MEAN_CROSS,0.002300947855677804,3.032988,12
2022-07-21 20:00:00+00:00,2022-07-22 08:00:00+00:00,-1,0.0014723550076092273,0.0002386054196291676,2.638,0.3206,MEAN_CROSS,0.0012337495879800597,1.626264,12
2022-07-22 11:00:00+00:00,2022-07-24 23:00:00+00:00,-1,0.0014547740476034132,-0.0007057339385440065,2.0749,-1.2264,MEAN_CROSS,0.0021605079861474197,2.847868,12
2022-07-27 09:00:00+00:00,2022-07-27 22:00:00+00:00,-1,0.0004546615783163066,0.0003474725431328318,2.0018,0.4135,MEAN_CROSS,0.00010718903518347478,0.141291,13
2022-07-29 08:00:00+00:00,2022-08-01 01:00:00+00:00,1,-0.0006057023353686075,0.00042835237157723416,-2.2751,0.5064,MEAN_CROSS,0.0010340547069458417,1.363036,17
2022-08-02 04:00:00+00:00,2022-08-03 01:00:00+00:00,1,-0.0008118728741071113,2.9820955032122676e-05,-2.4544,0.9242,MEAN_CROSS,0.000841693829139234,1.109476,21
2022-08-03 03:00:00+00:00,2022-08-03 21:00:00+00:00,-1,0.0013920945790467654,0.0002163248628149761,3.1902,0.4647,MEAN_CROSS,0.0011757697162317893,1.549838,18
2022-08-04 11:00:00+00:00,2022-08-05 06:00:00+00:00,1,-0.0006995907474592888,0.0008398144612817848,-2.4573,1.8007,MEAN_CROSS,0.0015394052087410737,2.029163,19
2022-08-05 12:00:00+00:00,2022-08-08 01:00:00+00:00,1,-0.0031079592021596714,0.0005273431940296947,-8.3502,1.1195,MEAN_CROSS,0.003635302396189366,4.791864,13
2022-08-09 11:00:00+00:00,2022-08-10 01:00:00+00:00,1,-0.0008154156366807497,0.0003350768728525022,-2.129,1.052,MEAN_CROSS,0.0011504925095332519,1.389603,14
2022-08-10 08:00:00+00:00,2022-08-10 20:00:00+00:00,-1,0.0008245239611648358,-0.0006286091695846263,2.5036,-1.2568,MEAN_CROSS,0.0014531331307494622,1.755143,12
2022-08-15 02:00:00+00:00,2022-08-15 14:00:00+00:00,1,-0.0010396530386935776,0.0004925388983195722,-2.55,1.3759,MEAN_CROSS,0.0015321919370131498,1.850632,12
2022-08-16 09:00:00+00:00,2022-08-16 21:00:00+00:00,1,-0.0013438088260365744,3.711036039266702e-05,-2.1802,0.6136,MEAN_CROSS,0.0013809191864292414,1.66792,12
2022-08-17 02:00:00+00:00,2022-08-17 14:00:00+00:00,-1,0.000893496709495567,-0.0007452426308750537,2.6509,-0.7199,MEAN_CROSS,0.0016387393403706207,1.979324,12
2022-08-18 09:00:00+00:00,2022-08-18 21:00:00+00:00,-1,0.0010065283107822953,-0.0001050977622479854,2.1974,-0.0373,MEAN_CROSS,0.0011116260730302807,1.342659,12
2022-08-21 21:00:00+00:00,2022-08-22 10:00:00+00:00,-1,0.00039990160351699444,-8.63145641473162e-05,2.0239,0.1221,MEAN_CROSS,0.00048621616766431064,0.587268,13
2022-08-23 13:00:00+00:00,2022-08-24 01:00:00+00:00,-1,0.001545721896480945,-0.0008985202301747819,4.2193,-1.8068,MEAN_CROSS,0.002444242126655727,2.952237,12
2022-08-25 01:00:00+00:00,2022-08-25 13:00:00+00:00,-1,0.0007624185223871205,-0.0006645870971800916,2.0259,-1.7331,MEAN_CROSS,0.001427005619567212,1.723585,12
2022-08-29 12:00:00+00:00,2022-08-30 00:00:00+00:00,-1,0.0012586530313550837,-0.00014761747829594718,2.4062,-0.2379,MEAN_CROSS,0.0014062705096510308,2.340097,12
2022-08-30 08:00:00+00:00,2022-08-30 20:00:00+00:00,-1,0.001764156372143777,-0.00044883052009392355,3.6654,-0.9887,MEAN_CROSS,0.0022129868922377005,3.682509,12
2022-09-01 07:00:00+00:00,2022-09-02 00:00:00+00:00,-1,0.000793746952667207,-0.00023850726743845918,2.2863,-0.1123,MEAN_CROSS,0.0010322542201056661,1.717717,17
2022-09-02 14:00:00+00:00,2022-09-05 02:00:00+00:00,-1,0.0013476059198910262,-0.00019375586594150285,2.2796,-0.4148,MEAN_CROSS,0.001541361785832529,2.564895,12
2022-09-06 00:00:00+00:00,2022-09-06 12:00:00+00:00,-1,0.001060339268424415,-0.0008073589205706,2.8955,-1.5641,MEAN_CROSS,0.001867698188995015,3.107933,12
2022-09-06 14:00:00+00:00,2022-09-07 04:00:00+00:00,1,-0.00132222633124357,3.431335297998661e-05,-2.3426,0.711,MEAN_CROSS,0.0013565396842235566,2.257343,14
2022-09-07 07:00:00+00:00,2022-09-07 21:00:00+00:00,-1,0.0007963769278127586,0.00028842463124889584,2.48,0.42,MEAN_CROSS,0.0005079522965638628,0.845255,14
2022-09-09 08:00:00+00:00,2022-09-09 20:00:00+00:00,-1,0.001554132319191437,-0.00020525129097903605,2.5259,-0.6031,MEAN_CROSS,0.001759383610170473,2.927693,12
2022-09-12 07:00:00+00:00,2022-09-12 19:00:00+00:00,-1,0.0013774707512698159,-0.0004790445109491559,2.0554,-1.2703,MEAN_CROSS,0.0018565152622189718,3.089324,12
2022-09-13 12:00:00+00:00,2022-09-14 00:00:00+00:00,1,-0.004608988554197224,0.000454170527394715,-9.5645,0.8633,MEAN_CROSS,0.005063159081591939,8.425323,12
2022-09-16 03:00:00+00:00,2022-09-16 16:00:00+00:00,-1,0.0008128203625741293,0.00015215821816172426,2.3185,0.3735,MEAN_CROSS,0.000660662144412405,1.46326,13
2022-09-20 01:00:00+00:00,2022-09-20 13:00:00+00:00,1,-0.0010569602550005719,0.00012786709736445356,-2.1992,0.9679,MEAN_CROSS,0.0011848273523650255,2.624201,12
2022-09-20 14:00:00+00:00,2022-09-21 02:00:00+00:00,-1,0.0006580295825486804,2.3971149368362532e-05,2.1386,0.4107,MEAN_CROSS,0.0006340584331803178,1.404337,12
2022-09-21 18:00:00+00:00,2022-09-22 06:00:00+00:00,-1,0.0011811686367702023,-0.0005421825867520935,4.2331,-0.7453,MEAN_CROSS,0.0017233512235222959,3.816945,12
2022-09-22 08:00:00+00:00,2022-09-22 20:00:00+00:00,-1,0.0019274792433063848,0.0001400718961255265,4.3782,0.3021,MEAN_CROSS,0.0017874073471808583,3.958819,12
2022-09-23 10:00:00+00:00,2022-09-26 00:00:00+00:00,1,-0.0017759261636355328,-0.002463678714807793,-2.8875,-3.8849,STOP_LOSS,-0.0006877525511722604,-1.523261,14
2022-09-26 15:00:00+00:00,2022-09-27 04:00:00+00:00,1,-0.0017768113790637141,0.0002832474575600319,-2.04,0.5363,MEAN_CROSS,0.002060058836623746,4.562698,13
2022-09-28 02:00:00+00:00,2022-09-28 14:00:00+00:00,1,-0.0018040990934247159,0.0006461140642948227,-2.2731,1.0535,MEAN_CROSS,0.0024502131577195385,5.426826,12
2022-09-28 15:00:00+00:00,2022-09-29 03:00:00+00:00,-1,0.0021451564505718945,-0.00039983623690875714,2.8852,-0.6595,MEAN_CROSS,0.0025449926874806517,5.636748,12
2022-09-29 12:00:00+00:00,2022-10-02 22:00:00+00:00,1,-0.0011906487895297913,0.0001615855468801719,-2.0263,0.5991,MEAN_CROSS,0.0013522343364099632,2.994981,34
2022-10-03 05:00:00+00:00,2022-10-03 18:00:00+00:00,-1,0.0012991514580489305,0.00023316991177324553,2.6649,0.3218,MEAN_CROSS,0.001065981546275685,2.360977,13
2022-10-04 02:00:00+00:00,2022-10-04 14:00:00+00:00,1,-0.0008754134866035823,0.0011800657326956898,-2.4663,1.6221,MEAN_CROSS,0.002055479219299272,4.552554,12
2022-10-05 01:00:00+00:00,2022-10-05 13:00:00+00:00,-1,0.002315246963083606,-0.0002461672616922428,3.6247,-0.2074,MEAN_CROSS,0.0025614142247758487,5.673119,12
2022-10-05 23:00:00+00:00,2022-10-06 11:00:00+00:00,-1,0.0017501021417780649,-0.000593790870510924,2.1994,-0.6959,MEAN_CROSS,0.002343893012288989,3.186132,12
2022-10-10 01:00:00+00:00,2022-10-10 13:00:00+00:00,-1,0.000766517775539266,-0.00031247210404661274,2.0726,0.0546,MEAN_CROSS,0.0010789898795858788,1.466707,12
2022-10-11 11:00:00+00:00,2022-10-11 23:00:00+00:00,-1,0.0013644902159132277,-0.0003702336370061676,2.5015,-0.8414,MEAN_CROSS,0.0017347238529193953,2.358068,12
2022-10-13 06:00:00+00:00,2022-10-13 18:00:00+00:00,1,-0.000634075436051873,0.0005910526869652433,-2.3521,0.7261,MEAN_CROSS,0.0012251281230171163,1.665357,12
2022-10-14 13:00:00+00:00,2022-10-17 01:00:00+00:00,1,-0.0016119253500312958,0.0005278961336705468,-2.3265,1.0283,MEAN_CROSS,0.0021398214837018426,2.90873,12
2022-10-18 00:00:00+00:00,2022-10-18 13:00:00+00:00,-1,0.0010400509057906238,-9.733354154350948e-05,2.1811,-0.9413,MEAN_CROSS,0.0011373844473341332,1.546084,13
2022-10-18 15:00:00+00:00,2022-10-19 14:00:00+00:00,1,-0.0008420988207148428,0.0011010637821192715,-2.1888,2.1723,MEAN_CROSS,0.0019431626028341142,2.641406,23
2022-10-20 01:00:00+00:00,2022-10-20 13:00:00+00:00,1,-0.0009835384237830702,0.00036527475276137977,-2.2338,0.6338,MEAN_CROSS,0.00134881317654445,1.833487,12
2022-10-20 14:00:00+00:00,2022-10-21 02:00:00+00:00,-1,0.0016483818704844388,-9.9979089207336e-05,2.6994,-0.1677,MEAN_CROSS,0.0017483609596917749,2.376605,12
2022-10-21 13:00:00+00:00,2022-10-24 01:00:00+00:00,-1,0.0020277744073933235,-0.0003570842774514027,3.2204,-0.6765,MEAN_CROSS,0.002384858684844726,3.241818,12
2022-10-26 07:00:00+00:00,2022-10-26 19:00:00+00:00,-1,0.0017254573548097785,0.00024055572509862344,2.6025,-0.2438,MEAN_CROSS,0.001484901629711155,2.692157,12
2022-10-27 08:00:00+00:00,2022-10-28 01:00:00+00:00,1,-0.0008877153758474199,0.0013687662591541638,-2.4327,2.4976,MEAN_CROSS,0.0022564816350015837,4.091047,17
2022-10-28 02:00:00+00:00,2022-10-28 14:00:00+00:00,-1,0.0014379174847356513,0.0002275531735407288,2.329,0.4845,MEAN_CROSS,0.0012103643111949225,2.194415,12
2022-11-01 14:00:00+00:00,2022-11-02 02:00:00+00:00,1,-0.0013108752183095262,0.0006113036582449105,-3.1393,0.962,MEAN_CROSS,0.0019221788765544368,3.484949,12
2022-11-03 07:00:00+00:00,2022-11-03 19:00:00+00:00,1,-0.0012002230826024807,3.187598363307842e-05,-2.8756,0.5976,MEAN_CROSS,0.001232099066235559,2.233821,12
2022-11-04 18:00:00+00:00,2022-11-07 07:00:00+00:00,-1,0.0013991142833917891,-0.000599527436211833,2.4093,-1.3229,MEAN_CROSS,0.001998641719603622,3.623578,12
2022-11-08 05:00:00+00:00,2022-11-09 14:00:00+00:00,1,-0.0006507607936343529,0.0002128913843653102,-2.1159,0.6066,MEAN_CROSS,0.0008636521779996631,1.565819,33
2022-11-10 13:00:00+00:00,2022-11-11 01:00:00+00:00,-1,0.00317217418181448,-0.0007685726845434449,6.8655,-1.0385,MEAN_CROSS,0.003940746866357925,7.144654,12
2022-11-13 22:00:00+00:00,2022-11-14 15:00:00+00:00,1,-0.001556555546341265,0.0010422103365088642,-3.3128,1.1916,MEAN_CROSS,0.002598765882850129,4.711615,17
2022-11-15 07:00:00+00:00,2022-11-15 19:00:00+00:00,-1,0.001706659552624279,0.0006624222215050324,3.06,0.4941,MEAN_CROSS,0.0010442373311192465,1.413918,12
2022-11-16 00:00:00+00:00,2022-11-16 14:00:00+00:00,1,-0.0010864605122238302,0.0009293938823711212,-2.3975,1.4014,MEAN_CROSS,0.0020158543945949514,2.729507,14
2022-11-17 09:00:00+00:00,2022-11-17 21:00:00+00:00,1,-0.0011247354214769523,0.0004870803263965495,-2.7462,0.8974,MEAN_CROSS,0.0016118157478735018,2.182431,12
2022-11-22 01:00:00+00:00,2022-11-22 13:00:00+00:00,-1,0.000694897087575086,-0.00013746602813613507,2.518,-0.5016,MEAN_CROSS,0.000832363115711221,1.127036,12
2022-11-23 00:00:00+00:00,2022-11-23 13:00:00+00:00,1,-0.000562605967876495,0.0007635252171243057,-2.1562,1.1863,MEAN_CROSS,0.0013261311850008006,1.795608,13
2022-11-23 14:00:00+00:00,2022-11-24 02:00:00+00:00,-1,0.0024023351491353484,0.0003342699791013537,4.6734,-0.155,MEAN_CROSS,0.0020680651700339947,2.800202,12
2022-11-27 22:00:00+00:00,2022-11-28 10:00:00+00:00,1,-0.0013658078258538264,0.00027856911361134884,-3.6492,0.5603,MEAN_CROSS,0.0016443769394651753,2.22652,12
2022-11-29 07:00:00+00:00,2022-11-29 19:00:00+00:00,-1,0.0011684349251590564,-0.0005283505885365081,2.1116,-0.9583,MEAN_CROSS,0.0016967855136955645,2.297482,12
2022-11-30 13:00:00+00:00,2022-12-01 03:00:00+00:00,1,-0.001129474422864929,0.0007038521874647152,-2.9093,0.6521,MEAN_CROSS,0.0018333266103296442,2.482361,14
2022-12-01 14:00:00+00:00,2022-12-02 02:00:00+00:00,-1,0.0019848541370937056,0.000420729520315577,2.3469,0.0331,MEAN_CROSS,0.0015641246167781286,2.117856,12
2022-12-04 22:00:00+00:00,2022-12-05 12:00:00+00:00,1,-0.0011680367953275095,0.0005329244987575255,-2.2121,0.5896,MEAN_CROSS,0.001700961294085035,2.423711,14
2022-12-05 15:00:00+00:00,2022-12-06 08:00:00+00:00,1,-0.0018896825134950834,0.0003848563633415125,-2.4673,0.9126,MEAN_CROSS,0.002274538876836596,3.241005,17
2022-12-07 08:00:00+00:00,2022-12-07 20:00:00+00:00,-1,0.0010742304575988015,-9.788881781602754e-05,2.2121,-0.5147,MEAN_CROSS,0.001172119275414829,1.67016,12
2022-12-09 01:00:00+00:00,2022-12-09 18:00:00+00:00,-1,0.0012415224931225932,0.00045743902216033305,3.5291,0.4651,MEAN_CROSS,0.0007840834709622602,1.117246,17
2022-12-11 23:00:00+00:00,2022-12-12 23:00:00+00:00,1,-0.0009172992108079647,0.0002235742291916143,-2.8533,0.6345,MEAN_CROSS,0.001140873439999579,1.625638,24
2022-12-13 13:00:00+00:00,2022-12-14 01:00:00+00:00,-1,0.00361856163176677,-0.00036999600541309796,6.9853,-0.5725,MEAN_CROSS,0.003988557637179868,5.683321,12
2022-12-15 07:00:00+00:00,2022-12-15 19:00:00+00:00,1,-0.0011156019928002525,0.0003757853512436071,-2.9276,0.8976,MEAN_CROSS,0.0014913873440438596,2.125087,12
2022-12-19 11:00:00+00:00,2022-12-20 06:00:00+00:00,1,-0.0008402182791125146,0.00010816988162276608,-2.3034,0.9434,MEAN_CROSS,0.0009483881607352806,1.351364,19
2022-12-20 08:00:00+00:00,2022-12-20 22:00:00+00:00,-1,0.0015084958404532056,-0.0001447558947369476,4.431,0.0647,MEAN_CROSS,0.0016532517351901532,2.355729,14
2022-12-23 02:00:00+00:00,2022-12-23 15:00:00+00:00,-1,0.0010462404451920815,-0.00032876190197650423,2.2687,-0.3423,MEAN_CROSS,0.0013750023471685857,2.54891,13
2022-12-26 01:00:00+00:00,2022-12-26 16:00:00+00:00,1,-0.0008925239059971446,0.0008606428820323586,-2.201,2.1557,MEAN_CROSS,0.0017531667880295032,3.249933,15
2022-12-26 22:00:00+00:00,2022-12-27 18:00:00+00:00,1,-0.0008053067650852785,0.0005708876845831323,-2.0776,1.2869,MEAN_CROSS,0.0013761944496684109,2.55112,20
2022-12-28 07:00:00+00:00,2022-12-28 19:00:00+00:00,-1,0.0011860048942702317,0.0001696853355908079,2.3848,-0.0139,MEAN_CROSS,0.0010163195586794238,1.884002,12
2022-12-29 07:00:00+00:00,2022-12-30 08:00:00+00:00,1,-0.000743753738295938,0.0004386140082688339,-2.1477,1.0056,MEAN_CROSS,0.001182367746564772,2.191814,25
2022-12-30 15:00:00+00:00,2023-01-02 06:00:00+00:00,1,-0.0010645078416053888,0.000546417867435034,-2.2662,1.2936,MEAN_CROSS,0.0016109257090404228,2.986253,12
2023-01-03 02:00:00+00:00,2023-01-03 15:00:00+00:00,-1,0.0013990411384126045,0.00032426486885683836,3.0454,0.4729,MEAN_CROSS,0.001074776269555766,1.992366,13
2023-01-05 13:00:00+00:00,2023-01-06 03:00:00+00:00,1,-0.002676003957070794,0.0008287415698551293,-3.3377,1.4368,MEAN_CROSS,0.003504745526925923,6.496921,14
2023-01-06 15:00:00+00:00,2023-01-09 03:00:00+00:00,-1,0.0031758114819213645,0.00030800024118193825,4.4155,-0.1336,MEAN_CROSS,0.0028678112407394263,5.316204,12
2023-01-10 12:00:00+00:00,2023-01-11 04:00:00+00:00,1,-0.001248093936470962,0.0005608060450754682,-2.9447,1.3203,MEAN_CROSS,0.0018088999815464302,3.353248,16
2023-01-12 06:00:00+00:00,2023-01-12 18:00:00+00:00,1,-0.0008940636206551389,0.0010811226716886946,-2.1781,1.3717,MEAN_CROSS,0.0019751862923438335,4.978325,12
2023-01-16 08:00:00+00:00,2023-01-16 23:00:00+00:00,1,-0.0011030956129265412,0.0003465003624465446,-2.0926,0.5445,MEAN_CROSS,0.0014495959753730858,3.65361,15
2023-01-17 10:00:00+00:00,2023-01-18 01:00:00+00:00,1,-0.0010864493867055458,0.0012392619564021157,-2.7109,2.4876,MEAN_CROSS,0.0023257113431076615,5.8618,15
2023-01-18 13:00:00+00:00,2023-01-19 01:00:00+00:00,-1,0.001707780678870785,-0.00046433554032554447,2.8323,-1.0231,MEAN_CROSS,0.0021721162191963295,5.474674,12
2023-01-20 08:00:00+00:00,2023-01-20 20:00:00+00:00,-1,0.001012446672902012,0.00011455289689021875,2.3528,-0.3099,MEAN_CROSS,0.0008978937760117933,2.263081,12
2023-01-23 13:00:00+00:00,2023-01-24 02:00:00+00:00,1,-0.0008759830841111871,0.0009784803929673291,-2.2699,2.1088,MEAN_CROSS,0.0018544634770785162,4.674052,13
2023-01-24 09:00:00+00:00,2023-01-25 06:00:00+00:00,1,-0.000978513917243573,0.00028163376702616816,-2.3053,0.5702,MEAN_CROSS,0.0012601476842697412,3.176118,21
2023-01-25 13:00:00+00:00,2023-01-26 01:00:00+00:00,1,-0.001411888069777767,0.00044251058490996087,-2.6311,1.0683,MEAN_CROSS,0.0018543986546877278,4.673888,12
2023-01-26 15:00:00+00:00,2023-01-27 13:00:00+00:00,1,-0.001093959471092365,0.0001910542972132223,-2.311,0.8004,MEAN_CROSS,0.0012850137683055873,3.238792,22
2023-02-01 19:00:00+00:00,2023-02-02 07:00:00+00:00,-1,0.002246758970417817,-0.0003149393782810872,4.2752,-1.1092,MEAN_CROSS,0.0025616983486989042,4.951211,12
2023-02-02 14:00:00+00:00,2023-02-03 05:00:00+00:00,1,-0.0012865557115486759,0.00032013411095555,-2.3581,0.6328,MEAN_CROSS,0.0016066898225042259,3.105385,15
2023-02-03 13:00:00+00:00,2023-02-06 01:00:00+00:00,1,-0.003712859395377466,1.7157472981477184e-05,-8.5591,0.6244,MEAN_CROSS,0.003730016868358943,7.209319,12
2023-02-07 17:00:00+00:00,2023-02-08 05:00:00+00:00,-1,0.0022032844742918556,-0.00020633714227535904,4.5621,-0.4149,MEAN_CROSS,0.0024096216165672146,4.65728,12
2023-02-09 01:00:00+00:00,2023-02-09 14:00:00+00:00,-1,0.0008092816998344077,1.155191450430415e-05,2.8666,-0.525,MEAN_CROSS,0.0007977297853301035,1.54184,13
2023-02-09 15:00:00+00:00,2023-02-10 07:00:00+00:00,1,-0.0007705872432437477,0.0008727729820185992,-2.4099,1.5145,MEAN_CROSS,0.001643360225262347,3.176261,16
2023-02-10 15:00:00+00:00,2023-02-13 03:00:00+00:00,1,-0.0014725025960120597,7.538866729395188e-05,-2.8544,0.6874,MEAN_CROSS,0.0015478912633060116,2.99174,12
2023-02-13 07:00:00+00:00,2023-02-13 19:00:00+00:00,-1,0.000959314649780385,-9.923554261481726e-05,2.207,-0.2173,MEAN_CROSS,0.0010585501923952023,2.04595,12
2023-02-14 02:00:00+00:00,2023-02-14 17:00:00+00:00,1,-0.0014131815656133195,0.00022177673209444748,-4.6674,0.5252,MEAN_CROSS,0.001634958297707767,3.160022,15
2023-02-15 02:00:00+00:00,2023-02-15 15:00:00+00:00,1,-0.0008645813513958878,2.274089224529874e-05,-2.0445,0.685,MEAN_CROSS,0.0008873222436411865,1.715003,13
2023-02-16 02:00:00+00:00,2023-02-16 14:00:00+00:00,-1,0.0008669868804396241,-0.0008267735775673302,2.726,-1.8712,MEAN_CROSS,0.0016937604580069543,3.273674,12
2023-02-17 15:00:00+00:00,2023-02-20 03:00:00+00:00,-1,0.0006844366574172422,-6.20477732824476e-05,2.3824,0.0246,MEAN_CROSS,0.0007464844306996898,1.442794,12
2023-02-21 06:00:00+00:00,2023-02-21 21:00:00+00:00,1,-0.0013056358169172277,0.000149962173534246,-4.04,0.6672,MEAN_CROSS,0.0014555979904514738,4.057705,15
2023-02-22 02:00:00+00:00,2023-02-22 15:00:00+00:00,-1,0.0007894076031133013,-0.00020071149503542163,2.2079,-0.8863,MEAN_CROSS,0.000990119098148723,2.76011,13
2023-02-22 19:00:00+00:00,2023-02-23 14:00:00+00:00,1,-0.0008192125094679259,0.00044478716792295536,-2.3816,1.1534,MEAN_CROSS,0.0012639996773908813,3.523595,19
2023-02-24 12:00:00+00:00,2023-02-27 00:00:00+00:00,1,-0.0015599840752875682,0.00020749122404095655,-3.8844,0.841,MEAN_CROSS,0.0017674752993285248,4.927111,12
2023-02-27 03:00:00+00:00,2023-02-27 15:00:00+00:00,1,-0.0011715474009994509,0.00023217598233948866,-2.1889,1.0345,MEAN_CROSS,0.0014037233833389395,3.913096,12
2023-02-28 13:00:00+00:00,2023-03-01 02:00:00+00:00,-1,0.0010136683012625936,0.0004475567421393656,2.9619,0.4798,MEAN_CROSS,0.000566111559123228,1.578124,13
2023-03-01 08:00:00+00:00,2023-03-01 20:00:00+00:00,-1,0.0016227683895831957,-0.00023711995701669597,2.0495,-1.0642,MEAN_CROSS,0.0018598883465998917,5.184727,12
2023-03-03 13:00:00+00:00,2023-03-06 01:00:00+00:00,-1,0.0005960794392224633,-3.5608852119173307e-06,2.2338,-0.0263,MEAN_CROSS,0.0005996403244343806,1.67159,12
2023-03-06 08:00:00+00:00,2023-03-06 20:00:00+00:00,1,-0.0012145924457377388,0.0002600496393388996,-3.7717,1.0319,MEAN_CROSS,0.0014746420850766384,4.110793,12
2023-03-07 02:00:00+00:00,2023-03-07 15:00:00+00:00,-1,0.0007768117391541152,-0.0019155414433734697,2.1291,-4.5937,MEAN_CROSS,0.002692353182527585,7.505352,13
2023-03-07 16:00:00+00:00,2023-03-08 04:00:00+00:00,1,-0.001761340391369437,9.064820602722179e-05,-3.3163,0.5341,MEAN_CROSS,0.0018519885973966588,5.162705,12
2023-03-09 04:00:00+00:00,2023-03-09 16:00:00+00:00,-1,0.0008175050225184277,-0.00018831882017755763,2.2457,-0.9673,MEAN_CROSS,0.0010058238426959853,2.80389,12
2023-03-09 19:00:00+00:00,2023-03-10 07:00:00+00:00,1,-0.0007183427030200695,0.0004678931993581381,-2.5896,1.2175,MEAN_CROSS,0.0011862359023782076,3.306816,12
2023-03-13 02:00:00+00:00,2023-03-13 15:00:00+00:00,-1,0.0021299779846720712,0.0004963261533234009,3.4469,0.069,MEAN_CROSS,0.0016336518313486703,2.790896,13
2023-03-15 18:00:00+00:00,2023-03-16 08:00:00+00:00,-1,0.0007003930321349827,-0.00012312923131940767,2.0873,0.2428,MEAN_CROSS,0.0008235222634543904,1.406888,14
2023-03-16 19:00:00+00:00,2023-03-17 07:00:00+00:00,-1,0.0009695866438218514,0.0003837052710419231,2.0981,0.1957,MEAN_CROSS,0.0005858813727799284,1.000907,12
2023-03-20 01:00:00+00:00,2023-03-20 13:00:00+00:00,1,-0.000909592225932232,0.0005585455598142719,-3.3988,1.1359,MEAN_CROSS,0.0014681377857465039,2.508135,12
2023-03-21 08:00:00+00:00,2023-03-21 20:00:00+00:00,1,-0.0013996863081479072,0.0005174888384927856,-3.1841,2.1823,MEAN_CROSS,0.0019171751466406928,3.275261,12
2023-03-22 18:00:00+00:00,2023-03-23 06:00:00+00:00,-1,0.001838041828613246,0.00041350912778981286,5.2396,0.1218,MEAN_CROSS,0.0014245327008234332,2.433641,12
2023-03-23 12:00:00+00:00,2023-03-24 11:00:00+00:00,1,-0.0010454695525076163,0.00011367089537506203,-2.7135,0.7129,MEAN_CROSS,0.0011591404478826783,1.980251,23
2023-03-26 23:00:00+00:00,2023-03-27 12:00:00+00:00,-1,0.0003157296170918089,-0.0006859197744371048,2.0793,-1.3504,MEAN_CROSS,0.0010016493915289137,1.711196,13
2023-03-28 00:00:00+00:00,2023-03-28 13:00:00+00:00,-1,0.0005936723442419023,-2.638601153048814e-05,2.2175,-0.185,MEAN_CROSS,0.0006200583557723904,1.059294,13
2023-03-29 02:00:00+00:00,2023-03-29 14:00:00+00:00,-1,0.0007685440132192412,-0.000427214965787015,2.1064,-0.9958,MEAN_CROSS,0.0011957589790062562,2.042809,12
2023-03-30 05:00:00+00:00,2023-03-30 17:00:00+00:00,-1,0.0005441067107972986,-2.6886163512984673e-05,2.0125,-0.0502,MEAN_CROSS,0.0005709928743102832,0.975472,12
2023-03-31 01:00:00+00:00,2023-03-31 13:00:00+00:00,-1,0.0010872849675132024,0.0001578004889477569,2.2547,0.0116,MEAN_CROSS,0.0009294844785654455,2.273351,12
2023-03-31 17:00:00+00:00,2023-04-03 06:00:00+00:00,1,-0.0008748010534092021,0.0002614128727773668,-2.0515,0.8715,MEAN_CROSS,0.001136213926186569,2.778973,13
2023-04-03 09:00:00+00:00,2023-04-03 21:00:00+00:00,-1,0.0007793737611112572,-7.792645579340896e-05,2.1482,-0.2001,MEAN_CROSS,0.0008573002169046662,2.096801,12
2023-04-04 12:00:00+00:00,2023-04-05 02:00:00+00:00,1,-0.0009019699171852746,0.002540684352754563,-2.1485,5.7111,MEAN_CROSS,0.0034426542699398377,8.420109,14
2023-04-05 03:00:00+00:00,2023-04-05 16:00:00+00:00,-1,0.0015026337742410911,-0.0004520717446329092,2.1771,-0.7181,MEAN_CROSS,0.0019547055188740003,4.780856,13
2023-04-06 12:00:00+00:00,2023-04-07 00:00:00+00:00,1,-0.0014770881352725862,0.0002432414046622533,-2.444,1.3142,MEAN_CROSS,0.0017203295399348395,4.207614,12
2023-04-10 11:00:00+00:00,2023-04-10 23:00:00+00:00,1,-0.0009760489895707103,0.0003078231787498886,-2.775,0.8671,MEAN_CROSS,0.001283872168320599,3.140119,12
2023-04-12 04:00:00+00:00,2023-04-12 16:00:00+00:00,-1,0.0004730185005645815,5.145197827238768e-05,2.0219,0.2596,MEAN_CROSS,0.0004215665222921938,1.031075,12
2023-04-13 12:00:00+00:00,2023-04-14 00:00:00+00:00,-1,0.0019897952713067157,0.0001497391279677851,4.1555,-0.2809,MEAN_CROSS,0.0018400561433389306,4.500444,12
2023-04-14 08:00:00+00:00,2023-04-17 02:00:00+00:00,1,-0.0010704719650650452,6.4925667645932e-05,-2.2334,0.7372,MEAN_CROSS,0.0011353976327109772,2.776977,18
2023-04-18 06:00:00+00:00,2023-04-18 18:00:00+00:00,-1,0.0005917945118878443,0.00016891600638435644,2.1693,0.2765,MEAN_CROSS,0.0004228785055034878,1.034284,12
2023-04-19 01:00:00+00:00,2023-04-19 13:00:00+00:00,1,-0.0004115226086500723,0.0013000445250351822,-2.1143,3.0661,MEAN_CROSS,0.0017115671336852545,4.186183,12
2023-04-19 22:00:00+00:00,2023-04-20 10:00:00+00:00,1,-0.0018635279714283026,0.0007934730178187355,-4.3097,1.3968,MEAN_CROSS,0.002657000989247038,6.07494,12
2023-04-24 07:00:00+00:00,2023-04-24 21:00:00+00:00,-1,0.0006467631694478948,0.00016486570665863454,2.2889,0.118,MEAN_CROSS,0.00048189746278926027,1.101806,14
2023-04-25 07:00:00+00:00,2023-04-25 22:00:00+00:00,1,-0.0005044444888950839,0.0003228850639074299,-2.1409,0.7994,MEAN_CROSS,0.0008273295528025137,1.891598,15
2023-04-26 02:00:00+00:00,2023-04-26 23:00:00+00:00,1,-0.0006321954270409602,0.00010235299673866383,-2.0739,0.7241,MEAN_CROSS,0.000734548423779624,1.679464,21
2023-04-27 01:00:00+00:00,2023-04-27 13:00:00+00:00,-1,0.0006518826720433024,-0.0006499024328318059,2.2865,-1.6419,MEAN_CROSS,0.0013017851048751083,2.976388,12
2023-04-28 11:00:00+00:00,2023-04-30 23:00:00+00:00,-1,0.0008683049803953624,-0.00043954585799477197,2.2003,-1.606,MEAN_CROSS,0.0013078508383901344,2.990257,12
2023-05-01 12:00:00+00:00,2023-05-02 03:00:00+00:00,-1,0.0010453922693375306,-2.8902978877032304e-05,2.3815,0.0006,MEAN_CROSS,0.001074295248214563,2.456258,15
2023-05-02 11:00:00+00:00,2023-05-03 03:00:00+00:00,-1,0.0013654521690634747,7.425641052760668e-05,2.7644,-0.7614,MEAN_CROSS,0.001291195758535868,2.952177,16
2023-05-03 22:00:00+00:00,2023-05-04 10:00:00+00:00,1,-0.0008584531668337503,0.0009398416091589423,-2.5287,2.1492,MEAN_CROSS,0.0017982947759926926,4.111603,12
2023-05-04 11:00:00+00:00,2023-05-04 23:00:00+00:00,-1,0.001228790707752725,0.00031317756560389487,2.5662,0.2736,MEAN_CROSS,0.00091561314214883,2.093449,12
2023-05-05 07:00:00+00:00,2023-05-07 22:00:00+00:00,1,-0.0007515645184776876,0.0003135057119960649,-2.5053,0.7138,MEAN_CROSS,0.0010650702304737525,2.435166,15
2023-05-08 10:00:00+00:00,2023-05-08 22:00:00+00:00,-1,0.001139549479456048,4.781566151212946e-05,2.479,-0.4082,MEAN_CROSS,0.0010917338179439184,2.496129,12
2023-05-10 03:00:00+00:00,2023-05-10 15:00:00+00:00,-1,0.0005386668066150735,7.648424639516982e-06,2.0,-0.1729,MEAN_CROSS,0.0005310183819755565,1.976994,12
2023-05-11 06:00:00+00:00,2023-05-11 19:00:00+00:00,1,-0.0013689814568407233,0.00016813701471718456,-2.9059,0.5704,MEAN_CROSS,0.0015371184715579078,5.722728,13
2023-05-12 14:00:00+00:00,2023-05-15 02:00:00+00:00,1,-0.0016645183605832337,0.0001602813075438636,-2.2835,1.213,MEAN_CROSS,0.0018247996681270973,6.793772,12
2023-05-16 00:00:00+00:00,2023-05-16 12:00:00+00:00,-1,0.0007353983226358052,-0.00045645079128164845,2.0107,-1.6208,MEAN_CROSS,0.0011918491139174536,4.437282,12
2023-05-17 14:00:00+00:00,2023-05-18 02:00:00+00:00,1,-0.0008463212675992038,0.0007997512870012713,-2.4369,1.7809,MEAN_CROSS,0.001646072554600475,6.128367,12
2023-05-18 12:00:00+00:00,2023-05-19 00:00:00+00:00,1,-0.0011127528593384284,0.00047955900635676674,-2.5928,1.1465,MEAN_CROSS,0.0015923118656951951,5.928214,12
2023-05-22 07:00:00+00:00,2023-05-23 00:00:00+00:00,1,-0.0007125334546642659,0.0005989558012171603,-2.176,1.8747,MEAN_CROSS,0.0013114892558814262,4.882705,17
2023-05-23 05:00:00+00:00,2023-05-24 00:00:00+00:00,1,-0.0005840464834896419,9.226015167163037e-05,-2.049,0.592,MEAN_CROSS,0.0006763066351612723,2.517905,19
2023-05-24 02:00:00+00:00,2023-05-24 19:00:00+00:00,1,-0.004033736886078887,0.00014607337464545012,-9.5785,0.8116,MEAN_CROSS,0.004179810260724337,15.561532,17
2023-05-25 17:00:00+00:00,2023-05-26 07:00:00+00:00,-1,0.0005080449815262345,-0.000385367652802282,2.3957,-0.6046,MEAN_CROSS,0.0008934126343285165,3.326196,14
2023-05-26 13:00:00+00:00,2023-05-29 01:00:00+00:00,1,-0.0016345157866797244,0.000309084872322396,-3.3839,0.5474,MEAN_CROSS,0.0019436006590021204,7.236071,12
2023-05-30 03:00:00+00:00,2023-05-30 18:00:00+00:00,1,-0.0009530923493714649,0.00018730299458691313,-3.4086,0.7508,MEAN_CROSS,0.001140395343958378,3.954496,15
2023-05-31 01:00:00+00:00,2023-05-31 13:00:00+00:00,1,-0.001595243570243987,0.00027171964610706034,-4.143,0.8015,MEAN_CROSS,0.0018669632163510474,6.473982,12
2023-05-31 19:00:00+00:00,2023-06-01 07:00:00+00:00,-1,0.0009417149087043164,-0.0005435552126195065,2.3111,-0.6126,MEAN_CROSS,0.0014852701213238229,5.150403,12
2023-06-01 14:00:00+00:00,2023-06-02 04:00:00+00:00,-1,0.001442026290497278,0.00016346918610843364,2.927,-0.1869,MEAN_CROSS,0.0012785571043888444,4.433593,14
2023-06-02 14:00:00+00:00,2023-06-05 03:00:00+00:00,1,-0.0010541778130827018,0.00042443883465204113,-2.4857,0.9101,MEAN_CROSS,0.0014786166477347429,5.127331,13
2023-06-05 14:00:00+00:00,2023-06-06 03:00:00+00:00,-1,0.001030486666168673,-6.99670503666594e-05,3.2462,-0.391,MEAN_CROSS,0.0011004537165353323,3.815992,13
2023-06-06 12:00:00+00:00,2023-06-07 00:00:00+00:00,1,-0.0007848616518192353,0.0003198689467845961,-2.3211,0.8658,MEAN_CROSS,0.0011047305986038314,3.830823,12
2023-06-07 13:00:00+00:00,2023-06-08 01:00:00+00:00,-1,0.0010971765794061117,2.9067208725863658e-05,2.9701,0.3156,MEAN_CROSS,0.001068109370680248,3.703833,12
2023-06-08 07:00:00+00:00,2023-06-08 19:00:00+00:00,-1,0.0013145381996927386,0.00014009901399680835,2.538,0.082,MEAN_CROSS,0.0011744391856959302,4.072548,12
2023-06-09 11:00:00+00:00,2023-06-11 23:00:00+00:00,-1,0.0011143889615241598,0.00010529511778933909,2.0878,-0.1679,MEAN_CROSS,0.0010090938437348207,3.499188,12
2023-06-12 08:00:00+00:00,2023-06-12 20:00:00+00:00,-1,0.0010898105296909266,7.74766483208067e-05,2.1112,0.1259,MEAN_CROSS,0.00101233388137012,3.510423,12
2023-06-13 12:00:00+00:00,2023-06-14 00:00:00+00:00,-1,0.0013852753437256782,-9.054710690592493e-05,2.5661,-0.5503,MEAN_CROSS,0.0014758224506316031,5.117641,12
2023-06-14 12:00:00+00:00,2023-06-15 00:00:00+00:00,-1,0.0018001754923273605,-0.0005157707068096373,3.1437,-1.0602,MEAN_CROSS,0.002315946199136998,8.0309,12
2023-06-15 01:00:00+00:00,2023-06-15 13:00:00+00:00,1,-0.0018017619854749922,0.002129484374712054,-2.7907,2.3217,MEAN_CROSS,0.003931246360187046,13.632201,12
2023-06-19 00:00:00+00:00,2023-06-19 15:00:00+00:00,1,-0.0009154888593421173,0.0001418245631380488,-2.8914,0.7084,MEAN_CROSS,0.0010573134224801661,2.678144,15
2023-06-20 07:00:00+00:00,2023-06-20 22:00:00+00:00,-1,0.0009608173247530605,3.5773630072011287e-05,2.9128,0.4577,MEAN_CROSS,0.0009250436946810492,2.343109,15
2023-06-21 04:00:00+00:00,2023-06-21 20:00:00+00:00,-1,0.0008209629657230932,-0.00012517816429469253,2.0556,-0.6752,MEAN_CROSS,0.0009461411300177858,2.396548,16
2023-06-22 04:00:00+00:00,2023-06-23 00:00:00+00:00,1,-0.0011030960379423416,0.0004943949165905348,-3.0542,1.1233,MEAN_CROSS,0.0015974909545328764,4.046398,20
2023-06-23 02:00:00+00:00,2023-06-23 14:00:00+00:00,1,-0.001408239045654014,0.00010955335514994946,-2.4897,0.8214,MEAN_CROSS,0.0015177924008039634,3.844524,12
2023-06-23 15:00:00+00:00,2023-06-26 05:00:00+00:00,-1,0.0008637060837461963,-0.0004026363178522008,2.3662,-0.6094,MEAN_CROSS,0.001266342401598397,3.207609,14
2023-06-28 01:00:00+00:00,2023-06-28 13:00:00+00:00,1,-0.0018441021951114411,-5.2779463914798264e-05,-3.7888,0.8023,MEAN_CROSS,0.0017913227311966429,4.537368,12
2023-06-29 10:00:00+00:00,2023-06-29 22:00:00+00:00,-1,0.0008079455065348462,-1.224967708624014e-05,2.544,0.1322,MEAN_CROSS,0.0008201951836210863,2.077531,12
2023-06-30 12:00:00+00:00,2023-07-03 00:00:00+00:00,-1,0.0015055178383985846,-0.00027021685370676174,2.9235,-1.099,MEAN_CROSS,0.0017757346921053463,4.497884,12
2023-07-04 04:00:00+00:00,2023-07-06 00:00:00+00:00,1,-0.000710633574202979,0.0002525742684122978,-2.3038,1.4187,MEAN_CROSS,0.0009632078426152768,2.439777,44
2023-07-06 02:00:00+00:00,2023-07-06 14:00:00+00:00,-1,0.00045636498721002283,-0.001907297387141349,2.0925,-2.8558,MEAN_CROSS,0.002363662374351372,5.987088,12
2023-07-10 03:00:00+00:00,2023-07-10 15:00:00+00:00,1,-0.0009189138484604342,0.0010384955711787436,-2.3579,1.7185,MEAN_CROSS,0.001957409419639178,2.53607,12
2023-07-11 07:00:00+00:00,2023-07-11 19:00:00+00:00,1,-0.0010999004176768246,0.00034167938775264695,-2.1788,0.5183,MEAN_CROSS,0.0014415798054294715,1.867748,12
2023-07-12 00:00:00+00:00,2023-07-12 13:00:00+00:00,-1,0.0011671999766394991,0.0047154807378251284,2.7426,7.492,STOP_LOSS,-0.0035482807611856293,-4.597244,12
2023-07-12 14:00:00+00:00,2023-07-13 02:00:00+00:00,-1,0.003924164537113528,0.0009716454139863107,3.5501,0.3162,MEAN_CROSS,0.0029525191231272174,3.82536,12
2023-07-14 06:00:00+00:00,2023-07-17 11:00:00+00:00,1,-0.0014367882086459005,-7.682938540887196e-05,-3.888,0.53,MEAN_CROSS,0.0013599588232370285,1.761998,29
2023-07-18 02:00:00+00:00,2023-07-18 15:00:00+00:00,-1,0.0007448156747736911,-4.2530411514585253e-05,3.4778,0.4602,MEAN_CROSS,0.0007873460862882764,1.020106,13
2023-07-18 22:00:00+00:00,2023-07-19 10:00:00+00:00,-1,0.0019002338194654689,-0.0005316848294545373,4.1218,-0.1481,MEAN_CROSS,0.002431918648920006,3.150857,12
2023-07-20 01:00:00+00:00,2023-07-20 13:00:00+00:00,-1,0.001918486858340951,-0.0008461007948410426,3.0409,-1.2954,MEAN_CROSS,0.0027645876531819935,3.581871,12
2023-07-20 14:00:00+00:00,2023-07-21 06:00:00+00:00,1,-0.0018432927264581123,0.00042143517379655826,-2.5784,0.723,MEAN_CROSS,0.0022647279002546705,2.93424,16
2023-07-24 06:00:00+00:00,2023-07-24 18:00:00+00:00,-1,0.0006114614209211666,-0.00011404097705680627,2.0195,-0.3851,MEAN_CROSS,0.0007255023979779729,0.93998,12
2023-07-25 01:00:00+00:00,2023-07-25 13:00:00+00:00,-1,0.0008833800921658197,-0.00019190718163164533,2.1326,-0.8429,MEAN_CROSS,0.001075287273797465,1.39317,12
2023-07-26 01:00:00+00:00,2023-07-26 18:00:00+00:00,1,-0.0008530073147016148,0.0016557123058625889,-2.3799,4.2791,MEAN_CROSS,0.0025087196205642037,3.250362,17
2023-07-27 00:00:00+00:00,2023-07-27 12:00:00+00:00,-1,0.0010078575710437132,-0.0008603638204534025,2.1403,-1.6213,MEAN_CROSS,0.0018682213914971157,3.848543,12
2023-07-27 13:00:00+00:00,2023-07-28 05:00:00+00:00,1,-0.00178424528860599,0.0002764954514837825,-2.8925,0.5849,MEAN_CROSS,0.0020607407400897726,4.245134,16
2023-08-01 02:00:00+00:00,2023-08-01 18:00:00+00:00,1,-0.000713482129356735,0.00017851732457541125,-2.3871,0.9154,MEAN_CROSS,0.0008919994539321463,1.837522,16
2023-08-01 21:00:00+00:00,2023-08-02 11:00:00+00:00,-1,0.0006790451647236129,-0.00037872693192320117,2.1791,-0.0198,MEAN_CROSS,0.001057772096646814,2.179015,14
2023-08-04 00:00:00+00:00,2023-08-04 17:00:00+00:00,-1,0.0007518623802000857,-0.00015156026505569464,2.0532,-0.5817,MEAN_CROSS,0.0009034226452557803,1.861054,17
2023-08-04 18:00:00+00:00,2023-08-07 07:00:00+00:00,1,-0.0011784552196897335,0.0005754214659809964,-2.2125,0.7621,MEAN_CROSS,0.00175387668567073,3.612993,13
2023-08-08 01:00:00+00:00,2023-08-08 14:00:00+00:00,1,-0.0016249318847328942,0.00013090940275928276,-4.1285,0.7792,MEAN_CROSS,0.001755841287492177,3.61704,13
2023-08-09 02:00:00+00:00,2023-08-09 14:00:00+00:00,-1,0.0008532999731530877,-0.0006737554678890589,2.2037,-1.2889,MEAN_CROSS,0.0015270554410421466,3.14574,12
2023-08-10 12:00:00+00:00,2023-08-11 00:00:00+00:00,-1,0.0012507561848871251,-0.00021499011931358503,3.1154,-0.0679,MEAN_CROSS,0.0014657463042007102,3.019443,12
2023-08-14 07:00:00+00:00,2023-08-14 19:00:00+00:00,-1,0.0012030529814616164,0.0001730002198629954,3.3764,0.4937,MEAN_CROSS,0.001030052761598621,2.121913,12
2023-08-16 00:00:00+00:00,2023-08-17 04:00:00+00:00,1,-0.0008718252351911371,0.0002494789611565684,-2.0461,0.707,MEAN_CROSS,0.0011213041963477055,2.993698,28
2023-08-21 01:00:00+00:00,2023-08-21 16:00:00+00:00,1,-0.0008692264737167887,0.000621718707898955,-2.461,1.8506,MEAN_CROSS,0.0014909451816157437,3.980579,15
2023-08-22 06:00:00+00:00,2023-08-22 18:00:00+00:00,-1,0.001388279695645589,0.00013600796875445909,3.687,0.0077,MEAN_CROSS,0.0012522717268911299,3.34336,12
2023-08-23 13:00:00+00:00,2023-08-24 01:00:00+00:00,-1,0.0017595884216049518,-0.000688999927820344,3.5619,-1.4952,MEAN_CROSS,0.002448588349425296,6.53733,12
2023-08-25 10:00:00+00:00,2023-08-27 22:00:00+00:00,-1,0.0005465810125614423,2.041500038274524e-05,2.4071,0.2966,MEAN_CROSS,0.0005261660121786971,1.404777,12
2023-08-28 07:00:00+00:00,2023-08-28 19:00:00+00:00,1,-0.0010636756511169798,0.0002733948885553783,-2.6621,0.7825,MEAN_CROSS,0.0013370705396723581,3.569759,12
2023-08-29 02:00:00+00:00,2023-08-29 14:00:00+00:00,-1,0.000667483702022853,0.0018680888176177968,2.1293,4.5549,STOP_LOSS,-0.0012006051155949438,-3.205419,12
2023-08-29 15:00:00+00:00,2023-08-30 03:00:00+00:00,-1,0.00170845357486904,-0.00024070508491846887,3.103,-0.5955,MEAN_CROSS,0.0019491586597875088,5.203934,12
2023-08-30 12:00:00+00:00,2023-08-31 00:00:00+00:00,-1,0.002333830310746854,3.151833428505224e-05,2.8875,0.0048,MEAN_CROSS,0.0023023119764618016,6.146796,12
2023-09-01 12:00:00+00:00,2023-09-04 00:00:00+00:00,-1,0.002335258886552838,0.0001568030563758871,5.7567,0.2782,MEAN_CROSS,0.0021784558301769508,5.81612,12
2023-09-05 01:00:00+00:00,2023-09-05 14:00:00+00:00,1,-0.0008024783193474327,3.7376133839472914e-05,-3.339,0.8453,MEAN_CROSS,0.0008398544531869057,3.482863,13
2023-09-06 02:00:00+00:00,2023-09-06 14:00:00+00:00,-1,0.0008993986026064604,-0.0011554338429162758,2.416,-2.3506,MEAN_CROSS,0.0020548324455227363,8.521357,12
2023-09-08 00:00:00+00:00,2023-09-08 12:00:00+00:00,-1,0.0007681848945758629,-0.00023458012195987088,2.8758,-1.3218,MEAN_CROSS,0.0010027650165357338,4.15845,12
2023-09-08 14:00:00+00:00,2023-09-11 02:00:00+00:00,1,-0.00046537989637995825,0.0005595063762583452,-2.0112,1.1916,MEAN_CROSS,0.0010248862726383035,4.250187,12
2023-09-11 04:00:00+00:00,2023-09-11 16:00:00+00:00,-1,0.0011666892095812953,-1.1325848923160464e-06,2.5044,-0.0989,MEAN_CROSS,0.0011678217944736113,4.842938,12
2023-09-13 02:00:00+00:00,2023-09-13 16:00:00+00:00,1,-0.0008051304401421877,0.00040854425877379086,-2.8615,1.3356,MEAN_CROSS,0.0012136746989159786,5.033089,14
2023-09-14 00:00:00+00:00,2023-09-14 12:00:00+00:00,-1,0.0009169034658836894,-0.00046113999024621766,2.9628,-1.8093,MEAN_CROSS,0.001378043456129907,5.714724,12
2023-09-15 02:00:00+00:00,2023-09-15 14:00:00+00:00,-1,0.0007876242265643096,-0.00027910605883629813,2.2743,-0.4006,MEAN_CROSS,0.0010667302854006078,4.423713,12
2023-09-18 15:00:00+00:00,2023-09-19 03:00:00+00:00,-1,0.0007214906635281126,8.894529279768193e-08,2.6019,-0.2718,MEAN_CROSS,0.000721401718235315,2.991641,12
2023-09-19 07:00:00+00:00,2023-09-19 19:00:00+00:00,-1,0.0009906254285139138,0.00010396419766467435,3.9518,-0.0128,MEAN_CROSS,0.0008866612308492394,3.67697,12
2023-09-20 10:00:00+00:00,2023-09-20 22:00:00+00:00,-1,0.0010701947654402355,0.00020508045760236904,3.0146,0.2589,MEAN_CROSS,0.0008651143078378665,3.587615,12
2023-09-22 07:00:00+00:00,2023-09-22 19:00:00+00:00,-1,0.000981564998250195,-0.00037840797672572535,2.191,-1.4181,MEAN_CROSS,0.0013599729749759204,5.639786,12
2023-09-25 10:00:00+00:00,2023-09-25 22:00:00+00:00,-1,0.001055032960126323,-5.316772729424546e-05,2.0417,-0.0185,MEAN_CROSS,0.0011082006874205685,2.523582,12
2023-09-26 06:00:00+00:00,2023-09-27 01:00:00+00:00,1,-0.0008250932471268735,0.00041988130211023655,-2.5836,1.7313,MEAN_CROSS,0.00124497454923711,2.835042,19
2023-09-27 02:00:00+00:00,2023-09-27 14:00:00+00:00,1,-0.0007145083534340069,0.0004308001243816806,-2.1601,1.5133,MEAN_CROSS,0.0011453084778156875,2.608084,12
2023-09-27 17:00:00+00:00,2023-09-28 05:00:00+00:00,1,-0.0009074202921538488,0.0004859374411930739,-2.0428,1.1374,MEAN_CROSS,0.0013933577333469227,3.172939,12
2023-09-28 10:00:00+00:00,2023-09-28 22:00:00+00:00,-1,0.0009121551457146326,8.587386478353665e-05,2.005,-0.1347,MEAN_CROSS,0.000826281280931096,1.881598,12
2023-09-29 01:00:00+00:00,2023-09-29 13:00:00+00:00,-1,0.001451315002523379,-0.0005387911510558174,3.0599,-1.6758,MEAN_CROSS,0.0019901061535791964,4.531847,12
2023-09-29 14:00:00+00:00,2023-10-02 06:00:00+00:00,1,-0.0008775038189932083,0.0008804775371026308,-2.159,1.0429,MEAN_CROSS,0.001757981356095839,4.003255,16
2023-10-03 01:00:00+00:00,2023-10-03 13:00:00+00:00,1,-0.0009858619657429069,0.0007620539808281812,-2.2004,3.5955,MEAN_CROSS,0.001747915946571088,3.980335,12
2023-10-04 00:00:00+00:00,2023-10-04 13:00:00+00:00,-1,0.0006766066537179372,0.00022976062412771725,2.0017,0.452,MEAN_CROSS,0.0004468460295902199,1.017553,13
2023-10-04 15:00:00+00:00,2023-10-05 04:00:00+00:00,-1,0.0012615474154509254,0.00043376973655118167,2.1523,0.4052,MEAN_CROSS,0.0008277776788997437,1.885006,13
2023-10-06 12:00:00+00:00,2023-10-09 00:00:00+00:00,1,-0.0017206301017691494,0.000566288418299643,-5.0838,0.6862,MEAN_CROSS,0.0022869185200687925,5.207745,12
2023-10-10 15:00:00+00:00,2023-10-11 03:00:00+00:00,-1,0.0012737369459525638,-0.0007658732282991298,2.251,-1.8852,MEAN_CROSS,0.0020396101742516937,4.644577,12
2023-10-12 02:00:00+00:00,2023-10-12 21:00:00+00:00,1,-0.0006703481178224058,-0.00010180273265625317,-2.1324,0.6182,MEAN_CROSS,0.0005685453851661526,1.294685,19
2023-10-15 21:00:00+00:00,2023-10-16 09:00:00+00:00,-1,0.0010851727721421511,-0.0002955133486033379,3.623,-0.5743,MEAN_CROSS,0.001380686120745489,2.54849,12
2023-10-16 21:00:00+00:00,2023-10-17 11:00:00+00:00,1,-0.001132144611779795,0.0006250372351916944,-2.894,2.009,MEAN_CROSS,0.0017571818469714895,3.243431,14
2023-10-17 14:00:00+00:00,2023-10-18 07:00:00+00:00,-1,0.0007776125402242373,-0.00028204124964215094,2.3306,-0.6616,MEAN_CROSS,0.0010596537898663883,1.955924,17
2023-10-18 14:00:00+00:00,2023-10-19 06:00:00+00:00,1,-0.0011297414090328806,6.814073594751946e-05,-2.2005,0.7321,MEAN_CROSS,0.0011978821449804,2.211067,16
2023-10-19 12:00:00+00:00,2023-10-20 00:00:00+00:00,-1,0.0004982797702512975,-0.0006201210096208332,2.2757,-1.1097,MEAN_CROSS,0.0011184007798721307,2.06436,12
2023-10-23 13:00:00+00:00,2023-10-24 01:00:00+00:00,-1,0.00047326019446114476,-6.200027356995097e-05,2.0903,-0.4678,MEAN_CROSS,0.0005352604680310957,0.987991,12
2023-10-24 10:00:00+00:00,2023-10-25 00:00:00+00:00,1,-0.0006432627364720833,0.0008496436681715291,-2.0014,2.643,MEAN_CROSS,0.0014929064046436125,2.755627,14
2023-10-25 09:00:00+00:00,2023-10-26 04:00:00+00:00,1,-0.0011433593633805028,-5.647651975959622e-05,-3.2199,0.534,MEAN_CROSS,0.0010868828436209066,2.006183,19
2023-10-26 07:00:00+00:00,2023-10-26 19:00:00+00:00,-1,0.0007214083561765117,-0.00010505917823899757,2.6343,-0.2213,MEAN_CROSS,0.0008264675344155092,1.525505,12
2023-10-30 01:00:00+00:00,2023-10-30 13:00:00+00:00,-1,0.0005693741799532859,1.6407192163558904e-05,2.0688,-0.1658,MEAN_CROSS,0.000552966987789727,1.020674,12
2023-10-31 07:00:00+00:00,2023-10-31 20:00:00+00:00,-1,0.0006768962111495247,0.00017857949563315767,2.2728,0.494,MEAN_CROSS,0.000498316715516367,0.9198,13
2023-10-31 21:00:00+00:00,2023-11-01 09:00:00+00:00,1,-0.001136019930948362,0.0003071122071214294,-2.5246,0.7329,MEAN_CROSS,0.0014431321380697915,2.663753,12
2023-11-01 23:00:00+00:00,2023-11-02 11:00:00+00:00,-1,0.0015023305796887376,-0.00020795947378915436,2.6745,-1.2647,MEAN_CROSS,0.001710290053477892,3.408562,12
2023-11-02 14:00:00+00:00,2023-11-03 06:00:00+00:00,1,-0.000802827973742315,0.0004323748262186067,-2.2001,0.5195,MEAN_CROSS,0.0012352027999609216,2.461726,16
2023-11-03 12:00:00+00:00,2023-11-06 01:00:00+00:00,-1,0.002966156471747583,-0.0003112380229757239,6.0251,-1.077,MEAN_CROSS,0.003277394494723307,6.53176,12
2023-11-07 04:00:00+00:00,2023-11-07 16:00:00+00:00,1,-0.0011465027731416555,0.00043327483344757223,-3.1178,1.8676,MEAN_CROSS,0.0015797776065892277,3.148455,12
2023-11-07 18:00:00+00:00,2023-11-08 06:00:00+00:00,-1,0.0007801432176585132,-9.639056284360681e-05,2.6064,0.0467,MEAN_CROSS,0.00087653378050212,1.746908,12
2023-11-08 19:00:00+00:00,2023-11-09 07:00:00+00:00,1,-0.0007169155067718869,0.0001633837214510825,-2.3536,0.5021,MEAN_CROSS,0.0008802992282229694,1.754413,12
2023-11-09 14:00:00+00:00,2023-11-10 02:00:00+00:00,-1,0.0010786522655897857,-0.00020846824054099322,3.2538,-0.1845,MEAN_CROSS,0.0012871205061307789,2.565197,12
2023-11-13 08:00:00+00:00,2023-11-13 23:00:00+00:00,1,-0.0005239555545589747,0.0002112567069706417,-2.2913,1.068,MEAN_CROSS,0.0007352122615296164,1.465258,15
2023-11-14 09:00:00+00:00,2023-11-14 21:00:00+00:00,-1,0.0005178794586621072,0.0003740477900004979,2.4897,-0.138,MEAN_CROSS,0.00014383166866160924,0.286653,12
2023-11-16 00:00:00+00:00,2023-11-16 13:00:00+00:00,1,-0.0010876278564591058,0.00149551080747512,-2.3764,2.6241,MEAN_CROSS,0.0025831386639342258,5.148126,13
2023-11-17 10:00:00+00:00,2023-11-20 05:00:00+00:00,-1,0.0016360121278716777,0.00029304018232978457,3.2551,0.1525,MEAN_CROSS,0.0013429719455418931,2.676507,19
2023-11-21 02:00:00+00:00,2023-11-21 15:00:00+00:00,-1,0.0011929716510622468,-0.000930582097506294,2.1526,-2.4858,MEAN_CROSS,0.0021235537485685407,4.232186,13
2023-11-23 01:00:00+00:00,2023-11-23 13:00:00+00:00,-1,0.0009364974412291449,-5.6571820517548055e-05,2.6982,-0.2169,MEAN_CROSS,0.000993069261746693,1.873425,12
2023-11-24 15:00:00+00:00,2023-11-27 03:00:00+00:00,-1,0.0006525345601464672,-0.0005015058601648414,2.4249,-2.0062,MEAN_CROSS,0.0011540404203113086,2.177097,12
2023-11-27 08:00:00+00:00,2023-11-27 20:00:00+00:00,-1,0.0008578936201397713,0.00013408136931436498,2.1612,0.0056,MEAN_CROSS,0.0007238122508254063,1.365472,12
2023-11-28 15:00:00+00:00,2023-11-29 05:00:00+00:00,-1,0.0018259498785017092,0.00026070304363134955,4.3873,-0.2095,MEAN_CROSS,0.0015652468348703596,2.952838,14
2023-11-29 07:00:00+00:00,2023-11-30 00:00:00+00:00,1,-0.001521726461767181,0.0008852521137346914,-2.422,0.9186,MEAN_CROSS,0.0024069785755018724,4.540764,17
2023-11-30 15:00:00+00:00,2023-12-01 03:00:00+00:00,-1,0.0017539840982043753,-0.0008880762892903293,3.57,-1.5098,MEAN_CROSS,0.0026420603874947046,4.984246,12
2023-12-01 16:00:00+00:00,2023-12-04 04:00:00+00:00,-1,0.00155080460183743,-0.00028974446369678386,2.2406,-0.7207,MEAN_CROSS,0.0018405490655342138,3.472195,12
2023-12-04 15:00:00+00:00,2023-12-05 05:00:00+00:00,1,-0.0012076920034028715,9.008652261432992e-05,-2.0576,0.6395,MEAN_CROSS,0.0012977785260172015,2.448259,14
2023-12-06 00:00:00+00:00,2023-12-06 12:00:00+00:00,-1,0.0008616086861649164,6.671717439254987e-05,3.044,0.119,MEAN_CROSS,0.0007948915117723665,1.499563,12
2023-12-07 09:00:00+00:00,2023-12-07 21:00:00+00:00,-1,0.0010848179448414985,-0.00011653445196480039,2.4704,-0.3013,MEAN_CROSS,0.001201352396806299,2.266351,12
2023-12-08 13:00:00+00:00,2023-12-11 02:00:00+00:00,1,-0.0010584832696622914,7.186836803119157e-05,-2.2405,1.0171,MEAN_CROSS,0.001130351637693483,2.132408,13
2023-12-11 11:00:00+00:00,2023-12-11 23:00:00+00:00,-1,0.0006155556300263543,3.5773489599488784e-06,2.5829,0.0742,MEAN_CROSS,0.0006119782810664054,1.154497,12
2023-12-12 01:00:00+00:00,2023-12-12 13:00:00+00:00,-1,0.0005692436916171495,-0.0015674095772297836,2.0648,-4.5619,MEAN_CROSS,0.002136653268846933,7.875582,12
2023-12-12 14:00:00+00:00,2023-12-13 09:00:00+00:00,1,-0.0013164121801062523,0.00017660979618139283,-2.9984,0.5549,MEAN_CROSS,0.001493021976287645,5.503194,19
2023-12-13 13:00:00+00:00,2023-12-14 04:00:00+00:00,-1,0.0011651366841128885,0.0003885929018235812,2.8217,-0.0358,MEAN_CROSS,0.0007765437822893073,2.862296,15
2023-12-14 08:00:00+00:00,2023-12-15 02:00:00+00:00,1,-0.0020537880108012496,0.000802689014012703,-2.0302,0.6314,MEAN_CROSS,0.0028564770248139526,10.528811,18
2023-12-15 13:00:00+00:00,2023-12-18 01:00:00+00:00,1,-0.0017672802866652848,0.0004913266949807538,-2.73,0.8415,MEAN_CROSS,0.0022586069816460386,8.325096,12
2023-12-18 15:00:00+00:00,2023-12-19 03:00:00+00:00,1,-0.0014476234876207306,0.00044609711024534704,-2.711,0.7684,MEAN_CROSS,0.0018937205978660776,6.980146,12
2023-12-19 14:00:00+00:00,2023-12-20 02:00:00+00:00,-1,0.0010081803142251156,-0.00015178706057838998,2.0824,-1.2101,MEAN_CROSS,0.0011599673748035055,4.275573,12
2023-12-20 16:00:00+00:00,2023-12-21 09:00:00+00:00,1,-0.000563636384162125,0.00028236998216868425,-2.4454,0.7176,MEAN_CROSS,0.0008460063663308093,3.118331,17
2023-12-21 13:00:00+00:00,2023-12-22 01:00:00+00:00,-1,0.0014311184370907615,-0.0002519275004818633,3.0135,-0.4671,MEAN_CROSS,0.0016830459375726248,6.203611,12
2023-12-22 16:00:00+00:00,2023-12-25 23:00:00+00:00,1,-0.0006669013850139072,0.00041022434603410485,-2.0882,1.0126,MEAN_CROSS,0.001077125731048012,3.970224,13
2023-12-26 00:00:00+00:00,2023-12-26 12:00:00+00:00,-1,0.0008499476755217117,0.00020220921088243138,2.0924,0.2888,MEAN_CROSS,0.0006477384646392803,2.387527,12
2023-12-27 08:00:00+00:00,2023-12-27 23:00:00+00:00,1,-0.0007489424813811318,0.0005167203221333461,-2.5906,1.3769,MEAN_CROSS,0.001265662803514478,4.665161,15
2023-12-28 00:00:00+00:00,2023-12-28 12:00:00+00:00,-1,0.0008338494606578983,-0.00011083336180695014,2.3192,-0.3228,MEAN_CROSS,0.0009446828224648485,3.482047,12
2023-12-29 09:00:00+00:00,2024-01-02 05:00:00+00:00,1,-0.001778196049082803,0.0006578348194464789,-3.4465,1.2852,MEAN_CROSS,0.002436030868529282,8.979071,20
2024-01-03 03:00:00+00:00,2024-01-03 15:00:00+00:00,-1,0.0007484953397904892,-0.0005630641688668669,2.1701,-0.4204,MEAN_CROSS,0.0013115595086573562,2.085017,12
2024-01-04 03:00:00+00:00,2024-01-04 15:00:00+00:00,-1,0.0010747062102588467,-0.0003665149020718461,2.2927,-0.4065,MEAN_CROSS,0.0014412211123306928,2.291143,12
2024-01-05 14:00:00+00:00,2024-01-08 02:00:00+00:00,-1,0.000791569854538654,-0.00037213417201686916,2.9225,-0.8473,MEAN_CROSS,0.0011637040265555232,1.849967,12
2024-01-10 08:00:00+00:00,2024-01-10 20:00:00+00:00,-1,0.0005462828887218274,-0.0003471890784324527,2.1559,-0.9879,MEAN_CROSS,0.0008934719671542801,1.420373,12
2024-01-11 00:00:00+00:00,2024-01-11 12:00:00+00:00,-1,0.0005336175005423716,6.0369662135628666e-05,2.1871,0.0527,MEAN_CROSS,0.0004732478384067429,0.752333,12
2024-01-11 13:00:00+00:00,2024-01-12 01:00:00+00:00,1,-0.002400774029087671,0.0008824489056238338,-7.3108,1.3714,MEAN_CROSS,0.003283222934711505,5.219416,12
2024-01-12 14:00:00+00:00,2024-01-15 03:00:00+00:00,-1,0.0014549045669424165,-0.00012046089070627541,2.314,-0.3431,MEAN_CROSS,0.001575365457648692,2.504395,13
2024-01-15 07:00:00+00:00,2024-01-15 21:00:00+00:00,1,-0.001163690851578969,0.00020942272166502018,-2.4187,1.1503,MEAN_CROSS,0.0013731135732439892,2.182871,14
2024-01-16 00:00:00+00:00,2024-01-16 12:00:00+00:00,1,-0.001538104835549614,-4.0017315818818844e-05,-3.0776,0.5915,MEAN_CROSS,0.0014980875197307952,2.381545,12
2024-01-16 17:00:00+00:00,2024-01-17 09:00:00+00:00,1,-0.0010052440948572494,-3.481862674858949e-05,-2.25,0.6751,MEAN_CROSS,0.0009704254681086599,1.542708,16
2024-01-17 14:00:00+00:00,2024-01-18 06:00:00+00:00,1,-0.001230954547001173,0.00022162534404390755,-2.898,0.681,MEAN_CROSS,0.0014525798910450805,2.3092,16
2024-01-18 13:00:00+00:00,2024-01-19 07:00:00+00:00,1,-0.001168942957660568,0.00029820856430362586,-2.5783,0.9605,MEAN_CROSS,0.001467151521964194,2.332365,18
2024-01-19 09:00:00+00:00,2024-01-19 21:00:00+00:00,-1,0.00086742949102947,0.00016058312296529653,2.4995,0.4212,MEAN_CROSS,0.0007068463680641734,1.12369,12
2024-01-22 00:00:00+00:00,2024-01-22 13:00:00+00:00,-1,0.0009602663739830541,8.759586732143276e-05,2.3184,0.0743,MEAN_CROSS,0.0008726705066616214,1.387305,13
2024-01-22 18:00:00+00:00,2024-01-23 06:00:00+00:00,1,-0.0009607586447689664,0.0009373560665189018,-2.2194,1.9309,MEAN_CROSS,0.0018981147112878682,4.69611,12
2024-01-23 21:00:00+00:00,2024-01-24 11:00:00+00:00,-1,0.0012052724709104012,0.00020601593268865237,2.4503,0.0951,MEAN_CROSS,0.0009992565382217489,2.472252,14
2024-01-29 01:00:00+00:00,2024-01-29 13:00:00+00:00,-1,0.0006056096449418291,-1.204455527425985e-05,2.9296,-0.1263,MEAN_CROSS,0.000617654200216089,1.528133,12
2024-01-29 20:00:00+00:00,2024-01-30 08:00:00+00:00,-1,0.001274375199983746,-0.0005676716361210365,4.0008,-2.1976,MEAN_CROSS,0.0018420468361047826,4.557393,12
2024-01-30 15:00:00+00:00,2024-01-31 07:00:00+00:00,1,-0.0007768279354418706,0.0005226872704261476,-2.1367,1.7693,MEAN_CROSS,0.0012995152058680182,3.21512,16
2024-01-31 13:00:00+00:00,2024-02-01 03:00:00+00:00,-1,0.0010105460907838815,0.00028482621093584015,2.8267,0.4341,MEAN_CROSS,0.0007257198798480413,1.795498,14
2024-02-02 13:00:00+00:00,2024-02-05 02:00:00+00:00,1,-0.003335516855875964,0.00021686823263866728,-6.7352,0.5668,MEAN_CROSS,0.0035523850885146313,8.788926,13
2024-02-06 08:00:00+00:00,2024-02-06 20:00:00+00:00,1,-0.0007686744932330347,0.00038776492296932474,-2.6548,0.8896,MEAN_CROSS,0.0011564394162023595,2.861137,12
2024-02-06 21:00:00+00:00,2024-02-07 09:00:00+00:00,-1,0.001184768062654662,4.097531729974069e-05,3.1109,-0.3269,MEAN_CROSS,0.0011437927453549213,2.829848,12
2024-02-08 10:00:00+00:00,2024-02-08 22:00:00+00:00,1,-0.0005065196924354254,0.00017825375175251068,-2.4487,1.0529,MEAN_CROSS,0.0006847734441879361,1.694192,12
2024-02-08 23:00:00+00:00,2024-02-09 11:00:00+00:00,-1,0.001071021973536479,6.736275714913642e-05,4.4029,-0.1047,MEAN_CROSS,0.0010036592163873426,2.483145,12
2024-02-12 01:00:00+00:00,2024-02-12 16:00:00+00:00,1,-0.0007308799665368682,0.0003476819483166915,-2.9099,1.1445,MEAN_CROSS,0.0010785619148535597,2.62639,15
2024-02-13 02:00:00+00:00,2024-02-13 20:00:00+00:00,1,-0.0015167689075320512,0.00021878976085643043,-4.5009,0.7679,MEAN_CROSS,0.0017355586683884816,4.226233,18
2024-02-15 13:00:00+00:00,2024-02-16 01:00:00+00:00,-1,0.0012393292541409417,-0.0003080368377975651,5.5974,-0.9455,MEAN_CROSS,0.0015473660919385068,3.767968,12
2024-02-20 00:00:00+00:00,2024-02-20 12:00:00+00:00,1,-0.000489878987401271,0.000535620186945196,-2.2933,1.0822,MEAN_CROSS,0.001025499174346467,2.497178,12
2024-02-20 13:00:00+00:00,2024-02-21 04:00:00+00:00,-1,0.0012671560477547361,0.0003392979297363041,2.9927,0.3511,MEAN_CROSS,0.000927858118018432,2.259414,15
2024-02-21 15:00:00+00:00,2024-02-22 04:00:00+00:00,1,-0.0007642982922086983,0.0003167514889859113,-2.0848,0.6374,MEAN_CROSS,0.0010810497811946096,2.632448,13
2024-02-22 07:00:00+00:00,2024-02-22 20:00:00+00:00,-1,0.0009465560824934993,0.00020049492459228713,2.2038,0.3396,MEAN_CROSS,0.0007460611579012122,1.816722,13
2024-02-23 09:00:00+00:00,2024-02-26 00:00:00+00:00,1,-0.0007965733046377821,-0.001494431904446869,-2.2293,-4.7008,STOP_LOSS,-0.0006978585998090869,-1.699345,15
2024-02-28 01:00:00+00:00,2024-02-28 18:00:00+00:00,1,-0.002868659525949613,0.0001568265204155983,-12.706,0.6713,MEAN_CROSS,0.003025486046365211,7.367316,17
2024-03-01 15:00:00+00:00,2024-03-04 03:00:00+00:00,-1,0.0012605324029760778,-0.0001236334184153698,3.4093,-0.548,MEAN_CROSS,0.0013841658213914476,3.60036,12
2024-03-05 06:00:00+00:00,2024-03-06 02:00:00+00:00,1,-0.0006064662194822379,0.00037997305745118837,-2.2269,1.3741,MEAN_CROSS,0.0009864392769334263,2.565832,20
2024-03-06 13:00:00+00:00,2024-03-07 01:00:00+00:00,-1,0.000791453111597451,0.00010376687167934495,2.1285,-0.2121,MEAN_CROSS,0.0006876862399181061,1.788744,12
2024-03-08 01:00:00+00:00,2024-03-08 13:00:00+00:00,1,-0.0005482368304223773,0.0008163167775357971,-3.6767,2.9605,MEAN_CROSS,0.0013645536079581744,3.549347,12
2024-03-08 14:00:00+00:00,2024-03-11 01:00:00+00:00,-1,0.0007853668528651214,-1.7600967384234778e-05,2.4406,-0.1241,MEAN_CROSS,0.0008029678202493562,2.088603,12
2024-03-12 13:00:00+00:00,2024-03-13 02:00:00+00:00,1,-0.0009567315552122535,0.0006085843141693248,-4.2262,2.7037,MEAN_CROSS,0.0015653158693815783,4.071551,13
2024-03-13 03:00:00+00:00,2024-03-13 15:00:00+00:00,-1,0.0005575518163324356,-0.00010977679896539971,2.2223,-0.1902,MEAN_CROSS,0.0006673286152978353,1.735792,12
2024-03-14 01:00:00+00:00,2024-03-14 13:00:00+00:00,-1,0.0006829753589929766,-0.0007855846377788911,2.298,-2.596,MEAN_CROSS,0.0014685599967718677,3.819878,12
2024-03-14 14:00:00+00:00,2024-03-15 06:00:00+00:00,1,-0.001273942834051467,9.230718561215046e-05,-3.7273,0.7648,MEAN_CROSS,0.0013662500196636174,3.553759,16
2024-03-18 02:00:00+00:00,2024-03-18 14:00:00+00:00,-1,0.00041915495747757436,-0.0002513119885781956,2.0964,-0.9906,MEAN_CROSS,0.00067046694605577,1.743955,12
2024-03-19 00:00:00+00:00,2024-03-19 12:00:00+00:00,1,-0.0004716608614624418,0.00036412822798492783,-2.2273,1.7874,MEAN_CROSS,0.0008357890894473696,2.173975,12
2024-03-19 14:00:00+00:00,2024-03-20 03:00:00+00:00,-1,0.00046751253629895295,-5.56686423991426e-06,2.0316,0.3847,MEAN_CROSS,0.0004730794005388672,1.230529,13
2024-03-20 18:00:00+00:00,2024-03-21 06:00:00+00:00,-1,0.0022627249649525005,0.0001266239940104219,8.0506,-0.1016,MEAN_CROSS,0.0021361009709420786,7.319436,12
2024-03-25 01:00:00+00:00,2024-03-25 14:00:00+00:00,-1,0.0006810395800548319,-3.246531935174879e-06,2.4376,0.0704,MEAN_CROSS,0.0006842861119900068,2.344734,13
2024-03-26 09:00:00+00:00,2024-03-26 21:00:00+00:00,-1,0.000618531298214986,4.998840615244582e-05,2.677,0.1989,MEAN_CROSS,0.0005685428920625402,1.948135,12
2024-03-27 22:00:00+00:00,2024-03-28 12:00:00+00:00,1,-0.0007102831874999938,0.0003916706320757912,-2.7266,1.424,MEAN_CROSS,0.001101953819575785,3.775889,14
2024-04-01 12:00:00+00:00,2024-04-02 01:00:00+00:00,1,-0.0003853869950245503,0.0001444107547108331,-2.1189,0.8107,MEAN_CROSS,0.0005297977497353834,1.815373,13
2024-04-03 00:00:00+00:00,2024-04-03 14:00:00+00:00,1,-0.0005634066892790113,0.0011064908334188495,-3.4879,3.7555,MEAN_CROSS,0.0016698975226978607,5.721971,14
2024-04-03 15:00:00+00:00,2024-04-04 03:00:00+00:00,-1,0.001287264830723056,0.0003589232278184973,3.6097,0.2701,MEAN_CROSS,0.0009283416029045588,3.181,12
2024-04-04 19:00:00+00:00,2024-04-05 07:00:00+00:00,1,-0.0010119318669868926,0.00045898621408402285,-3.4923,1.2772,MEAN_CROSS,0.0014709180810709155,5.04016,12
2024-04-05 12:00:00+00:00,2024-04-08 01:00:00+00:00,1,-0.001203640075778667,0.00018827884931660321,-3.3488,0.7779,MEAN_CROSS,0.0013919189250952702,4.769466,13
2024-04-08 13:00:00+00:00,2024-04-09 02:00:00+00:00,-1,0.0008873063701718698,0.00011819336292140381,2.2801,-0.0136,MEAN_CROSS,0.0007691130072504659,2.635397,13
2024-04-10 12:00:00+00:00,2024-04-11 01:00:00+00:00,1,-0.0033949623291168463,0.0003007599330061561,-10.3643,0.6327,MEAN_CROSS,0.0036957222621230024,10.540266,13
2024-04-12 06:00:00+00:00,2024-04-14 21:00:00+00:00,1,-0.0010360099229879127,4.261097009838899e-05,-2.9553,0.5793,MEAN_CROSS,0.0010786208930863017,3.076246,15
2024-04-15 03:00:00+00:00,2024-04-15 16:00:00+00:00,-1,0.000613021985984008,-0.0004040459493387383,2.0884,-0.4243,MEAN_CROSS,0.0010170679353227463,2.900696,13
2024-04-16 11:00:00+00:00,2024-04-17 04:00:00+00:00,-1,0.00040136371223120637,-9.998175804382115e-06,2.0334,-0.0135,MEAN_CROSS,0.0004113618880355885,1.173211,17
2024-04-17 06:00:00+00:00,2024-04-17 19:00:00+00:00,-1,0.0009186403304392021,0.00024575354571854113,2.3463,0.3827,MEAN_CROSS,0.000672886784720661,1.919085,13
2024-04-18 13:00:00+00:00,2024-04-19 01:00:00+00:00,1,-0.0006827404816359683,-0.0018974532092655982,-2.9405,-6.196,STOP_LOSS,-0.00121471272762963,-3.464382,12
2024-04-19 02:00:00+00:00,2024-04-19 14:00:00+00:00,1,-0.00131477137852265,0.00019603387649302917,-2.6739,0.7135,MEAN_CROSS,0.0015108052550156792,4.308844,12
2024-04-22 01:00:00+00:00,2024-04-22 13:00:00+00:00,-1,0.0014394394901265928,-0.0004263673082551822,2.8806,-1.4185,MEAN_CROSS,0.001865806798381775,5.321314,12
2024-04-23 13:00:00+00:00,2024-04-24 01:00:00+00:00,-1,0.0014197549742391846,0.00024275562313602617,6.0197,0.4283,MEAN_CROSS,0.0011769993511031585,3.356823,12
2024-04-25 06:00:00+00:00,2024-04-25 18:00:00+00:00,-1,0.0006188863104042985,-4.272052295650752e-05,2.475,-0.1936,MEAN_CROSS,0.0006616068333608061,1.886915,12
2024-04-29 01:00:00+00:00,2024-04-29 13:00:00+00:00,-1,0.0007650373021527157,-0.0003418414520445223,2.3538,-0.9636,MEAN_CROSS,0.001106878754197238,3.156838,12
2024-04-30 01:00:00+00:00,2024-05-01 00:00:00+00:00,1,-0.0006515100007996599,9.161368222943e-05,-2.1838,1.1289,MEAN_CROSS,0.0007431236830290899,1.798052,23
2024-05-01 18:00:00+00:00,2024-05-02 06:00:00+00:00,-1,0.0020009592148149125,0.00036406746284378677,4.3986,0.3637,MEAN_CROSS,0.0016368917519711257,3.960601,12
2024-05-03 12:00:00+00:00,2024-05-06 00:00:00+00:00,-1,0.0032469585937243695,-0.0002577754821970757,7.6722,-0.8325,MEAN_CROSS,0.003504734075921445,8.480007,12
2024-05-07 00:00:00+00:00,2024-05-07 13:00:00+00:00,-1,0.0007662745818645122,0.0001772708393308342,2.8104,0.495,MEAN_CROSS,0.000589003742533678,1.425146,13
2024-05-08 01:00:00+00:00,2024-05-08 13:00:00+00:00,1,-0.0006051470981622842,0.0002538192373007231,-2.0008,1.4142,MEAN_CROSS,0.0008589663354630073,2.078343,12
2024-05-08 15:00:00+00:00,2024-05-09 04:00:00+00:00,-1,0.000535827939156186,-7.323276115744903e-05,2.3288,-0.306,MEAN_CROSS,0.000609060700313635,1.473675,13
2024-05-09 12:00:00+00:00,2024-05-10 00:00:00+00:00,-1,0.0008691652702326191,-0.000341881662066168,3.4463,-1.6459,MEAN_CROSS,0.0012110469322987871,2.930233,12
2024-05-10 02:00:00+00:00,2024-05-13 02:00:00+00:00,1,-0.0007253673275400274,0.00011562215572169521,-2.5978,0.6308,MEAN_CROSS,0.0008409894832617226,2.034847,24
2024-05-13 11:00:00+00:00,2024-05-14 00:00:00+00:00,-1,0.000562817481137734,-0.00021730119762053413,2.466,-0.9079,MEAN_CROSS,0.0007801186787582681,1.887565,13
2024-05-14 13:00:00+00:00,2024-05-15 06:00:00+00:00,-1,0.0007993076626421347,0.0002554636388650833,3.153,0.3474,MEAN_CROSS,0.0005438440237770514,1.315878,17
2024-05-15 12:00:00+00:00,2024-05-16 01:00:00+00:00,-1,0.0012675028317836734,-0.00035825336247607975,4.7405,-1.5605,MEAN_CROSS,0.0016257561942597532,3.933658,13
2024-05-20 12:00:00+00:00,2024-05-21 00:00:00+00:00,1,-0.0009359687952326112,4.6381238626103105e-05,-2.5586,0.6044,MEAN_CROSS,0.0009823500338587143,2.473654,12
2024-05-22 00:00:00+00:00,2024-05-22 12:00:00+00:00,-1,0.00034765324882646276,-0.00010062505378805042,2.4251,-0.3561,MEAN_CROSS,0.0004482783026145132,1.128809,12
2024-05-22 18:00:00+00:00,2024-05-23 09:00:00+00:00,1,-0.0011106459570419114,0.0009143053267863799,-2.1555,2.1784,MEAN_CROSS,0.0020249512838282913,5.099026,15
2024-05-23 13:00:00+00:00,2024-05-24 07:00:00+00:00,1,-0.0009780179329301752,0.00044263796713872594,-2.3155,1.1373,MEAN_CROSS,0.0014206559000689012,3.577351,18
2024-05-28 13:00:00+00:00,2024-05-29 01:00:00+00:00,1,-0.0005128319485721011,0.00011518809837773869,-3.3969,0.5874,MEAN_CROSS,0.0006280200469498398,1.581416,12
2024-05-30 05:00:00+00:00,2024-05-31 00:00:00+00:00,1,-0.0006600547161116355,0.0004890936548374025,-2.2278,1.5974,MEAN_CROSS,0.001149148370949038,2.893669,19
2024-05-31 12:00:00+00:00,2024-06-03 02:00:00+00:00,-1,0.0013937591851304054,2.1963917101741615e-06,4.3178,-0.3468,MEAN_CROSS,0.0013915627934202313,3.504092,14
2024-06-03 14:00:00+00:00,2024-06-04 02:00:00+00:00,-1,0.0011932472571922759,4.376128731953255e-05,2.2514,-0.3875,MEAN_CROSS,0.0011494859698727433,2.894519,12
2024-06-04 09:00:00+00:00,2024-06-05 00:00:00+00:00,1,-0.0008501679672553442,0.0002946655032795009,-2.097,0.7703,MEAN_CROSS,0.001144833470534845,2.882803,15
2024-06-05 14:00:00+00:00,2024-06-06 13:00:00+00:00,1,-0.0007452633950593146,0.00036349058726348193,-2.3079,1.1076,MEAN_CROSS,0.0011087539823227965,2.791951,23
2024-06-07 12:00:00+00:00,2024-06-10 01:00:00+00:00,1,-0.0031058455865601298,8.968456093505495e-05,-10.4829,0.6717,MEAN_CROSS,0.0031955301474951847,8.573318,13
2024-06-12 12:00:00+00:00,2024-06-13 00:00:00+00:00,-1,0.0038226219817216744,-0.0002721022529341699,14.8219,-0.5283,MEAN_CROSS,0.004094724234655844,10.985774,12
2024-06-14 15:00:00+00:00,2024-06-17 03:00:00+00:00,-1,0.0006052316226299315,-0.00019381651966843272,2.664,-0.0315,MEAN_CROSS,0.0007990481422983642,2.143774,12
2024-06-17 17:00:00+00:00,2024-06-18 05:00:00+00:00,-1,0.0006441060979081037,-6.163221600075097e-05,2.1694,0.0755,MEAN_CROSS,0.0007057383139088547,1.893432,12
2024-06-18 07:00:00+00:00,2024-06-19 22:00:00+00:00,1,-0.0011687620067719617,0.0006421933565130544,-3.1554,2.4046,MEAN_CROSS,0.0018109553632850162,4.858629,39
2024-06-21 11:00:00+00:00,2024-06-23 23:00:00+00:00,-1,0.00038057849440065183,-0.00037369217582006176,2.2648,-1.5342,MEAN_CROSS,0.0007542706702207136,2.02364,12
2024-06-24 07:00:00+00:00,2024-06-24 19:00:00+00:00,-1,0.0004649499578764926,-3.530911462878983e-05,2.0824,-0.0654,MEAN_CROSS,0.0005002590725052825,1.34215,12
2024-06-28 01:00:00+00:00,2024-06-28 13:00:00+00:00,1,-0.0009222751967660203,0.0004706704817595275,-2.6397,1.1572,MEAN_CROSS,0.0013929456785255478,4.579089,12
2024-07-01 12:00:00+00:00,2024-07-02 08:00:00+00:00,1,-0.0006424129223321362,0.00022898493859235813,-2.8832,1.2612,MEAN_CROSS,0.0008713978609244943,2.864583,20
2024-07-02 13:00:00+00:00,2024-07-03 01:00:00+00:00,-1,0.0009637410008408454,-3.579100891837328e-05,3.0636,-0.212,MEAN_CROSS,0.0009995320097592186,3.285804,12
2024-07-03 13:00:00+00:00,2024-07-04 01:00:00+00:00,-1,0.0010452519494458246,0.0002823768811952565,3.3691,0.2557,MEAN_CROSS,0.0007628750682505681,2.507831,12
2024-07-05 06:00:00+00:00,2024-07-05 18:00:00+00:00,1,-0.00029101395912978223,0.0006081680168933401,-2.1281,2.4936,MEAN_CROSS,0.0008991819760231223,2.955919,12
2024-07-09 13:00:00+00:00,2024-07-10 02:00:00+00:00,-1,0.0006200907166833414,-0.002751510895513176,3.5353,-12.9358,MEAN_CROSS,0.0033716016121965176,11.083608,13
2024-07-11 12:00:00+00:00,2024-07-12 00:00:00+00:00,-1,0.002123219575368318,-0.0007208867559641563,6.2045,-1.4809,MEAN_CROSS,0.0028441063313324744,9.34955,12
2024-07-14 22:00:00+00:00,2024-07-15 13:00:00+00:00,1,-0.0011895411192341943,0.0003524358531322713,-3.1319,1.0119,MEAN_CROSS,0.0015419769723664656,5.069006,15
2024-07-15 17:00:00+00:00,2024-07-16 06:00:00+00:00,1,-0.000915225188139912,0.000116806696987104,-2.3985,1.2337,MEAN_CROSS,0.001032031885127016,3.392642,13
2024-07-16 22:00:00+00:00,2024-07-17 10:00:00+00:00,-1,0.0009706076117883544,0.00017964720775087706,2.9305,0.1089,MEAN_CROSS,0.0007909604040374774,2.078625,12
2024-07-18 18:00:00+00:00,2024-07-19 06:00:00+00:00,1,-0.000888449727584395,0.00036993619102898556,-2.7756,2.0681,MEAN_CROSS,0.0012583859186133806,3.307008,12
2024-07-21 22:00:00+00:00,2024-07-22 10:00:00+00:00,-1,0.0008331588009238278,-6.788842569638298e-05,3.962,0.2348,MEAN_CROSS,0.0009010472266202108,2.367931,12
2024-07-24 00:00:00+00:00,2024-07-24 12:00:00+00:00,1,-0.0005499601365640538,0.0007204592386385045,-2.563,2.6549,MEAN_CROSS,0.0012704193752025583,3.338632,12
2024-07-24 18:00:00+00:00,2024-07-25 13:00:00+00:00,1,-0.0009028305588661967,0.0003029205229840848,-2.042,1.2022,MEAN_CROSS,0.0012057510818502815,3.168685,19
2024-07-26 07:00:00+00:00,2024-07-26 19:00:00+00:00,-1,0.0005183375937322099,-0.0002651027600836242,2.4731,-0.8668,MEAN_CROSS,0.0007834403538158341,2.058863,12
2024-07-29 00:00:00+00:00,2024-07-29 12:00:00+00:00,-1,0.0004919135476603165,-0.0006160324488024838,2.0853,-1.7912,MEAN_CROSS,0.0011079459964628002,2.911656,12
2024-07-30 03:00:00+00:00,2024-07-30 15:00:00+00:00,-1,0.0005922086535253834,0.00015787504652087225,2.0087,0.3137,MEAN_CROSS,0.0004343336070045112,1.141418,12
2024-07-31 06:00:00+00:00,2024-07-31 19:00:00+00:00,-1,0.0011845584590861602,0.0002138615858713333,4.1086,-0.1824,MEAN_CROSS,0.0009706968732148269,2.550968,13
2024-08-01 08:00:00+00:00,2024-08-02 01:00:00+00:00,1,-0.0006504656067390924,0.0002592195212572923,-2.2312,0.7082,MEAN_CROSS,0.0009096851279963847,2.390631,17
2024-08-02 12:00:00+00:00,2024-08-05 00:00:00+00:00,-1,0.0010486386635011335,-4.49812720164644e-05,2.3697,-0.054,MEAN_CROSS,0.001093619935517598,2.874007,12
2024-08-06 00:00:00+00:00,2024-08-06 12:00:00+00:00,-1,0.0018217332286787347,-0.00044333096425830387,2.4116,-0.5271,MEAN_CROSS,0.0022650641929370385,2.695219,12
2024-08-06 22:00:00+00:00,2024-08-07 10:00:00+00:00,-1,0.0018594602293905416,0.0004867354842147398,2.5703,0.2421,MEAN_CROSS,0.0013727247451758018,1.633417,12
2024-08-07 18:00:00+00:00,2024-08-08 14:00:00+00:00,1,-0.000945038968141354,0.0006734082382593432,-2.1893,2.1258,MEAN_CROSS,0.0016184472064006972,1.925804,20
2024-08-09 01:00:00+00:00,2024-08-09 13:00:00+00:00,-1,0.0008164348496884077,-0.00028915374937843463,2.2088,-0.7738,MEAN_CROSS,0.0011055885990668424,1.315549,12
2024-08-13 12:00:00+00:00,2024-08-14 00:00:00+00:00,-1,0.0007908572983061912,0.0002013740827880861,2.2746,-0.2453,MEAN_CROSS,0.0005894832155181051,0.701431,12
2024-08-14 02:00:00+00:00,2024-08-14 14:00:00+00:00,1,-0.0025463990087292165,0.0007023218608156467,-9.7759,0.9201,MEAN_CROSS,0.0032487208695448633,3.865681,12
2024-08-15 12:00:00+00:00,2024-08-16 00:00:00+00:00,1,-0.0013284478618561524,0.00026700952053715366,-3.4104,0.962,MEAN_CROSS,0.001595457382393306,1.898448,12
2024-08-16 01:00:00+00:00,2024-08-16 13:00:00+00:00,-1,0.0009277619924692448,0.00033336791812987876,2.5426,0.4781,MEAN_CROSS,0.0005943940743393661,0.707275,12
2024-08-19 07:00:00+00:00,2024-08-20 06:00:00+00:00,1,-0.00022429035851456725,0.0005678571099445584,-2.0051,0.7012,MEAN_CROSS,0.0007921474684591256,0.942583,23
2024-08-21 01:00:00+00:00,2024-08-21 15:00:00+00:00,1,-0.00041477344197748955,0.000884914568419104,-3.12,2.6955,MEAN_CROSS,0.0012996880103965935,1.54651,14
2024-08-22 13:00:00+00:00,2024-08-23 01:00:00+00:00,1,-0.0008455789507806344,0.0006567105462470524,-2.5575,2.31,MEAN_CROSS,0.0015022894970276868,1.787587,12
2024-08-27 01:00:00+00:00,2024-08-27 13:00:00+00:00,-1,0.0006982399651418447,0.00013175157379141655,2.3612,0.2113,MEAN_CROSS,0.0005664883913504282,0.760078,12
2024-08-27 17:00:00+00:00,2024-08-28 05:00:00+00:00,-1,0.0008414821136270012,-0.0008459293332659934,2.2691,-3.0206,MEAN_CROSS,0.0016874114468929946,2.26406,12
2024-08-29 00:00:00+00:00,2024-08-29 12:00:00+00:00,-1,0.0009413549306338531,-0.0012551869427914752,2.3889,-2.5836,MEAN_CROSS,0.0021965418734253284,2.947179,12
2024-09-03 03:00:00+00:00,2024-09-03 20:00:00+00:00,1,-0.0013941659109425464,4.8063863854252986e-05,-5.0984,0.578,MEAN_CROSS,0.0014422297747967994,1.935091,17
2024-09-04 13:00:00+00:00,2024-09-05 06:00:00+00:00,-1,0.0007183403465713667,0.00015216749926183493,2.3674,0.2085,MEAN_CROSS,0.0005661728473095318,0.759654,17
2024-09-05 13:00:00+00:00,2024-09-06 01:00:00+00:00,-1,0.0008780343910927968,-0.00010974915584371914,2.0831,-0.7203,MEAN_CROSS,0.000987783546936516,1.325344,12
2024-09-06 13:00:00+00:00,2024-09-09 01:00:00+00:00,1,-0.0017864774860806287,0.0007011813147395074,-5.5076,1.3824,MEAN_CROSS,0.002487658800820136,3.337781,12
2024-09-11 12:00:00+00:00,2024-09-12 03:00:00+00:00,1,-0.0012300251925621009,0.0006964943938289059,-4.5452,1.8846,MEAN_CROSS,0.0019265195863910067,2.58488,15
2024-09-12 17:00:00+00:00,2024-09-13 05:00:00+00:00,-1,0.0011694084150122297,-0.0001257004803137951,2.0803,-0.7217,MEAN_CROSS,0.0012951088953260248,2.350305,12
2024-09-13 11:00:00+00:00,2024-09-16 03:00:00+00:00,1,-0.0008776800407247487,0.0011392901955002976,-2.2016,3.703,MEAN_CROSS,0.0020169702362250463,3.660306,16
2024-09-17 00:00:00+00:00,2024-09-17 18:00:00+00:00,1,-0.0007945619983447116,0.00033107840310586667,-2.6834,0.8616,MEAN_CROSS,0.0011256404014505783,2.042761,18
2024-09-18 18:00:00+00:00,2024-09-19 11:00:00+00:00,-1,0.0013252622305472972,-0.00042519106359995007,2.5613,-0.8658,MEAN_CROSS,0.0017504532941472473,3.176643,17
2024-09-19 12:00:00+00:00,2024-09-20 12:00:00+00:00,1,-0.0015915038257857672,0.0006843617843451666,-2.2266,0.8445,MEAN_CROSS,0.002275865610130934,4.130137,24
2024-09-20 16:00:00+00:00,2024-09-23 06:00:00+00:00,-1,0.0011625381017903447,5.956654643646253e-06,2.3715,-0.0263,MEAN_CROSS,0.0011565814471466984,2.098911,14
2024-09-23 07:00:00+00:00,2024-09-24 04:00:00+00:00,1,-0.0008773410233581247,0.000611483807810953,-2.1236,1.188,MEAN_CROSS,0.0014888248311690777,2.701851,21
2024-09-24 12:00:00+00:00,2024-09-25 00:00:00+00:00,-1,0.0013760298780760571,0.0005082245072144387,2.859,0.2415,MEAN_CROSS,0.0008678053708616185,1.574854,12
2024-09-25 15:00:00+00:00,2024-09-26 03:00:00+00:00,1,-0.001875670464574486,0.00023112043749684563,-3.0591,1.0077,MEAN_CROSS,0.0021067909020713316,3.823308,12
2024-09-26 05:00:00+00:00,2024-09-26 18:00:00+00:00,-1,0.0008409132259867835,0.0003873168892263301,2.1997,0.4933,MEAN_CROSS,0.0004535963367604534,0.823166,13
2024-09-27 01:00:00+00:00,2024-09-27 13:00:00+00:00,1,-0.0009380693857891087,0.0014870286712773684,-2.4189,1.8907,MEAN_CROSS,0.002425098057066477,4.400957,12
2024-10-01 02:00:00+00:00,2024-10-01 17:00:00+00:00,1,-0.0010850996546801772,-4.5332670529862895e-05,-2.2517,0.5191,MEAN_CROSS,0.0010397669841503143,1.886922,15
2024-10-02 01:00:00+00:00,2024-10-02 13:00:00+00:00,-1,0.0010519188427809967,-0.0006884151935916405,2.9711,-0.7945,MEAN_CROSS,0.0017403340363726372,3.158279,12
2024-10-03 13:00:00+00:00,2024-10-04 03:00:00+00:00,-1,0.0003938563419735308,-0.0002323158157727656,2.5875,0.0637,MEAN_CROSS,0.0006261721577462964,1.130714,14
2024-10-04 12:00:00+00:00,2024-10-07 00:00:00+00:00,1,-0.003046870625171949,4.619127873906059e-05,-10.8202,0.5382,MEAN_CROSS,0.0030930619039110097,5.585315,12
2024-10-08 00:00:00+00:00,2024-10-08 12:00:00+00:00,-1,0.0009789921026677195,-8.779789779433944e-05,3.0204,0.2248,MEAN_CROSS,0.001066790000462059,1.926363,12
2024-10-08 19:00:00+00:00,2024-10-09 07:00:00+00:00,-1,0.0008905534645106128,-0.0004779975732197572,2.3142,-0.4446,MEAN_CROSS,0.00136855103773037,2.471269,12
2024-10-11 15:00:00+00:00,2024-10-14 03:00:00+00:00,-1,0.0008061169420358061,-3.383719698002441e-05,2.324,-0.1336,MEAN_CROSS,0.0008399541390158305,1.516752,12
2024-10-14 13:00:00+00:00,2024-10-15 01:00:00+00:00,-1,0.0008577461575147716,-0.00023016797357322538,2.3921,-0.3594,MEAN_CROSS,0.001087914131087997,1.964508,12
2024-10-15 21:00:00+00:00,2024-10-16 09:00:00+00:00,1,-0.0010636449173522244,0.00033848258595958747,-3.603,1.0509,MEAN_CROSS,0.001402127503311812,2.5319,12
2024-10-17 07:00:00+00:00,2024-10-18 01:00:00+00:00,1,-0.0005884293414101238,0.00021623784798818768,-2.161,0.7889,MEAN_CROSS,0.0008046671893983115,1.453033,18
2024-10-18 15:00:00+00:00,2024-10-21 03:00:00+00:00,1,-0.00044899829248645773,0.0002792059271270464,-2.3851,1.0253,MEAN_CROSS,0.0007282042196135041,1.314959,12
2024-10-21 04:00:00+00:00,2024-10-22 01:00:00+00:00,1,-0.00038195857296008384,0.0006939638479072086,-2.3763,2.3179,MEAN_CROSS,0.0010759224208672924,1.942853,21
2024-10-22 03:00:00+00:00,2024-10-22 15:00:00+00:00,-1,0.000922901866722392,-0.0004199680874071854,2.5355,-0.7757,MEAN_CROSS,0.0013428699541295774,2.424896,12
2024-10-23 11:00:00+00:00,2024-10-23 23:00:00+00:00,1,-0.0009714310867726672,0.00022436551516180625,-3.1638,1.3805,MEAN_CROSS,0.0011957966019344735,2.603445,12
2024-10-24 00:00:00+00:00,2024-10-24 12:00:00+00:00,-1,0.0005023600820821539,-0.00018839252379265758,2.3131,-0.3203,MEAN_CROSS,0.0006907526058748115,1.503881,12
2024-10-25 03:00:00+00:00,2024-10-27 21:00:00+00:00,1,-0.0007804771081576511,0.000142157929233222,-2.2673,0.8327,MEAN_CROSS,0.0009226350373908732,2.008727,18
2024-10-29 12:00:00+00:00,2024-10-30 01:00:00+00:00,1,-0.0008695734829985424,0.00012777986227130445,-2.4284,0.544,MEAN_CROSS,0.0009973533452698469,2.171401,13
2024-10-30 03:00:00+00:00,2024-10-30 15:00:00+00:00,1,-0.0008340422202567366,0.0002758289278059767,-2.435,0.5075,MEAN_CROSS,0.0011098711480627133,2.416371,12
2024-10-31 13:00:00+00:00,2024-11-01 03:00:00+00:00,1,-0.0016441391164182528,0.0002659476288269236,-3.7463,0.6231,MEAN_CROSS,0.0019100867452451764,4.158571,14
2024-11-01 12:00:00+00:00,2024-11-04 04:00:00+00:00,-1,0.0013489292564005106,0.0003894311653150906,2.8343,0.4314,MEAN_CROSS,0.0009594980910854201,2.088984,15
2024-11-05 23:00:00+00:00,2024-11-06 11:00:00+00:00,-1,0.0008761931914809118,-0.0011219932141111055,2.3242,-0.9794,MEAN_CROSS,0.0019981864055920173,4.350379,12
2024-11-08 13:00:00+00:00,2024-11-11 01:00:00+00:00,1,-0.0012554676320375435,0.00015763933904078264,-2.4534,1.0081,MEAN_CROSS,0.0014131069710783262,3.076565,12
2024-11-12 15:00:00+00:00,2024-11-13 04:00:00+00:00,1,-0.0007451037305261643,8.711111088888224e-05,-2.4112,0.6249,MEAN_CROSS,0.0008322148414150465,1.843348,13
2024-11-13 14:00:00+00:00,2024-11-14 07:00:00+00:00,1,-0.001699777446995454,0.0002994843518270285,-3.8002,1.0712,MEAN_CROSS,0.0019992617988224826,4.428347,17
2024-11-15 02:00:00+00:00,2024-11-15 14:00:00+00:00,-1,0.0007384380694545056,-0.0010011642084892802,2.2258,-2.323,MEAN_CROSS,0.0017396022779437859,3.853203,12
2024-11-18 07:00:00+00:00,2024-11-18 19:00:00+00:00,1,-0.000705584713429741,0.0003870512389825276,-2.0065,0.5574,MEAN_CROSS,0.0010926359524122686,2.420179,12
2024-11-20 07:00:00+00:00,2024-11-20 21:00:00+00:00,1,-0.0006239038551383302,0.0002616890491600188,-2.023,0.8774,MEAN_CROSS,0.000885592904298349,1.96158,14
2024-11-21 16:00:00+00:00,2024-11-22 07:00:00+00:00,1,-0.0011915870612319024,0.00021368915288544343,-3.1439,1.0753,MEAN_CROSS,0.0014052762141173458,3.112674,15
2024-11-24 22:00:00+00:00,2024-11-25 10:00:00+00:00,-1,0.001691558589324127,9.673488999306645e-05,5.1602,0.1535,MEAN_CROSS,0.0015948236993310605,3.53252,12
2024-11-25 23:00:00+00:00,2024-11-26 11:00:00+00:00,1,-0.00195673315776812,0.00036295421501308933,-3.8582,0.6509,MEAN_CROSS,0.0023196873727812095,5.138087,12
2024-11-27 01:00:00+00:00,2024-11-27 14:00:00+00:00,-1,0.0024152216794830483,0.000531952954431425,3.9012,0.3932,MEAN_CROSS,0.0018832687250516233,4.171423,13
2024-11-28 23:00:00+00:00,2024-11-29 11:00:00+00:00,-1,0.00040854508507670584,0.00013110082716083493,2.5311,0.1536,MEAN_CROSS,0.0002774442579158709,0.614537,12
2024-12-01 22:00:00+00:00,2024-12-02 10:00:00+00:00,1,-0.0007069573507350047,0.0002847014908231582,-2.906,0.7043,MEAN_CROSS,0.0009916588415581629,3.180754,12
2024-12-02 12:00:00+00:00,2024-12-03 03:00:00+00:00,1,-0.0009514680702692457,8.969943568859495e-05,-2.2136,0.6847,MEAN_CROSS,0.0010411675059578407,3.339553,15
2024-12-03 08:00:00+00:00,2024-12-03 20:00:00+00:00,-1,0.0012663958506984319,-0.00020161437097532264,2.9935,-0.3254,MEAN_CROSS,0.0014680102216737545,4.708655,12
2024-12-04 02:00:00+00:00,2024-12-04 15:00:00+00:00,1,-0.001353846578736051,0.0013256325303404592,-2.9725,3.4865,MEAN_CROSS,0.00267947910907651,8.594451,13
2024-12-04 16:00:00+00:00,2024-12-05 04:00:00+00:00,-1,0.0008991088279702852,-2.9997334985987223e-06,2.1218,0.1239,MEAN_CROSS,0.000902108561468884,2.89352,12
2024-12-06 01:00:00+00:00,2024-12-06 13:00:00+00:00,1,-0.0009489686954198273,0.0012964229180373321,-3.303,3.7445,MEAN_CROSS,0.0022453916134571594,7.202112,12
2024-12-06 15:00:00+00:00,2024-12-09 07:00:00+00:00,1,-0.0012448712157695496,0.001659707689612655,-2.6242,4.0428,MEAN_CROSS,0.0029045789053822046,9.31646,16
2024-12-09 08:00:00+00:00,2024-12-09 20:00:00+00:00,-1,0.0020076607093892918,-0.00048320146926172924,3.7696,-0.715,MEAN_CROSS,0.002490862178651021,7.989461,12
2024-12-11 07:00:00+00:00,2024-12-11 19:00:00+00:00,1,-0.0015503015817850407,6.366024948389892e-05,-3.4853,0.5084,MEAN_CROSS,0.0016139618312689397,5.176796,12
2024-12-12 15:00:00+00:00,2024-12-13 04:00:00+00:00,1,-0.0009313550299429041,0.00023107267135646925,-2.6389,0.795,MEAN_CROSS,0.0011624277012993733,3.728496,13
2024-12-13 12:00:00+00:00,2024-12-16 06:00:00+00:00,-1,0.0005485070074353615,-6.018961247256094e-05,2.3259,-0.3645,MEAN_CROSS,0.0006086966199079225,1.952399,18
2024-12-16 10:00:00+00:00,2024-12-16 23:00:00+00:00,1,-0.0007086927394464038,0.0006630492857265802,-2.816,2.0091,MEAN_CROSS,0.001371742025172984,4.399874,13
2024-12-18 03:00:00+00:00,2024-12-18 19:00:00+00:00,1,-0.0006820918582045588,-0.003107934071713614,-2.183,-9.7451,STOP_LOSS,-0.002425842213509055,-7.780908,16
2024-12-18 20:00:00+00:00,2024-12-19 08:00:00+00:00,1,-0.002165408881708908,0.0007442306885910854,-3.0858,1.3364,MEAN_CROSS,0.0029096395702999933,9.332692,12
