entry_time,exit_time,direction,entry_spread,exit_spread,entry_z,exit_z,exit_reason,pnl_spread,pnl_norm,bars_held
2015-04-30 14:00:00+00:00,2015-05-01 02:00:00+00:00,-1,0.0045777391253789546,0.0002729296408912063,3.5243,-0.297,MEAN_CROSS,0.004304809484487748,3.397943,12
2015-05-01 15:00:00+00:00,2015-05-04 03:00:00+00:00,-1,0.0032289218757350913,4.3512980328008766e-05,2.1617,-0.5963,MEAN_CROSS,0.0031854088954070825,2.51436,12
2015-05-04 08:00:00+00:00,2015-05-05 00:00:00+00:00,1,-0.0015994994649604077,0.0007082112763485693,-2.1646,1.6886,MEAN_CROSS,0.002307710741308977,1.82156,16
2015-05-05 12:00:00+00:00,2015-05-06 00:00:00+00:00,1,-0.002354659651558011,0.0007571235187653347,-2.57,0.8331,MEAN_CROSS,0.0031117831703233456,2.456244,12
2015-05-06 16:00:00+00:00,2015-05-07 04:00:00+00:00,-1,0.002053938341161299,-0.00018011441963161623,2.1041,-0.186,MEAN_CROSS,0.002234052760792915,1.763419,12
2015-05-07 13:00:00+00:00,2015-05-08 01:00:00+00:00,-1,0.0027156117265740853,-0.0006155090077086811,2.446,-0.9834,MEAN_CROSS,0.0033311207342827664,2.629375,12
2015-05-08 15:00:00+00:00,2015-05-11 03:00:00+00:00,1,-0.0022073394717796457,0.0013151997704956564,-2.1545,1.9473,MEAN_CROSS,0.003522539242275302,2.780469,12
2015-05-11 12:00:00+00:00,2015-05-12 19:00:00+00:00,1,-0.0020420404547283333,0.0010484714485150537,-2.0962,1.7901,MEAN_CROSS,0.003090511903243387,2.439454,31
2015-05-13 14:00:00+00:00,2015-05-14 02:00:00+00:00,-1,0.001626336983820087,0.00010921506399297343,2.1771,0.33,MEAN_CROSS,0.0015171219198271135,1.19752,12
2015-05-14 15:00:00+00:00,2015-05-15 03:00:00+00:00,-1,0.002702963882613929,-0.00018231829573300828,3.13,-0.4824,MEAN_CROSS,0.0028852821783469373,2.277459,12
2015-05-18 01:00:00+00:00,2015-05-18 13:00:00+00:00,-1,0.0012228827014515442,0.003811222510818446,2.0708,5.3269,STOP_LOSS,-0.002588339809366902,-2.043071,12
2015-05-18 14:00:00+00:00,2015-05-19 02:00:00+00:00,-1,0.0027063993204283765,-0.0007620152734884034,2.485,-1.4323,MEAN_CROSS,0.00346841459391678,2.737746,12
2015-05-20 11:00:00+00:00,2015-05-20 23:00:00+00:00,1,-0.0013841795593531048,0.0004976498110792482,-2.5524,1.2402,MEAN_CROSS,0.001881829370432353,1.714459,12
2015-05-21 09:00:00+00:00,2015-05-21 21:00:00+00:00,-1,0.0011491527418744374,-0.00046935568197903343,2.5822,-0.539,MEAN_CROSS,0.0016185084238534708,1.474558,12
2015-05-22 08:00:00+00:00,2015-05-22 20:00:00+00:00,-1,0.001722811845143446,-0.0010114701927844694,2.3801,-1.3898,MEAN_CROSS,0.0027342820379279154,2.491094,12
2015-05-26 03:00:00+00:00,2015-05-26 15:00:00+00:00,1,-0.0007698949286294443,0.0012794830156289683,-2.8229,0.8355,MEAN_CROSS,0.0020493779442584126,1.867105,12
2015-05-27 13:00:00+00:00,2015-05-28 02:00:00+00:00,1,-0.0015293996896922346,0.0009168104528576304,-2.4426,0.8059,MEAN_CROSS,0.002446210142549865,2.228643,13
2015-05-28 13:00:00+00:00,2015-05-29 01:00:00+00:00,-1,0.0024495640711096334,-0.0003205012136879848,2.0799,-0.2591,MEAN_CROSS,0.002770065284797618,2.523694,12
2015-05-29 12:00:00+00:00,2015-06-01 00:00:00+00:00,-1,0.005293883122058363,0.0002846653750921968,5.0491,0.1639,MEAN_CROSS,0.005009217746966166,4.563696,12
2015-06-01 14:00:00+00:00,2015-06-02 02:00:00+00:00,-1,0.0029185976722433393,-6.619542516350663e-05,2.1058,-0.4751,MEAN_CROSS,0.002984793097406846,2.719324,12
2015-06-02 13:00:00+00:00,2015-06-03 07:00:00+00:00,1,-0.0014060989493079878,0.0006610518493327389,-2.0279,1.0272,MEAN_CROSS,0.0020671507986407267,1.883297,18
2015-06-03 09:00:00+00:00,2015-06-03 21:00:00+00:00,-1,0.0023659673606986065,0.00010491133431067556,2.4787,0.1179,MEAN_CROSS,0.002261056026387931,2.059957,12
2015-06-05 07:00:00+00:00,2015-06-05 19:00:00+00:00,-1,0.0023969892992253827,-0.0016733236911073979,3.4817,-0.9358,MEAN_CROSS,0.004070312990332781,3.708297,12
2015-06-09 07:00:00+00:00,2015-06-09 20:00:00+00:00,-1,0.002400306930192886,-0.00015873447373981886,2.8681,0.0834,MEAN_CROSS,0.0025590414039327047,1.652892,13
2015-06-10 08:00:00+00:00,2015-06-10 21:00:00+00:00,1,-0.0034811330035590116,0.0003225486308711112,-2.2076,0.7924,MEAN_CROSS,0.0038036816344301227,2.456808,13
2015-06-12 12:00:00+00:00,2015-06-15 00:00:00+00:00,-1,0.002594127642957633,-0.00031108924476785926,4.3629,-0.6444,MEAN_CROSS,0.0029052168877254925,1.876487,12
2015-06-15 13:00:00+00:00,2015-06-16 06:00:00+00:00,1,-0.0014064265277837773,0.0007815561909806368,-2.0395,1.1345,MEAN_CROSS,0.002187982718764414,1.413224,17
2015-06-16 13:00:00+00:00,2015-06-17 02:00:00+00:00,1,-0.0014303674093124608,0.00022771222884843123,-2.044,0.5745,MEAN_CROSS,0.001658079638160892,1.070958,13
2015-06-17 06:00:00+00:00,2015-06-17 18:00:00+00:00,-1,0.0014811906136918962,-0.003965261355390326,2.6971,-3.9478,MEAN_CROSS,0.005446451969082222,3.517878,12
2015-06-18 14:00:00+00:00,2015-06-19 02:00:00+00:00,-1,0.002134810932944764,-4.638130993361855e-05,2.3603,0.1313,MEAN_CROSS,0.0021811922428783825,1.408838,12
2015-06-19 12:00:00+00:00,2015-06-22 00:00:00+00:00,-1,0.002948146221445458,0.00021127842242629757,2.8767,-0.3455,MEAN_CROSS,0.0027368677990191603,1.76775,12
2015-06-22 10:00:00+00:00,2015-06-24 01:00:00+00:00,1,-0.0015045549737453534,1.8568464915436067e-05,-2.0167,0.5726,MEAN_CROSS,0.0015231234386607895,0.98379,39
2015-06-24 08:00:00+00:00,2015-06-25 22:00:00+00:00,1,-0.0019269385056898125,0.00018554602767795192,-2.9881,0.671,MEAN_CROSS,0.0021124845333677644,1.364459,38
2015-06-26 18:00:00+00:00,2015-06-29 08:00:00+00:00,1,-0.0022494350732583657,0.0004169745458425522,-2.1221,0.5699,MEAN_CROSS,0.002666409619100918,2.75089,14
2015-06-29 09:00:00+00:00,2015-06-29 22:00:00+00:00,-1,0.002451153919837634,0.0007007297412452429,2.7347,0.1523,MEAN_CROSS,0.0017504241785923913,1.805883,13
2015-06-30 03:00:00+00:00,2015-07-01 12:00:00+00:00,1,-0.0016175277782645159,0.0013002920825362363,-2.0848,0.9723,MEAN_CROSS,0.002917819860800752,3.010266,33
2015-07-02 08:00:00+00:00,2015-07-02 20:00:00+00:00,-1,0.001834918934919605,-0.0009292806285655653,3.2231,-1.3529,MEAN_CROSS,0.00276419956348517,2.851779,12
2015-07-03 13:00:00+00:00,2015-07-06 02:00:00+00:00,-1,0.0018000937760577207,0.0003233411212633097,2.2835,0.0212,MEAN_CROSS,0.001476752654794411,1.523541,13
2015-07-06 06:00:00+00:00,2015-07-06 18:00:00+00:00,1,-0.0012506138840904235,0.0014163567446195957,-2.8942,1.1481,MEAN_CROSS,0.0026669706287100192,2.751469,12
2015-07-07 13:00:00+00:00,2015-07-08 02:00:00+00:00,-1,0.0035799246087527825,0.0003546283782547288,4.056,-0.0117,MEAN_CROSS,0.0032252962304980537,3.327484,13
2015-07-08 09:00:00+00:00,2015-07-09 13:00:00+00:00,1,-0.0020610812582970706,0.0008296933107843074,-2.6814,1.1797,MEAN_CROSS,0.002890774569081378,2.982364,28
2015-07-09 14:00:00+00:00,2015-07-10 02:00:00+00:00,-1,0.0029291115304688198,-0.0005958380248806128,3.2825,-0.3623,MEAN_CROSS,0.0035249495553494326,3.636632,12
2015-07-10 07:00:00+00:00,2015-07-10 19:00:00+00:00,-1,0.0032936757754310486,-0.001681393911198037,3.586,-1.5821,MEAN_CROSS,0.0049750696866290856,5.132697,12
2015-07-14 06:00:00+00:00,2015-07-14 18:00:00+00:00,-1,0.0019504771875119564,0.00013390278804570332,2.5808,-0.0612,MEAN_CROSS,0.001816574399466253,1.87413,12
2015-07-15 14:00:00+00:00,2015-07-16 02:00:00+00:00,-1,0.006716294537600476,-1.545727728624602e-05,5.8729,-0.4391,MEAN_CROSS,0.006731751814886722,6.945036,12
2015-07-17 20:00:00+00:00,2015-07-20 08:00:00+00:00,1,-0.001558052623174766,0.00036966641543800804,-3.7773,0.9069,MEAN_CROSS,0.001927719038612774,0.911453,13
2015-07-20 13:00:00+00:00,2015-07-21 01:00:00+00:00,-1,0.0011499888684408655,1.5302197462152556e-05,2.0429,0.12,MEAN_CROSS,0.001134686670978713,0.536496,12
2015-07-21 13:00:00+00:00,2015-07-22 01:00:00+00:00,1,-0.001028163355083489,0.0006032321918149064,-2.4348,1.3149,MEAN_CROSS,0.0016313955468983954,0.771347,12
2015-07-22 12:00:00+00:00,2015-07-23 00:00:00+00:00,-1,0.002096864569047119,0.0004947836362300118,3.2935,0.1049,MEAN_CROSS,0.001602080932817107,0.757487,12
2015-07-23 08:00:00+00:00,2015-07-24 02:00:00+00:00,1,-0.0022933405900995574,0.0007899281886768472,-4.9133,0.8275,MEAN_CROSS,0.0030832687787764046,1.457814,18
2015-07-24 11:00:00+00:00,2015-07-26 22:00:00+00:00,-1,0.002968392914771245,-0.0003751462393676297,3.2099,-0.4214,MEAN_CROSS,0.003343539154138875,1.580874,12
2015-07-28 14:00:00+00:00,2015-07-29 02:00:00+00:00,1,-0.001642546243716958,0.0003465304860110763,-2.0316,1.0455,MEAN_CROSS,0.0019890767297280343,0.940464,12
2015-07-29 14:00:00+00:00,2015-07-30 06:00:00+00:00,1,-0.003394612795991181,0.0015274291797152673,-2.896,1.689,MEAN_CROSS,0.004922041975706448,2.327213,16
2015-07-30 13:00:00+00:00,2015-07-31 01:00:00+00:00,-1,0.0029122090879900586,-8.299561908886588e-05,3.0025,-0.5496,MEAN_CROSS,0.0029952047070789245,1.416176,12
2015-07-31 06:00:00+00:00,2015-07-31 19:00:00+00:00,-1,0.0026850665740272284,0.0011963320736280147,2.7631,0.458,MEAN_CROSS,0.0014887345003992136,0.703895,13
2015-08-03 14:00:00+00:00,2015-08-04 17:00:00+00:00,1,-0.0019929796270131694,0.0013357527313033746,-2.9192,2.372,MEAN_CROSS,0.003328732358316544,1.573873,27
2015-08-07 11:00:00+00:00,2015-08-09 22:00:00+00:00,1,-0.0018430236041026005,0.0005161555386035133,-2.503,0.6348,MEAN_CROSS,0.0023591791427061137,2.393241,12
2015-08-10 13:00:00+00:00,2015-08-11 01:00:00+00:00,1,-0.0029086758358236597,0.0036927990972299707,-2.4433,2.755,MEAN_CROSS,0.00660147493305363,6.696786,12
2015-08-11 02:00:00+00:00,2015-08-11 16:00:00+00:00,-1,0.0037718106661928097,-0.0005965577697942814,2.4505,-0.1119,MEAN_CROSS,0.004368368435987091,4.431438,14
2015-08-12 07:00:00+00:00,2015-08-13 00:00:00+00:00,1,-0.0031971970830813046,0.0005036693124481628,-2.4707,0.7877,MEAN_CROSS,0.0037008663955294674,3.754299,17
2015-08-13 12:00:00+00:00,2015-08-14 00:00:00+00:00,-1,0.0033253724050515965,3.645544038755055e-05,3.5534,-0.2354,MEAN_CROSS,0.003288916964664046,3.336402,12
2015-08-14 11:00:00+00:00,2015-08-17 00:00:00+00:00,1,-0.0017941614740900613,0.000670116573581736,-2.1731,0.6887,MEAN_CROSS,0.0024642780476717974,2.499857,14
2015-08-17 14:00:00+00:00,2015-08-18 04:00:00+00:00,1,-0.0015782361189766725,0.0004434684521792409,-2.3362,0.5449,MEAN_CROSS,0.0020217045711559134,2.050894,14
2015-08-19 10:00:00+00:00,2015-08-19 22:00:00+00:00,-1,0.001684263692706689,0.0006809987840840082,2.2,0.0711,MEAN_CROSS,0.0010032649086226808,1.01775,12
2015-08-20 12:00:00+00:00,2015-08-21 01:00:00+00:00,1,-0.0038541463878729587,0.001730801288168049,-2.8626,1.2245,MEAN_CROSS,0.005584947676041008,5.665582,13
2015-08-21 14:00:00+00:00,2015-08-24 03:00:00+00:00,-1,0.004606028807627172,0.0011326892652652187,3.4257,-0.1668,MEAN_CROSS,0.003473339542361953,3.523487,14
2015-08-24 07:00:00+00:00,2015-08-24 19:00:00+00:00,1,-0.0023158389929179846,0.0028225438964046834,-2.6164,0.6684,MEAN_CROSS,0.005138382889322668,5.21257,12
2015-08-26 20:00:00+00:00,2015-08-27 11:00:00+00:00,1,-0.0030439529460736248,0.00014487739670221433,-2.0736,0.8677,MEAN_CROSS,0.003188830342775839,1.258792,15
2015-08-27 13:00:00+00:00,2015-08-28 01:00:00+00:00,-1,0.0018069683461595654,-0.0010880423210549717,2.2012,0.0882,MEAN_CROSS,0.002895010667214537,1.142807,12
2015-08-28 07:00:00+00:00,2015-08-28 19:00:00+00:00,-1,0.0028778943996954354,-0.0010472834830602684,2.6399,-0.4306,MEAN_CROSS,0.003925177882755704,1.549466,12
2015-08-31 15:00:00+00:00,2015-09-01 03:00:00+00:00,1,-0.005200747093909164,0.0006985584742607021,-3.4175,0.5974,MEAN_CROSS,0.005899305568169866,2.328754,12
2015-09-01 07:00:00+00:00,2015-09-01 22:00:00+00:00,-1,0.004295317726807357,0.001052587701454999,2.3866,0.4673,MEAN_CROSS,0.0032427300253523583,1.280069,15
2015-09-02 12:00:00+00:00,2015-09-03 13:00:00+00:00,1,-0.0034370372681293837,-0.004468544881109926,-2.3154,-4.0127,STOP_LOSS,-0.0010315076129805423,-0.407188,25
2015-09-03 14:00:00+00:00,2015-09-04 02:00:00+00:00,1,-0.006279050585433876,0.0010447272766397342,-4.4794,1.1018,MEAN_CROSS,0.0073237778620736105,2.891065,12
2015-09-08 06:00:00+00:00,2015-09-08 21:00:00+00:00,1,-0.001256206349273259,0.0002622395357636531,-2.5088,0.7308,MEAN_CROSS,0.001518445885036912,0.599407,15
2015-09-09 07:00:00+00:00,2015-09-10 01:00:00+00:00,-1,0.00244884174631943,-0.00010395321190070916,3.1827,-0.4615,MEAN_CROSS,0.0025527949582201392,1.007717,18
2015-09-10 07:00:00+00:00,2015-09-10 20:00:00+00:00,1,-0.003045925875771127,0.001897005658940465,-2.54,1.2791,MEAN_CROSS,0.004942931534711592,1.951225,13
2015-09-11 14:00:00+00:00,2015-09-14 01:00:00+00:00,-1,0.0035868404280219313,-0.0012012411280830637,3.1674,-1.4192,MEAN_CROSS,0.004788081556104995,1.890097,12
2015-09-15 07:00:00+00:00,2015-09-15 21:00:00+00:00,1,-0.0012289705028676323,0.00018662425697613116,-2.2632,0.543,MEAN_CROSS,0.0014155947598437635,1.409218,14
2015-09-16 07:00:00+00:00,2015-09-17 00:00:00+00:00,1,-0.0014251602300955346,0.00023908638234382273,-2.7276,1.1676,MEAN_CROSS,0.0016642466124393573,1.65675,17
2015-09-17 07:00:00+00:00,2015-09-17 22:00:00+00:00,-1,0.0015134487623816861,0.00018054088943320057,2.9197,0.1435,MEAN_CROSS,0.0013329078729484856,1.326904,15
2015-09-18 07:00:00+00:00,2015-09-18 19:00:00+00:00,1,-0.003478093212117561,0.002577556012112292,-2.7395,1.2629,MEAN_CROSS,0.006055649224229853,6.028372,12
2015-09-23 06:00:00+00:00,2015-09-23 19:00:00+00:00,1,-0.0013809375399875812,0.0009016225714539861,-2.2405,0.5264,MEAN_CROSS,0.0022825601114415672,2.272278,13
2015-09-24 10:00:00+00:00,2015-09-24 22:00:00+00:00,-1,0.0035965866593928864,0.0002618421647000435,2.8999,0.0138,MEAN_CROSS,0.003334744494692843,3.319723,12
2015-09-28 11:00:00+00:00,2015-09-28 23:00:00+00:00,-1,0.002230614006637377,0.0004745902485098208,4.0403,0.0041,MEAN_CROSS,0.0017560237581275562,1.748114,12
2015-09-29 12:00:00+00:00,2015-10-01 05:00:00+00:00,1,-0.0011061417195202816,2.4726077342163144e-05,-2.1516,1.0868,MEAN_CROSS,0.0011308677968624448,1.125774,41
2015-10-01 16:00:00+00:00,2015-10-02 04:00:00+00:00,-1,0.0011116838085926117,-0.0003041996106487588,2.7284,0.4783,MEAN_CROSS,0.0014158834192413705,1.409506,12
2015-10-02 13:00:00+00:00,2015-10-05 01:00:00+00:00,-1,0.0027027803686475727,-0.0009188058061444515,4.262,-0.5048,MEAN_CROSS,0.003621586174792024,5.027585,12
2015-10-05 09:00:00+00:00,2015-10-05 21:00:00+00:00,1,-0.002718155094182717,-0.0004688812111532936,-2.0903,0.5289,MEAN_CROSS,0.0022492738830294234,3.122503,12
2015-10-06 06:00:00+00:00,2015-10-06 18:00:00+00:00,-1,0.0009207111320439498,-0.00028489894798466864,2.2236,-0.0413,MEAN_CROSS,0.0012056100800286185,1.673661,12
2015-10-07 13:00:00+00:00,2015-10-08 01:00:00+00:00,1,-0.0028805420156500228,0.0006835690669707573,-3.3974,0.8396,MEAN_CROSS,0.00356411108262078,4.947796,12
2015-10-08 15:00:00+00:00,2015-10-09 06:00:00+00:00,1,-0.0019505511697995859,0.0005821277246143008,-2.3828,1.2582,MEAN_CROSS,0.0025326788944138867,3.515934,15
2015-10-09 12:00:00+00:00,2015-10-12 00:00:00+00:00,-1,0.002179975711172233,-0.0006081170345864084,3.3513,-0.2813,MEAN_CROSS,0.0027880927457586413,3.870507,12
2015-10-12 13:00:00+00:00,2015-10-13 01:00:00+00:00,-1,0.0022264339174214998,0.000735634697800136,2.416,0.3825,MEAN_CROSS,0.0014907992196213637,2.069568,12
2015-10-13 02:00:00+00:00,2015-10-13 14:00:00+00:00,-1,0.0025022151923455027,-0.004812664986774573,2.2551,-7.0174,MEAN_CROSS,0.007314880179120076,10.154717,12
2015-10-13 15:00:00+00:00,2015-10-14 09:00:00+00:00,1,-0.0024324663376882327,0.001256010097354654,-2.3667,1.0391,MEAN_CROSS,0.0036884764350428867,5.120444,18
2015-10-15 16:00:00+00:00,2015-10-16 04:00:00+00:00,1,-0.0027595188580405994,0.0003541455757324341,-2.6722,0.8379,MEAN_CROSS,0.0031136644337730335,4.322474,12
2015-10-19 01:00:00+00:00,2015-10-19 19:00:00+00:00,-1,0.0016779874703684028,0.0009824875731518912,2.1526,0.3766,MEAN_CROSS,0.0006954998972165116,0.965512,18
2015-10-20 06:00:00+00:00,2015-10-21 05:00:00+00:00,1,-0.0015152174793777728,0.0003165993299458769,-2.1591,0.5151,MEAN_CROSS,0.0018318168093236498,2.542978,23
2015-10-21 06:00:00+00:00,2015-10-21 18:00:00+00:00,-1,0.002009880161638722,0.0007209684948589201,2.158,0.1625,MEAN_CROSS,0.0012889116667798017,1.789302,12
2015-10-23 08:00:00+00:00,2015-10-23 20:00:00+00:00,-1,0.00111218518140066,-0.00033889344203941185,2.4146,-0.2649,MEAN_CROSS,0.0014510786234400719,0.966439,12
2015-10-27 13:00:00+00:00,2015-10-28 01:00:00+00:00,-1,0.0023609783890335967,2.1844645081925407e-05,3.3618,-1.0022,MEAN_CROSS,0.0023391337439516713,1.557897,12
2015-10-28 06:00:00+00:00,2015-10-28 18:00:00+00:00,1,-0.0006828566845565875,0.0017707854500620401,-2.0188,1.2577,MEAN_CROSS,0.0024536421346186277,1.634161,12
2015-10-30 12:00:00+00:00,2015-11-02 00:00:00+00:00,-1,0.001902485531826703,7.067407489658173e-05,2.9623,0.4494,MEAN_CROSS,0.0018318114569301214,1.220013,12
2015-11-03 13:00:00+00:00,2015-11-04 01:00:00+00:00,-1,0.001861658663706911,-0.0006146814641304621,2.8292,-0.2539,MEAN_CROSS,0.002476340127837373,1.649279,12
2015-11-04 16:00:00+00:00,2015-11-05 04:00:00+00:00,-1,0.003188338373833033,0.0002624854088654205,2.3272,-0.2652,MEAN_CROSS,0.0029258529649676124,1.948661,12
2015-11-06 10:00:00+00:00,2015-11-08 22:00:00+00:00,-1,0.001078842952128678,0.00020807529636757138,2.475,-0.4196,MEAN_CROSS,0.0008707676557611066,0.579944,12
2015-11-11 15:00:00+00:00,2015-11-12 03:00:00+00:00,-1,0.0011219216129101373,0.00019130644367271188,2.1462,0.4171,MEAN_CROSS,0.0009306151692374254,1.598781,12
2015-11-12 09:00:00+00:00,2015-11-12 21:00:00+00:00,-1,0.0012598649877754164,0.00033482490336744775,2.4005,0.0516,MEAN_CROSS,0.0009250400844079687,1.589203,12
2015-11-16 13:00:00+00:00,2015-11-17 01:00:00+00:00,-1,0.001988185646831453,-2.6720687996251158e-05,3.1599,-0.0062,MEAN_CROSS,0.002014906334827704,3.461575,12
2015-11-18 12:00:00+00:00,2015-11-19 00:00:00+00:00,-1,0.0007385452873206466,-0.00136762069973706,2.1017,-1.7008,MEAN_CROSS,0.0021061659870577065,3.618358,12
2015-11-19 01:00:00+00:00,2015-11-19 13:00:00+00:00,1,-0.0017886771380338784,0.0013896983222400072,-2.1267,1.8794,MEAN_CROSS,0.0031783754602738856,5.460396,12
2015-11-20 14:00:00+00:00,2015-11-23 02:00:00+00:00,1,-0.0017351290271045983,0.0014476748085595625,-2.7121,1.498,MEAN_CROSS,0.003182803835664161,5.468004,12
2015-11-23 12:00:00+00:00,2015-11-24 08:00:00+00:00,1,-0.0024235242688152026,0.0004977856260268698,-3.599,0.6868,MEAN_CROSS,0.0029213098948420724,5.018762,20
2015-11-24 14:00:00+00:00,2015-11-25 07:00:00+00:00,1,-0.0018643016053216943,0.0007828410731745006,-2.105,1.6108,MEAN_CROSS,0.002647142678496195,4.547747,17
2015-11-25 08:00:00+00:00,2015-11-25 20:00:00+00:00,-1,0.0014995224735040447,-0.00043665650604551853,2.4304,-0.0053,MEAN_CROSS,0.0019361789795495632,3.326323,12
2015-11-26 07:00:00+00:00,2015-11-26 19:00:00+00:00,-1,0.0012208505230121292,-0.00024810616296344623,2.4261,-0.2113,MEAN_CROSS,0.0014689566859755754,2.523643,12
2015-11-27 14:00:00+00:00,2015-11-30 02:00:00+00:00,-1,0.0010736720694466406,0.000132536478921641,2.4001,-0.4371,MEAN_CROSS,0.0009411355905249996,1.616855,12
2015-11-30 13:00:00+00:00,2015-12-01 03:00:00+00:00,1,-0.001119910399970836,0.00044519190189984403,-2.5836,0.8793,MEAN_CROSS,0.00156510230187068,2.68882,14
2015-12-01 13:00:00+00:00,2015-12-02 01:00:00+00:00,-1,0.0031690873885611426,0.00011146950325124916,4.7569,-0.0096,MEAN_CROSS,0.0030576178853098934,4.259258,12
2015-12-02 13:00:00+00:00,2015-12-03 01:00:00+00:00,-1,0.0019365457058211355,-3.1563565565218e-05,2.2836,-0.1793,MEAN_CROSS,0.0019681092713863535,2.741574,12
2015-12-03 04:00:00+00:00,2015-12-03 16:00:00+00:00,1,-0.002355596421150574,0.004386629097137051,-3.0058,2.2461,MEAN_CROSS,0.006742225518287626,9.391912,12
2015-12-07 13:00:00+00:00,2015-12-08 01:00:00+00:00,-1,0.003060444275483798,-0.00015295101526091592,2.6842,-1.0704,MEAN_CROSS,0.003213395290744714,4.476256,12
2015-12-08 12:00:00+00:00,2015-12-09 00:00:00+00:00,-1,0.004154405639840597,-0.0001892750362033624,3.8446,-0.7255,MEAN_CROSS,0.0043436806760439595,6.050742,12
2015-12-11 14:00:00+00:00,2015-12-14 02:00:00+00:00,-1,0.003256880793132355,2.229820691512785e-05,3.2503,-0.908,MEAN_CROSS,0.0032345825862172273,4.505769,12
2015-12-14 13:00:00+00:00,2015-12-15 07:00:00+00:00,1,-0.0028640358366642804,0.0009096940799040443,-2.7688,1.0791,MEAN_CROSS,0.0037737299165683247,5.256801,18
2015-12-15 15:00:00+00:00,2015-12-16 03:00:00+00:00,-1,0.0022811848812858138,7.250110287704281e-05,2.3145,0.246,MEAN_CROSS,0.002208683778408771,3.076694,12
2015-12-16 15:00:00+00:00,2015-12-17 03:00:00+00:00,-1,0.004321784452665289,-0.00042887459313778464,4.9414,-0.8013,MEAN_CROSS,0.004750659045803074,6.617662,12
2015-12-17 14:00:00+00:00,2015-12-18 02:00:00+00:00,-1,0.005105886609228838,0.00013623726010858483,4.4947,-0.375,MEAN_CROSS,0.004969649349120253,6.922715,12
2015-12-23 14:00:00+00:00,2015-12-24 03:00:00+00:00,1,-0.0017677473106778585,0.0004019482641832717,-2.954,1.0169,MEAN_CROSS,0.00216969557486113,1.628703,13
2015-12-27 22:00:00+00:00,2015-12-28 12:00:00+00:00,-1,0.0015771526718546536,-6.843399520550797e-05,2.9981,-0.2961,MEAN_CROSS,0.0016455866670601615,1.235276,14
2015-12-28 14:00:00+00:00,2015-12-29 02:00:00+00:00,-1,0.0017965463206024435,-0.0011173570327414062,2.1853,-2.288,MEAN_CROSS,0.0029139033533438496,2.18735,12
2015-12-29 09:00:00+00:00,2015-12-29 22:00:00+00:00,-1,0.0019368701032504987,0.00028893949356101345,2.3421,0.4995,MEAN_CROSS,0.0016479306096894852,1.237035,13
2015-12-31 12:00:00+00:00,2016-01-04 00:00:00+00:00,1,-0.0018611811852027316,0.0005266325923838355,-2.5489,0.793,MEAN_CROSS,0.002387813777586567,1.792436,12
2016-01-04 01:00:00+00:00,2016-01-04 13:00:00+00:00,-1,0.003004333560741035,-0.0012622292377371114,2.8543,-0.8431,MEAN_CROSS,0.004266562798478146,3.202737,12
2016-01-06 02:00:00+00:00,2016-01-06 14:00:00+00:00,-1,0.0024666734831124693,-0.0008253371221005334,2.1463,-1.4907,MEAN_CROSS,0.0032920106052130027,2.47118,12
2016-01-07 14:00:00+00:00,2016-01-08 07:00:00+00:00,1,-0.002719455621744027,0.0017634891846372014,-3.0771,0.9439,MEAN_CROSS,0.004482944806381228,3.365166,17
2016-01-08 15:00:00+00:00,2016-01-11 03:00:00+00:00,-1,0.004208889688004369,-0.0006113225788806353,2.6576,-0.7785,MEAN_CROSS,0.0048202122668850045,3.618339,12
2016-01-13 16:00:00+00:00,2016-01-14 04:00:00+00:00,-1,0.004304700362260716,0.0007938004362386675,2.9135,0.1599,MEAN_CROSS,0.0035108999260220486,1.748687,12
2016-01-15 06:00:00+00:00,2016-01-15 19:00:00+00:00,-1,0.0052121121039012674,0.0008628104626060562,4.4869,-0.0804,MEAN_CROSS,0.004349301641295211,2.166272,13
2016-01-18 01:00:00+00:00,2016-01-18 17:00:00+00:00,1,-0.0025629461542164833,0.0016285185751303555,-2.2728,1.0074,MEAN_CROSS,0.004191464729346839,2.087658,16
2016-01-19 14:00:00+00:00,2016-01-20 05:00:00+00:00,-1,0.003718018424058611,0.0008594344535366449,2.918,0.2069,MEAN_CROSS,0.0028585839705219662,1.423785,15
2016-01-20 16:00:00+00:00,2016-01-21 04:00:00+00:00,1,-0.00326717749519001,0.0011558187325597657,-3.1404,0.7239,MEAN_CROSS,0.004422996227749776,2.202978,12
2016-01-21 13:00:00+00:00,2016-01-22 01:00:00+00:00,1,-0.005642340826712111,0.0014921737741560026,-2.278,1.2907,MEAN_CROSS,0.007134514600868114,3.553514,12
2016-01-25 07:00:00+00:00,2016-01-25 19:00:00+00:00,-1,0.0028414178367570653,0.00010307379102658665,2.8365,-0.058,MEAN_CROSS,0.0027383440457304786,1.363897,12
2016-01-26 09:00:00+00:00,2016-01-26 21:00:00+00:00,1,-0.002739504900143741,0.0023088492832450402,-2.8414,1.1118,MEAN_CROSS,0.005048354183388781,2.514452,12
2016-01-27 19:00:00+00:00,2016-01-28 07:00:00+00:00,-1,0.004402501919566815,-0.0026316446374641256,2.3229,-1.7029,MEAN_CROSS,0.00703414655703094,3.503523,12
2016-01-28 13:00:00+00:00,2016-01-29 08:00:00+00:00,1,-0.0038942358462668025,0.00045622545256884806,-2.3026,0.7265,MEAN_CROSS,0.004350461298835651,2.16685,19
2016-01-29 10:00:00+00:00,2016-01-31 22:00:00+00:00,-1,0.003678958670203736,-0.0012620341891687037,2.9041,-0.4566,MEAN_CROSS,0.0049409928593724395,2.460978,12
2016-02-01 18:00:00+00:00,2016-02-02 06:00:00+00:00,1,-0.003443023996324568,0.0017130657422768092,-2.1716,1.1406,MEAN_CROSS,0.005156089738601377,3.059523,12
2016-02-02 13:00:00+00:00,2016-02-03 02:00:00+00:00,-1,0.00428244934693911,0.0008949174686267991,2.7005,0.1802,MEAN_CROSS,0.003387531878312311,2.010095,13
2016-02-03 07:00:00+00:00,2016-02-03 23:00:00+00:00,1,-0.0027428435606813295,-1.8930349209078656e-05,-2.5113,0.5818,MEAN_CROSS,0.002723913211472251,1.616317,16
2016-02-04 16:00:00+00:00,2016-02-05 04:00:00+00:00,-1,0.003841235096850193,-0.0005639310659300012,3.1671,-0.2369,MEAN_CROSS,0.004405166162780194,2.61394,12
2016-02-05 14:00:00+00:00,2016-02-08 02:00:00+00:00,-1,0.004051060655531957,2.3396830554078818e-05,2.3601,-0.5998,MEAN_CROSS,0.0040276638249778784,2.389937,12
2016-02-08 12:00:00+00:00,2016-02-09 01:00:00+00:00,-1,0.00472488449804076,0.0004352812134758022,2.2038,-0.0801,MEAN_CROSS,0.004289603284564958,2.545367,13
2016-02-09 08:00:00+00:00,2016-02-10 00:00:00+00:00,1,-0.002286234212136362,0.0019550349649417598,-2.0285,1.2316,MEAN_CROSS,0.004241269177078122,2.516687,16
2016-02-10 16:00:00+00:00,2016-02-11 06:00:00+00:00,-1,0.004409874237396583,0.00046694918978129607,2.3502,0.0356,MEAN_CROSS,0.003942925047615287,2.339655,14
2016-02-11 14:00:00+00:00,2016-02-12 13:00:00+00:00,1,-0.003799749566187227,0.0022514113700926597,-2.8807,2.0299,MEAN_CROSS,0.006051160936279887,3.590641,23
2016-02-12 16:00:00+00:00,2016-02-15 06:00:00+00:00,1,-0.005559073447502616,2.4394671833682935e-06,-4.1312,0.5619,MEAN_CROSS,0.005561512914685984,3.300093,14
2016-02-16 00:00:00+00:00,2016-02-16 13:00:00+00:00,1,-0.002701355913371506,0.00271428081762215,-3.2786,2.5003,MEAN_CROSS,0.005415636730993656,3.213533,13
2016-02-16 14:00:00+00:00,2016-02-17 02:00:00+00:00,-1,0.006143047038007499,-0.0008281336776900794,4.7616,-0.5396,MEAN_CROSS,0.006971180715697578,4.136563,12
2016-02-17 15:00:00+00:00,2016-02-18 05:00:00+00:00,1,-0.008309456575426699,-0.0002444179990228612,-4.5128,0.5343,MEAN_CROSS,0.008065038576403838,4.785637,14
2016-02-19 13:00:00+00:00,2016-02-22 01:00:00+00:00,-1,0.0033046720470413238,-0.0012717715389822803,2.6771,-1.3861,MEAN_CROSS,0.004576443586023604,3.817274,12
2016-02-22 13:00:00+00:00,2016-02-23 01:00:00+00:00,1,-0.0044312614864121525,0.0007679988723163778,-3.6192,1.2541,MEAN_CROSS,0.00519926035872853,4.336774,12
2016-02-23 14:00:00+00:00,2016-02-24 02:00:00+00:00,-1,0.0026882189494781272,0.0006685710073652817,2.2873,0.0121,MEAN_CROSS,0.0020196479421128455,1.684616,12
2016-02-24 15:00:00+00:00,2016-02-25 03:00:00+00:00,1,-0.002624687813172377,0.0008587815614873318,-2.9157,0.7062,MEAN_CROSS,0.003483469374659709,2.905609,12
2016-02-25 12:00:00+00:00,2016-02-26 00:00:00+00:00,1,-0.004595676949503247,2.556692462496457e-05,-2.4237,0.9545,MEAN_CROSS,0.004621243874128211,3.854642,12
2016-02-28 23:00:00+00:00,2016-02-29 11:00:00+00:00,-1,0.0018147601749487485,-0.0008711754911951974,2.1974,-0.9054,MEAN_CROSS,0.002685935666143946,2.240375,12
2016-02-29 13:00:00+00:00,2016-03-01 01:00:00+00:00,1,-0.0027388583296406033,0.0007908065104602624,-2.7746,0.684,MEAN_CROSS,0.0035296648401008657,2.944141,12
2016-03-01 07:00:00+00:00,2016-03-01 20:00:00+00:00,1,-0.0025122425126395953,0.00039751713372071507,-2.2585,0.7664,MEAN_CROSS,0.0029097596463603104,2.42707,13
2016-03-03 13:00:00+00:00,2016-03-04 03:00:00+00:00,-1,0.00296419900896705,0.00029499247247977145,3.2091,0.3508,MEAN_CROSS,0.0026692065364872786,2.226421,14
2016-03-04 15:00:00+00:00,2016-03-07 06:00:00+00:00,1,-0.0037437854892927724,0.000361279037670581,-3.491,0.5457,MEAN_CROSS,0.0041050645269633534,3.42409,15
2016-03-07 15:00:00+00:00,2016-03-08 03:00:00+00:00,1,-0.003764644447137755,0.001031924957180852,-2.3807,0.9928,MEAN_CROSS,0.004796569404318607,4.000884,12
2016-03-08 14:00:00+00:00,2016-03-09 02:00:00+00:00,-1,0.00289645190256671,0.0009470177277228764,2.3858,0.1665,MEAN_CROSS,0.0019494341748438337,1.62605,12
2016-03-10 15:00:00+00:00,2016-03-11 03:00:00+00:00,-1,0.004008142661855896,-0.00240490326598386,2.2055,-1.7512,MEAN_CROSS,0.006413045927839756,2.930307,12
2016-03-14 06:00:00+00:00,2016-03-14 18:00:00+00:00,-1,0.0019638191556419216,-0.0014344636736434158,2.1691,-1.2404,MEAN_CROSS,0.0033982828292853373,1.552774,12
2016-03-15 07:00:00+00:00,2016-03-15 19:00:00+00:00,-1,0.003456841736078742,0.0002125838414406278,3.1441,-0.3297,MEAN_CROSS,0.003244257894638114,1.482396,12
2016-03-16 17:00:00+00:00,2016-03-17 11:00:00+00:00,1,-0.0014274117141888087,0.0005700334771980842,-2.4538,0.8303,MEAN_CROSS,0.001997445191386893,0.912691,18
2016-03-18 17:00:00+00:00,2016-03-21 05:00:00+00:00,-1,0.0023842765236943286,0.0006194793247700225,2.296,0.1987,MEAN_CROSS,0.001764797198924306,0.806387,12
2016-03-22 14:00:00+00:00,2016-03-23 02:00:00+00:00,1,-0.002258869984701928,0.0013290555960066008,-2.7418,1.6981,MEAN_CROSS,0.0035879255807085286,1.639427,12
2016-03-23 12:00:00+00:00,2016-03-24 00:00:00+00:00,-1,0.00287254327211528,0.0014102795356385478,3.1365,0.3372,MEAN_CROSS,0.0014622637364767321,0.668151,12
2016-03-25 15:00:00+00:00,2016-03-28 03:00:00+00:00,-1,0.001502734572899067,-0.001058152757026587,2.7045,-1.8981,MEAN_CROSS,0.002560887329925654,1.170144,12
2016-03-28 12:00:00+00:00,2016-03-29 00:00:00+00:00,1,-0.0016907607206999575,0.0004137575577773944,-2.3209,1.1261,MEAN_CROSS,0.002104518278477352,0.961616,12
2016-03-30 07:00:00+00:00,2016-03-30 20:00:00+00:00,1,-0.002938617287468137,-0.00044205276149078543,-2.1153,0.5171,MEAN_CROSS,0.0024965645259773517,2.346684,13
2016-03-31 12:00:00+00:00,2016-04-01 01:00:00+00:00,1,-0.0032813804495575027,0.0015310983578777915,-2.1822,1.0607,MEAN_CROSS,0.004812478807435294,4.523563,13
2016-04-01 12:00:00+00:00,2016-04-04 00:00:00+00:00,-1,0.006098808786855647,-0.00014122990576570515,3.8693,-0.3378,MEAN_CROSS,0.0062400386926213525,5.865419,12
2016-04-04 20:00:00+00:00,2016-04-05 14:00:00+00:00,-1,0.002012713130769228,0.00039259214008580123,2.1155,-0.3007,MEAN_CROSS,0.0016201209906834269,1.522857,18
2016-04-05 20:00:00+00:00,2016-04-06 08:00:00+00:00,1,-0.001663333870113748,0.0010274801638219255,-2.2356,0.585,MEAN_CROSS,0.0026908140339356734,2.529272,12
2016-04-06 15:00:00+00:00,2016-04-07 07:00:00+00:00,1,-0.004551679390150332,0.0007773989388890623,-3.823,1.1193,MEAN_CROSS,0.005329078329039394,5.009148,16
2016-04-07 14:00:00+00:00,2016-04-08 02:00:00+00:00,-1,0.003570573833665547,-0.001675443979911151,2.5696,-1.3589,MEAN_CROSS,0.005246017813576698,4.931074,12
2016-04-08 12:00:00+00:00,2016-04-11 00:00:00+00:00,1,-0.004543289023154262,0.0009552309008402649,-3.2701,1.8595,MEAN_CROSS,0.005498519923994527,5.168417,12
2016-04-11 13:00:00+00:00,2016-04-12 02:00:00+00:00,1,-0.0035599069134035766,0.00042998907525126917,-2.284,0.9856,MEAN_CROSS,0.003989895988654846,3.750363,13
2016-04-12 15:00:00+00:00,2016-04-13 05:00:00+00:00,1,-0.004355925456254184,0.00185714404112014,-3.3124,1.9781,MEAN_CROSS,0.006213069497374324,5.840069,14
2016-04-13 06:00:00+00:00,2016-04-13 22:00:00+00:00,-1,0.0022090123588820454,-0.0002176707655838772,2.0942,0.122,MEAN_CROSS,0.0024266831244659226,2.280998,16
2016-04-14 01:00:00+00:00,2016-04-14 13:00:00+00:00,-1,0.002492018000957774,0.0005157683175851524,2.729,0.3923,MEAN_CROSS,0.0019762496833726217,1.857606,12
2016-04-15 01:00:00+00:00,2016-04-15 13:00:00+00:00,1,-0.0018268179523219796,0.0023607555774094457,-2.1753,2.2941,MEAN_CROSS,0.004187573529731425,3.936173,12
2016-04-17 21:00:00+00:00,2016-04-18 09:00:00+00:00,-1,0.007306408211328774,-0.00318492900584455,6.2451,-1.6391,MEAN_CROSS,0.010491337217173324,9.861492,12
2016-04-19 22:00:00+00:00,2016-04-20 10:00:00+00:00,-1,0.0016598964286174134,-0.0007664031530254523,2.5501,-0.2088,MEAN_CROSS,0.0024262995816428656,0.899998,12
2016-04-20 15:00:00+00:00,2016-04-21 07:00:00+00:00,1,-0.003782699393856559,0.0007725005349569214,-2.2367,1.0336,MEAN_CROSS,0.00455519992881348,1.68968,16
2016-04-21 13:00:00+00:00,2016-04-22 01:00:00+00:00,-1,0.002386342878016756,-0.0009422761991860762,2.4258,-1.6088,MEAN_CROSS,0.0033286190772028323,1.234699,12
2016-04-22 10:00:00+00:00,2016-04-25 00:00:00+00:00,1,-0.0019431549980566398,0.0013412422789026435,-2.6662,1.2337,MEAN_CROSS,0.0032843972769592833,1.218295,14
2016-04-26 07:00:00+00:00,2016-04-26 23:00:00+00:00,1,-0.002425280196426849,9.786407312750711e-05,-4.9779,0.7633,MEAN_CROSS,0.002523144269554356,0.935921,16
2016-04-27 14:00:00+00:00,2016-04-28 02:00:00+00:00,-1,0.0036560441067132743,-0.00029951539482231393,6.7722,-0.1659,MEAN_CROSS,0.003955559501535588,1.467252,12
2016-04-29 17:00:00+00:00,2016-05-02 05:00:00+00:00,-1,0.00283485763211877,0.0004699845814787329,2.8225,0.4198,MEAN_CROSS,0.0023648730506400373,0.877212,12
2016-05-03 06:00:00+00:00,2016-05-03 18:00:00+00:00,1,-0.0018546187225696453,0.0026826155183223843,-2.967,0.9068,MEAN_CROSS,0.00453723424089203,1.683015,12
2016-05-05 12:00:00+00:00,2016-05-06 00:00:00+00:00,1,-0.003250141872571888,0.0009416817272791533,-2.2988,1.312,MEAN_CROSS,0.004191823599851041,1.554891,12
2016-05-06 12:00:00+00:00,2016-05-08 23:00:00+00:00,-1,0.0035642430444146056,0.000539578145838493,3.5377,0.1979,MEAN_CROSS,0.0030246648985761126,1.121952,12
2016-05-09 12:00:00+00:00,2016-05-10 01:00:00+00:00,-1,0.002585774219767467,9.509738649160493e-05,2.0289,-0.156,MEAN_CROSS,0.002490676833275862,2.362221,13
2016-05-10 08:00:00+00:00,2016-05-10 23:00:00+00:00,1,-0.0023192869650983106,8.091898008610876e-05,-2.2824,0.7197,MEAN_CROSS,0.0024002059451844193,2.276416,15
2016-05-11 10:00:00+00:00,2016-05-11 22:00:00+00:00,1,-0.002907009642074354,0.00046567682301790203,-2.6999,1.0145,MEAN_CROSS,0.003372686465092256,3.198741,12
2016-05-12 15:00:00+00:00,2016-05-13 03:00:00+00:00,-1,0.0021699212114798527,-0.0002420846624329176,3.114,-0.3573,MEAN_CROSS,0.0024120058739127703,2.287607,12
2016-05-13 13:00:00+00:00,2016-05-16 01:00:00+00:00,-1,0.0019840963157462532,-0.00014073814475323854,2.3263,-1.1507,MEAN_CROSS,0.0021248344604994918,2.015247,12
2016-05-16 02:00:00+00:00,2016-05-16 23:00:00+00:00,1,-0.0012584016022503253,0.0001735503637132485,-2.8325,0.5721,MEAN_CROSS,0.0014319519659635738,1.358099,21
2016-05-17 02:00:00+00:00,2016-05-18 00:00:00+00:00,1,-0.003078595883806323,0.0008376140609269722,-4.1184,0.6932,MEAN_CROSS,0.003916209944733295,3.714232,22
2016-05-18 15:00:00+00:00,2016-05-19 09:00:00+00:00,1,-0.001849913157757288,0.001529123831153667,-2.2903,0.5924,MEAN_CROSS,0.003379036988910955,3.204764,18
2016-05-23 09:00:00+00:00,2016-05-23 21:00:00+00:00,-1,0.0018896922581524978,0.000251575076455568,2.4906,0.0896,MEAN_CROSS,0.0016381171816969298,1.553632,12
2016-05-24 12:00:00+00:00,2016-05-25 07:00:00+00:00,1,-0.001407042595578667,0.0008981877639621105,-2.3412,1.2342,MEAN_CROSS,0.0023052303595407775,2.186339,19
2016-05-25 18:00:00+00:00,2016-05-26 06:00:00+00:00,1,-0.0033672866653364775,-5.087058329122929e-05,-2.8531,0.6653,MEAN_CROSS,0.003316416082045248,3.145373,12
2016-05-27 15:00:00+00:00,2016-05-30 04:00:00+00:00,1,-0.0024607502843110307,0.0010310996760382052,-2.4309,0.6378,MEAN_CROSS,0.003491849960349236,2.668216,13
2016-05-31 08:00:00+00:00,2016-05-31 20:00:00+00:00,-1,0.0018659688339471847,-0.0009734739507749612,2.4199,-1.2309,MEAN_CROSS,0.002839442784722146,2.169694,12
2016-06-01 13:00:00+00:00,2016-06-02 01:00:00+00:00,-1,0.0030826161702808275,-1.0696651536856727e-05,2.4864,0.0016,MEAN_CROSS,0.003093312821817684,2.363683,12
2016-06-02 15:00:00+00:00,2016-06-03 12:00:00+00:00,1,-0.002330004791008533,-0.004518039316672273,-3.1236,-6.0242,STOP_LOSS,-0.00218803452566374,-1.671936,21
2016-06-03 13:00:00+00:00,2016-06-06 01:00:00+00:00,1,-0.0036464422024081733,0.0008107792547625836,-3.1426,1.0551,MEAN_CROSS,0.004457221457170757,3.405882,12
2016-06-06 13:00:00+00:00,2016-06-07 01:00:00+00:00,1,-0.00399287526403691,0.0007060673615087998,-2.8987,0.9159,MEAN_CROSS,0.00469894262554571,3.590588,12
2016-06-08 11:00:00+00:00,2016-06-09 07:00:00+00:00,1,-0.002367673074435972,0.0021200619975659807,-2.8932,3.0714,MEAN_CROSS,0.004487735072001953,3.429198,20
2016-06-09 11:00:00+00:00,2016-06-10 01:00:00+00:00,-1,0.002217468124341093,7.71322418302578e-05,2.5662,0.1194,MEAN_CROSS,0.0021403358825108354,1.635488,14
2016-06-10 12:00:00+00:00,2016-06-13 00:00:00+00:00,1,-0.0028426059640226375,0.0012350168403902906,-3.8932,1.1208,MEAN_CROSS,0.004077622804412928,3.115821,12
2016-06-13 07:00:00+00:00,2016-06-13 19:00:00+00:00,1,-0.0013147767418132394,0.001738951628812213,-2.0214,1.4344,MEAN_CROSS,0.0030537283706254525,2.333436,12
2016-06-13 20:00:00+00:00,2016-06-14 08:00:00+00:00,-1,0.0028360675369231148,6.970007338291673e-05,2.4541,-0.233,MEAN_CROSS,0.002766367463540198,2.113855,12
2016-06-16 06:00:00+00:00,2016-06-16 18:00:00+00:00,-1,0.003027710217317847,-0.0014891372733136787,2.2481,-1.4669,MEAN_CROSS,0.004516847490631526,4.29931,12
2016-06-16 23:00:00+00:00,2016-06-17 17:00:00+00:00,1,-0.003239285825819227,0.00047483256745561864,-2.3915,0.6855,MEAN_CROSS,0.0037141183932748456,3.535241,18
2016-06-19 21:00:00+00:00,2016-06-20 19:00:00+00:00,1,-0.003561885354794958,-5.11483771411525e-05,-2.1288,0.5266,MEAN_CROSS,0.0035107369776538055,3.341655,22
2016-06-21 10:00:00+00:00,2016-06-21 22:00:00+00:00,-1,0.0006768740513171112,-0.0004205713822066359,2.0388,-0.6087,MEAN_CROSS,0.0010974454335237471,1.044591,12
2016-06-22 03:00:00+00:00,2016-06-22 15:00:00+00:00,1,-0.0013091316425627442,0.002004121115374624,-2.0375,2.0439,MEAN_CROSS,0.0033132527579373683,3.153682,12
2016-06-23 09:00:00+00:00,2016-06-23 22:00:00+00:00,1,-0.002934563330428186,0.0004545636776812634,-2.7901,0.5181,MEAN_CROSS,0.0033891270081094493,3.225902,13
2016-06-23 23:00:00+00:00,2016-06-24 11:00:00+00:00,-1,0.003194843350094123,-2.900549869466751e-05,2.3742,-0.2467,MEAN_CROSS,0.0032238488487887906,3.068584,12
2016-06-28 11:00:00+00:00,2016-06-28 23:00:00+00:00,-1,0.002475276183292796,-0.0005114663356456939,2.105,-0.0894,MEAN_CROSS,0.00298674251893849,2.842897,12
2016-06-29 20:00:00+00:00,2016-06-30 11:00:00+00:00,1,-0.0030285747019698217,0.0003665076802442657,-2.7365,0.8936,MEAN_CROSS,0.0033950823822140874,3.23157,15
2016-06-30 13:00:00+00:00,2016-07-01 02:00:00+00:00,-1,0.0036569344749572963,2.651089748684221e-05,4.8019,0.0065,MEAN_CROSS,0.003630423577470454,3.455577,13
2016-07-01 13:00:00+00:00,2016-07-04 16:00:00+00:00,1,-0.0031175053353033055,0.0005472326967368435,-2.5681,1.3146,MEAN_CROSS,0.003664738032040149,3.488239,27
2016-07-04 23:00:00+00:00,2016-07-05 14:00:00+00:00,-1,0.001208372961142845,0.00039300267093123065,2.8062,0.0421,MEAN_CROSS,0.0008153702902116144,0.776101,15
2016-07-07 15:00:00+00:00,2016-07-08 03:00:00+00:00,-1,0.003472522862028593,0.00023596562492778084,3.562,0.1388,MEAN_CROSS,0.0032365572371008122,3.268226,12
2016-07-08 14:00:00+00:00,2016-07-11 02:00:00+00:00,-1,0.0036709462373450963,-0.0003747851191749918,2.6976,-0.5769,MEAN_CROSS,0.004045731356520088,4.085317,12
2016-07-11 13:00:00+00:00,2016-07-12 01:00:00+00:00,-1,0.0029416335773873037,-0.0008430072273412081,2.7842,-1.273,MEAN_CROSS,0.003784640804728512,3.821672,12
2016-07-12 06:00:00+00:00,2016-07-12 20:00:00+00:00,1,-0.001690377885575689,0.0007158744652597804,-2.0189,0.973,MEAN_CROSS,0.0024062523508354694,2.429796,14
2016-07-13 01:00:00+00:00,2016-07-13 14:00:00+00:00,-1,0.0015417398629773427,-0.004044042633728595,2.0589,-2.8562,MEAN_CROSS,0.005585782496705938,5.640437,13
2016-07-13 15:00:00+00:00,2016-07-14 07:00:00+00:00,1,-0.003725384585215208,0.0003615040682747317,-2.3065,0.6069,MEAN_CROSS,0.00408688865348994,4.126877,16
2016-07-14 11:00:00+00:00,2016-07-15 02:00:00+00:00,-1,0.0021344899115425253,-0.0011168983804339394,2.0611,-0.822,MEAN_CROSS,0.0032513882919764647,3.283202,15
2016-07-15 14:00:00+00:00,2016-07-18 02:00:00+00:00,-1,0.002317631589905944,-6.823366093666738e-05,2.5296,-0.2491,MEAN_CROSS,0.0023858652508426115,2.40921,12
2016-07-18 13:00:00+00:00,2016-07-19 03:00:00+00:00,-1,0.0029324277931044307,0.00037116495345601574,2.3748,0.2366,MEAN_CROSS,0.002561262839648415,2.586324,14
2016-07-20 13:00:00+00:00,2016-07-21 01:00:00+00:00,-1,0.001655861335094433,-8.959281760301252e-05,2.1902,-0.3964,MEAN_CROSS,0.0017454541526974454,1.762533,12
2016-07-21 14:00:00+00:00,2016-07-22 02:00:00+00:00,1,-0.0015836751529052506,0.001126513587473288,-2.0903,0.9231,MEAN_CROSS,0.0027101887403785385,2.736707,12
2016-07-22 12:00:00+00:00,2016-07-25 07:00:00+00:00,1,-0.002853004195037645,0.0012887281925596517,-3.3801,0.9464,MEAN_CROSS,0.004141732387597297,4.182257,19
2016-07-26 13:00:00+00:00,2016-07-27 02:00:00+00:00,1,-0.00250729666068239,0.0003924810236134446,-3.4923,1.0577,MEAN_CROSS,0.0028997776842958345,3.271723,13
2016-07-27 14:00:00+00:00,2016-07-28 02:00:00+00:00,-1,0.002294552969362429,-0.000855964994790348,3.4821,-0.9438,MEAN_CROSS,0.003150517964152777,3.554625,12
2016-07-28 12:00:00+00:00,2016-07-29 00:00:00+00:00,-1,0.0022547546818971753,-0.0002178533668424354,2.0651,-0.4265,MEAN_CROSS,0.0024726080487396107,2.789762,12
2016-07-29 12:00:00+00:00,2016-08-01 06:00:00+00:00,1,-0.0012733731640922619,0.0004558789422197673,-2.1509,0.5908,MEAN_CROSS,0.0017292521063120292,1.951058,18
2016-08-02 09:00:00+00:00,2016-08-04 02:00:00+00:00,1,-0.0019136108258156481,0.0006494269200574276,-3.3939,1.2605,MEAN_CROSS,0.0025630377458730758,2.891791,41
2016-08-05 12:00:00+00:00,2016-08-08 00:00:00+00:00,-1,0.006041197258472741,0.0003140606603824203,7.1313,-0.2186,MEAN_CROSS,0.005727136598090321,6.461739,12
2016-08-10 00:00:00+00:00,2016-08-10 13:00:00+00:00,1,-0.0020347982826104394,0.0016067927678257155,-2.4147,2.9957,MEAN_CROSS,0.003641591050436155,4.108687,13
2016-08-10 15:00:00+00:00,2016-08-11 04:00:00+00:00,-1,0.0017032183030614156,0.00029282702020949625,2.5096,0.3439,MEAN_CROSS,0.0014103912828519194,1.591298,13
2016-08-11 09:00:00+00:00,2016-08-12 08:00:00+00:00,1,-0.0018362328873573475,0.00018407096827577352,-2.4624,0.6663,MEAN_CROSS,0.002020303855633121,2.279442,23
2016-08-15 08:00:00+00:00,2016-08-15 20:00:00+00:00,1,-0.0011830392999675476,0.0002971012291789199,-2.0957,1.0078,MEAN_CROSS,0.0014801405291464675,2.905987,12
2016-08-16 06:00:00+00:00,2016-08-16 18:00:00+00:00,-1,0.0010335470541753544,-0.0007717467829625457,2.4986,-1.0961,MEAN_CROSS,0.0018052938371379001,3.544366,12
2016-08-17 08:00:00+00:00,2016-08-17 20:00:00+00:00,-1,0.0017531384436825226,-0.0009545957765947355,2.1606,-1.3591,MEAN_CROSS,0.002707734220277258,5.316144,12
2016-08-18 14:00:00+00:00,2016-08-19 02:00:00+00:00,1,-0.0020025016530598183,0.0009651804396374475,-2.5908,1.5671,MEAN_CROSS,0.002967682092697266,5.826504,12
2016-08-19 07:00:00+00:00,2016-08-19 19:00:00+00:00,-1,0.0014582524804571673,-0.0005291004073063599,2.1213,-0.8264,MEAN_CROSS,0.001987352887763527,3.901806,12
2016-08-23 14:00:00+00:00,2016-08-24 02:00:00+00:00,1,-0.0027580359365156903,0.00030164244057351297,-3.7783,0.7932,MEAN_CROSS,0.0030596783770892033,6.007122,12
2016-08-26 09:00:00+00:00,2016-08-28 22:00:00+00:00,1,-0.0008521847165311458,0.0006907297726900241,-2.7438,0.9162,MEAN_CROSS,0.00154291448922117,3.029232,13
2016-08-30 06:00:00+00:00,2016-08-30 18:00:00+00:00,-1,0.0012648690990696432,0.00031435154517611696,4.0637,0.2859,MEAN_CROSS,0.0009505175538935262,1.866168,12
2016-08-31 20:00:00+00:00,2016-09-01 09:00:00+00:00,1,-0.0011799457756491716,0.001042713964809927,-2.4687,1.781,MEAN_CROSS,0.0022226597404590986,4.363788,13
2016-09-02 12:00:00+00:00,2016-09-05 06:00:00+00:00,1,-0.004735825800083138,5.6157898510322823e-05,-8.329,0.6495,MEAN_CROSS,0.0047919836985934605,7.57959,18
2016-09-06 11:00:00+00:00,2016-09-06 23:00:00+00:00,-1,0.0010717708757397304,9.504551744343726e-05,2.2826,0.2238,MEAN_CROSS,0.0009767253582962931,1.544909,12
2016-09-07 14:00:00+00:00,2016-09-08 02:00:00+00:00,-1,0.003981026382966157,-0.00025183278020890487,6.9741,-0.5777,MEAN_CROSS,0.004232859163175062,6.69521,12
2016-09-09 12:00:00+00:00,2016-09-12 02:00:00+00:00,-1,0.003023938522365044,0.00029303343831965645,3.4462,-0.5358,MEAN_CROSS,0.0027309050840453875,4.319535,14
2016-09-12 14:00:00+00:00,2016-09-13 06:00:00+00:00,1,-0.0015476521712323166,0.0017513301170223317,-3.1449,1.6849,MEAN_CROSS,0.0032989822882546482,5.218076,16
2016-09-13 12:00:00+00:00,2016-09-14 00:00:00+00:00,-1,0.0034479203869872688,-5.67967884456122e-05,2.9947,-0.3518,MEAN_CROSS,0.003504717175432881,5.543491,12
2016-09-15 14:00:00+00:00,2016-09-16 04:00:00+00:00,1,-0.0033835550137428783,0.0002417469199121891,-4.4833,0.5327,MEAN_CROSS,0.0036253019336550674,5.734223,14
2016-09-16 10:00:00+00:00,2016-09-18 22:00:00+00:00,-1,0.001693774066970355,4.043965940847549e-05,2.4991,0.137,MEAN_CROSS,0.0016533344075618794,2.615117,12
2016-09-19 14:00:00+00:00,2016-09-20 02:00:00+00:00,-1,0.0024943573190768786,-0.00011198293152991923,3.0147,-0.0263,MEAN_CROSS,0.002606340250606798,4.122508,12
2016-09-20 18:00:00+00:00,2016-09-21 07:00:00+00:00,1,-0.0010790204210863186,0.0005411328556768069,-2.3362,0.8369,MEAN_CROSS,0.0016201532767631255,2.562633,13
2016-09-23 09:00:00+00:00,2016-09-26 08:00:00+00:00,1,-0.001374058620554397,0.002403847287496541,-2.3163,1.2111,MEAN_CROSS,0.003777905908050938,2.984498,23
2016-09-27 01:00:00+00:00,2016-09-28 02:00:00+00:00,1,-0.00233771635108293,0.0007991208810443906,-3.1449,0.7094,MEAN_CROSS,0.003136837232127321,2.478062,25
2016-09-28 18:00:00+00:00,2016-09-29 06:00:00+00:00,1,-0.00810433041755021,0.0010970649692253476,-8.7685,0.9396,MEAN_CROSS,0.009201395386775557,7.268987,12
2016-09-29 17:00:00+00:00,2016-09-30 05:00:00+00:00,-1,0.004503215468899202,-1.4393483501184967e-05,2.1986,-0.4352,MEAN_CROSS,0.004517608952400387,3.568854,12
2016-09-30 09:00:00+00:00,2016-10-03 06:00:00+00:00,1,-0.002727395660420906,0.0005188553490507175,-2.9229,0.9505,MEAN_CROSS,0.0032462510094716235,2.564498,22
2016-10-03 14:00:00+00:00,2016-10-04 02:00:00+00:00,-1,0.001899518630931074,0.00012163919931651446,2.3575,0.3833,MEAN_CROSS,0.0017778794316145596,1.404502,12
2016-10-04 13:00:00+00:00,2016-10-05 06:00:00+00:00,1,-0.0016355811785159213,0.0010016038812631356,-2.1732,0.9323,MEAN_CROSS,0.002637185059779057,2.083343,17
2016-10-07 09:00:00+00:00,2016-10-09 21:00:00+00:00,-1,0.0010836824545626955,-0.0019192119340772917,2.1439,-2.1053,MEAN_CROSS,0.0030028943886399873,2.372249,13
2016-10-10 13:00:00+00:00,2016-10-11 02:00:00+00:00,1,-0.0039814264273929645,0.0009648389716877537,-2.687,1.2306,MEAN_CROSS,0.004946265399080718,3.907488,13
2016-10-12 12:00:00+00:00,2016-10-13 01:00:00+00:00,-1,0.002080402745823995,-3.0047012320122413e-05,2.4358,-0.1887,MEAN_CROSS,0.0021104497581441173,2.787111,13
2016-10-13 09:00:00+00:00,2016-10-14 00:00:00+00:00,1,-0.002131581287514006,0.00029662284135767436,-3.2131,0.5108,MEAN_CROSS,0.0024282041288716805,3.206745,15
2016-10-17 00:00:00+00:00,2016-10-17 12:00:00+00:00,-1,0.0008488499382075521,-0.0009124486158534895,2.1196,-0.5705,MEAN_CROSS,0.0017612985540610415,2.326013,12
2016-10-18 00:00:00+00:00,2016-10-18 12:00:00+00:00,1,-0.001445176276405169,0.0002980945284136727,-2.1877,1.3605,MEAN_CROSS,0.0017432708048188417,2.302205,12
2016-10-18 13:00:00+00:00,2016-10-19 01:00:00+00:00,-1,0.0009153434931817861,-0.00035211637277543506,2.4281,-0.1725,MEAN_CROSS,0.0012674598659572212,1.673838,12
2016-10-19 13:00:00+00:00,2016-10-20 01:00:00+00:00,-1,0.0016706331050052592,0.0007751961449731226,2.1836,0.4763,MEAN_CROSS,0.0008954369600321366,1.182536,12
2016-10-21 09:00:00+00:00,2016-10-24 15:00:00+00:00,1,-0.000652792555213555,0.0033734356137580246,-2.2334,2.0567,MEAN_CROSS,0.0040262281689715795,5.317134,30
2016-10-24 20:00:00+00:00,2016-10-25 14:00:00+00:00,1,-0.005889143885527526,0.0018919860394237542,-7.4274,1.4436,MEAN_CROSS,0.00778112992495128,10.275947,18
2016-10-26 09:00:00+00:00,2016-10-26 21:00:00+00:00,-1,0.0017083621263973559,0.00016463120529797148,2.0461,-0.2699,MEAN_CROSS,0.0015437309210993844,2.038688,12
2016-10-28 14:00:00+00:00,2016-10-31 13:00:00+00:00,1,-0.0009904732866722332,0.0008430016834760634,-2.0679,0.5342,MEAN_CROSS,0.0018334749701482966,2.421331,23
2016-11-01 11:00:00+00:00,2016-11-01 23:00:00+00:00,-1,0.0011913870723615494,0.0004888980503373608,2.1603,0.0206,MEAN_CROSS,0.0007024890220241886,0.645116,12
2016-11-02 14:00:00+00:00,2016-11-03 03:00:00+00:00,-1,0.0028922310364708492,-0.000242201057939595,3.2236,-0.6068,MEAN_CROSS,0.0031344320944104442,2.87844,13
2016-11-04 11:00:00+00:00,2016-11-06 23:00:00+00:00,-1,0.0015130910689575838,-0.003479203965041533,3.1681,-3.1472,MEAN_CROSS,0.004992295033999117,4.58457,12
2016-11-08 15:00:00+00:00,2016-11-09 03:00:00+00:00,1,-0.001388667468156246,0.01574040924998743,-2.2411,7.6136,MEAN_CROSS,0.017129076718143676,15.73013,12
2016-11-09 04:00:00+00:00,2016-11-09 16:00:00+00:00,-1,0.012691033809753227,-0.0029860402747284853,3.4523,-0.7355,MEAN_CROSS,0.015677074084481712,14.396714,12
2016-11-10 12:00:00+00:00,2016-11-11 02:00:00+00:00,-1,0.0027400950532792123,0.0007406698714058635,2.0242,0.3562,MEAN_CROSS,0.001999425181873349,1.83613,14
2016-11-11 11:00:00+00:00,2016-11-13 23:00:00+00:00,-1,0.002978155444242736,-0.0005337916204118942,2.0342,-0.6742,MEAN_CROSS,0.0035119470646546302,3.225123,12
2016-11-14 12:00:00+00:00,2016-11-15 05:00:00+00:00,1,-0.0023012727713167536,0.0003999938020694538,-2.6496,0.758,MEAN_CROSS,0.0027012665733862073,2.480652,17
2016-11-15 14:00:00+00:00,2016-11-16 03:00:00+00:00,1,-0.001977451810084685,-7.078887672151701e-06,-2.2863,0.9046,MEAN_CROSS,0.0019703729224125333,1.809451,13
2016-11-16 09:00:00+00:00,2016-11-16 22:00:00+00:00,-1,0.0015199438933857223,5.7400032175247695e-05,2.4623,0.4545,MEAN_CROSS,0.0014625438612104746,1.343097,13
2016-11-17 17:00:00+00:00,2016-11-18 05:00:00+00:00,-1,0.0026274912121545535,0.0002837140290279372,3.353,-0.1969,MEAN_CROSS,0.0023437771831266163,2.152359,12
2016-11-21 09:00:00+00:00,2016-11-21 23:00:00+00:00,-1,0.0007427506747940127,-0.0003562275795001568,2.1986,0.2701,MEAN_CROSS,0.0010989782542941695,0.883743,14
2016-11-22 16:00:00+00:00,2016-11-23 05:00:00+00:00,-1,0.002859961091786878,1.0727352412587265e-05,4.0433,-0.0624,MEAN_CROSS,0.0028492337393742906,2.291211,12
2016-11-24 09:00:00+00:00,2016-11-25 00:00:00+00:00,1,-0.0014131746947519952,0.0004946774762005779,-3.2697,0.7937,MEAN_CROSS,0.001907852170952573,1.534199,15
2016-11-25 15:00:00+00:00,2016-11-28 03:00:00+00:00,-1,0.0012255662790047195,-0.0008359263657952143,2.3313,-1.6027,MEAN_CROSS,0.0020614926447999338,1.657749,12
2016-11-28 13:00:00+00:00,2016-11-29 01:00:00+00:00,1,-0.003985520007912857,0.00023944082125726407,-5.4749,0.7806,MEAN_CROSS,0.004224960829170121,3.397502,12
2016-11-30 08:00:00+00:00,2016-11-30 20:00:00+00:00,1,-0.0009279694395992744,0.0007278032729066686,-2.1416,0.9257,MEAN_CROSS,0.001655772712505943,1.33149,12
2016-12-01 08:00:00+00:00,2016-12-01 20:00:00+00:00,-1,0.0022698855560838727,-0.00015097661382279526,2.3775,0.0947,MEAN_CROSS,0.002420862169906668,1.946736,12
2016-12-04 22:00:00+00:00,2016-12-05 10:00:00+00:00,-1,0.0013746026329671812,0.0002721226941838628,2.5783,0.3797,MEAN_CROSS,0.0011024799387833184,0.886559,12
2016-12-05 13:00:00+00:00,2016-12-06 13:00:00+00:00,1,-0.0013582784140028226,0.0020129636326522427,-2.0822,2.5693,MEAN_CROSS,0.003371242046655065,2.710984,24
2016-12-07 15:00:00+00:00,2016-12-08 04:00:00+00:00,1,-0.0018075988757014771,4.626043432753857e-05,-2.9671,0.6316,MEAN_CROSS,0.0018538593100290157,1.490781,13
2016-12-11 22:00:00+00:00,2016-12-12 10:00:00+00:00,1,-0.002571673846279987,0.0006397035752955249,-3.5438,1.3879,MEAN_CROSS,0.003211377421575512,4.83213,12
2016-12-13 09:00:00+00:00,2016-12-13 21:00:00+00:00,1,-0.0008654927343305641,0.0005512083716295857,-2.3222,1.303,MEAN_CROSS,0.0014167011059601498,2.131697,12
2016-12-14 07:00:00+00:00,2016-12-14 19:00:00+00:00,1,-0.0008236097366693951,0.0053347712781405265,-2.2083,7.0847,MEAN_CROSS,0.006158381014809922,9.266459,12
2016-12-14 20:00:00+00:00,2016-12-15 08:00:00+00:00,-1,0.004353001483283991,-0.0001247753441425692,3.3761,-0.5115,MEAN_CROSS,0.004477776827426561,6.737669,12
2016-12-19 14:00:00+00:00,2016-12-20 02:00:00+00:00,-1,0.0015891489022985539,0.0003226436035539404,2.2093,-0.0153,MEAN_CROSS,0.0012665052987446135,1.905699,12
2016-12-20 11:00:00+00:00,2016-12-21 00:00:00+00:00,1,-0.0010368572404616527,0.0002073116690585186,-2.6095,0.7762,MEAN_CROSS,0.0012441689095201713,1.872089,13
2016-12-21 14:00:00+00:00,2016-12-22 02:00:00+00:00,-1,0.0010638283248680658,0.00014067359120040202,2.1267,-0.3629,MEAN_CROSS,0.0009231547336676638,1.389062,12
2016-12-22 13:00:00+00:00,2016-12-23 01:00:00+00:00,-1,0.0032503854016446843,9.718948121639759e-05,4.7807,-0.4594,MEAN_CROSS,0.0031531959204282867,4.744585,12
2016-12-26 09:00:00+00:00,2016-12-26 22:00:00+00:00,1,-0.002311301649513986,0.00033005402947039464,-3.7628,0.6136,MEAN_CROSS,0.0026413556789843806,3.974423,13
2016-12-29 08:00:00+00:00,2016-12-29 20:00:00+00:00,1,-0.0010873416886797438,0.00020720766161985704,-2.2277,0.6365,MEAN_CROSS,0.0012945493502996008,2.198858,12
2016-12-30 09:00:00+00:00,2016-12-30 21:00:00+00:00,-1,0.0015521717602899887,-2.0359006885906084e-06,2.1533,0.4675,MEAN_CROSS,0.0015542076609785793,2.639901,12
2017-01-02 08:00:00+00:00,2017-01-02 20:00:00+00:00,1,-0.002365013635377111,0.0002705050182764124,-2.4931,0.6758,MEAN_CROSS,0.0026355186536535236,4.476563,12
2017-01-03 16:00:00+00:00,2017-01-04 04:00:00+00:00,-1,0.0013140666969065906,0.00021148159790673748,2.5456,0.3946,MEAN_CROSS,0.0011025850989998531,1.872797,12
2017-01-04 08:00:00+00:00,2017-01-04 20:00:00+00:00,1,-0.001749485086874114,0.0003818805068932507,-2.624,0.7792,MEAN_CROSS,0.002131365593767365,3.620233,12
2017-01-05 15:00:00+00:00,2017-01-06 03:00:00+00:00,1,-0.0035454626261666178,0.0008390330032541637,-2.3164,1.0715,MEAN_CROSS,0.0043844956294207815,7.44729,12
2017-01-06 13:00:00+00:00,2017-01-09 03:00:00+00:00,1,-0.0037220383755176556,0.000671358962186952,-4.1669,0.7874,MEAN_CROSS,0.004393397337704608,7.46241,14
2017-01-11 16:00:00+00:00,2017-01-12 08:00:00+00:00,1,-0.0014736812508349129,-0.003007024951235726,-2.0738,-4.0059,STOP_LOSS,-0.0015333437004008132,-2.604463,16
2017-01-12 09:00:00+00:00,2017-01-12 21:00:00+00:00,1,-0.0032394664444928,0.000771628978129657,-3.4716,0.8472,MEAN_CROSS,0.004011095422622457,6.813051,12
2017-01-16 13:00:00+00:00,2017-01-17 01:00:00+00:00,-1,0.0012357381962880831,0.0001921080257895058,3.3839,-0.0462,MEAN_CROSS,0.0010436301704985773,1.772659,12
2017-01-17 02:00:00+00:00,2017-01-17 15:00:00+00:00,1,-0.0007314348383602454,0.00037104917798891357,-2.0383,0.6025,MEAN_CROSS,0.001102484016349159,1.872625,13
2017-01-18 16:00:00+00:00,2017-01-19 04:00:00+00:00,-1,0.0051416528885464,-1.5437061200884727e-05,7.0454,-0.7122,MEAN_CROSS,0.005157089949747284,4.924444,12
2017-01-20 01:00:00+00:00,2017-01-20 14:00:00+00:00,1,-0.0016491761731503018,0.001475598738815087,-2.6109,1.177,MEAN_CROSS,0.003124774911965389,2.983811,13
2017-01-20 15:00:00+00:00,2017-01-23 13:00:00+00:00,1,-0.0014027518391146465,0.0012682511609362068,-2.3128,1.405,MEAN_CROSS,0.0026710030000508533,2.550509,22
2017-01-23 14:00:00+00:00,2017-01-24 02:00:00+00:00,-1,0.0018951591560720793,-0.0004835899590940329,2.0098,-0.0806,MEAN_CROSS,0.002378749115166112,2.271439,12
2017-01-24 07:00:00+00:00,2017-01-24 19:00:00+00:00,-1,0.0017382128791344487,-0.0013045587539419756,2.5238,-0.2823,MEAN_CROSS,0.0030427716330764243,2.905507,12
2017-01-26 09:00:00+00:00,2017-01-26 21:00:00+00:00,-1,0.0014250873494967564,-0.00032940255738656,2.0732,-0.2036,MEAN_CROSS,0.0017544899068833164,1.675342,12
2017-01-30 13:00:00+00:00,2017-01-31 08:00:00+00:00,1,-0.0020205996853963626,0.0013573764196999072,-3.8628,2.0155,MEAN_CROSS,0.0033779761050962698,3.225589,19
2017-01-31 12:00:00+00:00,2017-02-01 00:00:00+00:00,1,-0.0019027520818696297,0.0017143597113078446,-2.2267,1.799,MEAN_CROSS,0.0036171117931774743,3.453937,12
2017-02-02 14:00:00+00:00,2017-02-03 03:00:00+00:00,-1,0.001389946938356923,7.446833806423747e-05,2.5524,0.4434,MEAN_CROSS,0.0013154786002926855,1.256135,13
2017-02-03 13:00:00+00:00,2017-02-06 11:00:00+00:00,1,-0.0009586091647710848,0.0005146137728296862,-2.2639,1.3243,MEAN_CROSS,0.001473222937600771,1.406763,22
2017-02-09 09:00:00+00:00,2017-02-09 21:00:00+00:00,1,-0.001663528873956266,0.0005118200703817521,-2.6918,1.078,MEAN_CROSS,0.002175348944338018,1.74774,12
2017-02-10 08:00:00+00:00,2017-02-10 20:00:00+00:00,-1,0.0011057005834995692,0.00010018035485359622,2.1564,0.4153,MEAN_CROSS,0.001005520228645973,0.807865,12
2017-02-14 15:00:00+00:00,2017-02-15 03:00:00+00:00,-1,0.00298606866871709,-0.0005088257200233093,6.3507,-0.6757,MEAN_CROSS,0.0034948943887403994,2.807903,12
2017-02-15 13:00:00+00:00,2017-02-16 01:00:00+00:00,-1,0.0015721223049794952,-0.00018406598407916253,2.0406,-0.5289,MEAN_CROSS,0.0017561882890586578,1.410974,12
2017-02-16 13:00:00+00:00,2017-02-17 01:00:00+00:00,-1,0.0009412959051300351,-0.000385595810695194,2.2698,-0.8665,MEAN_CROSS,0.0013268917158252291,1.066064,12
2017-02-21 01:00:00+00:00,2017-02-21 13:00:00+00:00,-1,0.0010791294619810765,6.655591181625731e-06,2.6467,-0.2922,MEAN_CROSS,0.0010724738707994508,0.861658,12
2017-02-22 09:00:00+00:00,2017-02-22 21:00:00+00:00,-1,0.0013028385204156834,-5.8117040056315794e-05,2.1322,-0.1904,MEAN_CROSS,0.0013609555604719992,1.093432,12
2017-02-23 12:00:00+00:00,2017-02-24 00:00:00+00:00,1,-0.0016086378189090755,0.0001589394143945988,-2.1972,0.7282,MEAN_CROSS,0.0017675772333036743,1.420124,12
2017-02-27 18:00:00+00:00,2017-02-28 06:00:00+00:00,-1,0.002066496452248212,1.4012084526004998e-06,3.4868,-0.5954,MEAN_CROSS,0.0020650952437956116,3.523261,12
2017-02-28 15:00:00+00:00,2017-03-01 03:00:00+00:00,-1,0.003951043787573272,-0.00016869045440248698,4.4585,-1.0651,MEAN_CROSS,0.004119734241975759,7.028682,12
2017-03-01 14:00:00+00:00,2017-03-02 09:00:00+00:00,1,-0.0016568366664955203,0.000979348646969025,-2.1707,0.8882,MEAN_CROSS,0.002636185313464545,4.497598,19
2017-03-03 08:00:00+00:00,2017-03-03 20:00:00+00:00,-1,0.000979442186890278,-0.0013475955560102726,2.1926,-3.6813,MEAN_CROSS,0.0023270377429005507,3.970161,12
2017-03-08 07:00:00+00:00,2017-03-08 20:00:00+00:00,-1,0.0008833840506558,0.0005179933064838327,2.3757,0.0729,MEAN_CROSS,0.00036539074417196726,0.623393,13
2017-03-10 13:00:00+00:00,2017-03-13 00:00:00+00:00,1,-0.004243708145395431,0.0007310499206929499,-7.5712,1.1653,MEAN_CROSS,0.0049747580660883806,8.487439,12
2017-03-14 07:00:00+00:00,2017-03-14 19:00:00+00:00,-1,0.0010562973450486401,-0.0002682038073082982,3.2377,-0.7755,MEAN_CROSS,0.0013245011523569383,2.259733,12
2017-03-15 18:00:00+00:00,2017-03-16 06:00:00+00:00,1,-0.005886182710769794,0.00011331813409976021,-10.1315,0.5686,MEAN_CROSS,0.005999500844869554,10.235754,12
2017-03-17 13:00:00+00:00,2017-03-20 08:00:00+00:00,1,-0.0013716991442668247,0.0007358013205214231,-2.4442,1.1652,MEAN_CROSS,0.002107500464788248,1.361572,19
2017-03-20 22:00:00+00:00,2017-03-21 12:00:00+00:00,1,-0.0010726153476990907,-0.0023809460984514086,-2.0378,-3.6546,STOP_LOSS,-0.0013083307507523179,-0.84526,14
2017-03-21 15:00:00+00:00,2017-03-22 03:00:00+00:00,-1,0.0017473731121107061,0.0002713679774931643,2.2538,0.001,MEAN_CROSS,0.0014760051346175418,0.953588,12
2017-03-22 15:00:00+00:00,2017-03-23 07:00:00+00:00,1,-0.0019128906588069539,0.0006055354658576206,-2.2799,0.7652,MEAN_CROSS,0.0025184261246645745,1.627055,16
2017-03-24 12:00:00+00:00,2017-03-27 00:00:00+00:00,-1,0.001364370210179433,4.610388294301604e-05,2.9855,-0.3319,MEAN_CROSS,0.001318266327236417,0.851679,12
2017-03-27 06:00:00+00:00,2017-03-27 18:00:00+00:00,-1,0.0023009037293177936,-0.00018640387281332327,3.8009,-0.5625,MEAN_CROSS,0.002487307602131117,1.60695,12
2017-03-28 15:00:00+00:00,2017-03-29 12:00:00+00:00,1,-0.0017040277508365564,0.0005515696571353201,-2.3942,1.061,MEAN_CROSS,0.0022555974079718766,1.457251,21
2017-03-30 15:00:00+00:00,2017-03-31 08:00:00+00:00,1,-0.00218155606007453,0.0010518488031278084,-2.3003,1.4829,MEAN_CROSS,0.0032334048632023382,2.088974,17
2017-03-31 12:00:00+00:00,2017-04-03 01:00:00+00:00,1,-0.0031203658400366097,0.0005670862367664897,-3.641,0.6256,MEAN_CROSS,0.0036874520768030994,2.382316,13
2017-04-03 13:00:00+00:00,2017-04-04 01:00:00+00:00,-1,0.0030612979134797547,-0.00028760518901549403,3.055,-1.0444,MEAN_CROSS,0.0033489031024952487,2.163593,12
2017-04-04 07:00:00+00:00,2017-04-04 19:00:00+00:00,-1,0.002349530099504671,-0.0006592638356169855,2.6673,-1.061,MEAN_CROSS,0.0030087939351216564,1.943862,12
2017-04-05 21:00:00+00:00,2017-04-06 09:00:00+00:00,-1,0.001220755179287103,-0.0001601312832418822,2.2435,-0.586,MEAN_CROSS,0.0013808864625289852,2.189537,12
2017-04-06 14:00:00+00:00,2017-04-07 07:00:00+00:00,1,-0.001134895564831373,-0.0018462610799439005,-2.1628,-3.8967,STOP_LOSS,-0.0007113655151125275,-1.127943,17
2017-04-07 11:00:00+00:00,2017-04-09 23:00:00+00:00,-1,0.0007908724883228802,-3.6970092136656696e-05,2.1729,0.3178,MEAN_CROSS,0.0008278425804595368,1.312629,12
2017-04-10 12:00:00+00:00,2017-04-11 02:00:00+00:00,1,-0.0019630788571427527,0.00015235990881912187,-2.1424,1.0763,MEAN_CROSS,0.0021154387659618745,3.354244,14
2017-04-11 09:00:00+00:00,2017-04-11 21:00:00+00:00,-1,0.0007787549941711269,-0.00020149046477357935,2.1182,-0.0398,MEAN_CROSS,0.0009802454589447063,1.554279,12
2017-04-12 14:00:00+00:00,2017-04-13 09:00:00+00:00,1,-0.002133087824190194,-8.379522215007373e-05,-4.0529,0.5635,MEAN_CROSS,0.0020492926020401203,3.249363,19
2017-04-13 14:00:00+00:00,2017-04-14 02:00:00+00:00,-1,0.0017698445547574826,-0.00021630400511274406,3.9482,-0.4281,MEAN_CROSS,0.0019861485598702266,3.149242,12
2017-04-17 16:00:00+00:00,2017-04-18 04:00:00+00:00,-1,0.0005472836686851723,9.718786586221384e-05,2.5769,0.0707,MEAN_CROSS,0.00045009580282295847,0.713673,12
2017-04-18 07:00:00+00:00,2017-04-18 19:00:00+00:00,-1,0.0012672639615118886,0.0008402252103636432,2.7192,0.0991,MEAN_CROSS,0.0004270387511482454,0.677114,12
2017-04-20 15:00:00+00:00,2017-04-21 12:00:00+00:00,1,-0.0010791164299263079,0.001683527252438921,-2.7628,2.7719,MEAN_CROSS,0.002762643682365229,4.380454,21
2017-04-21 13:00:00+00:00,2017-04-24 01:00:00+00:00,-1,0.0013972116024427716,-0.0006800920123983811,2.0041,-1.2722,MEAN_CROSS,0.0020773036148411528,3.293777,12
2017-04-24 03:00:00+00:00,2017-04-24 15:00:00+00:00,1,-0.0012631611526469078,0.002867345859045356,-2.1419,2.4459,MEAN_CROSS,0.004130507011692264,6.549341,12
2017-04-24 23:00:00+00:00,2017-04-25 11:00:00+00:00,-1,0.0025832934021760012,0.0008678734879371541,2.0889,0.2857,MEAN_CROSS,0.001715419914238847,2.719974,12
2017-04-27 02:00:00+00:00,2017-04-27 14:00:00+00:00,1,-0.004386692462260422,0.0035514123297880618,-6.1122,2.2896,MEAN_CROSS,0.007938104792048484,7.476859,12
2017-05-02 06:00:00+00:00,2017-05-02 18:00:00+00:00,-1,0.001367082064194003,0.00030404248226889585,3.0345,-0.1092,MEAN_CROSS,0.001063039581925107,1.001271,12
2017-05-03 17:00:00+00:00,2017-05-04 06:00:00+00:00,1,-0.0017517314838680909,0.0010044561914045458,-2.0106,1.8079,MEAN_CROSS,0.0027561876752726366,2.596038,13
2017-05-04 07:00:00+00:00,2017-05-04 20:00:00+00:00,-1,0.0013841759695513156,0.00023833882144852492,2.3508,-0.0536,MEAN_CROSS,0.0011458371481027907,1.079258,13
2017-05-05 08:00:00+00:00,2017-05-08 06:00:00+00:00,1,-0.0013247354094528818,-6.7198574222882e-06,-2.0655,0.5912,MEAN_CROSS,0.0013180155520305936,1.241432,22
2017-05-09 07:00:00+00:00,2017-05-09 19:00:00+00:00,1,-0.0012819523986262737,0.0004704032244402523,-2.1725,0.9405,MEAN_CROSS,0.001752355623066526,1.650534,12
2017-05-10 06:00:00+00:00,2017-05-10 18:00:00+00:00,-1,0.0016153855071247003,9.089276870499763e-05,2.2362,0.4113,MEAN_CROSS,0.0015244927384197027,1.435912,12
2017-05-10 23:00:00+00:00,2017-05-11 12:00:00+00:00,-1,0.0026165884989647337,0.00025021547569625824,3.2862,0.1887,MEAN_CROSS,0.0023663730232684754,2.228874,13
2017-05-12 12:00:00+00:00,2017-05-15 13:00:00+00:00,1,-0.001955987629574607,0.0021504314097344768,-2.2231,1.7698,MEAN_CROSS,0.004106419039309084,3.867814,25
2017-05-16 08:00:00+00:00,2017-05-17 02:00:00+00:00,-1,0.002548139584776621,0.00017162997192954332,2.6588,-0.0961,MEAN_CROSS,0.0023765096128470775,2.033764,18
2017-05-17 17:00:00+00:00,2017-05-18 05:00:00+00:00,-1,0.0017943925342754907,0.0001390341721664301,2.0973,-0.1586,MEAN_CROSS,0.0016553583621090606,1.416619,12
2017-05-18 09:00:00+00:00,2017-05-18 21:00:00+00:00,-1,0.002320502123300483,-0.0005034719281237221,2.5447,-0.5016,MEAN_CROSS,0.002823974051424205,2.416694,12
2017-05-22 00:00:00+00:00,2017-05-22 14:00:00+00:00,-1,0.0008659695900001818,-0.0018541547755593912,2.0609,-2.2812,MEAN_CROSS,0.002720124365559573,2.327822,14
2017-05-23 08:00:00+00:00,2017-05-23 20:00:00+00:00,-1,0.001157919740507829,-8.65041881771278e-05,2.5967,0.0565,MEAN_CROSS,0.0012444239286849568,1.06495,12
2017-05-24 07:00:00+00:00,2017-05-24 23:00:00+00:00,1,-0.0010812433863800486,0.00036036132810701726,-2.0244,0.7401,MEAN_CROSS,0.0014416047144870658,1.233693,16
2017-05-25 08:00:00+00:00,2017-05-25 22:00:00+00:00,-1,0.0021702514362537118,0.00019749819000181024,2.4744,0.0271,MEAN_CROSS,0.0019727532462519015,1.688238,14
2017-05-29 13:00:00+00:00,2017-05-30 01:00:00+00:00,1,-0.0013026219225924507,0.00021241729407550647,-2.3986,0.6154,MEAN_CROSS,0.0015150392166679572,1.296537,12
2017-05-30 09:00:00+00:00,2017-05-30 21:00:00+00:00,-1,0.0010768925010938846,0.00026543702371206734,2.466,0.2743,MEAN_CROSS,0.0008114554773818172,0.694426,12
2017-05-31 00:00:00+00:00,2017-05-31 12:00:00+00:00,1,-0.0009624816106407197,0.0006169958782449303,-2.1202,0.7056,MEAN_CROSS,0.00157947748888565,1.351682,12
2017-05-31 13:00:00+00:00,2017-06-01 01:00:00+00:00,-1,0.002702343373314431,0.00015019509722857816,3.6261,-0.2475,MEAN_CROSS,0.0025521482760858527,2.184072,12
2017-06-02 07:00:00+00:00,2017-06-02 19:00:00+00:00,-1,0.0013654419897770609,0.000464334682539258,2.1612,0.3569,MEAN_CROSS,0.0009011073072378029,0.771148,12
2017-06-05 03:00:00+00:00,2017-06-05 19:00:00+00:00,1,-0.0011466247276317176,0.0002554903574475409,-2.0115,0.5874,MEAN_CROSS,0.0014021150850792585,1.930497,16
2017-06-07 06:00:00+00:00,2017-06-07 18:00:00+00:00,1,-0.0012816592342095312,0.0011584980438646975,-2.8619,0.8519,MEAN_CROSS,0.0024401572780742287,3.359721,12
2017-06-09 08:00:00+00:00,2017-06-09 20:00:00+00:00,1,-0.0014623350612130714,0.000621155499610615,-2.9822,0.9265,MEAN_CROSS,0.0020834905608236864,2.868646,12
2017-06-12 17:00:00+00:00,2017-06-13 06:00:00+00:00,1,-0.006280902199233274,0.0002364097065321591,-5.6689,0.74,MEAN_CROSS,0.006517311905765433,8.973336,13
2017-06-14 14:00:00+00:00,2017-06-15 02:00:00+00:00,-1,0.001036285322521202,2.7744657347117396e-05,2.2343,0.1332,MEAN_CROSS,0.0010085406651740847,1.388605,12
2017-06-15 09:00:00+00:00,2017-06-15 21:00:00+00:00,-1,0.0013590764814778167,-0.0005066324330638139,2.1654,-1.1506,MEAN_CROSS,0.0018657089145416306,2.568794,12
2017-06-15 22:00:00+00:00,2017-06-16 14:00:00+00:00,1,-0.001161902402212589,0.0003913216178609291,-2.1274,0.7338,MEAN_CROSS,0.0015532240200735181,2.138551,16
2017-06-19 06:00:00+00:00,2017-06-19 19:00:00+00:00,-1,0.0009705649612102851,-0.0005985100674733568,2.7067,-0.5521,MEAN_CROSS,0.001569075028683642,2.160375,13
2017-06-20 10:00:00+00:00,2017-06-20 22:00:00+00:00,-1,0.0017319046865810206,0.0005049366969936964,2.1494,0.314,MEAN_CROSS,0.0012269679895873242,1.689346,12
2017-06-21 16:00:00+00:00,2017-06-22 04:00:00+00:00,-1,0.0023151879973440925,3.561446657540657e-05,2.0464,-0.5405,MEAN_CROSS,0.002279573530768686,3.138622,12
2017-06-23 12:00:00+00:00,2017-06-26 00:00:00+00:00,-1,0.0036032337546357818,-0.0002919282514364241,4.0536,-0.5951,MEAN_CROSS,0.003895162006072206,2.946259,12
2017-06-27 08:00:00+00:00,2017-06-27 22:00:00+00:00,-1,0.0015508539713854352,-0.0006159321950471863,3.1648,-0.9652,MEAN_CROSS,0.0021667861664326216,1.638934,14
2017-06-28 01:00:00+00:00,2017-06-28 20:00:00+00:00,1,-0.0021873322580415744,-0.000212149854185939,-2.9803,0.5534,MEAN_CROSS,0.0019751824038556354,1.494007,19
2017-06-30 00:00:00+00:00,2017-06-30 12:00:00+00:00,1,-0.0015026589407368673,0.0005856352936840503,-2.0458,1.4599,MEAN_CROSS,0.0020882942344209177,1.579564,12
2017-07-04 11:00:00+00:00,2017-07-04 23:00:00+00:00,1,-0.0013794166897274085,0.00014547110425711107,-2.3509,0.5768,MEAN_CROSS,0.0015248877939845196,1.153409,12
2017-07-05 14:00:00+00:00,2017-07-06 02:00:00+00:00,-1,0.002603437694085109,9.771650213630245e-05,2.8122,-0.1904,MEAN_CROSS,0.0025057211919488065,1.895301,12
2017-07-06 08:00:00+00:00,2017-07-06 20:00:00+00:00,1,-0.001700380858313033,0.0016633031481029237,-2.5074,1.5435,MEAN_CROSS,0.0033636840064159568,2.544255,12
2017-07-07 12:00:00+00:00,2017-07-10 04:00:00+00:00,1,-0.005524246404744693,0.00034728484263935044,-6.3215,0.6273,MEAN_CROSS,0.005871531247384043,4.441164,16
2017-07-11 16:00:00+00:00,2017-07-12 04:00:00+00:00,-1,0.0013779940372244948,-9.583741588359285e-05,2.1371,-0.6679,MEAN_CROSS,0.0014738314531080876,1.114791,12
2017-07-12 08:00:00+00:00,2017-07-12 20:00:00+00:00,-1,0.0011421543081688856,9.734250685744517e-05,2.2052,0.3765,MEAN_CROSS,0.0010448118013114405,0.790285,12
2017-07-14 13:00:00+00:00,2017-07-17 01:00:00+00:00,1,-0.0015024568268580119,0.0005831409517189634,-2.0292,1.357,MEAN_CROSS,0.0020855977785769753,0.777774,12
2017-07-17 15:00:00+00:00,2017-07-18 03:00:00+00:00,-1,0.0013637218949968943,-0.0009581553886106597,2.0113,-1.5629,MEAN_CROSS,0.002321877283607554,0.865888,12
2017-07-18 15:00:00+00:00,2017-07-19 03:00:00+00:00,-1,0.0033851817852555977,1.8714144125797638e-05,3.5111,0.1385,MEAN_CROSS,0.0033664676411298,1.255443,12
2017-07-19 13:00:00+00:00,2017-07-20 01:00:00+00:00,1,-0.002188302987535584,0.0003292601442508314,-2.2035,0.8771,MEAN_CROSS,0.0025175631317864156,0.938865,12
2017-07-20 11:00:00+00:00,2017-07-20 23:00:00+00:00,1,-0.0018793457620041032,0.0005050602351340805,-2.6066,0.6501,MEAN_CROSS,0.0023844059971381837,0.889207,12
2017-07-21 12:00:00+00:00,2017-07-24 00:00:00+00:00,1,-0.001505512993345559,0.0003565375172046581,-2.0091,0.58,MEAN_CROSS,0.0018620505105502172,0.694407,12
2017-07-25 07:00:00+00:00,2017-07-25 19:00:00+00:00,-1,0.0006182487929939917,-0.0009422090447666065,2.2493,-1.3154,MEAN_CROSS,0.0015604578377605982,0.581935,12
2017-07-26 09:00:00+00:00,2017-07-26 23:00:00+00:00,1,-0.001450253911395305,-3.625844249999233e-05,-2.5438,0.6264,MEAN_CROSS,0.0014139954688953127,0.527316,14
2017-07-27 09:00:00+00:00,2017-07-27 21:00:00+00:00,1,-0.002118171554820303,0.0005890581164695874,-2.5695,0.5205,MEAN_CROSS,0.0027072296712898902,1.009596,12
2017-07-28 12:00:00+00:00,2017-07-31 00:00:00+00:00,1,-0.004307992737705324,0.0027556301019919793,-3.8699,2.2179,MEAN_CROSS,0.007063622839697303,2.634208,12
2017-07-31 14:00:00+00:00,2017-08-01 02:00:00+00:00,-1,0.003177859857221188,-3.323121356635372e-05,2.2771,-0.3926,MEAN_CROSS,0.0032110910707875417,1.197499,12
2017-08-02 08:00:00+00:00,2017-08-03 00:00:00+00:00,1,-0.001794093428600707,0.0008699533716093333,-2.4583,0.8145,MEAN_CROSS,0.0026640468002100404,2.46741,16
2017-08-03 14:00:00+00:00,2017-08-04 08:00:00+00:00,1,-0.0021096616286077063,0.00044845402262372325,-2.3371,0.5922,MEAN_CROSS,0.0025581156512314296,2.369297,18
2017-08-04 12:00:00+00:00,2017-08-07 00:00:00+00:00,-1,0.0019412396530292808,-0.0005978438165282762,2.5942,-1.2308,MEAN_CROSS,0.002539083469557557,2.35167,12
2017-08-08 15:00:00+00:00,2017-08-09 03:00:00+00:00,1,-0.002026475367667091,0.0020065340157354727,-3.8662,2.6002,MEAN_CROSS,0.004033009383402564,3.735327,12
2017-08-10 12:00:00+00:00,2017-08-14 05:00:00+00:00,1,-0.003101702889606317,0.00010266319904195242,-6.6673,0.7692,MEAN_CROSS,0.0032043660886482694,2.967847,41
2017-08-14 14:00:00+00:00,2017-08-15 06:00:00+00:00,1,-0.0017403440043488594,0.00029935858506979773,-2.0722,0.5822,MEAN_CROSS,0.002039702589418657,1.889149,16
2017-08-16 07:00:00+00:00,2017-08-17 00:00:00+00:00,1,-0.0014415973975262508,2.08598270432514e-05,-4.9103,0.7502,MEAN_CROSS,0.0014624572245695022,1.354511,17
2017-08-17 08:00:00+00:00,2017-08-17 22:00:00+00:00,-1,0.0016469719450415976,0.0005981339050111778,3.3603,0.4561,MEAN_CROSS,0.0010488380400304198,0.971422,14
2017-08-18 12:00:00+00:00,2017-08-21 00:00:00+00:00,1,-0.004153605133702554,0.0006806689997080895,-4.9591,0.896,MEAN_CROSS,0.004834274133410643,4.477449,12
2017-08-22 09:00:00+00:00,2017-08-22 21:00:00+00:00,-1,0.0012194205440115846,4.895546443173249e-05,2.6369,0.3383,MEAN_CROSS,0.0011704650795798521,1.267562,12
2017-08-25 13:00:00+00:00,2017-08-28 01:00:00+00:00,-1,0.0011063538023287078,-9.48024934902536e-05,3.2542,-0.0981,MEAN_CROSS,0.0012011562958189614,1.300799,12
2017-08-28 12:00:00+00:00,2017-08-29 10:00:00+00:00,1,-0.0013750770338853968,0.0007810343955555465,-3.9404,0.6874,MEAN_CROSS,0.0021561114294409434,2.334973,22
2017-08-29 19:00:00+00:00,2017-08-30 07:00:00+00:00,1,-0.0013789849084812067,0.0008317606139334188,-2.0693,1.0711,MEAN_CROSS,0.0022107455224146255,2.394139,12
2017-08-30 13:00:00+00:00,2017-08-31 02:00:00+00:00,-1,0.002099445386718801,0.0006060766278997987,2.2675,0.2601,MEAN_CROSS,0.0014933687588190026,1.617252,13
2017-08-31 12:00:00+00:00,2017-09-01 05:00:00+00:00,1,-0.00518888231826975,0.0006852505736486547,-6.6273,1.1517,MEAN_CROSS,0.005874132891918404,6.361424,17
2017-09-01 12:00:00+00:00,2017-09-04 01:00:00+00:00,1,-0.004515978264401532,-7.736100720701078e-05,-2.5761,0.5235,MEAN_CROSS,0.0044386172571945215,4.806825,13
2017-09-05 13:00:00+00:00,2017-09-06 01:00:00+00:00,1,-0.0012819681855310572,0.0005232811851677566,-2.0033,0.9531,MEAN_CROSS,0.0018052493706988137,1.955005,12
2017-09-06 14:00:00+00:00,2017-09-07 21:00:00+00:00,1,-0.010220139680104712,0.00027647425834687045,-13.3169,0.8588,MEAN_CROSS,0.010496613938451582,11.367365,31
2017-09-11 10:00:00+00:00,2017-09-12 00:00:00+00:00,1,-0.0018405208741676393,0.0003912564049777245,-2.3981,0.9939,MEAN_CROSS,0.002231777279145364,2.320162,14
2017-09-12 11:00:00+00:00,2017-09-12 23:00:00+00:00,-1,0.0011649641509341446,-8.721079047591118e-05,2.1026,-0.196,MEAN_CROSS,0.0012521749414100558,1.301764,12
2017-09-13 08:00:00+00:00,2017-09-14 02:00:00+00:00,1,-0.0013396031759035365,0.00034758942775281465,-2.6152,0.6074,MEAN_CROSS,0.0016871926036563512,1.75401,18
2017-09-14 12:00:00+00:00,2017-09-15 01:00:00+00:00,-1,0.0013824137351213794,0.00017967705755073116,2.0228,0.401,MEAN_CROSS,0.0012027366775706483,1.250368,13
2017-09-15 13:00:00+00:00,2017-09-18 01:00:00+00:00,-1,0.0018594311190018864,-0.0004991688834482533,2.9392,-0.8462,MEAN_CROSS,0.0023586000024501397,2.452007,12
2017-09-18 18:00:00+00:00,2017-09-19 06:00:00+00:00,-1,0.005729625204759281,0.00020109462504425135,7.6082,-0.3657,MEAN_CROSS,0.00552853057971503,5.747475,12
2017-09-19 09:00:00+00:00,2017-09-20 12:00:00+00:00,1,-0.0023382095763111455,0.00037450668038729873,-2.4212,0.8603,MEAN_CROSS,0.002712716256698444,2.820147,27
2017-09-20 18:00:00+00:00,2017-09-21 06:00:00+00:00,-1,0.0037505308337384413,0.0003383482579567554,5.8919,0.3232,MEAN_CROSS,0.003412182575781686,3.547314,12
2017-09-22 06:00:00+00:00,2017-09-22 18:00:00+00:00,1,-0.0014211719789806176,0.0006262039417112009,-3.2655,0.7105,MEAN_CROSS,0.0020473759206918185,2.128457,12
2017-09-25 14:00:00+00:00,2017-09-26 02:00:00+00:00,-1,0.0019630944398155714,-0.0002677701941551369,2.1118,-0.7364,MEAN_CROSS,0.0022308646339707083,2.319213,12
2017-09-26 12:00:00+00:00,2017-09-27 04:00:00+00:00,1,-0.0013845183061640398,0.0004220569896888904,-2.0056,0.8678,MEAN_CROSS,0.0018065752958529302,1.878121,16
2017-09-27 08:00:00+00:00,2017-09-27 21:00:00+00:00,-1,0.0017118008537588825,0.0009312107976378048,3.045,0.3514,MEAN_CROSS,0.0007805900561210777,0.811504,13
2017-09-29 12:00:00+00:00,2017-10-02 00:00:00+00:00,-1,0.002564612536537947,0.0005088262394155052,4.4165,0.2376,MEAN_CROSS,0.0020557862971224417,1.387809,12
2017-10-03 10:00:00+00:00,2017-10-03 22:00:00+00:00,1,-0.001371596897929206,0.00015222756580002272,-2.628,0.5918,MEAN_CROSS,0.0015238244637292286,1.028695,12
2017-10-04 12:00:00+00:00,2017-10-05 02:00:00+00:00,-1,0.0006919343370399567,-4.172717683414984e-05,2.2944,0.1738,MEAN_CROSS,0.0007336615138741065,0.495276,14
2017-10-05 08:00:00+00:00,2017-10-06 03:00:00+00:00,1,-0.0008224669662649786,0.000957751593335443,-2.2195,0.5233,MEAN_CROSS,0.0017802185596004216,1.20178,19
2017-10-10 01:00:00+00:00,2017-10-10 14:00:00+00:00,1,-0.0012352753240472136,0.00020887490266163766,-3.5727,0.8565,MEAN_CROSS,0.0014441502267088513,0.974909,13
2017-10-11 18:00:00+00:00,2017-10-12 08:00:00+00:00,1,-0.001780581024873995,0.00022159909197505545,-3.703,0.7239,MEAN_CROSS,0.0020021801168490505,1.351621,14
2017-10-13 13:00:00+00:00,2017-10-16 01:00:00+00:00,-1,0.0011012910506185136,-7.462263159618843e-06,2.0287,-0.1757,MEAN_CROSS,0.0011087533137781325,0.748491,12
2017-10-16 10:00:00+00:00,2017-10-16 22:00:00+00:00,-1,0.0017338677182319184,-0.00011977248640060445,2.8073,-0.3686,MEAN_CROSS,0.0018536402046325229,1.251346,12
2017-10-17 19:00:00+00:00,2017-10-18 07:00:00+00:00,1,-0.0011435780960056263,0.000769343215698326,-2.2113,1.4994,MEAN_CROSS,0.0019129213117039523,1.291365,12
2017-10-19 12:00:00+00:00,2017-10-20 00:00:00+00:00,-1,0.0016382941444033072,0.00022863708159004403,2.2798,0.0937,MEAN_CROSS,0.0014096570628132632,1.907582,12
2017-10-20 10:00:00+00:00,2017-10-24 06:00:00+00:00,1,-0.001432090636884542,0.0008914670577314654,-2.9032,2.201,MEAN_CROSS,0.0023235576946160075,3.144295,44
2017-10-24 07:00:00+00:00,2017-10-24 19:00:00+00:00,-1,0.0013589660196934306,0.0001632833733136163,3.1593,0.0173,MEAN_CROSS,0.0011956826463798143,1.618027,12
2017-10-25 10:00:00+00:00,2017-10-25 22:00:00+00:00,-1,0.001606180782891209,0.0007391341477142044,2.8388,-0.0155,MEAN_CROSS,0.0008670466351770045,1.173309,12
2017-10-27 13:00:00+00:00,2017-10-30 01:00:00+00:00,-1,0.0013882546592376421,-0.0001616185368494838,2.033,-0.0537,MEAN_CROSS,0.001549873196087126,2.097326,12
2017-10-31 05:00:00+00:00,2017-10-31 17:00:00+00:00,1,-0.0004972760146060295,0.0008340241299413798,-2.2116,0.6274,MEAN_CROSS,0.0013313001445474093,1.801548,12
2017-11-01 08:00:00+00:00,2017-11-01 22:00:00+00:00,1,-0.0013097944199271794,0.00012184058160380484,-2.1262,0.5637,MEAN_CROSS,0.0014316350015309842,1.937323,14
2017-11-02 08:00:00+00:00,2017-11-02 22:00:00+00:00,-1,0.0008215181365130997,-0.00013846662798888687,2.2234,0.4729,MEAN_CROSS,0.0009599847645019866,1.299075,12
2017-11-03 12:00:00+00:00,2017-11-06 12:00:00+00:00,1,-0.0059079201824498995,0.0006169314148781746,-9.8929,0.8163,MEAN_CROSS,0.006524851597328074,8.829588,23
2017-11-07 09:00:00+00:00,2017-11-07 21:00:00+00:00,-1,0.0014443412015008317,-0.00040462178450084707,2.6924,-0.6206,MEAN_CROSS,0.0018489629860016787,2.502062,12
2017-11-08 13:00:00+00:00,2017-11-09 01:00:00+00:00,1,-0.0015628353635493974,6.788096880527839e-05,-2.1202,0.8454,MEAN_CROSS,0.0016307163323546758,2.031775,12
2017-11-09 13:00:00+00:00,2017-11-10 01:00:00+00:00,-1,0.0008697283786844867,-0.00025750598605656094,2.4167,-0.2802,MEAN_CROSS,0.0011272343647410477,1.404466,12
2017-11-13 08:00:00+00:00,2017-11-13 20:00:00+00:00,-1,0.0011084223499868706,3.677032875049058e-05,3.722,-0.5353,MEAN_CROSS,0.00107165202123638,1.335214,12
2017-11-14 08:00:00+00:00,2017-11-14 20:00:00+00:00,-1,0.0011050786049040529,0.00012720640967289754,2.1107,-0.3132,MEAN_CROSS,0.0009778721952311553,1.21837,12
2017-11-15 11:00:00+00:00,2017-11-15 23:00:00+00:00,-1,0.001560037133816583,6.078387349561787e-06,2.0802,-0.3919,MEAN_CROSS,0.0015539587464670213,1.936139,12
2017-11-16 15:00:00+00:00,2017-11-17 05:00:00+00:00,1,-0.0021720904842794653,3.843410210258025e-05,-2.966,0.6515,MEAN_CROSS,0.0022105245863820455,2.754181,14
2017-11-17 07:00:00+00:00,2017-11-17 19:00:00+00:00,-1,0.0011101235640396112,-0.000912732084110468,2.4397,-0.8888,MEAN_CROSS,0.0020228556481500792,2.520357,12
2017-11-21 08:00:00+00:00,2017-11-21 21:00:00+00:00,-1,0.0016398282634796368,2.843276149899765e-05,3.1417,0.0776,MEAN_CROSS,0.0016113955019806392,2.007702,13
2017-11-23 13:00:00+00:00,2017-11-24 01:00:00+00:00,-1,0.0016939196886583963,0.00019288305500264613,4.1889,0.3556,MEAN_CROSS,0.0015010366336557501,1.870201,12
2017-11-24 12:00:00+00:00,2017-11-27 01:00:00+00:00,1,-0.0012949972147680011,0.00027895333441585457,-2.5132,0.5183,MEAN_CROSS,0.0015739505491838557,1.961048,13
2017-11-27 08:00:00+00:00,2017-11-27 21:00:00+00:00,1,-0.0010862429375958493,0.0007345485245282557,-2.5525,0.5271,MEAN_CROSS,0.001820791462124105,2.268597,13
2017-11-29 10:00:00+00:00,2017-11-29 22:00:00+00:00,-1,0.0013228078559877066,0.00046122214221133717,2.2112,0.2702,MEAN_CROSS,0.0008615857137763694,0.890306,12
2017-11-30 15:00:00+00:00,2017-12-01 03:00:00+00:00,-1,0.0017275726895948917,-0.0006116723385011236,2.0988,-1.2169,MEAN_CROSS,0.0023392450280960153,2.417221,12
2017-12-01 13:00:00+00:00,2017-12-04 12:00:00+00:00,1,-0.007907321868496076,-5.552929983143606e-05,-10.8366,0.5599,MEAN_CROSS,0.00785179256866464,8.113522,23
2017-12-05 15:00:00+00:00,2017-12-06 03:00:00+00:00,-1,0.0014413259242238574,-8.394387135368664e-05,2.9392,-0.0487,MEAN_CROSS,0.001525269795577544,1.576113,12
2017-12-06 08:00:00+00:00,2017-12-07 14:00:00+00:00,1,-0.0017398846732025186,0.0016728517425477207,-3.2066,0.6057,MEAN_CROSS,0.0034127364157502393,3.526495,30
2017-12-08 14:00:00+00:00,2017-12-11 02:00:00+00:00,-1,0.0013013870031414188,6.226084946236998e-05,2.0564,-0.0581,MEAN_CROSS,0.0012391261536790488,1.280431,12
2017-12-12 14:00:00+00:00,2017-12-13 02:00:00+00:00,-1,0.001580691262551337,-0.0004372218422263874,4.4127,-0.8278,MEAN_CROSS,0.0020179131047777243,2.085178,12
2017-12-13 19:00:00+00:00,2017-12-14 07:00:00+00:00,1,-0.002782757298268268,0.0007414082457672944,-4.7298,1.2039,MEAN_CROSS,0.0035241655440355624,3.641639,12
2017-12-14 08:00:00+00:00,2017-12-14 20:00:00+00:00,-1,0.0020176647077092547,-0.0013925751175543066,2.9246,-0.7383,MEAN_CROSS,0.0034102398252635613,3.523916,12
2017-12-19 16:00:00+00:00,2017-12-20 04:00:00+00:00,-1,0.0014167651602291498,2.623032999915509e-05,2.4899,-0.1162,MEAN_CROSS,0.0013905348302299947,0.884772,12
2017-12-20 12:00:00+00:00,2017-12-21 01:00:00+00:00,1,-0.001131991357824047,0.0001782070997049523,-2.1158,1.0422,MEAN_CROSS,0.0013101984575289993,0.833655,13
2017-12-21 12:00:00+00:00,2017-12-22 00:00:00+00:00,1,-0.0015120515685050906,0.00018125153803405514,-2.2272,0.6357,MEAN_CROSS,0.0016933031065391457,1.077418,12
2017-12-22 13:00:00+00:00,2017-12-25 02:00:00+00:00,-1,0.0032485519687153186,0.00027909957330196633,2.7272,0.2703,MEAN_CROSS,0.0029694523954133523,1.889409,12
2017-12-26 16:00:00+00:00,2017-12-27 14:00:00+00:00,1,-0.0012234371712631642,0.00036668038307896555,-3.1717,1.838,MEAN_CROSS,0.0015901175543421298,1.011763,22
2017-12-27 15:00:00+00:00,2017-12-28 03:00:00+00:00,-1,0.0016196870884365167,5.224983527618576e-06,4.4745,0.283,MEAN_CROSS,0.001614462104908898,1.027253,12
2017-12-28 13:00:00+00:00,2017-12-29 06:00:00+00:00,1,-0.0016918922700573935,4.8505767001327804e-05,-2.18,0.7086,MEAN_CROSS,0.0017403980370587213,1.107384,17
2017-12-29 14:00:00+00:00,2018-01-02 02:00:00+00:00,-1,0.0008330722003540014,-5.493225601904683e-05,2.0963,0.035,MEAN_CROSS,0.0008880044563730483,0.565021,12
2018-01-02 15:00:00+00:00,2018-01-03 06:00:00+00:00,1,-0.0023791803674199086,0.0001952861396281591,-3.2589,0.5191,MEAN_CROSS,0.0025744665070480677,1.638086,15
2018-01-04 12:00:00+00:00,2018-01-05 00:00:00+00:00,-1,0.0007050111838818873,-0.0002483395743774208,2.062,-0.1565,MEAN_CROSS,0.0009533507582593082,0.6066,12
2018-01-05 13:00:00+00:00,2018-01-08 12:00:00+00:00,1,-0.008244712352834527,0.0006440561831573266,-18.2233,0.6729,MEAN_CROSS,0.008888768535991853,5.655762,23
2018-01-09 11:00:00+00:00,2018-01-09 23:00:00+00:00,1,-0.0008398782213977496,0.0005877573047814444,-2.1293,1.1512,MEAN_CROSS,0.001427635526179194,0.766045,12
2018-01-10 08:00:00+00:00,2018-01-10 20:00:00+00:00,1,-0.0010116074780448514,0.002096275813007642,-2.2346,1.1182,MEAN_CROSS,0.0031078832910524934,1.667637,12
2018-01-12 18:00:00+00:00,2018-01-15 10:00:00+00:00,1,-0.0014659662483075264,0.00022728676118355384,-2.1311,0.6009,MEAN_CROSS,0.0016932530094910803,0.908571,16
2018-01-15 11:00:00+00:00,2018-01-16 02:00:00+00:00,-1,0.001167058805728871,-0.00019809683188898308,2.0194,-0.046,MEAN_CROSS,0.0013651556376178542,0.732519,15
2018-01-16 13:00:00+00:00,2018-01-17 14:00:00+00:00,1,-0.0015628786075274625,0.0017731168989362223,-2.859,2.545,MEAN_CROSS,0.003335995506463685,1.790039,25
2018-01-17 17:00:00+00:00,2018-01-18 08:00:00+00:00,1,-0.0024451218096540606,0.000500469885887922,-3.5558,0.6507,MEAN_CROSS,0.0029455916955419825,1.580554,15
2018-01-19 20:00:00+00:00,2018-01-22 08:00:00+00:00,-1,0.0017953435519096894,0.00026824630951705064,2.3923,0.0256,MEAN_CROSS,0.0015270972423926388,0.819414,12
2018-01-23 07:00:00+00:00,2018-01-23 19:00:00+00:00,-1,0.0010549180153350823,-0.0007682956129173579,3.2008,-1.2204,MEAN_CROSS,0.0018232136282524403,0.978305,12
2018-01-24 08:00:00+00:00,2018-01-24 21:00:00+00:00,1,-0.001327001870204958,0.0008082544157905769,-2.2825,1.0995,MEAN_CROSS,0.002135256285995535,1.145742,13
2018-01-29 09:00:00+00:00,2018-01-29 22:00:00+00:00,-1,0.0007829608092895235,0.00016012844242063728,2.0089,0.3363,MEAN_CROSS,0.0006228323668688862,0.938855,13
2018-01-30 07:00:00+00:00,2018-01-30 19:00:00+00:00,-1,0.001355070365278932,-2.8314514079363917e-05,2.8601,0.0191,MEAN_CROSS,0.001383384879358296,2.085308,12
2018-01-31 17:00:00+00:00,2018-02-01 05:00:00+00:00,-1,0.0017605223898451428,-0.00013002652432370088,3.7688,-0.1212,MEAN_CROSS,0.0018905489141688436,2.849805,12
2018-02-02 12:00:00+00:00,2018-02-05 00:00:00+00:00,-1,0.0010312707509200214,-0.00032676363912242934,2.1602,-1.0682,MEAN_CROSS,0.0013580343900424507,2.047095,12
2018-02-05 21:00:00+00:00,2018-02-06 09:00:00+00:00,-1,0.003714998123861002,-0.0007968162954919977,3.0621,-1.2364,MEAN_CROSS,0.004511814419353,6.801089,12
2018-02-06 14:00:00+00:00,2018-02-07 05:00:00+00:00,1,-0.0019271050744924523,0.0005273523227392607,-2.0071,0.6838,MEAN_CROSS,0.002454457397231713,3.699838,15
2018-02-07 17:00:00+00:00,2018-02-08 05:00:00+00:00,-1,0.001561225153161372,-0.0002200660453530734,2.3256,-0.4365,MEAN_CROSS,0.0017812911985144453,2.68511,12
2018-02-08 14:00:00+00:00,2018-02-09 02:00:00+00:00,-1,0.0015305037942215938,-9.812003446152406e-05,2.0005,-0.6592,MEAN_CROSS,0.0016286238286831178,2.45498,12
2018-02-09 13:00:00+00:00,2018-02-12 07:00:00+00:00,1,-0.002180398446450682,0.00032560311942608777,-2.9061,0.801,MEAN_CROSS,0.00250600156587677,3.777536,18
2018-02-12 13:00:00+00:00,2018-02-13 01:00:00+00:00,-1,0.0017996820620304055,-0.0001001232586195222,2.5205,0.0271,MEAN_CROSS,0.0018998053206499277,2.863758,12
2018-02-13 07:00:00+00:00,2018-02-13 19:00:00+00:00,-1,0.0016438473410655963,-0.00079663254422635,2.1389,-1.3322,MEAN_CROSS,0.0024404798852919463,3.678768,12
2018-02-14 13:00:00+00:00,2018-02-15 01:00:00+00:00,-1,0.0026807563636778164,-0.00033267596564467983,3.7804,0.1174,MEAN_CROSS,0.0030134323293224963,4.542434,12
2018-02-15 15:00:00+00:00,2018-02-16 03:00:00+00:00,-1,0.002165728105959497,-0.0001267688112244203,2.0884,-0.1525,MEAN_CROSS,0.002292496917183917,2.023531,12
2018-02-16 13:00:00+00:00,2018-02-19 01:00:00+00:00,-1,0.002109195673469788,-0.0008999029925477187,2.8021,-1.3885,MEAN_CROSS,0.0030090986660175068,2.656058,12
2018-02-20 13:00:00+00:00,2018-02-21 01:00:00+00:00,-1,0.0014812121229018649,0.00022899928238107048,3.7965,-0.0426,MEAN_CROSS,0.0012522128405207944,1.105298,12
2018-02-22 13:00:00+00:00,2018-02-23 01:00:00+00:00,-1,0.003219559145461126,-0.00014737440585976813,7.269,-0.7246,MEAN_CROSS,0.0033669335513208942,2.97191,12
2018-02-23 13:00:00+00:00,2018-02-26 01:00:00+00:00,1,-0.0023346435106358365,0.00012952727130122188,-2.974,0.7322,MEAN_CROSS,0.0024641707819370584,2.175063,12
2018-02-26 12:00:00+00:00,2018-02-27 00:00:00+00:00,-1,0.0019575614892712867,4.592668549718848e-05,3.3926,0.0887,MEAN_CROSS,0.0019116348037740982,1.687353,12
2018-02-27 15:00:00+00:00,2018-02-28 03:00:00+00:00,-1,0.0016221596354608625,-6.521340182685798e-05,2.0558,-1.0621,MEAN_CROSS,0.0016873730372877205,1.489403,12
2018-02-28 08:00:00+00:00,2018-03-01 09:00:00+00:00,1,-0.0007988118600698035,0.0009545911893775738,-2.254,1.2775,MEAN_CROSS,0.0017534030494473773,1.547686,25
2018-03-01 15:00:00+00:00,2018-03-02 03:00:00+00:00,1,-0.0009841716938736589,0.0005799363449182637,-2.2359,0.5892,MEAN_CROSS,0.0015641080387919226,1.3806,12
2018-03-02 09:00:00+00:00,2018-03-02 21:00:00+00:00,-1,0.0021370425138635962,-0.0006295387201573632,2.6099,-1.3381,MEAN_CROSS,0.0027665812340209595,2.441994,12
2018-03-05 13:00:00+00:00,2018-03-06 01:00:00+00:00,-1,0.00307427912268321,4.0094227441445085e-06,3.2708,-0.4581,MEAN_CROSS,0.0030702696999390655,2.710052,12
2018-03-06 11:00:00+00:00,2018-03-06 23:00:00+00:00,1,-0.00242452607886956,0.003603539897328756,-3.1175,3.2472,MEAN_CROSS,0.006028065976198316,5.320827,12
2018-03-07 16:00:00+00:00,2018-03-08 04:00:00+00:00,-1,0.002993246574053754,-0.0006188905532176214,2.0412,-0.3299,MEAN_CROSS,0.0036121371272713754,2.350942,12
2018-03-12 08:00:00+00:00,2018-03-12 22:00:00+00:00,-1,0.0007842577471000034,0.00031840736641042255,2.076,0.4055,MEAN_CROSS,0.00046585038068958085,0.303196,14
2018-03-13 10:00:00+00:00,2018-03-15 10:00:00+00:00,1,-0.0002276303688356629,0.0010549398266871401,-2.315,2.1349,MEAN_CROSS,0.001282570195522803,0.834755,48
2018-03-15 13:00:00+00:00,2018-03-16 01:00:00+00:00,-1,0.0032543865178591425,0.0005767452544496177,5.5181,0.0978,MEAN_CROSS,0.002677641263409525,1.74273,12
2018-03-19 07:00:00+00:00,2018-03-19 20:00:00+00:00,1,-0.0006156681117231999,0.00043352245160455105,-2.0831,0.6794,MEAN_CROSS,0.001049190563327751,0.682861,13
2018-03-21 00:00:00+00:00,2018-03-22 00:00:00+00:00,1,-0.001347980456966713,-4.618949148715856e-05,-2.5695,0.7922,MEAN_CROSS,0.0013017909654795545,0.847264,24
2018-03-22 13:00:00+00:00,2018-03-23 01:00:00+00:00,-1,0.002403936967030784,-0.0006192597910038566,2.7585,-0.6098,MEAN_CROSS,0.003023196758034641,1.967633,12
2018-03-23 12:00:00+00:00,2018-03-26 10:00:00+00:00,1,-0.004226719804802936,0.0013628511784943287,-4.4291,1.3372,MEAN_CROSS,0.005589570983297265,3.637945,22
2018-03-28 10:00:00+00:00,2018-03-29 01:00:00+00:00,1,-0.001275355903282982,0.0006239355638890665,-2.1446,1.0101,MEAN_CROSS,0.0018992914671720484,1.715281,15
2018-03-29 14:00:00+00:00,2018-03-30 04:00:00+00:00,1,-0.0018528762666376597,0.00021577775144632216,-2.8141,0.6074,MEAN_CROSS,0.002068654018083982,1.868235,14
2018-04-02 14:00:00+00:00,2018-04-03 02:00:00+00:00,-1,0.0009667496341744242,-0.001214453589934883,2.6107,-1.9218,MEAN_CROSS,0.002181203224109307,1.96988,12
2018-04-03 12:00:00+00:00,2018-04-04 04:00:00+00:00,1,-0.0030004266167108495,-0.0002586398754579333,-3.7097,0.6288,MEAN_CROSS,0.002741786741252916,2.476152,16
2018-04-04 07:00:00+00:00,2018-04-04 19:00:00+00:00,-1,0.0020868847016310976,-0.001838162279423905,2.9282,-1.0212,MEAN_CROSS,0.003925046981055003,3.544774,12
2018-04-05 22:00:00+00:00,2018-04-06 10:00:00+00:00,-1,0.0011137262053656505,-5.200335550437085e-05,2.1712,-0.1028,MEAN_CROSS,0.0011657295608700213,1.052789,12
2018-04-06 12:00:00+00:00,2018-04-09 07:00:00+00:00,1,-0.0023044662439606345,0.0010468358186457305,-3.4069,1.1672,MEAN_CROSS,0.003351302062606365,3.026615,19
2018-04-09 14:00:00+00:00,2018-04-10 07:00:00+00:00,1,-0.003331125554495995,0.0013262146298922417,-4.1666,1.5263,MEAN_CROSS,0.004657340184388237,4.20612,17
2018-04-10 15:00:00+00:00,2018-04-11 03:00:00+00:00,1,-0.0032231127151717276,1.5627222489933423e-05,-2.1167,0.6954,MEAN_CROSS,0.003238739937661661,2.924959,12
2018-04-12 10:00:00+00:00,2018-04-13 13:00:00+00:00,1,-0.0017461035437972283,0.0007542070392989597,-2.3522,1.7626,MEAN_CROSS,0.002500310583096188,2.258071,27
2018-04-13 14:00:00+00:00,2018-04-16 02:00:00+00:00,-1,0.002327010458715195,0.0003819651022113346,4.5119,0.4558,MEAN_CROSS,0.0019450453565038606,1.756602,12
2018-04-16 14:00:00+00:00,2018-04-17 02:00:00+00:00,1,-0.0015374606102247501,0.0001416412182061455,-2.5087,0.5266,MEAN_CROSS,0.0016791018284308956,2.433037,12
2018-04-17 11:00:00+00:00,2018-04-17 23:00:00+00:00,1,-0.0012666148758044837,0.00029202760102353675,-2.1656,1.1348,MEAN_CROSS,0.0015586424768280205,2.25849,12
2018-04-18 14:00:00+00:00,2018-04-19 02:00:00+00:00,-1,0.0018269386821414546,0.00017508980415537057,2.7543,-0.2349,MEAN_CROSS,0.001651848877986084,2.393547,12
2018-04-20 12:00:00+00:00,2018-04-23 00:00:00+00:00,-1,0.0032186650360997993,-0.00016450729766148697,4.7347,-0.8109,MEAN_CROSS,0.0033831723337612862,4.902253,12
2018-04-24 14:00:00+00:00,2018-04-25 02:00:00+00:00,1,-0.0013861578479107406,0.0004329414481279992,-2.1618,1.1217,MEAN_CROSS,0.0018190992960387398,2.635894,12
2018-04-25 11:00:00+00:00,2018-04-25 23:00:00+00:00,-1,0.0012837538649540514,-0.0003450814295505866,2.2751,-0.5115,MEAN_CROSS,0.001628835294504638,2.3602,12
2018-04-27 18:00:00+00:00,2018-04-30 06:00:00+00:00,1,-0.0014424744169621029,0.00043059844278425796,-3.6903,1.2804,MEAN_CROSS,0.0018730728597463608,2.714103,12
2018-04-30 13:00:00+00:00,2018-05-01 06:00:00+00:00,1,-0.0015869775854874257,0.0005341025065636051,-3.1645,1.1998,MEAN_CROSS,0.002121080092051031,3.073468,17
2018-05-01 14:00:00+00:00,2018-05-02 02:00:00+00:00,-1,0.0017397657933756472,-0.0008929840244000786,2.3587,-0.9512,MEAN_CROSS,0.002632749817775726,3.814883,12
2018-05-02 13:00:00+00:00,2018-05-03 01:00:00+00:00,-1,0.0015724400239004455,-0.000833363750062599,2.1155,-1.3322,MEAN_CROSS,0.0024058037739630445,3.486035,12
2018-05-03 09:00:00+00:00,2018-05-04 06:00:00+00:00,1,-0.0017401566147315917,0.0005315751047221262,-3.1852,0.8165,MEAN_CROSS,0.002271731719453718,3.291764,21
2018-05-07 18:00:00+00:00,2018-05-08 06:00:00+00:00,-1,0.0010288267101351556,0.0003153192586793363,2.2359,0.221,MEAN_CROSS,0.0007135074514558193,0.805007,12
2018-05-08 07:00:00+00:00,2018-05-08 19:00:00+00:00,-1,0.0030871892537581713,-0.0006147408056157433,5.1795,-1.1955,MEAN_CROSS,0.0037019300593739146,4.176665,12
2018-05-09 12:00:00+00:00,2018-05-10 01:00:00+00:00,1,-0.0028963147891535312,-0.00022333988143952155,-2.7732,0.5559,MEAN_CROSS,0.0026729749077140097,3.015757,13
2018-05-10 07:00:00+00:00,2018-05-10 21:00:00+00:00,1,-0.003627557198628617,-4.5201068398448285e-05,-2.9164,0.6921,MEAN_CROSS,0.0035823561302301687,4.041757,14
2018-05-11 12:00:00+00:00,2018-05-14 00:00:00+00:00,-1,0.0019343546795558275,-0.00032184406754032224,3.013,-0.6248,MEAN_CROSS,0.0022561987470961498,2.545533,12
2018-05-15 08:00:00+00:00,2018-05-15 20:00:00+00:00,-1,0.0012605578801296868,0.0007579976109740594,2.3196,0.2928,MEAN_CROSS,0.0005025602691556275,0.567008,12
2018-05-16 13:00:00+00:00,2018-05-17 04:00:00+00:00,1,-0.0028951035230412314,-7.417866945680363e-05,-3.0619,0.6152,MEAN_CROSS,0.002820924853584428,3.18268,15
2018-05-17 13:00:00+00:00,2018-05-18 02:00:00+00:00,-1,0.002053320472135578,7.171749161594132e-05,3.1138,-0.1126,MEAN_CROSS,0.0019816029805196367,2.235723,13
2018-05-18 12:00:00+00:00,2018-05-21 00:00:00+00:00,-1,0.0044745733718577485,-0.00020657542674251683,5.8936,-0.6453,MEAN_CROSS,0.004681148798600265,5.281458,12
2018-05-22 12:00:00+00:00,2018-05-23 00:00:00+00:00,-1,0.0006928081390256136,7.258625084438641e-06,2.0546,-0.1042,MEAN_CROSS,0.0006855495139411749,0.773464,12
2018-05-23 13:00:00+00:00,2018-05-24 01:00:00+00:00,1,-0.0017192090720380415,0.0011946051062331486,-3.2283,0.7586,MEAN_CROSS,0.00291381417827119,3.287481,12
2018-05-25 08:00:00+00:00,2018-05-28 14:00:00+00:00,1,-0.0013333849529905129,0.0021396604083869786,-2.2626,1.7092,MEAN_CROSS,0.0034730453613774914,2.59735,30
2018-05-29 08:00:00+00:00,2018-05-29 20:00:00+00:00,-1,0.00151721448054698,-0.00035442220735870666,2.3748,-0.7913,MEAN_CROSS,0.0018716366879056867,1.399721,12
2018-05-30 10:00:00+00:00,2018-05-30 22:00:00+00:00,1,-0.0014350954313485653,0.0007880602487613242,-2.2906,0.7113,MEAN_CROSS,0.0022231556801098895,1.662608,12
2018-05-31 12:00:00+00:00,2018-06-01 00:00:00+00:00,-1,0.003563027883991765,-0.0007412110592648347,2.1909,-0.6828,MEAN_CROSS,0.0043042389432566,3.218966,12
2018-06-05 08:00:00+00:00,2018-06-05 20:00:00+00:00,-1,0.0006760647165527933,-0.0005184150552207667,2.176,-0.826,MEAN_CROSS,0.00119447977177356,0.893303,12
2018-06-05 23:00:00+00:00,2018-06-06 14:00:00+00:00,1,-0.001875095159909801,0.0011430674200456625,-2.0375,0.8503,MEAN_CROSS,0.0030181625799554634,2.257162,15
2018-06-08 11:00:00+00:00,2018-06-10 23:00:00+00:00,1,-0.0018321516996682163,0.0005717578287147695,-4.199,0.6192,MEAN_CROSS,0.002403909528382986,1.797787,12
2018-06-11 11:00:00+00:00,2018-06-11 23:00:00+00:00,-1,0.0022020619679370412,-0.00017684463773337544,2.0262,-0.2902,MEAN_CROSS,0.0023789066056704167,1.779088,12
2018-06-13 14:00:00+00:00,2018-06-14 02:00:00+00:00,1,-0.0019088939724585252,0.0005123402143949463,-4.2808,1.158,MEAN_CROSS,0.0024212341868534715,5.164986,12
2018-06-14 14:00:00+00:00,2018-06-15 02:00:00+00:00,-1,0.002164376683070679,0.00029497238283027194,3.8112,-0.1449,MEAN_CROSS,0.001869404300240407,3.98782,12
2018-06-15 12:00:00+00:00,2018-06-18 00:00:00+00:00,-1,0.0023112028473507573,0.0004392016265801768,2.0166,-0.2605,MEAN_CROSS,0.0018720012207705805,3.99336,12
2018-06-21 01:00:00+00:00,2018-06-21 13:00:00+00:00,1,-0.0009379089043159983,0.0010391664512828802,-2.871,2.097,MEAN_CROSS,0.0019770753555988785,4.217505,12
2018-06-22 00:00:00+00:00,2018-06-22 12:00:00+00:00,1,-0.0007410446394819914,0.0031356888903192326,-2.1386,5.9086,MEAN_CROSS,0.003876733529801224,8.269863,12
2018-06-22 14:00:00+00:00,2018-06-25 03:00:00+00:00,-1,0.0019264766714565118,0.00027721441263406366,2.1388,0.2709,MEAN_CROSS,0.0016492622588224481,3.518213,13
2018-06-26 11:00:00+00:00,2018-06-26 23:00:00+00:00,-1,0.0013177566048742095,-0.00022238111591810217,2.1377,-0.1344,MEAN_CROSS,0.0015401377207923117,3.285428,12
2018-06-27 01:00:00+00:00,2018-06-27 13:00:00+00:00,-1,0.0013610230074825314,-0.0016569555168916006,2.9926,-2.2917,MEAN_CROSS,0.003017978524374132,6.437963,12
2018-06-27 19:00:00+00:00,2018-06-28 07:00:00+00:00,-1,0.0034535103803766676,-0.0002207725474263622,5.2281,-0.2002,MEAN_CROSS,0.00367428292780303,7.837994,12
2018-06-28 10:00:00+00:00,2018-06-29 00:00:00+00:00,1,-0.002159042342323114,0.0003114183230046308,-2.2073,0.6395,MEAN_CROSS,0.002470460665327745,5.269996,14
2018-06-29 10:00:00+00:00,2018-07-01 22:00:00+00:00,-1,0.001616514240947442,-0.0002005574595242976,2.8926,0.2714,MEAN_CROSS,0.0018170717004717396,3.876184,12
2018-07-03 14:00:00+00:00,2018-07-04 02:00:00+00:00,-1,0.0010732498068730667,-0.0006348659268312629,2.021,-0.6014,MEAN_CROSS,0.0017081157337043296,2.79028,12
2018-07-04 07:00:00+00:00,2018-07-04 20:00:00+00:00,-1,0.0014120024487187521,1.9721317127352478e-05,3.0537,0.0949,MEAN_CROSS,0.0013922811315913997,2.274351,13
2018-07-05 12:00:00+00:00,2018-07-06 00:00:00+00:00,1,-0.0010445351794236002,0.00032365442147475054,-2.4828,1.0527,MEAN_CROSS,0.0013681896008983507,2.234996,12
2018-07-06 12:00:00+00:00,2018-07-09 00:00:00+00:00,-1,0.0011442444724885092,3.7836419437331514e-05,3.173,0.2279,MEAN_CROSS,0.0011064080530511777,1.807365,12
2018-07-10 12:00:00+00:00,2018-07-11 00:00:00+00:00,1,-0.0007014850537352402,0.0010947987757822242,-2.1965,2.3269,MEAN_CROSS,0.0017962838295174643,2.934306,12
2018-07-11 14:00:00+00:00,2018-07-13 02:00:00+00:00,1,-0.0010653389287703652,6.950611655864858e-05,-2.3856,0.5471,MEAN_CROSS,0.0011348450453290138,1.853818,36
2018-07-13 08:00:00+00:00,2018-07-13 20:00:00+00:00,-1,0.0013547390508323875,-0.00028017534281510326,2.799,-0.1656,MEAN_CROSS,0.0016349143936474908,2.670702,12
2018-07-16 12:00:00+00:00,2018-07-17 00:00:00+00:00,-1,0.0013919916024610623,-1.6549589093362016e-05,3.1509,-0.093,MEAN_CROSS,0.0014085411915544244,2.300912,12
2018-07-17 03:00:00+00:00,2018-07-17 15:00:00+00:00,1,-0.0009035205938131563,0.0008175160929406733,-2.0822,0.7483,MEAN_CROSS,0.0017210366867538296,2.811387,12
2018-07-18 14:00:00+00:00,2018-07-19 05:00:00+00:00,1,-0.0010830035344253641,0.0003425799401067797,-2.512,0.5098,MEAN_CROSS,0.0014255834745321438,2.328751,15
2018-07-19 07:00:00+00:00,2018-07-19 21:00:00+00:00,-1,0.002071323784040624,0.00021392415713838986,2.4045,-0.007,MEAN_CROSS,0.0018573996269022341,3.034142,14
2018-07-20 12:00:00+00:00,2018-07-23 01:00:00+00:00,1,-0.00567783516944953,0.0003836321076607918,-7.5814,0.6179,MEAN_CROSS,0.006061467277110322,9.901665,13
2018-07-24 10:00:00+00:00,2018-07-25 02:00:00+00:00,1,-0.0014053144855513677,0.00021414463800939476,-3.7232,0.6661,MEAN_CROSS,0.0016194591235607625,1.132686,16
2018-07-25 12:00:00+00:00,2018-07-26 02:00:00+00:00,1,-0.00216545180253358,-7.412178598209529e-05,-4.0546,0.6072,MEAN_CROSS,0.0020913300165514848,1.462722,14
2018-07-26 11:00:00+00:00,2018-07-26 23:00:00+00:00,-1,0.0014504522246086005,-0.0001107617464586319,2.4985,0.1342,MEAN_CROSS,0.0015612139710672324,1.091948,12
2018-07-30 13:00:00+00:00,2018-07-31 02:00:00+00:00,1,-0.0019019288622593722,0.0019895869496329155,-5.1671,3.4847,MEAN_CROSS,0.0038915158118922877,2.721812,13
2018-07-31 03:00:00+00:00,2018-07-31 15:00:00+00:00,-1,0.0016517724893888586,-0.0009675183534577636,2.3368,-1.0647,MEAN_CROSS,0.002619290842846622,1.83199,12
2018-08-01 14:00:00+00:00,2018-08-02 02:00:00+00:00,1,-0.002471700197400395,0.0003232700017601342,-3.0747,0.7337,MEAN_CROSS,0.002794970199160529,1.954864,12
2018-08-03 13:00:00+00:00,2018-08-06 08:00:00+00:00,1,-0.0014639061038845824,0.0006339484533558482,-2.6916,1.2471,MEAN_CROSS,0.0020978545572404306,1.467286,19
2018-08-07 12:00:00+00:00,2018-08-08 00:00:00+00:00,-1,0.0006619002918395456,0.0002367905067681697,2.1935,-0.1203,MEAN_CROSS,0.00042510978507137587,0.297331,12
2018-08-08 17:00:00+00:00,2018-08-09 07:00:00+00:00,1,-0.0033208112698842607,0.0005037760478956432,-4.6834,0.8798,MEAN_CROSS,0.003824587317779904,2.675001,14
2018-08-13 14:00:00+00:00,2018-08-14 08:00:00+00:00,1,-0.0017894881595102996,0.00011006852282569035,-2.3253,0.5592,MEAN_CROSS,0.00189955668233599,2.398135,18
2018-08-14 15:00:00+00:00,2018-08-15 07:00:00+00:00,-1,0.0009299959681505765,-0.00031543480888152065,2.0075,0.152,MEAN_CROSS,0.0012454307770320971,1.57232,16
2018-08-15 10:00:00+00:00,2018-08-15 22:00:00+00:00,-1,0.0010641186587939666,9.777666980015365e-05,2.0993,-0.1074,MEAN_CROSS,0.000966341988993813,1.219979,12
2018-08-17 12:00:00+00:00,2018-08-20 00:00:00+00:00,1,-0.0041708228921151225,0.00031970830635585923,-10.0854,0.847,MEAN_CROSS,0.004490531198470982,5.669166,12
2018-08-21 18:00:00+00:00,2018-08-22 06:00:00+00:00,-1,0.001291490465481604,-0.000237588575125125,2.0979,-0.8524,MEAN_CROSS,0.001529079040606729,1.930418,12
2018-08-22 15:00:00+00:00,2018-08-23 03:00:00+00:00,1,-0.0011408916689495952,0.0004733144413193724,-2.471,0.7122,MEAN_CROSS,0.0016142061102689675,2.037889,12
2018-08-23 12:00:00+00:00,2018-08-24 00:00:00+00:00,-1,0.0014007227190212523,-3.020386457197599e-05,2.0399,-0.5241,MEAN_CROSS,0.0014309265835932283,1.806503,12
2018-08-24 10:00:00+00:00,2018-08-27 02:00:00+00:00,1,-0.0007778708657975031,0.0002284020903590145,-2.1001,0.8145,MEAN_CROSS,0.0010062729561565176,1.270391,16
2018-08-27 07:00:00+00:00,2018-08-27 19:00:00+00:00,-1,0.0008600738069012293,-0.000713481508870073,2.1298,-0.2636,MEAN_CROSS,0.0015735553157713023,1.986568,12
2018-08-29 02:00:00+00:00,2018-08-29 14:00:00+00:00,1,-0.0014965703684675091,0.0011295891000410174,-2.7285,1.3518,MEAN_CROSS,0.0026261594685085266,3.31545,12
2018-09-03 15:00:00+00:00,2018-09-04 03:00:00+00:00,-1,0.0020044575244742013,0.00034986207901854804,2.7588,0.0533,MEAN_CROSS,0.0016545954454556533,1.807948,12
2018-09-04 12:00:00+00:00,2018-09-05 00:00:00+00:00,-1,0.001586976857073874,-4.58779070995341e-05,2.0152,-0.7043,MEAN_CROSS,0.0016328547641734081,1.784193,12
2018-09-05 08:00:00+00:00,2018-09-06 01:00:00+00:00,1,-0.0008275190564639434,0.0004758264471532714,-2.0414,0.6074,MEAN_CROSS,0.0013033455036172148,1.424144,17
2018-09-06 15:00:00+00:00,2018-09-07 03:00:00+00:00,-1,0.0016424516142775625,-0.0006276509438625233,2.322,-0.6408,MEAN_CROSS,0.0022701025581400858,2.480503,12
2018-09-10 08:00:00+00:00,2018-09-10 22:00:00+00:00,1,-0.0015432305284525105,8.859562817742361e-05,-2.638,0.5485,MEAN_CROSS,0.0016318261566299341,1.783069,14
2018-09-11 09:00:00+00:00,2018-09-11 21:00:00+00:00,-1,0.0008461533939266852,-0.0027033952424082575,2.243,-2.7007,MEAN_CROSS,0.0035495486363349427,3.878532,12
2018-09-14 14:00:00+00:00,2018-09-17 02:00:00+00:00,-1,0.0011569349696395337,-0.0003072756762177997,2.3622,-1.3797,MEAN_CROSS,0.0014642106458573334,1.599918,12
2018-09-17 14:00:00+00:00,2018-09-18 02:00:00+00:00,-1,0.001030473570662327,4.9976250321437377e-05,2.0231,-0.3939,MEAN_CROSS,0.0009804973203408895,1.071373,12
2018-09-18 06:00:00+00:00,2018-09-19 00:00:00+00:00,1,-0.0012237241139140265,0.0002362964711719595,-2.7683,0.6372,MEAN_CROSS,0.001460020585085986,1.59534,18
2018-09-20 11:00:00+00:00,2018-09-21 00:00:00+00:00,-1,0.0007987594107886631,-0.00019567056991620646,2.0224,-0.4861,MEAN_CROSS,0.0009944299807048695,1.511249,13
2018-09-21 08:00:00+00:00,2018-09-21 20:00:00+00:00,-1,0.001188653227776837,-7.17242376135907e-05,2.1085,-0.5978,MEAN_CROSS,0.0012603774653904276,1.915413,12
2018-09-24 12:00:00+00:00,2018-09-25 01:00:00+00:00,1,-0.0010701794552940846,0.00034808887160708846,-2.4747,0.7893,MEAN_CROSS,0.001418268326901173,2.155362,13
2018-09-25 07:00:00+00:00,2018-09-25 19:00:00+00:00,-1,0.0009793102431566725,8.645597947387618e-05,2.0903,0.4756,MEAN_CROSS,0.0008928542636827963,1.356883,12
2018-09-26 10:00:00+00:00,2018-09-26 22:00:00+00:00,1,-0.0014292147354200146,0.0015019631017151314,-4.0986,1.0738,MEAN_CROSS,0.002931177837135146,4.454552,12
2018-09-27 15:00:00+00:00,2018-09-28 06:00:00+00:00,1,-0.0035488562047639727,9.483910540064588e-05,-3.4686,0.5594,MEAN_CROSS,0.0036436953101646186,5.537375,15
2018-09-28 12:00:00+00:00,2018-10-01 03:00:00+00:00,1,-0.00242760695131361,-0.0005441362981384312,-2.0643,0.5943,MEAN_CROSS,0.0018834706531751788,2.862337,15
2018-10-02 08:00:00+00:00,2018-10-02 21:00:00+00:00,-1,0.0016324491809257546,0.00022233148568751027,2.2624,0.3432,MEAN_CROSS,0.0014101176952382444,2.142976,13
2018-10-03 14:00:00+00:00,2018-10-04 14:00:00+00:00,1,-0.0012358173121135296,0.0005942698117932244,-2.3461,0.9417,MEAN_CROSS,0.001830087123906754,2.781209,24
2018-10-04 15:00:00+00:00,2018-10-05 03:00:00+00:00,-1,0.0015593581143436008,4.3208500372093894e-06,2.5714,-0.5447,MEAN_CROSS,0.0015550372643063914,2.363212,12
2018-10-08 03:00:00+00:00,2018-10-08 15:00:00+00:00,-1,0.00134749598269579,-0.00029770257418548773,2.7212,-0.8897,MEAN_CROSS,0.0016451985568812777,2.500231,12
2018-10-10 14:00:00+00:00,2018-10-11 02:00:00+00:00,-1,0.001981936025322706,0.0007313296628442822,3.1464,0.0085,MEAN_CROSS,0.0012506063624784236,2.042249,12
2018-10-11 06:00:00+00:00,2018-10-11 18:00:00+00:00,1,-0.0012007321884485167,0.0017262722523135876,-2.0543,0.9858,MEAN_CROSS,0.0029270044407621043,4.779818,12
2018-10-12 16:00:00+00:00,2018-10-15 06:00:00+00:00,-1,0.0016312012478100213,-0.00011303223630343417,2.7907,-0.0769,MEAN_CROSS,0.0017442334841134555,2.848345,14
2018-10-15 13:00:00+00:00,2018-10-16 01:00:00+00:00,-1,0.0020726596610316506,-0.0007026716350360118,3.2297,-0.543,MEAN_CROSS,0.0027753312960676624,4.532135,12
2018-10-17 14:00:00+00:00,2018-10-18 02:00:00+00:00,-1,0.002014279757147741,0.0005761183536665548,2.852,0.3728,MEAN_CROSS,0.0014381614034811863,2.348527,12
2018-10-18 12:00:00+00:00,2018-10-19 12:00:00+00:00,1,-0.0008839816519008448,0.003299135138769116,-2.7513,4.4417,MEAN_CROSS,0.004183116790669961,6.831058,24
2018-10-23 16:00:00+00:00,2018-10-24 06:00:00+00:00,1,-0.0008043600653016014,0.0004018699700607531,-2.1798,1.0642,MEAN_CROSS,0.0012062300353623545,1.969782,14
2018-10-24 14:00:00+00:00,2018-10-25 05:00:00+00:00,1,-0.005194701980267169,0.000628001721407645,-10.0928,0.7071,MEAN_CROSS,0.005822703701674814,9.508515,15
2018-10-26 03:00:00+00:00,2018-10-26 15:00:00+00:00,-1,0.0018647516753367288,-0.0013280716839927376,2.394,-2.483,MEAN_CROSS,0.0031928233593294664,5.213902,12
2018-10-26 16:00:00+00:00,2018-10-29 13:00:00+00:00,1,-0.0020400163128785342,0.0008488656388829785,-3.3186,1.2126,MEAN_CROSS,0.0028888819517615127,4.717564,21
2018-10-30 02:00:00+00:00,2018-10-30 14:00:00+00:00,1,-0.00110724171126797,0.0005069144294558292,-2.0797,0.7985,MEAN_CROSS,0.0016141561407237992,2.236235,12
2018-10-30 20:00:00+00:00,2018-10-31 08:00:00+00:00,1,-0.0015682390640948674,0.00025606427982571844,-2.4611,0.5612,MEAN_CROSS,0.0018243033439205858,2.527371,12
2018-10-31 18:00:00+00:00,2018-11-01 06:00:00+00:00,-1,0.001273143580418079,6.123162450422104e-05,2.3111,-0.1085,MEAN_CROSS,0.001211911955913858,1.67897,12
2018-11-01 07:00:00+00:00,2018-11-01 23:00:00+00:00,1,-0.0008254472637954091,0.0002902932891376553,-2.4327,0.6714,MEAN_CROSS,0.0011157405529330644,1.545735,16
2018-11-02 06:00:00+00:00,2018-11-05 16:00:00+00:00,1,-0.0015389340728853007,0.000603722372811033,-2.1724,0.906,MEAN_CROSS,0.0021426564456963337,2.968414,33
2018-11-07 02:00:00+00:00,2018-11-07 14:00:00+00:00,-1,0.0011259788246095193,-0.0008374652757774381,2.4865,-1.6229,MEAN_CROSS,0.0019634441003869574,2.720135,12
2018-11-07 15:00:00+00:00,2018-11-08 03:00:00+00:00,-1,0.0013151508009493496,-0.00016459104895516496,2.139,-0.2301,MEAN_CROSS,0.0014797418499045145,2.050019,12
2018-11-08 19:00:00+00:00,2018-11-09 07:00:00+00:00,-1,0.003915190651174072,0.0004929623165441654,7.4966,0.3458,MEAN_CROSS,0.0034222283346299065,4.74112,12
2018-11-09 16:00:00+00:00,2018-11-12 04:00:00+00:00,-1,0.0024025944318916137,-0.00046083068208857547,2.2743,-0.9345,MEAN_CROSS,0.002863425113980189,3.96696,12
2018-11-14 09:00:00+00:00,2018-11-14 23:00:00+00:00,1,-0.0008635701668704421,0.0005533677194364817,-2.014,0.7123,MEAN_CROSS,0.0014169378863069237,1.963011,14
2018-11-15 16:00:00+00:00,2018-11-16 04:00:00+00:00,1,-0.0022849503533159954,-0.00010447192043805398,-4.2025,0.5065,MEAN_CROSS,0.0021804784328779414,3.020812,12
2018-11-16 16:00:00+00:00,2018-11-19 04:00:00+00:00,-1,0.0026813772430590577,8.542763085295224e-05,4.1559,0.0087,MEAN_CROSS,0.0025959496122061054,3.539995,12
2018-11-19 11:00:00+00:00,2018-11-19 23:00:00+00:00,-1,0.0016567545544786677,-4.5460405663777514e-05,2.1534,-0.7337,MEAN_CROSS,0.0017022149601424452,2.321244,12
2018-11-20 12:00:00+00:00,2018-11-21 00:00:00+00:00,-1,0.0015867754176429605,0.0006220571658970275,2.1385,-0.0725,MEAN_CROSS,0.000964718251745933,1.315549,12
2018-11-23 13:00:00+00:00,2018-11-26 01:00:00+00:00,-1,0.0016739061643364916,-0.000657639770792251,3.0917,-1.0508,MEAN_CROSS,0.0023315459351287426,3.179438,12
2018-11-26 15:00:00+00:00,2018-11-27 03:00:00+00:00,-1,0.0013910839040225387,-0.00012275788086257844,2.1087,-0.4343,MEAN_CROSS,0.0015138417848851171,2.064367,12
2018-11-27 16:00:00+00:00,2018-11-28 04:00:00+00:00,-1,0.0025093083393282756,3.0425519116250577e-05,3.8292,-0.3854,MEAN_CROSS,0.002478882820212025,3.380356,12
2018-11-28 17:00:00+00:00,2018-11-29 08:00:00+00:00,1,-0.0023627021825995964,0.0005592621685479582,-3.6277,0.6791,MEAN_CROSS,0.0029219643511475546,3.984569,15
2018-11-30 09:00:00+00:00,2018-11-30 21:00:00+00:00,-1,0.0010582113153345674,-9.324314267888933e-05,2.0146,-0.1173,MEAN_CROSS,0.0011514544580134567,1.570194,12
2018-12-02 22:00:00+00:00,2018-12-03 11:00:00+00:00,1,-0.002439471614587352,-2.5836292494862967e-05,-3.8974,0.6493,MEAN_CROSS,0.002413635322092489,3.291381,13
2018-12-03 18:00:00+00:00,2018-12-04 06:00:00+00:00,-1,0.0014525517535440846,-0.00013257003856226302,2.5371,0.3613,MEAN_CROSS,0.0015851217921063476,2.161569,12
2018-12-04 14:00:00+00:00,2018-12-05 02:00:00+00:00,-1,0.0017705066866542385,0.0004835356633721144,2.9263,0.1444,MEAN_CROSS,0.001286971023282124,1.754992,12
2018-12-05 15:00:00+00:00,2018-12-06 03:00:00+00:00,-1,0.00621748381720566,0.0013694627120287572,9.0584,0.3401,MEAN_CROSS,0.004848021105176903,6.611058,12
2018-12-07 13:00:00+00:00,2018-12-10 13:00:00+00:00,1,-0.006005731031171191,0.001407490776996645,-7.4211,1.065,MEAN_CROSS,0.007413221808167836,5.089147,24
2018-12-10 15:00:00+00:00,2018-12-11 03:00:00+00:00,-1,0.0037081880150471314,0.00027016732088769313,2.26,-0.3482,MEAN_CROSS,0.0034380206941594382,2.360188,12
2018-12-11 11:00:00+00:00,2018-12-12 05:00:00+00:00,1,-0.0011702171658992677,0.00011799841625170782,-2.0126,0.512,MEAN_CROSS,0.0012882155821509755,0.884355,18
2018-12-12 19:00:00+00:00,2018-12-13 08:00:00+00:00,-1,0.0005948329485613302,-8.668665269750964e-05,2.6089,0.1761,MEAN_CROSS,0.0006815196012588398,0.467861,13
2018-12-13 11:00:00+00:00,2018-12-13 23:00:00+00:00,-1,0.0014831421240817377,-6.821695299319419e-05,3.248,-0.1567,MEAN_CROSS,0.001551359077074932,1.065002,12
2018-12-17 10:00:00+00:00,2018-12-17 22:00:00+00:00,-1,0.0008899311479799721,0.0004014102024926247,2.0787,0.1691,MEAN_CROSS,0.0004885209454873474,0.335368,12
2018-12-18 15:00:00+00:00,2018-12-19 03:00:00+00:00,-1,0.001756270394602466,9.242644761942032e-05,2.0038,-0.2739,MEAN_CROSS,0.0016638439469830457,1.142222,12
2018-12-19 15:00:00+00:00,2018-12-20 03:00:00+00:00,1,-0.0023719480836671414,0.0005298453012336779,-2.532,0.561,MEAN_CROSS,0.0029017933849008193,1.99207,12
2018-12-20 16:00:00+00:00,2018-12-21 04:00:00+00:00,-1,0.002239171321402833,0.00030126306966749006,2.4567,-0.1147,MEAN_CROSS,0.001937908251735343,1.330366,12
2018-12-24 02:00:00+00:00,2018-12-24 14:00:00+00:00,1,-0.0009149701528616827,0.002805811747629283,-2.6359,3.4264,MEAN_CROSS,0.003720781900490966,2.554302,12
2018-12-26 16:00:00+00:00,2018-12-27 04:00:00+00:00,1,-0.0017888404983653627,0.00027476034394358084,-2.3901,0.542,MEAN_CROSS,0.0020636008423089436,1.416654,12
2018-12-27 09:00:00+00:00,2018-12-27 21:00:00+00:00,-1,0.0022868011446183223,-0.0011031693481200477,2.4955,-1.045,MEAN_CROSS,0.00338997049273837,3.474405,12
2019-01-02 05:00:00+00:00,2019-01-02 22:00:00+00:00,1,-0.0021800511665589495,0.0040202383710010725,-3.3972,3.8922,MEAN_CROSS,0.006200289537560022,6.354721,17
2019-01-03 13:00:00+00:00,2019-01-04 10:00:00+00:00,1,-0.004381427818874406,-0.0002347254015054867,-2.6023,0.5234,MEAN_CROSS,0.004146702417368919,4.249985,21
2019-01-07 09:00:00+00:00,2019-01-07 22:00:00+00:00,-1,0.0008741337240892877,-0.0001261484947822078,2.3388,0.4756,MEAN_CROSS,0.0010002822188714955,1.025196,13
2019-01-08 16:00:00+00:00,2019-01-09 04:00:00+00:00,-1,0.0013576566901231102,-0.0008273462833958689,2.0774,-0.6101,MEAN_CROSS,0.002185002973518979,2.239425,12
2019-01-09 13:00:00+00:00,2019-01-10 03:00:00+00:00,-1,0.0014775726225959573,0.0003130464864433691,2.373,0.4692,MEAN_CROSS,0.0011645261361525883,1.193531,14
2019-01-10 10:00:00+00:00,2019-01-11 11:00:00+00:00,1,-0.0015033553809651323,0.00019786673173216585,-2.4464,1.5336,MEAN_CROSS,0.0017012221126972982,1.743595,25
2019-01-11 12:00:00+00:00,2019-01-14 00:00:00+00:00,-1,0.0009798386403846449,-0.0001865068765756206,3.231,-0.3,MEAN_CROSS,0.0011663455169602654,1.195396,12
2019-01-15 10:00:00+00:00,2019-01-16 01:00:00+00:00,1,-0.0015040389194566073,0.00019907997365453678,-3.0321,0.6188,MEAN_CROSS,0.001703118893111144,1.745539,15
2019-01-17 19:00:00+00:00,2019-01-18 12:00:00+00:00,1,-0.0016039203502510313,0.0006383789860545663,-3.2562,1.6321,MEAN_CROSS,0.0022422993363055976,4.129781,17
2019-01-18 15:00:00+00:00,2019-01-21 03:00:00+00:00,1,-0.0012142935463503868,9.155106768832244e-05,-2.2019,0.5381,MEAN_CROSS,0.0013058446140387092,2.405054,12
2019-01-21 08:00:00+00:00,2019-01-21 20:00:00+00:00,-1,0.0009896874978306824,0.0002154111333205755,2.4782,0.275,MEAN_CROSS,0.000774276364510107,1.426032,12
2019-01-22 06:00:00+00:00,2019-01-22 18:00:00+00:00,-1,0.0010125289198831267,0.00035617109933372415,2.6099,0.1748,MEAN_CROSS,0.0006563578205494025,1.208855,12
2019-01-23 00:00:00+00:00,2019-01-23 13:00:00+00:00,1,-0.0005692962862490214,0.001169381743227449,-2.5577,1.9406,MEAN_CROSS,0.0017386780294764703,3.20223,13
2019-01-23 14:00:00+00:00,2019-01-24 02:00:00+00:00,-1,0.0023111994044728856,0.0004654112545416922,3.9261,0.4891,MEAN_CROSS,0.0018457881499311934,3.399502,12
2019-01-25 02:00:00+00:00,2019-01-25 14:00:00+00:00,1,-0.001336939939023285,-0.002832057405680821,-3.4723,-4.1459,STOP_LOSS,-0.0014951174666575362,-2.75365,12
2019-01-28 06:00:00+00:00,2019-01-28 18:00:00+00:00,-1,0.0007813372978999755,-0.00035298985624943047,2.0593,-0.1325,MEAN_CROSS,0.001134327154149406,2.08916,12
2019-01-30 11:00:00+00:00,2019-01-31 00:00:00+00:00,1,-0.0012927253771339853,-0.00011351105697099406,-2.0816,0.6454,MEAN_CROSS,0.0011792143201629912,2.171832,13
2019-02-01 13:00:00+00:00,2019-02-04 04:00:00+00:00,1,-0.0015460233903950016,0.00027921050585810736,-3.4208,0.7258,MEAN_CROSS,0.001825233896253109,3.361646,15
2019-02-04 14:00:00+00:00,2019-02-05 02:00:00+00:00,-1,0.0012949430118747163,-0.00011713479534569693,2.0582,-0.3426,MEAN_CROSS,0.0014120778072204132,2.600711,12
2019-02-06 07:00:00+00:00,2019-02-06 19:00:00+00:00,-1,0.002791005715767625,0.0004062133116624622,4.5867,-0.0477,MEAN_CROSS,0.0023847924041051627,4.217094,12
2019-02-07 16:00:00+00:00,2019-02-08 04:00:00+00:00,-1,0.002502634943798876,0.00013963884938705817,3.6134,-0.8682,MEAN_CROSS,0.002362996094411818,4.178551,12
2019-02-08 13:00:00+00:00,2019-02-11 01:00:00+00:00,1,-0.0036054449468858607,0.000846922289468699,-5.7411,1.1016,MEAN_CROSS,0.00445236723635456,7.873244,12
2019-02-11 15:00:00+00:00,2019-02-12 03:00:00+00:00,-1,0.0015157366527580596,-0.0006301763761629164,2.091,-1.0974,MEAN_CROSS,0.002145913028920976,3.794677,12
2019-02-12 11:00:00+00:00,2019-02-13 04:00:00+00:00,1,-0.0016918598230428739,-6.415057524833401e-05,-2.2768,0.9957,MEAN_CROSS,0.0016277092477945398,2.878323,17
2019-02-13 08:00:00+00:00,2019-02-14 00:00:00+00:00,-1,0.001124498774774274,0.00010959768569485107,3.3389,0.1969,MEAN_CROSS,0.001014901089079423,1.794678,16
2019-02-14 13:00:00+00:00,2019-02-15 01:00:00+00:00,-1,0.0035045956176508186,0.00033850307371885435,5.636,-0.1176,MEAN_CROSS,0.0031660925439319643,5.598689,12
2019-02-18 09:00:00+00:00,2019-02-18 22:00:00+00:00,-1,0.0007727577773241068,-6.452679126434102e-05,2.4246,0.2847,MEAN_CROSS,0.0008372845685884478,1.480593,13
2019-02-19 00:00:00+00:00,2019-02-19 12:00:00+00:00,-1,0.0008601075353855681,-0.0005882839462535427,2.7676,-2.061,MEAN_CROSS,0.0014483914816391108,2.561231,12
2019-02-19 13:00:00+00:00,2019-02-20 01:00:00+00:00,-1,0.0009827050964599238,-0.0011826192299566607,2.5637,-1.6526,MEAN_CROSS,0.0021653243264165845,3.829003,12
2019-02-21 05:00:00+00:00,2019-02-21 23:00:00+00:00,-1,0.0015938067543864731,0.00032099319751976996,3.9938,0.0929,MEAN_CROSS,0.0012728135568667032,2.250751,18
2019-02-22 13:00:00+00:00,2019-02-25 02:00:00+00:00,1,-0.0016196317472556565,0.00016730116027430242,-2.7411,0.597,MEAN_CROSS,0.001786932907529959,3.159883,13
2019-02-25 13:00:00+00:00,2019-02-26 02:00:00+00:00,-1,0.0012858334988715692,0.0003541107442337488,2.5458,0.2055,MEAN_CROSS,0.0009317227546378204,1.647591,13
2019-02-26 15:00:00+00:00,2019-02-27 06:00:00+00:00,1,-0.0013415029031250691,0.00031778372813706657,-2.8601,0.6111,MEAN_CROSS,0.0016592866312621357,2.415993,15
2019-02-28 07:00:00+00:00,2019-02-28 19:00:00+00:00,-1,0.0015764529930045734,-0.0016828884547502865,3.5092,-2.1892,MEAN_CROSS,0.00325934144775486,4.745741,12
2019-03-01 07:00:00+00:00,2019-03-01 19:00:00+00:00,1,-0.0016657534268650354,0.0019886228717147514,-2.0522,0.7972,MEAN_CROSS,0.0036543762985797867,5.320929,12
2019-03-05 15:00:00+00:00,2019-03-06 08:00:00+00:00,1,-0.0008097735430789843,0.00028874726330962996,-2.5414,0.5222,MEAN_CROSS,0.0010985208063886143,1.599493,17
2019-03-06 15:00:00+00:00,2019-03-07 03:00:00+00:00,-1,0.002903555559905402,0.0003072392015434078,6.5662,-0.2695,MEAN_CROSS,0.002596316358361994,3.780348,12
2019-03-07 16:00:00+00:00,2019-03-08 04:00:00+00:00,1,-0.001876905706408305,0.0007315024990139918,-2.1915,1.4579,MEAN_CROSS,0.002608408205422297,3.797954,12
2019-03-08 13:00:00+00:00,2019-03-11 00:00:00+00:00,1,-0.0013266436896584022,0.0006219682903829682,-2.1524,1.3551,MEAN_CROSS,0.0019486119800413704,2.837263,12
2019-03-11 13:00:00+00:00,2019-03-12 04:00:00+00:00,1,-0.001432416702972561,0.00017949734071542878,-2.7461,0.8937,MEAN_CROSS,0.0016119140436879897,2.347016,15
2019-03-12 08:00:00+00:00,2019-03-12 20:00:00+00:00,-1,0.0010736926186190043,-0.0011359763927147881,3.1224,-1.9105,MEAN_CROSS,0.0022096690113337925,3.217373,12
2019-03-13 13:00:00+00:00,2019-03-14 01:00:00+00:00,1,-0.0020642920034374956,0.00021249653032917593,-3.8679,0.8643,MEAN_CROSS,0.0022767885337666716,3.315102,12
2019-03-14 10:00:00+00:00,2019-03-14 22:00:00+00:00,-1,0.0010449098878732022,8.402571881904741e-05,2.0976,0.0666,MEAN_CROSS,0.0009608841690541547,1.399089,12
2019-03-15 11:00:00+00:00,2019-03-17 23:00:00+00:00,-1,0.0011236501306983726,4.5697647038656086e-05,2.2156,-0.1987,MEAN_CROSS,0.0010779524836597165,1.569545,12
2019-03-19 12:00:00+00:00,2019-03-20 00:00:00+00:00,1,-0.0034600322136316697,0.0008795595705417547,-6.1295,0.9856,MEAN_CROSS,0.004339591784173424,6.153288,12
2019-03-21 00:00:00+00:00,2019-03-21 12:00:00+00:00,1,-0.0007400541776132474,0.00217235863638221,-2.1599,4.2315,MEAN_CROSS,0.0029124128139954575,4.129631,12
2019-03-21 14:00:00+00:00,2019-03-22 02:00:00+00:00,-1,0.0016893182176433985,8.755593015985497e-05,2.2692,-0.478,MEAN_CROSS,0.0016017622874835435,2.271205,12
2019-03-25 09:00:00+00:00,2019-03-26 05:00:00+00:00,1,-0.00106880795038089,0.00016243051553987975,-2.0474,0.5292,MEAN_CROSS,0.0012312384659207698,1.745824,20
2019-03-26 13:00:00+00:00,2019-03-27 01:00:00+00:00,1,-0.0014830071023214098,0.0004242165107927187,-2.3572,1.6281,MEAN_CROSS,0.0019072236131141285,2.704332,12
2019-03-27 10:00:00+00:00,2019-03-27 22:00:00+00:00,-1,0.00130574618072965,3.524385176334466e-05,3.1466,-0.1105,MEAN_CROSS,0.0012705023289663053,1.801498,12
2019-03-28 14:00:00+00:00,2019-03-29 04:00:00+00:00,1,-0.001304928746299061,0.00040516680313074094,-2.3834,0.5888,MEAN_CROSS,0.001710095549429802,2.424816,14
2019-03-29 11:00:00+00:00,2019-04-01 00:00:00+00:00,1,-0.0009406643274446624,0.00012736652750289235,-2.1582,0.5417,MEAN_CROSS,0.0010680308549475548,1.514405,13
2019-04-02 14:00:00+00:00,2019-04-03 02:00:00+00:00,-1,0.001778171291502928,-0.0007936547003903893,2.4204,-1.2554,MEAN_CROSS,0.0025718259918933173,3.646699,12
2019-04-05 10:00:00+00:00,2019-04-07 22:00:00+00:00,-1,0.000774481020790807,-0.000482175327319867,2.793,-1.5876,MEAN_CROSS,0.001256656348110674,4.354927,12
2019-04-08 13:00:00+00:00,2019-04-09 01:00:00+00:00,1,-0.0014145714987571223,0.00025726299335315783,-3.2086,0.9643,MEAN_CROSS,0.0016718344921102801,5.793722,12
2019-04-09 13:00:00+00:00,2019-04-10 01:00:00+00:00,-1,0.0015133358917158724,9.8389659265119e-05,3.2154,0.0843,MEAN_CROSS,0.0014149462324507533,4.903479,12
2019-04-10 12:00:00+00:00,2019-04-11 05:00:00+00:00,-1,0.0013395712049745212,0.00018638371427892597,2.7417,0.3612,MEAN_CROSS,0.0011531874906955952,3.996357,17
2019-04-11 07:00:00+00:00,2019-04-11 19:00:00+00:00,-1,0.0012128058704051758,-0.00044816068691322375,2.1909,-1.0191,MEAN_CROSS,0.0016609665573183996,5.75606,12
2019-04-12 04:00:00+00:00,2019-04-14 21:00:00+00:00,1,-0.000688646538679949,0.0004793367774142965,-2.108,1.5191,MEAN_CROSS,0.0011679833160942454,4.047632,17
2019-04-15 06:00:00+00:00,2019-04-15 19:00:00+00:00,-1,0.0008636124607774853,0.000342779282098582,2.4866,0.2565,MEAN_CROSS,0.0005208331786789033,1.804941,13
2019-04-17 12:00:00+00:00,2019-04-18 00:00:00+00:00,1,-0.002409729332093047,0.00023931872097693319,-3.3082,0.6193,MEAN_CROSS,0.00264904805306998,9.180244,12
2019-04-19 14:00:00+00:00,2019-04-22 02:00:00+00:00,-1,0.000893370765817636,-0.0009710183322970689,2.1493,-2.3155,MEAN_CROSS,0.0018643890981147049,6.461018,12
2019-04-22 16:00:00+00:00,2019-04-23 04:00:00+00:00,1,-0.0010623355935852619,0.0001309740381784108,-2.1579,0.8312,MEAN_CROSS,0.0011933096317636727,4.1354,12
2019-04-23 12:00:00+00:00,2019-04-24 00:00:00+00:00,-1,0.000859552868035407,0.0004734469678443487,2.5662,0.2403,MEAN_CROSS,0.0003861059001910583,1.338045,12
2019-04-24 14:00:00+00:00,2019-04-25 02:00:00+00:00,-1,0.0026548708533961074,-0.0003830818218545362,3.6408,-1.3306,MEAN_CROSS,0.0030379526752506436,10.527988,12
2019-04-26 09:00:00+00:00,2019-04-29 00:00:00+00:00,-1,0.0008188129785695608,-0.00044209426440289246,2.4639,-0.7095,MEAN_CROSS,0.0012609072429724533,2.246688,15
2019-04-29 15:00:00+00:00,2019-04-30 03:00:00+00:00,1,-0.001145999446401591,0.00025255768277965274,-2.3799,0.605,MEAN_CROSS,0.0013985571291812438,2.491952,12
2019-04-30 09:00:00+00:00,2019-05-01 06:00:00+00:00,1,-0.00108905065826026,0.0003515152315471948,-2.4264,0.9531,MEAN_CROSS,0.0014405658898074547,2.566804,21
2019-05-03 12:00:00+00:00,2019-05-06 00:00:00+00:00,1,-0.0012948901080221953,0.0020876898601528415,-3.1573,2.6085,MEAN_CROSS,0.003382579968175037,6.027089,12
2019-05-07 10:00:00+00:00,2019-05-07 22:00:00+00:00,-1,0.0009316004974333492,-0.00014049205403043885,2.1164,-0.2871,MEAN_CROSS,0.001072092551463788,1.910257,12
2019-05-08 09:00:00+00:00,2019-05-08 21:00:00+00:00,-1,0.0014115033455077697,-0.00020612751272275354,2.6155,-0.5248,MEAN_CROSS,0.0016176308582305232,2.882298,12
2019-05-09 07:00:00+00:00,2019-05-09 19:00:00+00:00,-1,0.0010668306109151704,-0.0009184819868454097,2.1317,-1.5703,MEAN_CROSS,0.00198531259776058,3.537435,12
2019-05-10 01:00:00+00:00,2019-05-10 14:00:00+00:00,1,-0.0017177226330977735,0.0011226643621988774,-2.4455,1.0506,MEAN_CROSS,0.002840386995296651,5.061008,13
2019-05-14 00:00:00+00:00,2019-05-15 00:00:00+00:00,1,-0.0010944240078921696,0.000622017579085532,-2.5634,1.4241,MEAN_CROSS,0.0017164415869777017,3.05836,24
2019-05-15 07:00:00+00:00,2019-05-15 19:00:00+00:00,-1,0.0014258121923712563,0.0001002805586580724,4.3175,0.3815,MEAN_CROSS,0.001325531633713184,2.955959,12
2019-05-17 14:00:00+00:00,2019-05-20 08:00:00+00:00,1,-0.0026888021273693274,0.0015559976643139128,-4.3024,1.946,MEAN_CROSS,0.00424479979168324,9.465979,18
2019-05-21 10:00:00+00:00,2019-05-22 00:00:00+00:00,1,-0.0009179941024181071,0.00028382985109387526,-2.0247,1.1015,MEAN_CROSS,0.0012018239535119823,2.680089,14
2019-05-22 14:00:00+00:00,2019-05-23 02:00:00+00:00,-1,0.001238951153633594,0.0005360146719313175,2.7308,0.4616,MEAN_CROSS,0.0007029364817022765,1.567561,12
2019-05-23 13:00:00+00:00,2019-05-24 01:00:00+00:00,-1,0.0019154277853800084,9.261070580168784e-05,2.4549,-0.8079,MEAN_CROSS,0.0018228170795783205,4.064915,12
2019-05-27 10:00:00+00:00,2019-05-27 22:00:00+00:00,-1,0.0004276459110713615,-0.00024330089719803993,2.013,-0.3613,MEAN_CROSS,0.0006709468082694015,1.496223,12
2019-05-28 08:00:00+00:00,2019-05-28 21:00:00+00:00,-1,0.001794002667649619,0.00027761363839473585,6.9397,0.1989,MEAN_CROSS,0.0015163890292548832,3.381575,13
2019-05-29 12:00:00+00:00,2019-05-30 14:00:00+00:00,1,-0.001223483777480383,0.0009215799972430716,-2.6043,1.5851,MEAN_CROSS,0.0021450637747234547,4.783531,26
2019-05-30 23:00:00+00:00,2019-05-31 11:00:00+00:00,-1,0.002343118668871491,4.501066087403416e-05,4.7153,-0.2725,MEAN_CROSS,0.002298108007997457,5.124822,12
2019-05-31 14:00:00+00:00,2019-06-03 07:00:00+00:00,1,-0.0015252013522345509,0.0019602213245665245,-2.1105,2.7064,MEAN_CROSS,0.0034854226768010754,7.772555,17
2019-06-05 10:00:00+00:00,2019-06-05 23:00:00+00:00,-1,0.00036793566603554595,0.00016741961640931446,2.7092,0.2603,MEAN_CROSS,0.00020051604962623149,0.282583,13
2019-06-07 12:00:00+00:00,2019-06-10 00:00:00+00:00,1,-0.001207018747036881,2.0777408172856227e-05,-2.1775,1.1424,MEAN_CROSS,0.0012277961552097372,1.730308,12
2019-06-11 09:00:00+00:00,2019-06-12 03:00:00+00:00,1,-0.0008966828688296014,0.0005001774092893152,-3.2619,0.9355,MEAN_CROSS,0.0013968602781189166,1.968566,18
2019-06-12 12:00:00+00:00,2019-06-13 02:00:00+00:00,1,-0.0011652564733771742,0.0006065526205779603,-2.2076,0.6624,MEAN_CROSS,0.0017718090939551345,2.496974,14
2019-06-14 13:00:00+00:00,2019-06-17 01:00:00+00:00,-1,0.0016797984114980125,-0.00015362659079365404,3.8052,-0.8535,MEAN_CROSS,0.0018334250022916665,2.583808,12
2019-06-17 14:00:00+00:00,2019-06-18 06:00:00+00:00,1,-0.0010905677926559276,0.00040842185470013614,-2.1406,1.1751,MEAN_CROSS,0.0014989896473560638,2.112495,16
2019-06-18 07:00:00+00:00,2019-06-18 19:00:00+00:00,-1,0.0013116187669989232,-0.0004285874541036794,3.7335,-0.3639,MEAN_CROSS,0.0017402062211026026,2.452437,12
2019-06-19 12:00:00+00:00,2019-06-20 13:00:00+00:00,1,-0.0015957811952843626,0.0010362437745303765,-2.0951,1.8743,MEAN_CROSS,0.002632024969814739,3.709258,25
2019-06-20 14:00:00+00:00,2019-06-21 02:00:00+00:00,-1,0.003232139481518459,-0.0007968540017541104,4.0487,-0.3982,MEAN_CROSS,0.004028993483272569,5.677977,12
2019-06-25 07:00:00+00:00,2019-06-25 22:00:00+00:00,1,-0.0012231533023250307,0.00035248516053532075,-2.0864,0.8552,MEAN_CROSS,0.0015756384628603515,1.990024,15
2019-06-26 15:00:00+00:00,2019-06-27 05:00:00+00:00,1,-0.0025083726487240554,-2.8313729775186758e-06,-3.8339,0.6924,MEAN_CROSS,0.0025055412757465367,3.164488,14
2019-06-27 10:00:00+00:00,2019-06-27 22:00:00+00:00,-1,0.0011527156341024636,-0.00017257256903335794,2.5834,0.088,MEAN_CROSS,0.0013252882031358215,1.673833,12
2019-06-28 14:00:00+00:00,2019-07-01 09:00:00+00:00,1,-0.0014712915512242741,0.0004640862007645463,-3.1118,1.5998,MEAN_CROSS,0.0019353777519888204,2.444374,19
2019-07-01 16:00:00+00:00,2019-07-02 04:00:00+00:00,-1,0.0009104159720380034,-0.0003776275820654984,2.5608,-0.8045,MEAN_CROSS,0.0012880435541035018,1.626793,12
2019-07-02 06:00:00+00:00,2019-07-03 00:00:00+00:00,1,-0.0012054596776617243,0.0001299300847886764,-3.2756,0.7634,MEAN_CROSS,0.0013353897624504008,1.686591,18
2019-07-03 01:00:00+00:00,2019-07-03 13:00:00+00:00,-1,0.0007819581667324327,-0.001180178430934764,2.8199,-2.5185,MEAN_CROSS,0.0019621365976671967,2.47817,12
2019-07-03 15:00:00+00:00,2019-07-04 03:00:00+00:00,1,-0.0012851354022916928,0.0003272302753468681,-2.4213,1.1639,MEAN_CROSS,0.0016123656776385609,2.036411,12
2019-07-05 12:00:00+00:00,2019-07-08 00:00:00+00:00,-1,0.000989074259319489,-6.067632096296016e-05,3.09,0.0492,MEAN_CROSS,0.0010497505802824492,1.32583,12
2019-07-08 11:00:00+00:00,2019-07-08 23:00:00+00:00,1,-0.001245021057755591,0.00036746605690163303,-2.0228,0.7986,MEAN_CROSS,0.001612487114657224,2.036564,12
2019-07-09 07:00:00+00:00,2019-07-09 19:00:00+00:00,-1,0.0012302872261847897,-0.0004506827831075588,2.2896,-1.9042,MEAN_CROSS,0.0016809700092923485,2.123058,12
2019-07-10 12:00:00+00:00,2019-07-11 10:00:00+00:00,1,-0.0021495686841885853,0.0001655251974769234,-5.9072,0.6613,MEAN_CROSS,0.0023150938816655087,2.923953,22
2019-07-11 14:00:00+00:00,2019-07-12 02:00:00+00:00,-1,0.0011660830865642957,-0.0010761992420287303,2.1997,-1.8448,MEAN_CROSS,0.002242282328593026,2.831993,12
2019-07-12 13:00:00+00:00,2019-07-15 02:00:00+00:00,-1,0.0014766348683981079,-0.00026683560599261025,2.669,-0.4148,MEAN_CROSS,0.0017434704743907181,3.319495,13
2019-07-16 07:00:00+00:00,2019-07-16 22:00:00+00:00,-1,0.0007827416999438563,0.00044230597989591836,2.2156,0.4191,MEAN_CROSS,0.000340435720047938,0.648175,15
2019-07-18 13:00:00+00:00,2019-07-19 01:00:00+00:00,-1,0.0011108560479559104,-0.0005296556515151929,2.3303,-1.0681,MEAN_CROSS,0.0016405116994711033,3.123466,12
2019-07-19 12:00:00+00:00,2019-07-22 00:00:00+00:00,-1,0.003320870417824473,0.00028229596610729324,5.5446,0.3279,MEAN_CROSS,0.0030385744517171798,5.785319,12
2019-07-22 12:00:00+00:00,2019-07-23 00:00:00+00:00,-1,0.002185903243132614,-0.0002817146362922296,2.5685,-0.769,MEAN_CROSS,0.002467617879424844,4.698242,12
2019-07-24 08:00:00+00:00,2019-07-24 20:00:00+00:00,-1,0.0008842453683143292,-1.6739833654799696e-06,2.1628,0.1552,MEAN_CROSS,0.0008859193516798092,1.686754,12
2019-07-25 11:00:00+00:00,2019-07-26 06:00:00+00:00,1,-0.0008685620326789323,0.00017061263584383646,-2.2524,0.5224,MEAN_CROSS,0.0010391746685227687,1.978545,19
2019-07-26 18:00:00+00:00,2019-07-29 06:00:00+00:00,1,-0.0010120437903796686,0.0004288126883980059,-2.5443,1.1657,MEAN_CROSS,0.0014408564787776745,2.743331,12
2019-07-29 15:00:00+00:00,2019-07-30 03:00:00+00:00,1,-0.0008462909422504161,0.0003172529665002033,-2.0035,0.7916,MEAN_CROSS,0.0011635439087506194,2.215339,12
2019-07-30 12:00:00+00:00,2019-07-31 00:00:00+00:00,-1,0.000823812631324139,-0.0006758989639666924,2.0137,-1.6269,MEAN_CROSS,0.0014997115952908313,2.855388,12
2019-08-01 14:00:00+00:00,2019-08-02 07:00:00+00:00,1,-0.0010577164811461648,0.0010930818210093118,-2.247,0.9894,MEAN_CROSS,0.0021507983021554766,3.189073,17
2019-08-05 01:00:00+00:00,2019-08-05 13:00:00+00:00,-1,0.001796497312238965,-0.0017328702998572476,2.33,-2.5382,MEAN_CROSS,0.0035293676120962125,5.233131,12
2019-08-06 01:00:00+00:00,2019-08-06 15:00:00+00:00,1,-0.0014138626249998731,0.0017338799840206365,-2.0021,2.29,MEAN_CROSS,0.0031477426090205096,4.667281,14
2019-08-06 16:00:00+00:00,2019-08-07 04:00:00+00:00,-1,0.003307352566182087,9.592815186498793e-05,4.0571,-0.3057,MEAN_CROSS,0.003211424414317099,4.761704,12
2019-08-07 12:00:00+00:00,2019-08-08 00:00:00+00:00,-1,0.0035290885223226987,-0.00044197353591679533,2.9983,-0.6857,MEAN_CROSS,0.003971062058239494,5.888049,12
2019-08-08 01:00:00+00:00,2019-08-08 21:00:00+00:00,1,-0.002234341279615526,0.0006420419488076812,-2.1699,1.1126,MEAN_CROSS,0.002876383228423207,4.264926,20
2019-08-09 12:00:00+00:00,2019-08-12 02:00:00+00:00,-1,0.002537463956968744,9.204416121844083e-06,3.8374,0.0333,MEAN_CROSS,0.0025282595408469,3.748749,14
2019-08-13 09:00:00+00:00,2019-08-13 21:00:00+00:00,-1,0.0013995415866390193,-0.00032107954495319557,2.2465,-0.1277,MEAN_CROSS,0.0017206211315922149,2.551232,12
2019-08-14 11:00:00+00:00,2019-08-14 23:00:00+00:00,-1,0.0037545674634935633,-0.00042365459161786134,2.7144,-0.8584,MEAN_CROSS,0.004178222055111425,6.195213,12
2019-08-16 15:00:00+00:00,2019-08-19 03:00:00+00:00,1,-0.0014815275701076658,9.714073829447667e-05,-2.0078,0.9497,MEAN_CROSS,0.0015786683084021425,2.340753,12
2019-08-19 13:00:00+00:00,2019-08-20 01:00:00+00:00,-1,0.0007417474094304488,-0.0003309953593952919,2.029,-0.6954,MEAN_CROSS,0.0010727427688257407,1.590598,12
2019-08-21 12:00:00+00:00,2019-08-22 00:00:00+00:00,1,-0.0022656371420083365,0.00031688401785967546,-4.9814,1.0153,MEAN_CROSS,0.002582521159868012,6.426607,12
2019-08-23 15:00:00+00:00,2019-08-26 03:00:00+00:00,-1,0.003719395413112947,-0.0007336587606953104,6.9519,-0.9471,MEAN_CROSS,0.004453054173808257,11.08143,12
2019-08-26 16:00:00+00:00,2019-08-27 05:00:00+00:00,1,-0.002171272337963215,0.00011095885289735818,-2.0118,1.0209,MEAN_CROSS,0.002282231190860573,5.679335,13
2019-08-27 14:00:00+00:00,2019-08-28 02:00:00+00:00,-1,0.0015597221697243313,0.00038054375016693953,4.0704,0.3426,MEAN_CROSS,0.0011791784195573918,2.934387,12
2019-08-29 07:00:00+00:00,2019-08-30 01:00:00+00:00,1,-0.0015330487117636293,0.0003941971543170997,-5.1928,0.8946,MEAN_CROSS,0.001927245866080729,4.795953,18
2019-08-30 12:00:00+00:00,2019-09-02 08:00:00+00:00,1,-0.0019846814991667516,0.0009008886751525891,-2.4068,1.1839,MEAN_CROSS,0.0028855701743193407,7.180745,20
2019-09-02 14:00:00+00:00,2019-09-03 02:00:00+00:00,1,-0.0013553727823419903,0.0005397707876024782,-2.0621,1.0623,MEAN_CROSS,0.0018951435699444685,4.716067,12
2019-09-03 07:00:00+00:00,2019-09-03 19:00:00+00:00,-1,0.0014686225449116463,0.0003938380551544718,3.4744,0.4592,MEAN_CROSS,0.0010747844897571746,2.674602,12
2019-09-04 14:00:00+00:00,2019-09-05 07:00:00+00:00,1,-0.0016379711776226547,1.0028077715107386e-05,-2.8347,0.6878,MEAN_CROSS,0.001647999255337762,4.101048,17
2019-09-06 03:00:00+00:00,2019-09-06 19:00:00+00:00,1,-0.0012919180048834855,0.00039558963126462565,-2.278,0.9908,MEAN_CROSS,0.0016875076361481112,4.199365,16
2019-09-10 07:00:00+00:00,2019-09-10 19:00:00+00:00,-1,0.0010597330607748923,1.0308788998214524e-05,2.7212,0.11,MEAN_CROSS,0.0010494242717766777,2.492239,12
2019-09-11 14:00:00+00:00,2019-09-12 02:00:00+00:00,-1,0.0008639527019363991,-0.0002793869267244675,2.0126,-0.6456,MEAN_CROSS,0.0011433396286608666,2.715275,12
2019-09-13 15:00:00+00:00,2019-09-16 03:00:00+00:00,-1,0.001394884559102083,-0.0003224353295306903,2.234,-0.575,MEAN_CROSS,0.0017173198886327734,4.078399,12
2019-09-17 13:00:00+00:00,2019-09-18 01:00:00+00:00,-1,0.00124031731435148,0.00015418057920812966,2.7191,0.3965,MEAN_CROSS,0.0010861367351433504,2.579426,12
2019-09-18 15:00:00+00:00,2019-09-19 03:00:00+00:00,-1,0.0016650686285143435,-0.00032153560947711934,4.1313,-1.1603,MEAN_CROSS,0.001986604237991463,4.717913,12
2019-09-19 07:00:00+00:00,2019-09-19 19:00:00+00:00,-1,0.0013140979421827348,0.00026253277089338667,2.3584,0.2641,MEAN_CROSS,0.0010515651712893481,2.497323,12
2019-09-23 07:00:00+00:00,2019-09-23 19:00:00+00:00,-1,0.0015841221784153037,-0.0007160593780527469,3.4031,-1.1468,MEAN_CROSS,0.0023001815564680506,5.462616,12
2019-09-25 00:00:00+00:00,2019-09-25 12:00:00+00:00,-1,0.0005576458137893647,0.0001040565514599523,2.0011,-0.0934,MEAN_CROSS,0.00045358926232941243,1.077212,12
2019-09-25 15:00:00+00:00,2019-09-26 12:00:00+00:00,1,-0.0004867863299048425,0.00033209354915653133,-2.2959,1.1842,MEAN_CROSS,0.0008188798790613738,1.944727,21
2019-09-26 14:00:00+00:00,2019-09-27 02:00:00+00:00,-1,0.000954326814349038,-0.00010574316155209651,2.6892,-0.1785,MEAN_CROSS,0.0010600699759011345,2.517521,12
2019-10-01 06:00:00+00:00,2019-10-01 18:00:00+00:00,-1,0.0004553139881297019,-0.000725840623539753,2.2141,-1.39,MEAN_CROSS,0.001181154611669455,2.668913,12
2019-10-02 13:00:00+00:00,2019-10-03 01:00:00+00:00,-1,0.0021887573991629106,-0.0001442960403195137,4.963,-0.6367,MEAN_CROSS,0.0023330534394824243,5.27172,12
2019-10-04 10:00:00+00:00,2019-10-06 22:00:00+00:00,-1,0.0009756588517944031,-0.0002135792345693277,2.1037,-0.4471,MEAN_CROSS,0.0011892380863637309,2.687178,12
2019-10-07 12:00:00+00:00,2019-10-08 06:00:00+00:00,1,-0.0011620239849312597,0.00023763798800890967,-2.1196,0.8692,MEAN_CROSS,0.0013996619729401694,3.162648,18
2019-10-08 07:00:00+00:00,2019-10-08 19:00:00+00:00,-1,0.0009806922345027003,5.009744899142632e-06,2.6752,-0.1712,MEAN_CROSS,0.0009756824896035576,2.204632,12
2019-10-09 09:00:00+00:00,2019-10-09 21:00:00+00:00,1,-0.000962624624816999,0.0002575133829526566,-2.0889,0.6641,MEAN_CROSS,0.0012201380077696555,2.756999,12
2019-10-09 22:00:00+00:00,2019-10-10 10:00:00+00:00,-1,0.001754446303853352,0.00010628667329581898,4.4614,0.2387,MEAN_CROSS,0.001648159630557533,3.724148,12
2019-10-10 14:00:00+00:00,2019-10-11 10:00:00+00:00,1,-0.0022989775422435077,8.14295653281949e-05,-3.5939,0.7628,MEAN_CROSS,0.0023804071075717026,5.378719,20
2019-10-11 12:00:00+00:00,2019-10-14 00:00:00+00:00,1,-0.00416336645089288,0.0006860324347199853,-6.1198,1.1353,MEAN_CROSS,0.004849398885612866,10.957603,12
2019-10-15 07:00:00+00:00,2019-10-15 21:00:00+00:00,1,-0.0007592510332615765,0.00011009558188479485,-2.5655,0.6038,MEAN_CROSS,0.0008693466151463713,1.964358,14
2019-10-16 12:00:00+00:00,2019-10-17 00:00:00+00:00,-1,0.0012721438195587575,4.216964711567517e-05,2.6065,-0.0948,MEAN_CROSS,0.0012299741724430824,2.779225,12
2019-10-17 08:00:00+00:00,2019-10-18 01:00:00+00:00,1,-0.0015741318446881314,0.00015059088642688234,-3.3982,0.5183,MEAN_CROSS,0.0017247227311150137,3.897148,17
2019-10-21 08:00:00+00:00,2019-10-21 21:00:00+00:00,1,-0.0006844160468916227,5.902135524948893e-05,-2.6221,0.7089,MEAN_CROSS,0.0007434374021411116,1.347055,13
2019-10-22 11:00:00+00:00,2019-10-22 23:00:00+00:00,-1,0.001044736943035418,2.4578635857808173e-05,3.6213,0.2635,MEAN_CROSS,0.00102015830717761,1.848454,12
2019-10-23 17:00:00+00:00,2019-10-24 05:00:00+00:00,1,-0.0011859728337823006,0.0002842518184779097,-2.0172,1.042,MEAN_CROSS,0.0014702246522602103,2.663941,12
2019-10-24 12:00:00+00:00,2019-10-25 01:00:00+00:00,1,-0.001172177836154198,0.00010574114518591138,-2.7963,0.6435,MEAN_CROSS,0.0012779189813401093,2.315497,13
2019-10-27 23:00:00+00:00,2019-10-28 11:00:00+00:00,-1,0.0002804360244473836,-0.0002912326830406542,2.2238,-0.5715,MEAN_CROSS,0.0005716687074880378,1.035823,12
2019-10-28 13:00:00+00:00,2019-10-29 03:00:00+00:00,1,-0.0009952060173648025,0.0002872589265842107,-2.786,1.0409,MEAN_CROSS,0.0012824649439490132,2.323734,14
2019-10-29 13:00:00+00:00,2019-10-30 01:00:00+00:00,-1,0.0010608424986551235,7.798154997051832e-05,3.7749,-0.2808,MEAN_CROSS,0.0009828609486846052,1.780873,12
2019-10-30 14:00:00+00:00,2019-10-31 02:00:00+00:00,-1,0.00439249998293556,-0.00017646549073913054,8.4746,-0.5975,MEAN_CROSS,0.004568965473674691,8.278637,12
2019-11-01 14:00:00+00:00,2019-11-04 08:00:00+00:00,1,-0.0010324500967388017,6.026730747454856e-05,-2.197,0.5561,MEAN_CROSS,0.0010927174042133503,1.979925,17
2019-11-05 07:00:00+00:00,2019-11-05 20:00:00+00:00,1,-0.0009254959610960345,0.0004707567319683914,-2.9872,0.9167,MEAN_CROSS,0.001396252693064426,2.52991,13
2019-11-06 16:00:00+00:00,2019-11-07 04:00:00+00:00,-1,0.0012465296266663817,0.00024298069223760432,2.0519,0.0927,MEAN_CROSS,0.0010035489344287774,1.818359,12
2019-11-07 07:00:00+00:00,2019-11-07 19:00:00+00:00,1,-0.0012355400728455423,0.0005101378454389627,-4.1345,0.8452,MEAN_CROSS,0.001745677918284505,5.040391,12
2019-11-08 13:00:00+00:00,2019-11-11 01:00:00+00:00,-1,0.0016965085742444153,0.00029744378499996227,3.399,0.0766,MEAN_CROSS,0.001399064789244453,4.039596,12
2019-11-11 15:00:00+00:00,2019-11-12 08:00:00+00:00,1,-0.0007979751971105564,0.000931135971303898,-2.1377,2.3213,MEAN_CROSS,0.0017291111684144544,4.992557,17
2019-11-12 13:00:00+00:00,2019-11-13 01:00:00+00:00,1,-0.0014067851443319013,0.0006544047923028318,-4.0701,1.1186,MEAN_CROSS,0.002061189936634733,5.951386,12
2019-11-13 09:00:00+00:00,2019-11-13 21:00:00+00:00,-1,0.001383179345905483,-0.00020247232115533365,2.5952,-0.9391,MEAN_CROSS,0.0015856516670608167,4.578339,12
2019-11-14 08:00:00+00:00,2019-11-14 20:00:00+00:00,-1,0.0011057167048270644,-0.0006552174415904721,2.022,-1.8118,MEAN_CROSS,0.0017609341464175365,5.084441,12
2019-11-15 00:00:00+00:00,2019-11-15 18:00:00+00:00,1,-0.0009271363118673603,0.0003019824529119086,-2.7127,1.0577,MEAN_CROSS,0.001229118764779269,3.548902,18
2019-11-18 13:00:00+00:00,2019-11-19 01:00:00+00:00,-1,0.0009842246999517412,4.863230342511127e-05,2.6293,0.4754,MEAN_CROSS,0.00093559239652663,2.701387,12
2019-11-19 14:00:00+00:00,2019-11-20 02:00:00+00:00,-1,0.000888273784509841,0.00020861487846191018,2.6044,-0.1504,MEAN_CROSS,0.0006796589060479308,1.962416,12
2019-11-20 13:00:00+00:00,2019-11-21 01:00:00+00:00,1,-0.001222827579129948,0.0008024890659402706,-2.5007,0.5318,MEAN_CROSS,0.0020253166450702187,5.847807,12
2019-11-21 14:00:00+00:00,2019-11-22 02:00:00+00:00,1,-0.0026788472199495983,0.00012924014258020033,-4.1022,0.5508,MEAN_CROSS,0.0028080873625297986,8.107944,12
2019-11-25 15:00:00+00:00,2019-11-26 04:00:00+00:00,-1,0.0009784772510852413,0.00021653912055830116,2.5205,0.3561,MEAN_CROSS,0.0007619381305269401,2.199986,13
2019-11-26 15:00:00+00:00,2019-11-27 03:00:00+00:00,1,-0.0013749262299846965,0.00018551167567959492,-4.0933,0.8866,MEAN_CROSS,0.0015604379056642914,4.505537,12
2019-11-27 15:00:00+00:00,2019-11-28 04:00:00+00:00,-1,0.0008476477552283868,5.185344268887615e-05,2.7358,0.0863,MEAN_CROSS,0.0007957943125395106,1.777616,13
2019-11-28 14:00:00+00:00,2019-11-29 02:00:00+00:00,1,-0.0006068848638629554,0.0002461708628879178,-2.1986,0.9004,MEAN_CROSS,0.0008530557267508732,1.905524,12
2019-11-29 07:00:00+00:00,2019-11-29 20:00:00+00:00,1,-0.0004741622883701613,0.00013245957230645367,-2.1752,0.7822,MEAN_CROSS,0.0006066218606766149,1.355049,13
2019-12-02 11:00:00+00:00,2019-12-02 23:00:00+00:00,-1,0.0014644263814370673,0.00021777474152384624,4.7895,-0.1499,MEAN_CROSS,0.001246651639913221,2.784724,12
2019-12-04 09:00:00+00:00,2019-12-04 21:00:00+00:00,1,-0.001180983487546361,-4.280776137921549e-05,-2.8127,0.5665,MEAN_CROSS,0.0011381757261671455,2.542415,12
2019-12-06 13:00:00+00:00,2019-12-09 01:00:00+00:00,-1,0.004153079778115076,0.0002611131929354249,11.396,-0.1443,MEAN_CROSS,0.0038919665851796514,8.693731,12
2019-12-10 09:00:00+00:00,2019-12-10 21:00:00+00:00,-1,0.0008687412620531632,-0.00014693761158324214,2.3235,-0.4545,MEAN_CROSS,0.0010156788736364053,2.268786,12
2019-12-11 14:00:00+00:00,2019-12-12 04:00:00+00:00,1,-0.0007330238421916491,5.261798782563165e-05,-2.7482,0.7174,MEAN_CROSS,0.0007856418300172807,1.754938,14
2019-12-12 13:00:00+00:00,2019-12-13 01:00:00+00:00,-1,0.0009258583169375889,-0.0003692269010239224,2.1873,-0.3786,MEAN_CROSS,0.0012950852179615113,2.892913,12
2019-12-13 07:00:00+00:00,2019-12-13 19:00:00+00:00,-1,0.0011423753451760277,-2.9043694096952954e-05,3.0398,-0.1357,MEAN_CROSS,0.0011714190392729806,2.616673,12
2019-12-13 21:00:00+00:00,2019-12-16 14:00:00+00:00,1,-0.00133515867327616,0.0009939778065849447,-2.1222,1.6476,MEAN_CROSS,0.0023291364798611047,5.202739,17
2019-12-18 10:00:00+00:00,2019-12-18 22:00:00+00:00,1,-0.0008145215504101744,0.0001454920664197834,-2.5711,0.7195,MEAN_CROSS,0.0009600136168299578,1.49757,12
2019-12-19 15:00:00+00:00,2019-12-20 03:00:00+00:00,-1,0.001138360466645838,-0.00012721364081214048,2.4217,-1.1194,MEAN_CROSS,0.0012655741074579785,1.974228,12
2019-12-20 13:00:00+00:00,2019-12-23 01:00:00+00:00,-1,0.0013733996300510087,0.00011875510421111013,4.1945,0.147,MEAN_CROSS,0.0012546445258398986,1.957178,12
2019-12-23 14:00:00+00:00,2019-12-24 03:00:00+00:00,-1,0.0009970094111535488,2.7778415099821707e-05,2.0265,0.142,MEAN_CROSS,0.0009692309960537271,1.511949,13
2019-12-25 06:00:00+00:00,2019-12-26 12:00:00+00:00,1,-0.0003372471021722001,0.00016949369885688181,-2.3438,0.7545,MEAN_CROSS,0.0005067408010290819,0.790489,16
2019-12-26 14:00:00+00:00,2019-12-27 04:00:00+00:00,1,-0.0010034337545477001,1.0704421133045372e-05,-3.671,0.6059,MEAN_CROSS,0.0010141381756807455,1.582001,14
2019-12-30 06:00:00+00:00,2019-12-30 18:00:00+00:00,-1,0.0006872463357865399,-0.00029888519774301514,2.1012,-0.7887,MEAN_CROSS,0.000986131533529555,1.538312,12
2019-12-31 07:00:00+00:00,2019-12-31 19:00:00+00:00,1,-0.0007360757564309761,0.00025185159997853646,-2.1625,0.8143,MEAN_CROSS,0.0009879273564095126,1.541114,12
2020-01-03 02:00:00+00:00,2020-01-03 14:00:00+00:00,-1,0.0007939947575096307,9.127150127263839e-05,2.5166,0.2749,MEAN_CROSS,0.0007027232562369923,1.096211,12
2020-01-06 14:00:00+00:00,2020-01-07 03:00:00+00:00,-1,0.0008694312000445681,5.310689872195518e-06,2.4635,0.2446,MEAN_CROSS,0.0008641205101723726,1.347982,13
2020-01-08 01:00:00+00:00,2020-01-08 13:00:00+00:00,1,-0.001091813328622182,0.0006868288012373824,-2.6659,0.7586,MEAN_CROSS,0.0017786421298595645,3.521429,12
2020-01-09 14:00:00+00:00,2020-01-10 02:00:00+00:00,-1,0.001425984834333316,-0.00023174145916959876,2.2087,-0.6128,MEAN_CROSS,0.0016577262935029147,3.282035,12
2020-01-10 13:00:00+00:00,2020-01-13 07:00:00+00:00,1,-0.0018196432470218848,0.0006450513817458647,-2.6025,1.5136,MEAN_CROSS,0.0024646946287677496,4.879704,18
2020-01-14 07:00:00+00:00,2020-01-14 19:00:00+00:00,-1,0.0008751217209759243,0.00011538080452144772,2.2687,-0.137,MEAN_CROSS,0.0007597409164544766,1.504166,12
2020-01-15 14:00:00+00:00,2020-01-16 11:00:00+00:00,1,-0.0008089893671553439,0.0002757238620730851,-2.0229,0.6308,MEAN_CROSS,0.001084713229228429,2.14756,21
2020-01-17 07:00:00+00:00,2020-01-17 20:00:00+00:00,1,-0.0009733606928218341,0.0002837219178999373,-4.3885,0.7376,MEAN_CROSS,0.0012570826107217714,2.488824,13
2020-01-21 01:00:00+00:00,2020-01-21 13:00:00+00:00,-1,0.0007163008803536819,0.00014091080009881463,2.9653,0.2542,MEAN_CROSS,0.0005753900802548673,1.139181,12
2020-01-22 07:00:00+00:00,2020-01-22 19:00:00+00:00,1,-0.0009542175125047958,0.0013239742632490392,-3.3298,0.7462,MEAN_CROSS,0.002278191775753835,4.510458,12
2020-01-26 23:00:00+00:00,2020-01-27 11:00:00+00:00,-1,0.0012629162567017183,0.00021502280247120975,3.3414,-0.1817,MEAN_CROSS,0.0010478934542305085,2.074663,12
2020-01-28 08:00:00+00:00,2020-01-28 20:00:00+00:00,-1,0.0012423317221444963,-0.0005029000793844718,2.3682,-0.5787,MEAN_CROSS,0.001745231801528968,4.047286,12
2020-01-29 15:00:00+00:00,2020-01-30 03:00:00+00:00,-1,0.0014102231827504141,0.00021793555515670082,2.646,0.0797,MEAN_CROSS,0.0011922876275937133,2.764979,12
2020-01-30 07:00:00+00:00,2020-01-30 19:00:00+00:00,-1,0.0010744282615479106,-0.00018850190984054382,2.2654,-1.6573,MEAN_CROSS,0.0012629301713884544,2.928803,12
2020-01-30 20:00:00+00:00,2020-01-31 08:00:00+00:00,1,-0.0018884591865577782,0.0008893396325456715,-5.8477,1.2677,MEAN_CROSS,0.0027777988191034497,6.441865,12
2020-01-31 10:00:00+00:00,2020-02-02 22:00:00+00:00,-1,0.0015924338608059863,0.00024193428076635382,2.2657,-0.0626,MEAN_CROSS,0.0013504995800396324,3.131881,12
2020-02-03 14:00:00+00:00,2020-02-04 19:00:00+00:00,1,-0.0007365043846991881,0.0005688256714824202,-2.1185,0.6262,MEAN_CROSS,0.0013053300561816084,3.027131,29
2020-02-05 08:00:00+00:00,2020-02-06 10:00:00+00:00,1,-0.0013149586069568509,0.0003253860183420887,-2.7674,0.8575,MEAN_CROSS,0.0016403446252989395,3.804047,26
2020-02-07 14:00:00+00:00,2020-02-10 02:00:00+00:00,-1,0.0008915212472915268,-0.0011660016628605163,2.3968,-2.853,MEAN_CROSS,0.002057522910152043,4.771506,12
2020-02-10 13:00:00+00:00,2020-02-11 01:00:00+00:00,-1,0.001492123400223977,-0.0006692197051051396,3.0122,-1.4695,MEAN_CROSS,0.0021613431053291166,5.012271,12
2020-02-11 16:00:00+00:00,2020-02-12 04:00:00+00:00,-1,0.0010304798368684365,-0.00022546651908039728,2.0669,-0.1949,MEAN_CROSS,0.0012559463559488337,2.912607,12
2020-02-12 12:00:00+00:00,2020-02-13 00:00:00+00:00,1,-0.0008422379340560227,0.0001691049507805964,-2.0803,0.9913,MEAN_CROSS,0.001011342884836619,2.345359,12
2020-02-13 07:00:00+00:00,2020-02-13 19:00:00+00:00,-1,0.0007196150251099764,2.0376360093221635e-05,2.1306,0.3691,MEAN_CROSS,0.0006992386650167548,1.621572,12
2020-02-18 02:00:00+00:00,2020-02-18 14:00:00+00:00,-1,0.0007640451283026373,-0.00048489713092614295,2.3169,-1.7948,MEAN_CROSS,0.0012489422592287802,3.345476,12
2020-02-19 07:00:00+00:00,2020-02-19 20:00:00+00:00,1,-0.0009000476013735215,-6.186482237247048e-05,-2.308,0.7688,MEAN_CROSS,0.000838182779001051,2.245196,13
2020-02-20 01:00:00+00:00,2020-02-20 14:00:00+00:00,-1,0.0003289363684180202,-0.0005268336527149975,2.104,-1.2003,MEAN_CROSS,0.0008557700211330177,2.292306,13
2020-02-20 15:00:00+00:00,2020-02-21 07:00:00+00:00,1,-0.0012229122924100055,0.0007038457820575106,-2.5421,0.9867,MEAN_CROSS,0.0019267580744675161,5.161106,16
2020-02-21 15:00:00+00:00,2020-02-24 07:00:00+00:00,1,-0.0011467135844377419,0.0010625029421802434,-2.6343,1.2433,MEAN_CROSS,0.0022092165266179853,5.917713,16
2020-02-25 09:00:00+00:00,2020-02-25 21:00:00+00:00,-1,0.0011461563572497946,-0.0003542032279972851,2.0474,-0.9588,MEAN_CROSS,0.0015003595852470797,4.018935,12
2020-02-26 08:00:00+00:00,2020-02-26 20:00:00+00:00,-1,0.0016610321118117888,-0.00024648002846916484,3.0443,-0.6344,MEAN_CROSS,0.0019075121402809536,5.109553,12
2020-02-27 21:00:00+00:00,2020-02-28 09:00:00+00:00,-1,0.0021782936401416597,0.0011390571461540322,2.2675,0.307,MEAN_CROSS,0.0010392364939876275,2.783748,12
2020-02-28 14:00:00+00:00,2020-03-02 09:00:00+00:00,1,-0.001040052543956449,0.0007866561415209583,-2.5726,0.7042,MEAN_CROSS,0.0018267086854774073,4.893109,19
2020-03-02 11:00:00+00:00,2020-03-02 23:00:00+00:00,-1,0.004043181653372252,-0.0006317193426980117,3.0803,-0.1975,MEAN_CROSS,0.004674900996070264,12.522412,12
2020-03-04 14:00:00+00:00,2020-03-05 09:00:00+00:00,1,-0.0017380345776497608,0.0009632620746812259,-2.7557,0.6399,MEAN_CROSS,0.0027012966523309867,7.235822,19
2020-03-05 23:00:00+00:00,2020-03-06 11:00:00+00:00,1,-0.0011235147768463571,0.0015644364879899841,-2.2298,1.2605,MEAN_CROSS,0.0026879512648363413,2.298788,12
2020-03-06 12:00:00+00:00,2020-03-09 02:00:00+00:00,-1,0.0024987216840632875,0.002247903304259946,2.2935,0.1313,MEAN_CROSS,0.00025081837980334143,0.214505,15
2020-03-10 14:00:00+00:00,2020-03-11 02:00:00+00:00,-1,0.005163589135577462,-0.0014722195356822176,2.1185,-0.8737,MEAN_CROSS,0.00663580867125968,5.675071,12
2020-03-12 01:00:00+00:00,2020-03-12 13:00:00+00:00,-1,0.0032564584112311223,-0.0021907003756242993,2.4924,-2.1496,MEAN_CROSS,0.005447158786855422,4.658515,12
2020-03-12 16:00:00+00:00,2020-03-13 13:00:00+00:00,1,-0.005742614158523507,0.0024840939855779176,-4.8054,0.897,MEAN_CROSS,0.008226708144101424,7.035639,21
2020-03-13 15:00:00+00:00,2020-03-16 03:00:00+00:00,-1,0.006644508857614584,0.000814821869633997,2.1963,0.3511,MEAN_CROSS,0.005829686987980587,4.98566,12
2020-03-17 11:00:00+00:00,2020-03-17 23:00:00+00:00,-1,0.004619722571091334,0.0018392083548788296,2.5862,0.3657,MEAN_CROSS,0.002780514216212504,2.377949,12
2020-03-18 02:00:00+00:00,2020-03-18 14:00:00+00:00,1,-0.0022659721322595416,0.008698356832659071,-2.0145,3.4821,MEAN_CROSS,0.010964328964918613,9.376905,12
2020-03-18 19:00:00+00:00,2020-03-20 10:00:00+00:00,1,-0.006505980213347029,-0.0002449471835190842,-3.6256,0.7153,MEAN_CROSS,0.006261033029827945,5.354556,39
2020-03-20 15:00:00+00:00,2020-03-23 03:00:00+00:00,-1,0.004803049887379007,0.0003805412192980917,2.2786,0.2132,MEAN_CROSS,0.004422508668080916,3.782214,12
2020-03-23 15:00:00+00:00,2020-03-24 03:00:00+00:00,-1,0.005987289303271415,-0.000732912741178704,2.0209,-0.5205,MEAN_CROSS,0.006720202044450119,5.747246,12
2020-03-24 11:00:00+00:00,2020-03-24 23:00:00+00:00,-1,0.006907548186447676,-0.0009941394401687953,3.2218,-0.399,MEAN_CROSS,0.007901687626616472,6.757675,12
2020-03-25 18:00:00+00:00,2020-03-26 06:00:00+00:00,1,-0.005962566445633977,0.0018769278981066728,-2.366,1.2662,MEAN_CROSS,0.00783949434374065,3.723626,12
2020-03-27 09:00:00+00:00,2020-03-30 00:00:00+00:00,-1,0.0026771391378033194,0.0004645277950138249,2.0508,0.1255,MEAN_CROSS,0.0022126113427894945,1.050953,15
2020-03-31 13:00:00+00:00,2020-04-01 03:00:00+00:00,-1,0.006612434842938053,0.0008109359417741713,5.1367,0.4978,MEAN_CROSS,0.005801498901163882,2.755613,14
2020-04-01 13:00:00+00:00,2020-04-02 11:00:00+00:00,1,-0.006200778390263451,0.0019082884426586677,-2.147,0.8681,MEAN_CROSS,0.008109066832922118,3.851668,22
2020-04-02 12:00:00+00:00,2020-04-03 01:00:00+00:00,-1,0.005435377658606799,0.0003476924310990004,2.476,0.4138,MEAN_CROSS,0.005087685227507799,2.416564,13
2020-04-05 21:00:00+00:00,2020-04-06 09:00:00+00:00,-1,0.005653161281749752,-0.001957364188349797,3.1359,-0.8209,MEAN_CROSS,0.0076105254700995495,3.61487,12
2020-04-07 14:00:00+00:00,2020-04-08 02:00:00+00:00,-1,0.0016898996314906878,0.00010833587158110003,2.2616,0.2865,MEAN_CROSS,0.0015815637599095878,0.751216,12
2020-04-09 14:00:00+00:00,2020-04-10 10:00:00+00:00,1,-0.0032872780252912737,0.0004229988020125752,-3.024,0.5794,MEAN_CROSS,0.003710276827303849,1.762318,20
2020-04-12 22:00:00+00:00,2020-04-13 10:00:00+00:00,-1,0.0018946748130485025,7.599923555556831e-05,2.3148,0.284,MEAN_CROSS,0.0018186755774929342,0.86384,12
2020-04-13 16:00:00+00:00,2020-04-14 05:00:00+00:00,1,-0.001893828007866749,0.00032706599085619015,-2.7155,0.6717,MEAN_CROSS,0.0022208939987229392,1.054887,13
2020-04-15 06:00:00+00:00,2020-04-15 18:00:00+00:00,-1,0.003025396696123339,0.0003763131355526417,3.417,-0.493,MEAN_CROSS,0.0026490835605706975,1.759022,12
2020-04-16 12:00:00+00:00,2020-04-17 06:00:00+00:00,1,-0.002072601825757303,0.0004913172610724326,-2.1789,0.8013,MEAN_CROSS,0.0025639190868297357,1.702472,18
2020-04-17 07:00:00+00:00,2020-04-17 19:00:00+00:00,-1,0.0032999433229411457,-1.2378894726827738e-05,2.8152,0.2477,MEAN_CROSS,0.0033123222176679734,2.199421,12
2020-04-20 13:00:00+00:00,2020-04-21 06:00:00+00:00,1,-0.0023190886383454012,0.0013613912110214121,-2.2585,0.6146,MEAN_CROSS,0.0036804798493668134,2.443882,17
2020-04-21 09:00:00+00:00,2020-04-21 21:00:00+00:00,-1,0.0033414496400411275,-0.00032518741943521334,2.0806,-0.8292,MEAN_CROSS,0.003666637059476341,2.43469,12
2020-04-22 06:00:00+00:00,2020-04-22 18:00:00+00:00,1,-0.002048394477553117,0.0015977401117548418,-2.2764,1.8871,MEAN_CROSS,0.003646134589307959,2.421076,12
2020-04-23 12:00:00+00:00,2020-04-24 00:00:00+00:00,1,-0.0032823987889996076,0.0004885501055124086,-2.4007,0.7811,MEAN_CROSS,0.003770948894512016,2.503954,12
2020-04-27 01:00:00+00:00,2020-04-27 23:00:00+00:00,1,-0.001960610006251473,0.00016768468412897697,-2.7754,0.6612,MEAN_CROSS,0.00212829469038045,1.413212,22
2020-04-28 01:00:00+00:00,2020-04-28 13:00:00+00:00,-1,0.0016300827942820062,-0.00024312895096456622,2.772,0.356,MEAN_CROSS,0.0018732117452465724,1.243834,12
2020-04-29 18:00:00+00:00,2020-04-30 06:00:00+00:00,1,-0.0019509090542606522,0.000874493812856425,-2.1413,2.9042,MEAN_CROSS,0.0028254028671170772,1.8761,12
2020-04-30 07:00:00+00:00,2020-04-30 19:00:00+00:00,-1,0.0010704956071243554,0.00032071309975389983,2.8375,0.1159,MEAN_CROSS,0.0007497825073704556,0.497864,12
2020-05-01 11:00:00+00:00,2020-05-03 23:00:00+00:00,1,-0.0009495242558396066,0.0024928740593145315,-2.2243,0.8421,MEAN_CROSS,0.003442398315154138,2.285793,12
2020-05-05 08:00:00+00:00,2020-05-05 22:00:00+00:00,-1,0.0009278296590324864,-0.0005871554931943246,2.6233,-0.0542,MEAN_CROSS,0.001514985152226811,0.969329,14
2020-05-06 00:00:00+00:00,2020-05-06 17:00:00+00:00,-1,0.0017992067795777889,-0.0003361866220885634,2.9602,-0.4164,MEAN_CROSS,0.0021353934016663523,1.366283,17
2020-05-07 07:00:00+00:00,2020-05-07 19:00:00+00:00,1,-0.0021412068098251025,0.0004952228365694422,-2.003,0.592,MEAN_CROSS,0.0026364296463945447,1.68686,12
2020-05-11 08:00:00+00:00,2020-05-11 20:00:00+00:00,-1,0.0017055228249198695,-0.0007999828042821733,3.2424,-1.0538,MEAN_CROSS,0.002505505629202043,1.603091,12
2020-05-14 09:00:00+00:00,2020-05-15 02:00:00+00:00,1,-0.0020081038188826117,0.00037053474804393804,-2.6117,0.7668,MEAN_CROSS,0.0023786385669265497,1.521918,17
2020-05-15 09:00:00+00:00,2020-05-17 21:00:00+00:00,-1,0.001721894230484411,0.0005530971845564281,2.1956,0.4556,MEAN_CROSS,0.0011687970459279828,0.747828,12
2020-05-18 11:00:00+00:00,2020-05-19 01:00:00+00:00,1,-0.0017943681803620493,0.00035707177239863164,-2.1042,1.4142,MEAN_CROSS,0.002151439952760681,1.37655,14
2020-05-19 19:00:00+00:00,2020-05-20 08:00:00+00:00,-1,0.0023848158223642724,-2.130283828716273e-05,3.02,-0.0641,MEAN_CROSS,0.002406118660651435,1.5395,13
2020-05-21 12:00:00+00:00,2020-05-22 01:00:00+00:00,1,-0.0015425567840786636,0.0006595582221760043,-2.0705,0.8247,MEAN_CROSS,0.002202115006254668,1.408973,13
2020-05-22 02:00:00+00:00,2020-05-22 14:00:00+00:00,-1,0.001720768886748436,1.2256998773496619e-05,2.3422,-0.3955,MEAN_CROSS,0.0017085118879749395,1.093152,12
2020-05-26 08:00:00+00:00,2020-05-26 21:00:00+00:00,1,-0.002146638887890573,-4.5253958464663846e-05,-3.4412,0.9969,MEAN_CROSS,0.002101384929425909,2.052784,13
2020-05-27 13:00:00+00:00,2020-05-28 01:00:00+00:00,-1,0.0030292092082486732,-0.0006115825877618386,3.6202,-0.2594,MEAN_CROSS,0.003640791796010512,3.556587,12
2020-05-29 11:00:00+00:00,2020-06-01 08:00:00+00:00,1,-0.0015018540140933068,0.001182356198279666,-2.6252,0.9564,MEAN_CROSS,0.0026842102123729727,2.622129,21
2020-06-01 14:00:00+00:00,2020-06-02 02:00:00+00:00,1,-0.005543462153308254,-0.00022290886714515512,-3.2878,0.6604,MEAN_CROSS,0.005320553286163099,5.197498,12
2020-06-03 10:00:00+00:00,2020-06-03 23:00:00+00:00,-1,0.0025190166748128018,-0.0002269283453147919,3.5509,-0.1486,MEAN_CROSS,0.0027459450201275937,2.682436,13
2020-06-05 05:00:00+00:00,2020-06-05 18:00:00+00:00,1,-0.0012965738595352994,0.00015970332907655482,-2.0933,0.5081,MEAN_CROSS,0.0014562771886118542,1.422596,13
2020-06-09 06:00:00+00:00,2020-06-09 18:00:00+00:00,-1,0.002410605049431136,-0.0015788612195127838,3.9839,-1.4677,MEAN_CROSS,0.00398946626894392,3.897197,12
2020-06-12 04:00:00+00:00,2020-06-12 17:00:00+00:00,1,-0.0013442062091255647,0.0019317763081411199,-2.1297,0.7207,MEAN_CROSS,0.0032759825172666845,2.263083,13
2020-06-15 16:00:00+00:00,2020-06-16 06:00:00+00:00,1,-0.0020549986092667227,0.0015389181639420269,-2.0081,1.5959,MEAN_CROSS,0.0035939167732087496,2.482715,14
2020-06-16 07:00:00+00:00,2020-06-16 19:00:00+00:00,-1,0.0035035355158665737,-0.0008964479194042418,3.1803,-0.2667,MEAN_CROSS,0.004399983435270816,3.039555,12
2020-06-18 08:00:00+00:00,2020-06-19 00:00:00+00:00,1,-0.0019226442502592311,0.0009988920117078859,-2.6288,0.8944,MEAN_CROSS,0.002921536261967117,2.018228,16
2020-06-23 03:00:00+00:00,2020-06-23 15:00:00+00:00,-1,0.0009553757748050895,0.00013596769591939228,2.1192,0.4293,MEAN_CROSS,0.0008194080788856972,0.566056,12
2020-06-24 12:00:00+00:00,2020-06-25 11:00:00+00:00,1,-0.0013938668388393527,0.001233808491334143,-2.4695,1.0563,MEAN_CROSS,0.0026276753301734956,1.815226,23
2020-06-26 13:00:00+00:00,2020-06-29 01:00:00+00:00,-1,0.0022477255425099596,-0.0008672565937679622,3.1483,-1.2328,MEAN_CROSS,0.0031149821362779218,2.151862,12
2020-06-29 16:00:00+00:00,2020-06-30 05:00:00+00:00,1,-0.0018157968791122636,0.0009031124383712674,-2.2506,1.7492,MEAN_CROSS,0.002718909317483531,1.878251,13
2020-06-30 14:00:00+00:00,2020-07-01 03:00:00+00:00,1,-0.0026989076581553917,0.00029170236370601454,-3.8478,0.8461,MEAN_CROSS,0.0029906100218614062,2.065945,13
2020-07-02 07:00:00+00:00,2020-07-03 08:00:00+00:00,1,-0.0008547312418392128,0.00014607810438727054,-2.078,0.6226,MEAN_CROSS,0.0010008093462264833,1.025897,25
2020-07-03 14:00:00+00:00,2020-07-06 02:00:00+00:00,-1,0.0011311849769658489,4.01560518377142e-05,2.4909,0.4289,MEAN_CROSS,0.0010910289251281347,1.118378,12
2020-07-06 08:00:00+00:00,2020-07-06 20:00:00+00:00,-1,0.0008265880313198526,-0.00042137473098102785,2.1693,-0.7451,MEAN_CROSS,0.0012479627623008804,1.279246,12
2020-07-07 06:00:00+00:00,2020-07-07 20:00:00+00:00,-1,0.0012194408410713953,0.0003956049345903434,2.1613,0.265,MEAN_CROSS,0.0008238359064810519,0.844487,14
2020-07-08 07:00:00+00:00,2020-07-08 21:00:00+00:00,1,-0.00045917635335823714,0.0002980070589126971,-2.0069,0.5977,MEAN_CROSS,0.0007571834122709342,0.776164,14
2020-07-09 14:00:00+00:00,2020-07-10 02:00:00+00:00,-1,0.003349458643416625,2.001536047413488e-05,5.2921,-0.3343,MEAN_CROSS,0.0033294432829424903,3.412904,12
2020-07-13 15:00:00+00:00,2020-07-14 03:00:00+00:00,-1,0.0010147632787053107,0.00023553980110846418,3.1869,0.1859,MEAN_CROSS,0.0007792234775968465,0.798757,12
2020-07-14 07:00:00+00:00,2020-07-14 19:00:00+00:00,-1,0.0016763588738444302,-0.0008461791238724148,2.0358,-1.9014,MEAN_CROSS,0.002522537997716845,2.585772,12
2020-07-15 10:00:00+00:00,2020-07-15 22:00:00+00:00,1,-0.0017271996749589347,-0.00028589835612524706,-2.6352,0.5014,MEAN_CROSS,0.0014413013188336876,1.477431,12
2020-07-20 08:00:00+00:00,2020-07-21 07:00:00+00:00,1,-0.0008367524311106989,3.0302994609154865e-05,-3.3381,0.839,MEAN_CROSS,0.0008670554257198537,0.88879,23
2020-07-21 19:00:00+00:00,2020-07-22 09:00:00+00:00,-1,0.0014441144696974995,-0.0007678350565302194,2.7837,-0.761,MEAN_CROSS,0.002211949526227719,3.090021,14
2020-07-23 12:00:00+00:00,2020-07-24 00:00:00+00:00,-1,0.002216138740155915,-0.0009225143859062923,4.1869,-1.304,MEAN_CROSS,0.0031386531260622075,4.384596,12
2020-07-27 09:00:00+00:00,2020-07-28 02:00:00+00:00,1,-0.001233712178611568,0.00024279297748308615,-2.4107,1.2387,MEAN_CROSS,0.001476505156094654,2.06263,17
2020-07-28 06:00:00+00:00,2020-07-28 18:00:00+00:00,-1,0.0008421573122292525,-0.00046697515297555725,2.5749,-0.5722,MEAN_CROSS,0.0013091324652048097,1.828815,12
2020-07-29 15:00:00+00:00,2020-07-30 03:00:00+00:00,-1,0.0018319627363764246,0.00021981751379085424,2.0168,0.3557,MEAN_CROSS,0.0016121452225855704,2.252114,12
2020-07-30 06:00:00+00:00,2020-07-30 20:00:00+00:00,-1,0.002297703761770964,-0.0004128316448583913,3.559,-1.3158,MEAN_CROSS,0.002710535406629355,3.78653,14
2020-07-31 07:00:00+00:00,2020-07-31 20:00:00+00:00,1,-0.001657491557698676,0.0011564570261386464,-2.8925,1.1206,MEAN_CROSS,0.0028139485838373224,3.930994,13
2020-08-04 09:00:00+00:00,2020-08-04 21:00:00+00:00,-1,0.00127190493567797,-0.00035016610613325394,2.8196,-0.0483,MEAN_CROSS,0.0016220710418112239,2.26598,12
2020-08-05 16:00:00+00:00,2020-08-06 04:00:00+00:00,-1,0.0018144075567405604,-0.000686427180530691,2.2408,-0.6721,MEAN_CROSS,0.0025008347372712514,3.493585,12
2020-08-07 03:00:00+00:00,2020-08-07 16:00:00+00:00,-1,0.0018619523317543463,0.0005937720342934494,2.4673,0.2264,MEAN_CROSS,0.0012681802974608969,1.771606,13
2020-08-11 06:00:00+00:00,2020-08-11 18:00:00+00:00,-1,0.0005652194454494053,-0.0009657844125731119,2.0784,-0.6689,MEAN_CROSS,0.0015310038580225172,1.979122,12
2020-08-11 19:00:00+00:00,2020-08-12 07:00:00+00:00,-1,0.0010424594055449266,-0.00017934015919396362,2.6647,0.0905,MEAN_CROSS,0.0012217995647388902,1.579415,12
2020-08-12 14:00:00+00:00,2020-08-13 05:00:00+00:00,1,-0.0020970475794679366,0.00030805595325000823,-2.5002,0.7209,MEAN_CROSS,0.002405103532717945,3.109067,15
2020-08-14 08:00:00+00:00,2020-08-16 21:00:00+00:00,-1,0.0012056654906082986,0.00024337644021754645,2.8618,-0.0878,MEAN_CROSS,0.0009622890503907522,1.243947,13
2020-08-17 02:00:00+00:00,2020-08-17 20:00:00+00:00,1,-0.0005419126757026937,0.0007918678294515091,-2.0038,1.961,MEAN_CROSS,0.0013337805051542029,1.724172,18
2020-08-17 21:00:00+00:00,2020-08-18 09:00:00+00:00,-1,0.0011033688228143657,-0.0015045811719756053,2.5832,-2.1651,MEAN_CROSS,0.002607949994789971,3.371286,12
2020-08-18 14:00:00+00:00,2020-08-19 02:00:00+00:00,-1,0.0009610968741480264,2.3081263477275904e-05,2.0611,0.1962,MEAN_CROSS,0.0009380156106707505,1.212569,12
2020-08-19 19:00:00+00:00,2020-08-20 09:00:00+00:00,-1,0.0014063939295050343,0.00018051053701806374,2.8296,0.4036,MEAN_CROSS,0.0012258833924869705,1.584694,14
2020-08-20 12:00:00+00:00,2020-08-21 00:00:00+00:00,-1,0.0012613356539468157,-0.0005550059794898754,2.2321,-1.2087,MEAN_CROSS,0.001816341633436691,2.347977,12
2020-08-21 14:00:00+00:00,2020-08-24 08:00:00+00:00,1,-0.0013407003623762126,0.0004113495451913973,-2.2407,1.2221,MEAN_CROSS,0.00175204990756761,2.264867,18
2020-08-24 13:00:00+00:00,2020-08-25 01:00:00+00:00,-1,0.002278501640369246,0.00018207987556451144,4.1563,-0.0182,MEAN_CROSS,0.0020964217648047345,2.710035,12
2020-08-26 14:00:00+00:00,2020-08-27 02:00:00+00:00,1,-0.002063047014208008,0.00018329201951372553,-4.1016,0.8487,MEAN_CROSS,0.0022463390337217337,2.903833,12
2020-08-27 13:00:00+00:00,2020-08-28 07:00:00+00:00,1,-0.0019725452943486488,0.0005575139107941718,-3.2374,1.5132,MEAN_CROSS,0.0025300592051428206,3.270597,18
2020-09-01 12:00:00+00:00,2020-09-02 00:00:00+00:00,-1,0.0005655441645004977,-0.00035873096627991874,2.0941,-0.3426,MEAN_CROSS,0.0009242751307804165,1.257393,12
2020-09-03 06:00:00+00:00,2020-09-03 19:00:00+00:00,-1,0.0011381688352761765,0.00011474934366717537,2.6505,-0.4343,MEAN_CROSS,0.0010234194916090011,1.39227,13
2020-09-04 07:00:00+00:00,2020-09-06 22:00:00+00:00,1,-0.0015102816413178344,0.0007126923803748575,-3.048,1.361,MEAN_CROSS,0.002222974021692692,3.024156,15
2020-09-08 08:00:00+00:00,2020-09-08 21:00:00+00:00,-1,0.0021823436704406785,0.001096745889598072,3.4101,0.407,MEAN_CROSS,0.0010855977808426065,1.476858,13
2020-09-09 14:00:00+00:00,2020-09-10 02:00:00+00:00,1,-0.0013359004744156744,0.0002434670581432652,-2.074,0.532,MEAN_CROSS,0.0015793675325589396,2.148588,12
2020-09-10 07:00:00+00:00,2020-09-10 20:00:00+00:00,-1,0.0016559499955258739,0.0003869381010905837,3.1529,0.4058,MEAN_CROSS,0.0012690118944352902,1.726377,13
2020-09-14 01:00:00+00:00,2020-09-15 00:00:00+00:00,1,-0.0009209087608885724,0.00043758911320812555,-2.0197,0.984,MEAN_CROSS,0.001358497874096698,1.848114,23
2020-09-15 15:00:00+00:00,2020-09-16 03:00:00+00:00,-1,0.0017982841781331027,-0.00039984702486051127,3.3113,-0.6935,MEAN_CROSS,0.002198131202993614,2.99036,12
2020-09-16 15:00:00+00:00,2020-09-17 03:00:00+00:00,1,-0.0009710208243213225,0.0009363730513742841,-2.0867,1.5281,MEAN_CROSS,0.0019073938756956066,2.594838,12
2020-09-17 19:00:00+00:00,2020-09-18 09:00:00+00:00,1,-0.0019411870463498238,0.0005414490787061244,-2.5435,0.9947,MEAN_CROSS,0.002482636125055948,3.328776,14
2020-09-18 12:00:00+00:00,2020-09-21 00:00:00+00:00,-1,0.001306012224464359,-0.000872425599625859,2.2767,-1.2252,MEAN_CROSS,0.002178437824090218,2.9209,12
2020-09-21 07:00:00+00:00,2020-09-21 19:00:00+00:00,-1,0.0017313143185899715,0.00036425763302805336,3.7042,-0.2585,MEAN_CROSS,0.0013670566855619182,1.832981,12
2020-09-22 13:00:00+00:00,2020-09-23 02:00:00+00:00,1,-0.0011009045126885164,0.0006886798863807719,-2.0074,1.7242,MEAN_CROSS,0.0017895843990692883,2.399516,13
2020-09-23 12:00:00+00:00,2020-09-24 00:00:00+00:00,-1,0.001352532608644763,0.00045666228405660814,2.5136,0.418,MEAN_CROSS,0.000895870324588155,1.201204,12
2020-09-24 07:00:00+00:00,2020-09-25 05:00:00+00:00,1,-0.0013187837202300878,0.000591319026298387,-4.316,1.0247,MEAN_CROSS,0.0019101027465284748,2.56111,22
2020-09-25 14:00:00+00:00,2020-09-28 02:00:00+00:00,-1,0.0014457656037228928,-0.0002345786808205519,2.1133,-0.5633,MEAN_CROSS,0.0016803442845434446,2.253045,12
2020-09-29 14:00:00+00:00,2020-09-30 02:00:00+00:00,-1,0.0025773567836493427,0.0002863892987552408,4.3942,0.0371,MEAN_CROSS,0.002290967484894102,3.071782,12
2020-09-30 15:00:00+00:00,2020-10-01 04:00:00+00:00,1,-0.0023700282798699845,-6.892153435655857e-05,-2.8776,0.5721,MEAN_CROSS,0.002301106745513426,3.085377,13
2020-10-02 05:00:00+00:00,2020-10-02 17:00:00+00:00,-1,0.002115409158131354,0.0001420840877124352,4.0582,0.1985,MEAN_CROSS,0.0019733250704189187,2.64588,12
2020-10-05 17:00:00+00:00,2020-10-06 08:00:00+00:00,-1,0.0006170882014080448,6.019430317294461e-05,2.0457,0.3515,MEAN_CROSS,0.0005568938982351002,0.746696,15
2020-10-06 18:00:00+00:00,2020-10-07 06:00:00+00:00,-1,0.0010678714714293935,-0.0006498243749410992,3.3362,-2.1139,MEAN_CROSS,0.0017176958463704928,2.303127,12
2020-10-08 16:00:00+00:00,2020-10-09 04:00:00+00:00,1,-0.0014570263087679836,0.00011686855126358253,-2.3672,1.3983,MEAN_CROSS,0.001573894860031566,2.456884,12
2020-10-09 10:00:00+00:00,2020-10-12 01:00:00+00:00,-1,0.0005922997031582167,-0.00013509241319931142,2.4556,0.1518,MEAN_CROSS,0.0007273921163575281,1.135475,15
2020-10-13 00:00:00+00:00,2020-10-13 13:00:00+00:00,-1,0.0008768965792980143,1.7088440600332433e-06,3.0268,0.1389,MEAN_CROSS,0.0008751877352379811,1.366187,13
2020-10-14 10:00:00+00:00,2020-10-15 01:00:00+00:00,-1,0.0010221544554488426,-8.60053972118191e-06,2.7958,-0.3499,MEAN_CROSS,0.0010307549951700246,1.609031,15
2020-10-15 08:00:00+00:00,2020-10-15 20:00:00+00:00,-1,0.0015031261111906336,-7.385339874044217e-05,3.2617,-0.7709,MEAN_CROSS,0.0015769795099310757,2.461699,12
2020-10-16 07:00:00+00:00,2020-10-16 20:00:00+00:00,1,-0.0012997366073743688,0.0003623686694393946,-2.1079,0.7031,MEAN_CROSS,0.0016621052768137634,2.594582,13
2020-10-19 18:00:00+00:00,2020-10-20 06:00:00+00:00,-1,0.001205697706899822,0.0004382573644794441,2.1175,0.3797,MEAN_CROSS,0.000767440342420378,1.197991,12
2020-10-20 13:00:00+00:00,2020-10-21 06:00:00+00:00,1,-0.0009300559685531118,0.00010126877129146283,-2.7047,0.5986,MEAN_CROSS,0.0010313247398445746,1.60992,17
2020-10-21 08:00:00+00:00,2020-10-21 22:00:00+00:00,-1,0.0015498334191806906,0.0002631940539408184,2.335,0.2949,MEAN_CROSS,0.0012866393652398722,2.008472,14
2020-10-22 07:00:00+00:00,2020-10-23 00:00:00+00:00,1,-0.0010907102553894266,0.0007302436625201691,-2.3485,1.209,MEAN_CROSS,0.0018209539179095957,2.842548,17
2020-10-23 13:00:00+00:00,2020-10-26 02:00:00+00:00,-1,0.001121006503662203,0.00017354821295811895,2.1017,-0.0007,MEAN_CROSS,0.000947458290704084,1.479003,13
2020-10-26 15:00:00+00:00,2020-10-27 03:00:00+00:00,-1,0.0015074696312369351,-0.000493531617330123,2.3054,-1.1998,MEAN_CROSS,0.002001001248567058,3.123606,12
2020-10-28 08:00:00+00:00,2020-10-28 20:00:00+00:00,-1,0.001423734059565085,0.0009802696629246377,2.7577,0.2285,MEAN_CROSS,0.00044346439664044723,0.636953,12
2020-10-29 14:00:00+00:00,2020-10-30 04:00:00+00:00,1,-0.001956777290776035,0.0004984461201736901,-2.2352,0.763,MEAN_CROSS,0.002455223410949725,3.526465,14
2020-11-01 23:00:00+00:00,2020-11-02 11:00:00+00:00,-1,0.002975880082208948,-0.0019389532586523428,3.5638,-1.7777,MEAN_CROSS,0.004914833340861291,7.059231,12
2020-11-02 13:00:00+00:00,2020-11-03 02:00:00+00:00,1,-0.0029175451140397435,-4.5725062610912914e-05,-2.5249,0.6348,MEAN_CROSS,0.0028718200514288306,4.124828,13
2020-11-03 08:00:00+00:00,2020-11-04 00:00:00+00:00,1,-0.003021609780664458,0.0027871420237850497,-2.4337,2.6177,MEAN_CROSS,0.005808751804449508,8.343176,16
2020-11-04 02:00:00+00:00,2020-11-04 14:00:00+00:00,-1,0.0038481668252564605,-0.0007114318424390476,2.9726,-0.3704,MEAN_CROSS,0.004559598667695508,6.549003,12
2020-11-05 23:00:00+00:00,2020-11-06 11:00:00+00:00,-1,0.002278411252665258,0.00032490935738060944,2.2474,0.3188,MEAN_CROSS,0.0019535018952846483,2.805837,12
2020-11-09 11:00:00+00:00,2020-11-09 23:00:00+00:00,1,-0.0022628603632712796,0.000618013731283229,-2.8335,0.91,MEAN_CROSS,0.0028808740945545086,4.137832,12
2020-11-11 12:00:00+00:00,2020-11-12 00:00:00+00:00,-1,0.001828249955308836,0.0005040885613497581,2.6949,0.4992,MEAN_CROSS,0.001324161393959078,1.901908,12
2020-11-12 14:00:00+00:00,2020-11-13 02:00:00+00:00,-1,0.0033513120912027627,0.0006154406763921871,4.7076,-0.0297,MEAN_CROSS,0.0027358714148105756,3.929563,12
2020-11-13 09:00:00+00:00,2020-11-16 09:00:00+00:00,1,-0.0013084374795953035,0.000895783569611952,-2.4036,1.3891,MEAN_CROSS,0.0022042210492072556,3.165948,24
2020-11-17 13:00:00+00:00,2020-11-18 02:00:00+00:00,-1,0.0020942614265432313,8.085458202544693e-05,2.7082,-0.1439,MEAN_CROSS,0.0020134068445177844,2.188712,13
2020-11-18 07:00:00+00:00,2020-11-18 20:00:00+00:00,1,-0.0012813966223246265,0.0012299922999253754,-2.5046,2.2021,MEAN_CROSS,0.002511388922250002,2.730053,13
2020-11-20 08:00:00+00:00,2020-11-20 21:00:00+00:00,1,-0.0010846981461223315,0.0008805833084375436,-2.425,1.4451,MEAN_CROSS,0.001965281454559875,2.136397,13
2020-11-23 08:00:00+00:00,2020-11-24 11:00:00+00:00,1,-0.0018132711971499127,0.0009020808938361435,-2.9432,1.97,MEAN_CROSS,0.0027153520909860562,2.951775,27
2020-11-24 13:00:00+00:00,2020-11-25 01:00:00+00:00,-1,0.0016747733540819487,-0.00022308601021514551,2.8689,0.4408,MEAN_CROSS,0.0018978593642970942,2.063104,12
2020-11-25 05:00:00+00:00,2020-11-25 17:00:00+00:00,-1,0.0010057876786765396,-0.00012961737998706813,2.129,-0.0389,MEAN_CROSS,0.0011354050586636077,1.234264,12
2020-11-26 15:00:00+00:00,2020-11-27 03:00:00+00:00,-1,0.001213478510623145,5.720682706034097e-05,3.24,-0.4967,MEAN_CROSS,0.001156271683562804,1.256947,12
2020-11-27 06:00:00+00:00,2020-11-27 20:00:00+00:00,1,-0.0007273484940559793,0.0004468016318589507,-2.5011,0.7418,MEAN_CROSS,0.00117415012591493,1.276382,14
2020-11-30 10:00:00+00:00,2020-11-30 22:00:00+00:00,1,-0.001482178746853302,0.0011653117143869407,-2.7038,1.5851,MEAN_CROSS,0.002647490461240243,2.878005,12
2020-12-02 11:00:00+00:00,2020-12-02 23:00:00+00:00,-1,0.0015050000900354021,-3.4870426109945285e-05,2.4587,-0.109,MEAN_CROSS,0.0015398705161453474,1.673946,12
2020-12-03 15:00:00+00:00,2020-12-04 07:00:00+00:00,1,-0.0020494232705060567,0.0001450922241919006,-3.7446,0.5268,MEAN_CROSS,0.0021945154946979573,2.38559,16
2020-12-07 08:00:00+00:00,2020-12-07 20:00:00+00:00,-1,0.0015405537707352535,-0.0005525713879126481,2.3153,-0.2331,MEAN_CROSS,0.0020931251586479016,2.238871,12
2020-12-08 11:00:00+00:00,2020-12-08 23:00:00+00:00,-1,0.0013217860042084029,0.0001180126608837373,2.3179,0.0207,MEAN_CROSS,0.0012037733433246656,1.287593,12
2020-12-09 09:00:00+00:00,2020-12-09 21:00:00+00:00,1,-0.001154300861326174,0.0004760903682228257,-2.139,0.5881,MEAN_CROSS,0.0016303912295489997,1.743917,12
2020-12-10 02:00:00+00:00,2020-12-10 14:00:00+00:00,1,-0.0011887879466260243,-0.0025895936866696667,-2.1601,-3.5008,STOP_LOSS,-0.0014008057400436424,-1.498345,12
2020-12-10 15:00:00+00:00,2020-12-11 05:00:00+00:00,1,-0.0023312916401245776,0.0001715702455866719,-2.5759,0.7186,MEAN_CROSS,0.0025028618857112495,2.677138,14
2020-12-11 08:00:00+00:00,2020-12-11 20:00:00+00:00,-1,0.0018800298574378482,3.247935771799604e-05,2.9074,0.1229,MEAN_CROSS,0.0018475504997198522,1.976197,12
2020-12-14 12:00:00+00:00,2020-12-15 11:00:00+00:00,1,-0.0011087282145676447,0.0006403779709527324,-2.2225,0.7912,MEAN_CROSS,0.0017491061855203771,1.870898,23
2020-12-15 13:00:00+00:00,2020-12-16 01:00:00+00:00,1,-0.0013808933777440524,7.120024739581954e-05,-2.0385,0.678,MEAN_CROSS,0.001452093625139872,1.553204,12
2020-12-16 04:00:00+00:00,2020-12-16 16:00:00+00:00,-1,0.0014043553529359265,-0.000464990116861963,2.6944,-0.5226,MEAN_CROSS,0.0018693454697978895,1.999509,12
2020-12-17 18:00:00+00:00,2020-12-18 06:00:00+00:00,-1,0.0008965356389464274,1.5786220500357828e-05,2.1567,-0.038,MEAN_CROSS,0.0008807494184460696,0.942077,12
2020-12-18 10:00:00+00:00,2020-12-20 22:00:00+00:00,-1,0.001256589059855484,-0.00021337405292864986,2.1272,-1.5614,MEAN_CROSS,0.001469963112784134,1.572318,12
2020-12-21 02:00:00+00:00,2020-12-21 14:00:00+00:00,-1,0.0024088522562136783,-0.0016879480924437695,3.8399,-3.048,MEAN_CROSS,0.004096800348657448,4.382064,12
2020-12-21 16:00:00+00:00,2020-12-22 13:00:00+00:00,1,-0.0018853248087682406,0.001913696144082988,-2.7049,1.6652,MEAN_CROSS,0.0037990209528512286,4.06355,21
2020-12-23 10:00:00+00:00,2020-12-24 00:00:00+00:00,1,-0.0013754897384202769,0.0002517157369723577,-2.0116,1.3303,MEAN_CROSS,0.0016272054753926346,1.740509,14
2020-12-24 21:00:00+00:00,2020-12-27 23:00:00+00:00,-1,0.0019716726224938697,-0.0010258252662688205,3.4013,-1.3139,MEAN_CROSS,0.00299749788876269,4.811899,12
2020-12-28 15:00:00+00:00,2020-12-29 03:00:00+00:00,-1,0.002196490161804232,-0.0002814517203112432,3.4315,-0.3298,MEAN_CROSS,0.0024779418821154753,3.977853,12
2020-12-30 10:00:00+00:00,2020-12-31 07:00:00+00:00,1,-0.0009926291959038158,0.0008123038371498081,-2.2068,2.5576,MEAN_CROSS,0.001804933033053624,2.897468,21
2020-12-31 12:00:00+00:00,2021-01-04 01:00:00+00:00,-1,0.0009126492183130219,-0.0014406118263110557,2.3393,-1.7662,MEAN_CROSS,0.0023532610446240776,3.777702,13
2021-01-04 12:00:00+00:00,2021-01-05 00:00:00+00:00,-1,0.0015925520245322344,5.574654433260218e-05,2.5818,-0.1558,MEAN_CROSS,0.0015368054801996323,2.467042,12
2021-01-05 16:00:00+00:00,2021-01-06 08:00:00+00:00,1,-0.0024404930988233264,0.0006302295362733412,-2.3462,1.2208,MEAN_CROSS,0.0030707226350966677,4.929447,16
2021-01-06 11:00:00+00:00,2021-01-06 23:00:00+00:00,-1,0.001878593921838645,-0.00047755202687649323,2.4301,-0.1449,MEAN_CROSS,0.002356145948715138,3.782333,12
2021-01-07 18:00:00+00:00,2021-01-08 07:00:00+00:00,1,-0.0024199446865660335,0.00012789370571775205,-3.7773,0.5027,MEAN_CROSS,0.0025478383922837855,4.090058,13
2021-01-08 12:00:00+00:00,2021-01-11 06:00:00+00:00,-1,0.0013672705432655752,0.00045907921106191907,2.2328,0.2975,MEAN_CROSS,0.0009081913322036561,1.457924,18
2021-01-11 13:00:00+00:00,2021-01-12 01:00:00+00:00,-1,0.0035448660775294627,-0.00013710486834206392,5.3908,-0.4306,MEAN_CROSS,0.0036819709458715266,5.910687,12
2021-01-13 14:00:00+00:00,2021-01-14 02:00:00+00:00,-1,0.0012861999759532505,-0.0002857463309542396,2.4021,-0.0599,MEAN_CROSS,0.0015719463069074902,2.523454,12
2021-01-15 09:00:00+00:00,2021-01-15 21:00:00+00:00,-1,0.001684975256057597,0.00018324049176576818,2.406,-0.0458,MEAN_CROSS,0.0015017347642918288,1.944718,12
2021-01-18 13:00:00+00:00,2021-01-19 07:00:00+00:00,1,-0.001173201476197705,0.0004600913514218874,-2.2647,0.8962,MEAN_CROSS,0.0016332928276195924,2.115084,18
2021-01-19 08:00:00+00:00,2021-01-19 21:00:00+00:00,-1,0.0014637714997728368,5.372189113683756e-05,2.5712,0.2842,MEAN_CROSS,0.0014100496086359993,1.825988,13
2021-01-20 15:00:00+00:00,2021-01-21 04:00:00+00:00,1,-0.004787351617342894,-7.49365086514242e-05,-7.2024,0.7852,MEAN_CROSS,0.00471241510869147,6.102489,13
2021-01-22 13:00:00+00:00,2021-01-25 12:00:00+00:00,1,-0.0002896561231574557,0.0011588818441713444,-2.388,1.383,MEAN_CROSS,0.0014485379673288001,1.87583,23
2021-01-26 08:00:00+00:00,2021-01-27 00:00:00+00:00,1,-0.001153706351515904,0.00018722518429992174,-2.0944,0.5761,MEAN_CROSS,0.0013409315358158258,1.736481,16
2021-01-27 12:00:00+00:00,2021-01-28 01:00:00+00:00,-1,0.0014318696528595742,-6.370790813081673e-05,2.0106,-0.9171,MEAN_CROSS,0.001495577560990391,1.936745,13
2021-01-28 13:00:00+00:00,2021-01-29 02:00:00+00:00,1,-0.0012399093373980374,0.0010864167432094174,-2.9232,0.764,MEAN_CROSS,0.002326326080607455,3.012549,13
2021-01-29 11:00:00+00:00,2021-01-31 23:00:00+00:00,1,-0.0025419720205327456,0.0004214518582151827,-2.7729,0.5449,MEAN_CROSS,0.0029634238787479283,3.837579,12
2021-02-02 09:00:00+00:00,2021-02-03 03:00:00+00:00,1,-0.001585071367109392,-3.042028810296138e-05,-2.0842,0.5593,MEAN_CROSS,0.0015546510790064305,2.013244,18
2021-02-04 11:00:00+00:00,2021-02-04 23:00:00+00:00,-1,0.0013141275813147724,-4.442148324845796e-06,2.2227,-0.1388,MEAN_CROSS,0.0013185697296396182,2.207825,12
2021-02-08 10:00:00+00:00,2021-02-08 22:00:00+00:00,-1,0.000577399039120019,-0.00014393811261803613,2.0117,0.1191,MEAN_CROSS,0.0007213371517380551,1.207813,12
2021-02-09 10:00:00+00:00,2021-02-09 22:00:00+00:00,-1,0.0012520617204609952,-3.535492573603083e-05,3.9172,0.058,MEAN_CROSS,0.001287416646197026,2.155662,12
2021-02-10 09:00:00+00:00,2021-02-10 22:00:00+00:00,-1,0.0012226140593905033,-6.201397125149555e-06,2.1039,0.1502,MEAN_CROSS,0.0012288154565156528,2.05754,13
2021-02-11 06:00:00+00:00,2021-02-11 18:00:00+00:00,1,-0.0007790639288908219,0.0003135117076443761,-2.219,0.7894,MEAN_CROSS,0.001092575636535198,1.829418,12
2021-02-11 19:00:00+00:00,2021-02-12 09:00:00+00:00,-1,0.0008924112981928412,0.00025142366551311746,2.0872,0.1764,MEAN_CROSS,0.0006409876326797237,1.073275,14
2021-02-12 15:00:00+00:00,2021-02-15 07:00:00+00:00,1,-0.0015530708755531197,0.0001601376732125459,-3.3982,0.5839,MEAN_CROSS,0.0017132085487656656,2.868612,16
2021-02-16 05:00:00+00:00,2021-02-16 18:00:00+00:00,-1,0.000736939127449876,-0.00016815401334602242,3.6667,-0.4086,MEAN_CROSS,0.0009050931407958984,1.515496,13
2021-02-17 12:00:00+00:00,2021-02-18 01:00:00+00:00,1,-0.0010112094367560331,0.000164507773327216,-2.2763,0.6557,MEAN_CROSS,0.0011757172100832491,1.968631,13
2021-02-18 14:00:00+00:00,2021-02-19 04:00:00+00:00,-1,0.0008269374289172626,0.00024520895696567013,2.1831,0.2644,MEAN_CROSS,0.0005817284719515925,0.974051,14
2021-02-19 09:00:00+00:00,2021-02-21 22:00:00+00:00,1,-0.001379949026483085,4.282253089560317e-05,-2.1019,0.5832,MEAN_CROSS,0.001422771557378688,2.382302,13
2021-02-23 14:00:00+00:00,2021-02-24 02:00:00+00:00,-1,0.0011066127984579177,-0.0006542261471221833,2.1892,-0.1552,MEAN_CROSS,0.001760838945580101,2.948365,12
2021-02-24 13:00:00+00:00,2021-02-25 03:00:00+00:00,-1,0.0012836320548761382,-0.0004187799257965308,2.8055,0.3235,MEAN_CROSS,0.001702411980672669,2.438861,14
2021-02-25 14:00:00+00:00,2021-02-26 02:00:00+00:00,-1,0.0007170036717887296,-0.0007443033227112483,2.0406,-0.9009,MEAN_CROSS,0.001461306994499978,2.093456,12
2021-02-28 23:00:00+00:00,2021-03-02 01:00:00+00:00,1,-0.0012038073801995397,0.000932857734427972,-2.3368,1.5195,MEAN_CROSS,0.0021366651146275117,3.060968,26
2021-03-03 13:00:00+00:00,2021-03-04 01:00:00+00:00,-1,0.0011061692079228358,-0.00014388662177644562,2.062,-0.2511,MEAN_CROSS,0.0012500558296992814,1.790819,12
2021-03-04 15:00:00+00:00,2021-03-05 08:00:00+00:00,1,-0.0024685032240435723,0.0018802487660298794,-2.6357,1.9308,MEAN_CROSS,0.004348751990073452,6.229984,17
2021-03-05 10:00:00+00:00,2021-03-07 22:00:00+00:00,-1,0.0027216149912633325,-0.0007187231080162393,2.3051,-0.4779,MEAN_CROSS,0.003440338099279572,4.928598,12
2021-03-09 14:00:00+00:00,2021-03-10 02:00:00+00:00,-1,0.0012117949807856077,0.0005436794815322221,2.1704,0.441,MEAN_CROSS,0.0006681154992533855,0.957136,12
2021-03-11 14:00:00+00:00,2021-03-12 04:00:00+00:00,-1,0.0005618858314903052,-0.00019230062375219514,2.2678,0.3749,MEAN_CROSS,0.0007541864552425004,1.080441,14
2021-03-12 06:00:00+00:00,2021-03-12 18:00:00+00:00,-1,0.0007358291057651956,-0.0008594427402199845,2.1939,-0.2124,MEAN_CROSS,0.00159527184598518,2.285373,12
2021-03-15 13:00:00+00:00,2021-03-16 01:00:00+00:00,-1,0.0012642717276017956,3.685729023794604e-05,2.2012,-0.0175,MEAN_CROSS,0.0012274144373638496,1.758383,12
2021-03-16 15:00:00+00:00,2021-03-17 03:00:00+00:00,1,-0.001272193230231644,0.00033009555785057376,-2.9153,0.947,MEAN_CROSS,0.0016022887880822179,2.687381,12
2021-03-17 09:00:00+00:00,2021-03-17 21:00:00+00:00,-1,0.0008013573584013667,-0.0007383522939077292,2.2268,-0.7833,MEAN_CROSS,0.0015397096523090958,2.582422,12
2021-03-18 16:00:00+00:00,2021-03-19 04:00:00+00:00,-1,0.0014212894797612785,-0.0005622327144774175,2.0366,-0.7847,MEAN_CROSS,0.001983522194238696,3.326791,12
2021-03-22 12:00:00+00:00,2021-03-23 00:00:00+00:00,-1,0.001574570800901287,-6.693398762891434e-05,2.4454,-0.5942,MEAN_CROSS,0.0016415047885302014,2.753155,12
2021-03-23 07:00:00+00:00,2021-03-23 19:00:00+00:00,1,-0.0013447343252844801,0.0008956446046146649,-2.2985,0.7451,MEAN_CROSS,0.002240378929899145,3.757595,12
2021-03-25 11:00:00+00:00,2021-03-25 23:00:00+00:00,-1,0.0011940906714701383,-0.00026210698556827783,2.1714,-0.6005,MEAN_CROSS,0.001456197657038416,2.442355,12
2021-03-26 17:00:00+00:00,2021-03-29 06:00:00+00:00,-1,0.001516765278005594,0.00037388012136296833,2.1512,0.4999,MEAN_CROSS,0.0011428851566426257,1.916863,13
2021-03-29 10:00:00+00:00,2021-03-30 10:00:00+00:00,1,-0.001643573769998019,0.0005156620544263246,-2.5586,0.9662,MEAN_CROSS,0.0021592358244243437,3.6215,24
2021-03-30 11:00:00+00:00,2021-03-30 23:00:00+00:00,-1,0.0017332575255400995,-0.0003121167746816811,2.9022,-0.59,MEAN_CROSS,0.0020453743002217806,3.43053,12
2021-03-31 18:00:00+00:00,2021-04-01 06:00:00+00:00,1,-0.0015584567064622634,8.237724008930414e-05,-2.1927,0.7602,MEAN_CROSS,0.0016408339465515676,2.75203,12
2021-04-02 08:00:00+00:00,2021-04-02 20:00:00+00:00,-1,0.001416869453499614,0.00022451927405919836,2.2618,0.2991,MEAN_CROSS,0.0011923501794404157,1.999826,12
2021-04-05 08:00:00+00:00,2021-04-06 03:00:00+00:00,1,-0.0010435762969762674,0.00039905352972235963,-2.3533,0.8289,MEAN_CROSS,0.001442629826698627,2.731341,19
2021-04-06 12:00:00+00:00,2021-04-07 00:00:00+00:00,-1,0.0014824783270542818,0.0004651349981470432,2.4492,-0.0895,MEAN_CROSS,0.0010173433289072387,1.926143,12
2021-04-07 06:00:00+00:00,2021-04-07 18:00:00+00:00,-1,0.0024404987239518006,0.00029573128482118793,3.3968,-0.6813,MEAN_CROSS,0.0021447674391306126,4.060704,12
2021-04-07 20:00:00+00:00,2021-04-08 08:00:00+00:00,1,-0.0008145397710183078,0.0012037798737568606,-2.2455,1.4253,MEAN_CROSS,0.0020183196447751683,3.821299,12
2021-04-09 05:00:00+00:00,2021-04-09 17:00:00+00:00,-1,0.0013935599817642697,-0.0003294506795900043,3.3415,-0.0809,MEAN_CROSS,0.001723010661354274,3.262189,12
2021-04-12 14:00:00+00:00,2021-04-13 02:00:00+00:00,-1,0.0015587668254714027,-0.000135598472718379,2.3791,-0.9347,MEAN_CROSS,0.0016943652981897817,3.207954,12
2021-04-13 11:00:00+00:00,2021-04-13 23:00:00+00:00,-1,0.0021133172710956494,0.00018337184507355442,4.6324,0.2624,MEAN_CROSS,0.001929945426022095,3.65398,12
2021-04-14 14:00:00+00:00,2021-04-15 03:00:00+00:00,1,-0.0016600643182701491,0.0002254961838167313,-2.0688,0.5841,MEAN_CROSS,0.0018855605020868804,3.569945,13
2021-04-15 13:00:00+00:00,2021-04-16 01:00:00+00:00,-1,0.0013990721417055374,0.00017270804975832998,2.1225,0.0193,MEAN_CROSS,0.0012263640919472074,2.321884,12
2021-04-19 09:00:00+00:00,2021-04-19 21:00:00+00:00,-1,0.0007772845896373282,2.5105300780148276e-05,2.1922,-0.4506,MEAN_CROSS,0.0007521792888571799,1.424106,12
2021-04-20 01:00:00+00:00,2021-04-20 14:00:00+00:00,1,-0.0011799276797058722,0.002853783808939969,-2.2821,2.9794,MEAN_CROSS,0.004033711488645841,7.637055,13
2021-04-20 15:00:00+00:00,2021-04-21 03:00:00+00:00,-1,0.0028158271255557255,-0.00036945279495481653,2.5008,-0.7065,MEAN_CROSS,0.003185279920510542,6.030713,12
2021-04-21 14:00:00+00:00,2021-04-22 04:00:00+00:00,1,-0.008211437841113223,0.0004832322141253842,-7.6246,0.6117,MEAN_CROSS,0.008694670055238607,16.461682,14
2021-04-26 10:00:00+00:00,2021-04-26 23:00:00+00:00,1,-0.001540700369775272,-0.00022621427386926296,-2.4978,0.5279,MEAN_CROSS,0.001314486095906009,1.998801,13
2021-04-27 09:00:00+00:00,2021-04-27 22:00:00+00:00,-1,0.0010940681900948324,-9.516190007974323e-05,2.2146,-0.1233,MEAN_CROSS,0.0011892300901745756,1.808337,13
2021-04-28 06:00:00+00:00,2021-04-28 21:00:00+00:00,1,-0.0009752485635515784,-6.702721187756833e-05,-2.4474,0.5404,MEAN_CROSS,0.0009082213516740101,1.381037,15
2021-04-29 09:00:00+00:00,2021-04-29 22:00:00+00:00,-1,0.0010144428303000552,-0.0004951541671780468,2.7616,-0.1869,MEAN_CROSS,0.001509596997478102,2.295486,13
2021-04-30 06:00:00+00:00,2021-04-30 18:00:00+00:00,-1,0.000754922379586187,-0.0008019005113263367,2.2407,-1.3822,MEAN_CROSS,0.0015568228909125237,2.367297,12
2021-05-03 02:00:00+00:00,2021-05-03 14:00:00+00:00,-1,0.0007685613976128325,-0.0005519494510998202,2.1523,-0.7757,MEAN_CROSS,0.0013205108487126527,2.007962,12
2021-05-04 11:00:00+00:00,2021-05-04 23:00:00+00:00,-1,0.001887027959850296,-0.0003687287557467833,3.3577,-0.8591,MEAN_CROSS,0.0022557567155970792,3.430092,12
2021-05-06 13:00:00+00:00,2021-05-07 02:00:00+00:00,1,-0.0018281581490878773,0.00016200037127400702,-3.5566,0.8845,MEAN_CROSS,0.0019901585203618843,3.026225,13
2021-05-07 12:00:00+00:00,2021-05-10 00:00:00+00:00,-1,0.0015315149231923675,-0.0003056348780337004,2.111,-0.2432,MEAN_CROSS,0.0018371498012260679,2.793561,12
2021-05-10 14:00:00+00:00,2021-05-11 04:00:00+00:00,1,-0.0012289708785562237,0.00021908813070148359,-2.075,0.8306,MEAN_CROSS,0.0014480590092577073,2.201911,14
2021-05-11 13:00:00+00:00,2021-05-12 01:00:00+00:00,1,-0.001309084331868271,0.00023442424588371313,-2.386,0.7639,MEAN_CROSS,0.0015435085777519841,2.347051,12
2021-05-12 03:00:00+00:00,2021-05-12 22:00:00+00:00,-1,0.0009417950841404954,6.103248010891349e-05,2.2383,0.1729,MEAN_CROSS,0.0008807626040315819,1.339283,19
2021-05-13 16:00:00+00:00,2021-05-14 04:00:00+00:00,-1,0.0023894071080317048,0.00022901082592530209,2.864,-0.2357,MEAN_CROSS,0.0021603962821064027,2.578603,12
2021-05-14 10:00:00+00:00,2021-05-16 22:00:00+00:00,1,-0.0014682953407358923,0.0005108833910879573,-2.3157,0.5042,MEAN_CROSS,0.0019791787318238496,2.362305,12
2021-05-17 13:00:00+00:00,2021-05-18 05:00:00+00:00,1,-0.0015967873372818575,0.00014845451061140658,-2.0533,0.8099,MEAN_CROSS,0.001745241847893264,2.083083,16
2021-05-18 13:00:00+00:00,2021-05-19 01:00:00+00:00,-1,0.0015456613200298674,0.0002959582541618433,2.5653,0.2704,MEAN_CROSS,0.0012497030658680242,1.491619,12
2021-05-19 10:00:00+00:00,2021-05-19 22:00:00+00:00,1,-0.0012255238682764569,0.0006975814961430737,-3.4516,0.689,MEAN_CROSS,0.0019231053644195306,2.295378,12
2021-05-20 08:00:00+00:00,2021-05-20 20:00:00+00:00,-1,0.0018193495738576537,0.00022366977680665645,2.4338,0.2633,MEAN_CROSS,0.0015956797970509973,1.904569,12
2021-05-21 16:00:00+00:00,2021-05-24 04:00:00+00:00,-1,0.0017957604850209474,-0.00014537527111313508,2.2439,-0.2405,MEAN_CROSS,0.0019411357561340825,2.316898,12
2021-05-25 07:00:00+00:00,2021-05-25 21:00:00+00:00,-1,0.0013115570756110362,0.00013514884586385278,3.1569,0.1372,MEAN_CROSS,0.0011764082297471834,1.404136,14
2021-05-26 07:00:00+00:00,2021-05-26 19:00:00+00:00,-1,0.0012116891238088678,0.00044635539207382724,2.1396,0.1475,MEAN_CROSS,0.0007653337317350406,0.913486,12
2021-05-27 07:00:00+00:00,2021-05-27 23:00:00+00:00,1,-0.001127375771273087,0.00017412423324958404,-2.432,0.7575,MEAN_CROSS,0.001301500004522671,1.553443,16
2021-05-28 13:00:00+00:00,2021-05-31 03:00:00+00:00,1,-0.0014204561029719232,0.00025922337951911345,-2.0356,0.6817,MEAN_CROSS,0.0016796794824910366,2.00483,14
2021-05-31 18:00:00+00:00,2021-06-01 09:00:00+00:00,1,-0.001427814269135519,0.0003889075587314439,-2.8671,1.2797,MEAN_CROSS,0.0018167218278669628,2.1684,15
2021-06-01 15:00:00+00:00,2021-06-02 03:00:00+00:00,-1,0.0010778757561713537,-0.00024623491370889816,2.738,-0.4687,MEAN_CROSS,0.0013241106698802518,1.58043,12
2021-06-03 07:00:00+00:00,2021-06-03 19:00:00+00:00,-1,0.0007148554570189924,5.628517353373219e-05,2.2104,-0.067,MEAN_CROSS,0.0006585702834852603,0.980271,12
2021-06-04 06:00:00+00:00,2021-06-07 00:00:00+00:00,1,-0.0005945881962053923,0.0002963828182691586,-2.5244,0.8521,MEAN_CROSS,0.0008909710144745508,1.326196,18
2021-06-07 01:00:00+00:00,2021-06-07 13:00:00+00:00,-1,0.0008710118322695637,9.625238269395098e-05,2.4187,0.2629,MEAN_CROSS,0.0007747594495756127,1.153217,12
2021-06-08 16:00:00+00:00,2021-06-09 04:00:00+00:00,-1,0.0010735750708997793,-8.308068823525971e-05,2.2128,-0.8663,MEAN_CROSS,0.001156655759135039,1.721664,12
2021-06-09 07:00:00+00:00,2021-06-09 19:00:00+00:00,1,-0.0007175850579825838,0.0007586185149265345,-2.4081,1.1469,MEAN_CROSS,0.0014762035729091183,2.197306,12
2021-06-10 12:00:00+00:00,2021-06-11 11:00:00+00:00,1,-0.001564576058786682,9.52626776776766e-05,-3.4808,0.6446,MEAN_CROSS,0.0016598387364643585,2.470644,23
2021-06-11 13:00:00+00:00,2021-06-14 01:00:00+00:00,-1,0.0009201035458622497,-0.00038000476568100794,3.0645,-1.2113,MEAN_CROSS,0.0013001083115432577,1.935191,12
2021-06-14 13:00:00+00:00,2021-06-15 01:00:00+00:00,1,-0.0016064191769424863,0.00023424112900571892,-2.7775,0.731,MEAN_CROSS,0.0018406603059482052,2.739794,12
2021-06-15 07:00:00+00:00,2021-06-15 19:00:00+00:00,-1,0.0011751886844525439,-0.00014641933178038968,2.804,-0.4561,MEAN_CROSS,0.0013216080162329336,1.967193,12
2021-06-16 18:00:00+00:00,2021-06-17 06:00:00+00:00,-1,0.003282439546866023,-0.00022310456051388705,6.6586,-0.4548,MEAN_CROSS,0.00350554410737991,5.217947,12
2021-06-18 14:00:00+00:00,2021-06-21 02:00:00+00:00,-1,0.0036676540695586013,-4.897775878209831e-05,6.1234,-0.4795,MEAN_CROSS,0.0037166318283406996,5.532148,12
2021-06-21 09:00:00+00:00,2021-06-21 22:00:00+00:00,1,-0.0021209640847851263,0.00030657251690457965,-2.9475,0.5174,MEAN_CROSS,0.002427536601689706,3.61335,13
2021-06-22 16:00:00+00:00,2021-06-23 14:00:00+00:00,1,-0.002191844608565252,0.0006315058127380757,-2.5543,1.6695,MEAN_CROSS,0.002823350421303328,3.342035,22
2021-06-24 14:00:00+00:00,2021-06-25 02:00:00+00:00,-1,0.002249202702108377,-0.00040558428992476525,4.5367,-0.942,MEAN_CROSS,0.0026547869920331424,3.142505,12
2021-06-28 09:00:00+00:00,2021-06-28 21:00:00+00:00,-1,0.0006744230339147395,-0.00020530519058226115,2.5326,-0.9891,MEAN_CROSS,0.0008797282244970006,1.041345,12
2021-06-29 08:00:00+00:00,2021-06-29 20:00:00+00:00,-1,0.00166152062609759,0.0005992610715255253,3.8059,0.4899,MEAN_CROSS,0.0010622595545720648,1.25741,12
2021-06-30 10:00:00+00:00,2021-07-01 00:00:00+00:00,1,-0.0008489615415839813,0.0006322332407351361,-2.0968,1.1664,MEAN_CROSS,0.0014811947823191174,1.753309,14
2021-07-01 15:00:00+00:00,2021-07-02 03:00:00+00:00,-1,0.001101816292139679,-0.00042184179159310276,2.1544,-0.876,MEAN_CROSS,0.0015236580837327818,1.803573,12
2021-07-02 13:00:00+00:00,2021-07-05 01:00:00+00:00,1,-0.0026091177775945384,5.061125503824648e-05,-3.4151,0.5629,MEAN_CROSS,0.002659729032632785,3.148355,12
2021-07-06 09:00:00+00:00,2021-07-06 21:00:00+00:00,-1,0.0010457601742046574,-0.0003567091713562176,2.0437,-0.5688,MEAN_CROSS,0.001402469345560875,1.660121,12
2021-07-08 07:00:00+00:00,2021-07-08 19:00:00+00:00,-1,0.003589792364573574,0.0004122975825352482,3.0677,-0.3082,MEAN_CROSS,0.003177494782038326,3.761241,12
2021-07-12 08:00:00+00:00,2021-07-12 20:00:00+00:00,-1,0.0009934772320076002,-0.0006035696145638703,2.1944,-0.4575,MEAN_CROSS,0.0015970468465714704,2.497492,12
2021-07-13 12:00:00+00:00,2021-07-14 00:00:00+00:00,-1,0.002219857619399246,-0.0004996073070329121,3.0727,-0.9032,MEAN_CROSS,0.002719464926432158,4.252751,12
2021-07-14 11:00:00+00:00,2021-07-15 00:00:00+00:00,1,-0.0015717604410602215,0.0010702621197223872,-2.1994,0.9611,MEAN_CROSS,0.0026420225607826087,4.131645,13
2021-07-19 07:00:00+00:00,2021-07-19 19:00:00+00:00,-1,0.002903125588117672,-0.0007965327744554607,3.9577,-1.5244,MEAN_CROSS,0.0036996583625731327,5.785596,12
2021-07-21 02:00:00+00:00,2021-07-21 14:00:00+00:00,-1,0.0016216548098915151,-0.004320148420519754,2.182,-3.1983,MEAN_CROSS,0.005941803230411269,9.291905,12
2021-07-21 15:00:00+00:00,2021-07-22 04:00:00+00:00,1,-0.005300555001746865,0.0005162405768727174,-3.4309,0.6932,MEAN_CROSS,0.005816795578619582,9.096415,13
2021-07-22 13:00:00+00:00,2021-07-23 01:00:00+00:00,-1,0.0021841441931315098,0.00024000872752805158,2.1014,0.4613,MEAN_CROSS,0.0019441354656034582,3.040276,12
2021-07-23 13:00:00+00:00,2021-07-26 04:00:00+00:00,-1,0.0015117462046474461,-7.150146661860646e-06,2.4573,-0.2035,MEAN_CROSS,0.0015188963513093068,2.375279,15
2021-07-26 09:00:00+00:00,2021-07-27 05:00:00+00:00,1,-0.0011546596974967294,0.0003539493036068819,-2.366,0.713,MEAN_CROSS,0.0015086090011036113,2.359191,20
2021-07-27 07:00:00+00:00,2021-07-27 19:00:00+00:00,-1,0.0012683626654347302,0.0005803809007234317,2.6537,0.4965,MEAN_CROSS,0.0006879817647112985,1.075879,12
2021-07-28 18:00:00+00:00,2021-07-29 12:00:00+00:00,1,-0.0013510872270741103,-0.00013994465573818893,-2.2977,0.6128,MEAN_CROSS,0.0012111425713359214,1.894008,18
2021-07-29 13:00:00+00:00,2021-07-30 02:00:00+00:00,-1,0.0008835728563708622,-0.0007310044351027667,2.5414,-0.6666,MEAN_CROSS,0.001614577291473629,2.524907,13
2021-07-30 14:00:00+00:00,2021-08-02 02:00:00+00:00,-1,0.002385973112330908,0.00038236957790438453,5.0658,0.2586,MEAN_CROSS,0.0020036035344265235,3.30112,12
2021-08-02 14:00:00+00:00,2021-08-03 06:00:00+00:00,-1,0.0019775485181002805,-7.076767657820948e-05,2.7595,-0.5897,MEAN_CROSS,0.00204831619467849,3.374788,16
2021-08-03 13:00:00+00:00,2021-08-04 01:00:00+00:00,-1,0.0035746233932724136,-0.00032694615179929,4.8778,-0.7204,MEAN_CROSS,0.0039015695450717036,6.428192,12
2021-08-05 13:00:00+00:00,2021-08-06 01:00:00+00:00,1,-0.0012481980018531624,-3.0241300990052622e-05,-2.1213,0.5775,MEAN_CROSS,0.0012179567008631098,2.006695,12
2021-08-06 14:00:00+00:00,2021-08-09 02:00:00+00:00,-1,0.0012881614049317092,-0.00020796277896828474,2.8035,-0.7238,MEAN_CROSS,0.001496124183899994,2.465001,12
2021-08-09 07:00:00+00:00,2021-08-09 20:00:00+00:00,1,-0.0013402880423548647,0.00026015644790000625,-3.5035,0.5678,MEAN_CROSS,0.001600444490254871,2.636878,13
2021-08-10 14:00:00+00:00,2021-08-11 02:00:00+00:00,1,-0.002799386656271108,0.0002666578998276048,-4.3974,1.0818,MEAN_CROSS,0.0030660445560987126,5.051588,12
2021-08-12 13:00:00+00:00,2021-08-13 09:00:00+00:00,1,-0.0010532962330442874,0.000293994695818367,-2.5572,0.9037,MEAN_CROSS,0.0013472909288626544,2.219785,20
2021-08-13 10:00:00+00:00,2021-08-15 22:00:00+00:00,-1,0.0007297420461664927,5.462183827176226e-05,2.2277,-0.5626,MEAN_CROSS,0.0006751202078947305,1.112322,12
2021-08-16 13:00:00+00:00,2021-08-17 01:00:00+00:00,-1,0.0019977314262130674,0.0008019196233972625,3.4846,0.4831,MEAN_CROSS,0.001195811802815805,1.970209,12
2021-08-17 06:00:00+00:00,2021-08-17 18:00:00+00:00,-1,0.0022250241268125803,-0.0008478331201907663,2.871,-1.7087,MEAN_CROSS,0.0030728572470033466,5.062813,12
2021-08-18 19:00:00+00:00,2021-08-19 07:00:00+00:00,-1,0.0015064652481440177,0.003024710455924673,3.0041,3.6012,STOP_LOSS,-0.0015182452077806552,-2.501448,12
2021-08-19 08:00:00+00:00,2021-08-19 20:00:00+00:00,-1,0.0030822625662291214,0.0008169303606391232,2.9674,-0.3258,MEAN_CROSS,0.0022653322055899983,2.503772,12
2021-08-20 12:00:00+00:00,2021-08-23 13:00:00+00:00,1,-0.0007082870973753597,0.0005142871927352743,-2.0707,1.0899,MEAN_CROSS,0.001222574290110634,1.351257,25
2021-08-24 14:00:00+00:00,2021-08-25 02:00:00+00:00,1,-0.0026384793127989248,9.295472720072251e-05,-2.1396,0.7365,MEAN_CROSS,0.0027314340399996473,3.018934,12
2021-08-26 03:00:00+00:00,2021-08-26 21:00:00+00:00,-1,0.00110159607613447,0.0005756171249059472,2.0152,0.4268,MEAN_CROSS,0.0005259789512285229,0.581341,18
2021-08-27 14:00:00+00:00,2021-08-30 02:00:00+00:00,1,-0.0016038945881751143,0.000622948229504372,-2.2546,0.9745,MEAN_CROSS,0.0022268428176794863,2.461231,12
2021-08-30 07:00:00+00:00,2021-08-30 23:00:00+00:00,1,-0.0017589398223482045,0.00011133492526793631,-2.6549,0.619,MEAN_CROSS,0.0018702747476161408,2.067132,16
2021-08-31 12:00:00+00:00,2021-09-01 01:00:00+00:00,-1,0.001731418960064235,-0.00011768119691502044,2.8231,-0.3365,MEAN_CROSS,0.0018491001569792553,2.043729,13
2021-09-01 14:00:00+00:00,2021-09-02 03:00:00+00:00,-1,0.0017601284191542943,-0.0001550277087425389,2.0658,-0.3144,MEAN_CROSS,0.0019151561278968332,2.116738,13
2021-09-02 06:00:00+00:00,2021-09-03 00:00:00+00:00,1,-0.001541264198475445,0.00012267419067557572,-2.084,0.5616,MEAN_CROSS,0.0016639383891510207,1.839078,18
2021-09-06 13:00:00+00:00,2021-09-07 04:00:00+00:00,1,-0.0014105640219529425,0.00044499632472938533,-2.4999,1.0861,MEAN_CROSS,0.0018555603466823278,2.050869,15
2021-09-07 06:00:00+00:00,2021-09-07 18:00:00+00:00,-1,0.0009477031271266645,0.0006694714170675242,2.2084,0.409,MEAN_CROSS,0.00027823171005914027,0.307517,12
2021-09-08 14:00:00+00:00,2021-09-09 02:00:00+00:00,-1,0.0031811199344249363,0.00027606889615594543,3.2594,0.0301,MEAN_CROSS,0.002905051038268991,3.952388,12
2021-09-09 14:00:00+00:00,2021-09-10 14:00:00+00:00,1,-0.0017581707789292578,0.0015938312193348736,-2.0014,2.6767,MEAN_CROSS,0.0033520019982641314,4.560474,24
2021-09-10 17:00:00+00:00,2021-09-13 05:00:00+00:00,-1,0.002033390641115851,-0.0006834280165989304,2.4691,-0.6404,MEAN_CROSS,0.0027168186577147813,3.696293,12
2021-09-14 06:00:00+00:00,2021-09-14 20:00:00+00:00,-1,0.0008011166207593234,0.000597298770920629,2.2701,0.4785,MEAN_CROSS,0.00020381784983869444,0.277299,14
2021-09-15 13:00:00+00:00,2021-09-16 01:00:00+00:00,1,-0.0025155424467009357,0.0007623273093226857,-3.4701,1.2987,MEAN_CROSS,0.0032778697560236214,4.459616,12
2021-09-16 13:00:00+00:00,2021-09-17 01:00:00+00:00,-1,0.0012224319718928678,9.450608661443205e-05,2.2484,0.2067,MEAN_CROSS,0.0011279258852784357,1.534569,12
2021-09-17 14:00:00+00:00,2021-09-20 03:00:00+00:00,-1,0.004088576629050711,0.0008247895753787926,4.5302,0.3915,MEAN_CROSS,0.0032637870536719182,4.440456,13
2021-09-20 11:00:00+00:00,2021-09-20 23:00:00+00:00,-1,0.0034171896238237576,-0.0008934022430681088,2.4734,-1.6656,MEAN_CROSS,0.004310591866891866,5.864658,12
2021-09-21 13:00:00+00:00,2021-09-22 01:00:00+00:00,-1,0.0026858867649036666,-0.0018846466057238498,2.1205,-1.6102,MEAN_CROSS,0.004570533370627516,6.218314,12
2021-09-22 14:00:00+00:00,2021-09-23 07:00:00+00:00,1,-0.0024483042562528645,-0.0044000829758211735,-2.3466,-3.6954,STOP_LOSS,-0.001951778719568309,-2.655439,17
2021-09-24 16:00:00+00:00,2021-09-27 08:00:00+00:00,1,-0.0017663217741461512,0.0009091052133943789,-2.0267,1.2318,MEAN_CROSS,0.00267542698754053,3.639979,16
2021-09-28 09:00:00+00:00,2021-09-28 21:00:00+00:00,-1,0.0012922881871239023,0.0002701459844109966,2.1026,0.1698,MEAN_CROSS,0.0010221422027129057,1.474504,12
2021-09-30 07:00:00+00:00,2021-09-30 20:00:00+00:00,1,-0.0010610677048944472,0.0008990703803157807,-2.0528,1.2838,MEAN_CROSS,0.001960138085210228,2.827621,13
2021-10-05 08:00:00+00:00,2021-10-05 20:00:00+00:00,1,-0.0011741942252526671,0.00019543987695924692,-2.0134,0.5853,MEAN_CROSS,0.001369634102211914,1.975782,12
2021-10-06 07:00:00+00:00,2021-10-06 19:00:00+00:00,-1,0.001976593168884433,-0.0006880047827763081,3.2051,-0.7972,MEAN_CROSS,0.002664597951660741,3.843848,12
2021-10-07 14:00:00+00:00,2021-10-08 03:00:00+00:00,1,-0.002012779862684999,0.00015389424434131271,-2.7433,0.8793,MEAN_CROSS,0.002166674107026312,3.125562,13
2021-10-08 12:00:00+00:00,2021-10-11 06:00:00+00:00,1,-0.001614183661422297,0.0001022430602134472,-2.0812,0.8336,MEAN_CROSS,0.0017164267216357443,2.476052,18
2021-10-12 08:00:00+00:00,2021-10-12 20:00:00+00:00,1,-0.0011220145327403008,0.0002820488316872538,-2.2742,0.7084,MEAN_CROSS,0.0014040633644275546,2.025449,12
2021-10-14 00:00:00+00:00,2021-10-14 13:00:00+00:00,1,-0.0006472411582905124,-0.002421710120271925,-2.1958,-4.8591,STOP_LOSS,-0.0017744689619814125,-2.559782,13
2021-10-14 14:00:00+00:00,2021-10-15 03:00:00+00:00,1,-0.0017731292583729186,-3.904353755379564e-05,-2.5428,0.6717,MEAN_CROSS,0.001734085720819123,2.501526,13
2021-10-15 12:00:00+00:00,2021-10-18 01:00:00+00:00,-1,0.0011783129695267514,0.0002093552932020959,2.8183,0.277,MEAN_CROSS,0.0009689576763246555,1.397782,13
2021-10-18 13:00:00+00:00,2021-10-19 10:00:00+00:00,1,-0.0015838635350030605,0.0001586332453071826,-2.8595,0.5934,MEAN_CROSS,0.0017424967803102431,2.739676,21
2021-10-19 12:00:00+00:00,2021-10-20 00:00:00+00:00,-1,0.0013429061869757453,-0.0009732977075332938,2.7086,-1.6676,MEAN_CROSS,0.002316203894509039,3.641698,12
2021-10-21 05:00:00+00:00,2021-10-21 19:00:00+00:00,-1,0.0012384358624365488,0.000700350234663305,2.3342,0.4867,MEAN_CROSS,0.0005380856277732438,0.846016,14
2021-10-22 15:00:00+00:00,2021-10-25 03:00:00+00:00,-1,0.0027460729618756785,-0.00046729165982306586,3.1598,-0.6486,MEAN_CROSS,0.0032133646216987444,5.052277,12
2021-10-26 14:00:00+00:00,2021-10-27 02:00:00+00:00,-1,0.001031500700263921,-4.321306998245067e-05,2.332,-0.1801,MEAN_CROSS,0.0010747137702463716,1.68974,12
2021-10-27 07:00:00+00:00,2021-10-27 20:00:00+00:00,-1,0.001250061892722476,0.0002969674656602139,2.2296,0.1826,MEAN_CROSS,0.0009530944270622621,1.498522,13
2021-10-29 12:00:00+00:00,2021-11-01 00:00:00+00:00,-1,0.002021522595147318,0.00012191594286803387,3.2564,0.0352,MEAN_CROSS,0.0018996066522792843,2.986695,12
2021-11-02 12:00:00+00:00,2021-11-03 00:00:00+00:00,1,-0.0008371214145252992,0.00044299995102248246,-2.4277,0.6344,MEAN_CROSS,0.0012801213655477817,2.012697,12
2021-11-03 13:00:00+00:00,2021-11-04 02:00:00+00:00,-1,0.0016119482938656837,9.681731057753495e-06,3.7573,0.0096,MEAN_CROSS,0.0016022665628079302,2.519196,13
2021-11-04 14:00:00+00:00,2021-11-05 02:00:00+00:00,-1,0.0018082864524467945,5.9163424690478195e-05,2.5674,-0.3607,MEAN_CROSS,0.0017491230277563163,2.750094,12
2021-11-05 12:00:00+00:00,2021-11-08 08:00:00+00:00,1,-0.0016971955693614316,0.00036750566309995403,-2.6778,0.8105,MEAN_CROSS,0.0020647012324613856,2.982487,19
2021-11-09 14:00:00+00:00,2021-11-10 02:00:00+00:00,-1,0.001667298069021883,9.818392949068055e-05,3.8164,0.1668,MEAN_CROSS,0.0015691141395312025,2.266605,12
2021-11-10 07:00:00+00:00,2021-11-10 19:00:00+00:00,1,-0.0016645869085644138,0.002163070294482372,-3.0243,2.6567,MEAN_CROSS,0.003827657203046786,5.5291,12
2021-11-11 10:00:00+00:00,2021-11-11 22:00:00+00:00,-1,0.0023744011798705333,-0.00013652522780849274,2.5187,-1.1646,MEAN_CROSS,0.002510926407679026,3.627065,12
2021-11-15 18:00:00+00:00,2021-11-16 06:00:00+00:00,1,-0.0012032071220884344,0.00031128633278343365,-2.3093,1.3305,MEAN_CROSS,0.001514493454871868,2.187705,12
2021-11-16 12:00:00+00:00,2021-11-17 01:00:00+00:00,-1,0.0009657151353014148,-0.00022199184398796756,2.6508,-0.3901,MEAN_CROSS,0.0011877069792893824,1.715658,13
2021-11-17 06:00:00+00:00,2021-11-17 18:00:00+00:00,1,-0.0009057053179849506,0.0015427003697670028,-2.4561,1.6975,MEAN_CROSS,0.0024484056877519533,3.536753,12
2021-11-18 17:00:00+00:00,2021-11-19 08:00:00+00:00,1,-0.001130633803322345,0.00042757550933736344,-2.2586,0.7032,MEAN_CROSS,0.0015582093126597085,2.250853,15
2021-11-19 09:00:00+00:00,2021-11-19 21:00:00+00:00,-1,0.003251944223218728,-0.000674910183883437,4.976,-0.866,MEAN_CROSS,0.003926854407102165,5.672391,12
2021-11-22 16:00:00+00:00,2021-11-23 04:00:00+00:00,-1,0.001477713602855868,0.00027909535735903823,2.1037,0.2195,MEAN_CROSS,0.0011986182454968297,1.731419,12
2021-11-23 08:00:00+00:00,2021-11-23 20:00:00+00:00,-1,0.00204253038556923,-0.0018605471992491074,3.9328,-2.3817,MEAN_CROSS,0.0039030775848183374,5.638045,12
2021-11-25 09:00:00+00:00,2021-11-25 21:00:00+00:00,-1,0.0010130795920394453,-0.0002022764199443028,2.1034,0.1033,MEAN_CROSS,0.001215356011983748,2.172177,12
2021-11-25 23:00:00+00:00,2021-11-26 12:00:00+00:00,-1,0.0011154564702742231,0.00030517918572758873,2.525,-0.4055,MEAN_CROSS,0.0008102772845466344,1.448189,13
2021-11-28 22:00:00+00:00,2021-11-29 14:00:00+00:00,1,-0.0014969680805317909,0.0015910335564465194,-2.0699,0.7975,MEAN_CROSS,0.0030880016369783103,5.519111,16
2021-11-30 05:00:00+00:00,2021-11-30 18:00:00+00:00,-1,0.003941382363557566,0.00029682706828393357,3.4834,-0.2047,MEAN_CROSS,0.0036445552952736326,6.513826,13
2021-12-01 01:00:00+00:00,2021-12-01 14:00:00+00:00,1,-0.002070047843743539,0.0008015334916604555,-2.0343,0.9353,MEAN_CROSS,0.0028715813354039943,5.132308,13
2021-12-01 16:00:00+00:00,2021-12-02 04:00:00+00:00,-1,0.0020132412890780937,4.2316726363234025e-05,2.4161,-0.0336,MEAN_CROSS,0.0019709245627148597,3.522586,12
2021-12-03 10:00:00+00:00,2021-12-05 22:00:00+00:00,-1,0.0017032194481965135,-0.00047887020924475276,2.1785,-0.5691,MEAN_CROSS,0.0021820896574412663,3.899997,12
2021-12-07 11:00:00+00:00,2021-12-07 23:00:00+00:00,1,-0.002188708407749207,0.0001381769102561936,-2.5888,1.5474,MEAN_CROSS,0.0023268853180054005,4.158786,12
2021-12-08 06:00:00+00:00,2021-12-08 20:00:00+00:00,-1,0.0009297183292885647,0.0003358569887385032,2.0938,0.3951,MEAN_CROSS,0.0005938613405500615,1.061394,14
2021-12-10 11:00:00+00:00,2021-12-13 06:00:00+00:00,1,-0.0012863900509743065,0.0006772958808168861,-3.051,0.8639,MEAN_CROSS,0.0019636859317911926,3.509649,19
2021-12-13 13:00:00+00:00,2021-12-14 01:00:00+00:00,-1,0.0017607442366466275,0.0005048784260467398,2.3349,-0.0624,MEAN_CROSS,0.0012558658105998877,2.244579,12
2021-12-14 06:00:00+00:00,2021-12-15 08:00:00+00:00,1,-0.0011603649323640441,0.0006511763960077577,-2.1739,0.7284,MEAN_CROSS,0.0018115413283718018,3.237724,26
2021-12-15 15:00:00+00:00,2021-12-16 03:00:00+00:00,-1,0.0015776041150015185,7.968326005125537e-05,2.1986,0.1232,MEAN_CROSS,0.0014979208549502632,2.465074,12
2021-12-17 19:00:00+00:00,2021-12-20 07:00:00+00:00,-1,0.0019280738880684822,0.0006950775670739873,2.1483,0.071,MEAN_CROSS,0.001232996320994495,2.029098,12
2021-12-22 15:00:00+00:00,2021-12-23 13:00:00+00:00,1,-0.002417975655162885,0.000682983757492428,-4.7738,1.5859,MEAN_CROSS,0.003100959412655313,5.103137,22
2021-12-23 23:00:00+00:00,2021-12-24 11:00:00+00:00,-1,0.0009611042785993007,-0.0013360121952362691,2.2903,-1.7543,MEAN_CROSS,0.00229711647383557,3.780282,12
2021-12-27 15:00:00+00:00,2021-12-28 07:00:00+00:00,1,-0.0023997228104285506,0.0004890564651076623,-3.6559,0.917,MEAN_CROSS,0.002888779275536213,4.75396,16
2021-12-28 16:00:00+00:00,2021-12-29 04:00:00+00:00,-1,0.0012325365746318484,0.00021046705946881072,2.0159,0.0975,MEAN_CROSS,0.0010220695151630377,1.681983,12
2021-12-29 18:00:00+00:00,2021-12-30 06:00:00+00:00,1,-0.0009176313930158164,0.00025209864405917326,-2.2586,0.7087,MEAN_CROSS,0.0011697300370749897,1.924983,12
2021-12-30 18:00:00+00:00,2021-12-31 08:00:00+00:00,1,-0.0010892838766605184,0.0003165938317248873,-2.0748,1.0463,MEAN_CROSS,0.0014058777083854057,2.313602,14
2021-12-31 14:00:00+00:00,2022-01-03 02:00:00+00:00,1,-0.0020754027446713286,0.0005897483846352136,-3.0153,1.1758,MEAN_CROSS,0.002665151129306542,4.385943,12
2022-01-03 15:00:00+00:00,2022-01-04 03:00:00+00:00,-1,0.002844535850541452,-0.0005489843918417003,2.4423,-1.4438,MEAN_CROSS,0.0033935202423831523,5.584594,12
2022-01-04 14:00:00+00:00,2022-01-05 02:00:00+00:00,1,-0.001519788934354116,0.0004854503982034686,-2.1494,0.8601,MEAN_CROSS,0.0020052393325575846,2.537376,12
2022-01-05 19:00:00+00:00,2022-01-06 07:00:00+00:00,-1,0.002737678334357896,0.0004676579801530245,4.0865,-0.0002,MEAN_CROSS,0.0022700203542048714,2.872423,12
2022-01-06 10:00:00+00:00,2022-01-07 07:00:00+00:00,1,-0.0017529786847562123,0.0009306876522389151,-2.5858,1.3155,MEAN_CROSS,0.0026836663369951275,3.39584,21
2022-01-07 16:00:00+00:00,2022-01-10 06:00:00+00:00,1,-0.002812403771561889,-5.529426782324709e-05,-2.4573,0.5806,MEAN_CROSS,0.0027571095037386417,3.488773,14
2022-01-10 12:00:00+00:00,2022-01-11 00:00:00+00:00,-1,0.0013907367843124518,-0.0007128772633364644,2.5292,-0.7516,MEAN_CROSS,0.0021036140476489162,2.661857,12
2022-01-11 16:00:00+00:00,2022-01-12 06:00:00+00:00,1,-0.0018322829110175576,-4.413420968907289e-06,-2.6564,0.9733,MEAN_CROSS,0.0018278694900486503,2.312937,14
2022-01-12 07:00:00+00:00,2022-01-12 23:00:00+00:00,-1,0.0008700832109760359,-0.00019380835951043895,2.3235,0.2307,MEAN_CROSS,0.0010638915704864749,1.34622,16
2022-01-13 15:00:00+00:00,2022-01-14 03:00:00+00:00,-1,0.001271895884213059,-0.00015102633010943833,3.3679,-0.5217,MEAN_CROSS,0.0014229222143224973,1.800528,12
2022-01-14 08:00:00+00:00,2022-01-17 12:00:00+00:00,1,-0.001366480387963942,0.0005301992701159941,-2.1219,0.6111,MEAN_CROSS,0.001896679658079936,2.400008,28
2022-01-18 01:00:00+00:00,2022-01-18 15:00:00+00:00,1,-0.0012027646777684753,0.000618513415527433,-2.1155,1.3118,MEAN_CROSS,0.0018212780932959083,2.304597,14
2022-01-18 17:00:00+00:00,2022-01-19 08:00:00+00:00,-1,0.0016081575919639768,-0.0006781451987974974,2.7967,-0.7799,MEAN_CROSS,0.002286302790761474,2.893026,15
2022-01-19 15:00:00+00:00,2022-01-20 03:00:00+00:00,-1,0.0019129920579723514,-0.0006279836318490162,2.4173,-0.7317,MEAN_CROSS,0.0025409756898213676,3.215283,12
2022-01-20 20:00:00+00:00,2022-01-21 10:00:00+00:00,-1,0.0025318017263423753,-0.0003275210002948725,3.6059,-0.5396,MEAN_CROSS,0.002859322726637248,3.618111,14
2022-01-24 16:00:00+00:00,2022-01-25 04:00:00+00:00,-1,0.002816978496136824,0.0007142497748764409,2.2796,0.3378,MEAN_CROSS,0.002102728721260383,2.57802,12
2022-01-26 15:00:00+00:00,2022-01-27 05:00:00+00:00,-1,0.003173749874612608,0.0004985496369264153,4.3634,0.1755,MEAN_CROSS,0.0026752002376861928,3.279891,14
2022-01-27 08:00:00+00:00,2022-01-28 08:00:00+00:00,1,-0.003054903137957865,0.002217582856894329,-2.4323,1.6602,MEAN_CROSS,0.005272485994852194,6.464256,24
2022-01-31 15:00:00+00:00,2022-02-01 03:00:00+00:00,1,-0.001971635333874011,0.0005573722332889997,-2.0786,0.8935,MEAN_CROSS,0.002529007567163011,3.100653,12
2022-02-01 11:00:00+00:00,2022-02-01 23:00:00+00:00,-1,0.002029597056293908,0.0002366819496907313,2.3673,0.1399,MEAN_CROSS,0.0017929151066031768,2.198178,12
2022-02-03 16:00:00+00:00,2022-02-04 05:00:00+00:00,1,-0.0011932005522004019,0.0004306098494667454,-2.1877,0.9651,MEAN_CROSS,0.0016238104016671473,1.990849,13
2022-02-04 07:00:00+00:00,2022-02-04 19:00:00+00:00,-1,0.0013232747619510432,-0.00027944035114702004,2.8797,-0.5896,MEAN_CROSS,0.0016027151130980632,1.964986,12
2022-02-08 10:00:00+00:00,2022-02-08 22:00:00+00:00,-1,0.0011998151187005979,-0.00024060860153662933,2.278,-0.3451,MEAN_CROSS,0.0014404237202372272,1.766011,12
2022-02-10 13:00:00+00:00,2022-02-11 01:00:00+00:00,-1,0.0007519829334680095,0.000652204553101221,2.1949,0.4926,MEAN_CROSS,9.977838036678843e-05,0.122332,12
2022-02-11 18:00:00+00:00,2022-02-14 06:00:00+00:00,-1,0.0023138496027633737,-8.461959548955456e-06,2.2855,-0.094,MEAN_CROSS,0.002322311562312329,2.751368,12
2022-02-14 08:00:00+00:00,2022-02-14 20:00:00+00:00,-1,0.0033897896436259067,-0.00040266805558486496,3.1979,-0.4249,MEAN_CROSS,0.0037924576992107717,4.49313,12
2022-02-15 09:00:00+00:00,2022-02-16 13:00:00+00:00,1,-0.0021511232091695476,0.00013915462181735005,-2.1011,0.6302,MEAN_CROSS,0.0022902778309868976,2.713416,28
2022-02-17 03:00:00+00:00,2022-02-17 15:00:00+00:00,-1,0.0017360345262916743,-0.0005098281193018916,2.8418,-1.087,MEAN_CROSS,0.002245862645593566,2.660795,12
2022-02-18 01:00:00+00:00,2022-02-18 13:00:00+00:00,1,-0.0009634565356377855,0.0010364716694430953,-2.1803,1.9335,MEAN_CROSS,0.001999928205080881,2.369423,12
2022-02-18 15:00:00+00:00,2022-02-21 03:00:00+00:00,-1,0.002437649751776072,-0.00043650636787218033,4.2135,-0.7822,MEAN_CROSS,0.0028741561196482523,3.405168,12
2022-02-22 05:00:00+00:00,2022-02-22 17:00:00+00:00,1,-0.0010631850022819744,0.0007753207592774425,-2.1901,1.2037,MEAN_CROSS,0.001838505761559417,2.178177,12
2022-02-22 18:00:00+00:00,2022-02-23 06:00:00+00:00,-1,0.0017528767486932884,-0.00021632594279674677,2.6726,-0.0494,MEAN_CROSS,0.001969202691490035,2.333021,12
2022-02-23 08:00:00+00:00,2022-02-23 20:00:00+00:00,1,-0.002221495228278858,0.0012274313935113357,-2.6891,1.3306,MEAN_CROSS,0.0034489266217901937,4.08613,12
2022-02-24 19:00:00+00:00,2022-02-25 08:00:00+00:00,1,-0.0014034748378084494,0.0006216183806471154,-2.4942,0.5771,MEAN_CROSS,0.0020250932184555648,2.399237,13
2022-02-25 12:00:00+00:00,2022-02-28 00:00:00+00:00,1,-0.002085042107297874,0.0017057522494506872,-2.6219,2.0005,MEAN_CROSS,0.0037907943567485614,4.491159,12
2022-02-28 01:00:00+00:00,2022-02-28 13:00:00+00:00,-1,0.002037063048376031,0.0001444215852415276,2.0769,0.2221,MEAN_CROSS,0.0018926414631345034,2.242315,12
2022-03-01 16:00:00+00:00,2022-03-02 04:00:00+00:00,-1,0.002407314673641192,-0.0001953951726628711,3.249,-0.3502,MEAN_CROSS,0.002602709846304063,3.083571,12
2022-03-02 16:00:00+00:00,2022-03-03 08:00:00+00:00,1,-0.0026084028521045077,-0.00030609937587045,-2.1395,0.5363,MEAN_CROSS,0.0023023034762340577,2.727663,16
2022-03-03 15:00:00+00:00,2022-03-04 03:00:00+00:00,-1,0.001787687534823612,0.000560268670844688,2.5859,0.2536,MEAN_CROSS,0.001227418863978924,1.592092,12
2022-03-04 17:00:00+00:00,2022-03-07 13:00:00+00:00,1,-0.001905442995872142,0.0013506586082866479,-3.7461,1.2202,MEAN_CROSS,0.00325610160415879,4.223507,20
2022-03-08 16:00:00+00:00,2022-03-09 04:00:00+00:00,-1,0.0026753925793369104,-0.00032997476019636096,2.2649,-0.8936,MEAN_CROSS,0.0030053673395332714,3.898278,12
2022-03-09 08:00:00+00:00,2022-03-10 00:00:00+00:00,1,-0.002302981638266144,0.00014278180886806435,-3.1933,0.5205,MEAN_CROSS,0.0024457634471342082,3.172413,16
2022-03-10 08:00:00+00:00,2022-03-10 21:00:00+00:00,-1,0.0015480477202747256,-7.519755500662306e-05,2.3691,0.3544,MEAN_CROSS,0.0016232452752813487,2.10552,13
2022-03-11 13:00:00+00:00,2022-03-14 02:00:00+00:00,1,-0.003439846675070024,0.00253450926105403,-2.9138,2.6494,MEAN_CROSS,0.005974355936124054,7.749369,14
2022-03-14 17:00:00+00:00,2022-03-15 05:00:00+00:00,-1,0.0024370410195455605,-0.0003075553578176793,2.0058,-0.7237,MEAN_CROSS,0.00274459637736324,3.56003,12
2022-03-15 15:00:00+00:00,2022-03-16 14:00:00+00:00,1,-0.0020701157754774435,0.0010140951770601925,-2.2863,1.9297,MEAN_CROSS,0.003084210952537636,4.000546,23
2022-03-16 15:00:00+00:00,2022-03-17 04:00:00+00:00,-1,0.0016434926668269512,-0.00025538140409742116,2.6944,0.3212,MEAN_CROSS,0.0018988740709243723,2.46304,13
2022-03-17 19:00:00+00:00,2022-03-18 08:00:00+00:00,1,-0.001977717568696913,0.0007904247309071799,-2.2333,1.8544,MEAN_CROSS,0.0027681422996040927,3.590572,13
2022-03-18 09:00:00+00:00,2022-03-20 22:00:00+00:00,-1,0.0012779614965493513,-0.0005104757105157676,2.4719,-0.5143,MEAN_CROSS,0.0017884372070651189,2.319791,13
2022-03-22 02:00:00+00:00,2022-03-22 14:00:00+00:00,1,-0.0013136797688326762,0.0007999272805153668,-2.1559,1.136,MEAN_CROSS,0.002113607049348043,2.741571,12
2022-03-23 14:00:00+00:00,2022-03-24 03:00:00+00:00,1,-0.0015588378059416819,0.0005518555055493701,-2.0565,1.0887,MEAN_CROSS,0.002110693311491052,2.692627,13
2022-03-24 14:00:00+00:00,2022-03-25 02:00:00+00:00,1,-0.003168193459977875,0.0005375361476428475,-5.9194,0.8496,MEAN_CROSS,0.0037057296076207225,4.727427,12
2022-03-25 16:00:00+00:00,2022-03-28 11:00:00+00:00,1,-0.0025339711825504985,0.00037551072712393996,-2.4781,1.003,MEAN_CROSS,0.0029094819096744384,3.711648,19
2022-03-28 13:00:00+00:00,2022-03-29 01:00:00+00:00,-1,0.0045159412254487385,-0.0001627461031861177,5.314,-0.1848,MEAN_CROSS,0.004678687328634856,5.968637,12
2022-03-30 15:00:00+00:00,2022-03-31 03:00:00+00:00,-1,0.0027879752044862594,0.0005951666486962992,3.4022,0.4931,MEAN_CROSS,0.00219280855578996,2.797382,12
2022-04-01 06:00:00+00:00,2022-04-01 18:00:00+00:00,-1,0.0016723833243863506,-0.0005603633957865783,2.2591,-0.6482,MEAN_CROSS,0.002232746720172929,2.848332,12
2022-04-05 07:00:00+00:00,2022-04-05 19:00:00+00:00,1,-0.001257538681656345,0.0019618112534819376,-2.9348,3.4915,MEAN_CROSS,0.0032193499351382826,4.106949,12
2022-04-07 18:00:00+00:00,2022-04-08 13:00:00+00:00,1,-0.0009070549902856495,0.0008799155518746105,-2.5009,1.4783,MEAN_CROSS,0.00178697054216026,2.279652,19
2022-04-08 18:00:00+00:00,2022-04-11 06:00:00+00:00,1,-0.0010074199774406933,0.0005564304515539575,-2.1911,0.9993,MEAN_CROSS,0.0015638504289946509,1.995016,12
2022-04-11 09:00:00+00:00,2022-04-12 00:00:00+00:00,1,-0.0010719381921029392,0.0009457614099989131,-2.1598,0.6929,MEAN_CROSS,0.0020176996021018523,2.573995,15
2022-04-12 11:00:00+00:00,2022-04-13 06:00:00+00:00,1,-0.001095707123938472,0.0008293033154342933,-2.0285,1.3751,MEAN_CROSS,0.0019250104393727652,2.552467,19
2022-04-13 14:00:00+00:00,2022-04-14 07:00:00+00:00,1,-0.0016561979268628901,1.9265015546943154e-05,-2.2529,0.5101,MEAN_CROSS,0.0016754629424098333,2.22158,17
2022-04-14 15:00:00+00:00,2022-04-15 03:00:00+00:00,-1,0.0016630798815842063,0.00013378839825484157,2.0023,0.337,MEAN_CROSS,0.0015292914833293647,2.027764,12
2022-04-18 00:00:00+00:00,2022-04-18 12:00:00+00:00,-1,0.00087627892336406,-0.0007005652225028358,2.4352,-2.5691,MEAN_CROSS,0.0015768441458668958,2.090816,12
2022-04-18 13:00:00+00:00,2022-04-19 07:00:00+00:00,1,-0.0007911380682864566,-2.613252153582657e-05,-2.5503,0.5289,MEAN_CROSS,0.00076500554675063,1.014359,18
2022-04-19 11:00:00+00:00,2022-04-19 23:00:00+00:00,-1,0.0015460227462082976,-0.0008247343876269797,4.1757,-0.6253,MEAN_CROSS,0.0023707571338352773,3.143505,12
2022-04-20 14:00:00+00:00,2022-04-21 03:00:00+00:00,1,-0.002230759012656347,5.849006726765804e-05,-2.0784,1.5231,MEAN_CROSS,0.002289249079924005,3.035429,13
2022-04-21 06:00:00+00:00,2022-04-21 22:00:00+00:00,-1,0.0007818461101963825,0.0003294371625629511,2.7064,0.1408,MEAN_CROSS,0.0004524089476334314,0.599871,16
2022-04-22 08:00:00+00:00,2022-04-22 20:00:00+00:00,-1,0.003016704930516978,-9.710747278901533e-05,2.922,-1.4833,MEAN_CROSS,0.0031138124033059933,4.128759,12
2022-04-25 16:00:00+00:00,2022-04-26 06:00:00+00:00,1,-0.000772641422540632,0.0007105988730590207,-2.2554,0.8215,MEAN_CROSS,0.0014832402955996526,1.966702,14
2022-04-26 07:00:00+00:00,2022-04-26 21:00:00+00:00,-1,0.0021778952353718184,0.0007102199477726501,2.1932,0.3987,MEAN_CROSS,0.0014676752875991683,1.946064,14
2022-04-28 10:00:00+00:00,2022-04-28 22:00:00+00:00,-1,0.0016982072357496492,-0.00010657071829167641,2.1344,0.1952,MEAN_CROSS,0.0018047779540413256,2.393045,12
2022-04-29 14:00:00+00:00,2022-05-02 02:00:00+00:00,-1,0.002772978218651967,0.0008081379975152236,3.4504,0.4298,MEAN_CROSS,0.0019648402211367433,2.605279,12
2022-05-02 19:00:00+00:00,2022-05-03 08:00:00+00:00,1,-0.0017437670449689247,0.0006751408603917763,-2.4939,1.0877,MEAN_CROSS,0.002418907905360701,1.796183,13
2022-05-03 10:00:00+00:00,2022-05-03 22:00:00+00:00,-1,0.0016625274025225956,-0.00033313424497016797,2.3882,0.0449,MEAN_CROSS,0.0019956616474927635,1.481898,12
2022-05-05 14:00:00+00:00,2022-05-06 02:00:00+00:00,-1,0.0017630894496645233,-0.00038659480444880323,3.7299,-0.6286,MEAN_CROSS,0.0021496842541133265,1.596269,12
2022-05-06 13:00:00+00:00,2022-05-09 01:00:00+00:00,-1,0.0021339370449054984,0.00014643111379342155,2.4509,-0.3448,MEAN_CROSS,0.001987505931112077,1.475841,12
2022-05-09 17:00:00+00:00,2022-05-10 05:00:00+00:00,-1,0.0023184252373601444,9.142112671522984e-05,2.4018,-0.4343,MEAN_CROSS,0.0022270041106449145,1.653683,12
2022-05-10 08:00:00+00:00,2022-05-11 12:00:00+00:00,1,-0.0013964577503939868,0.0021325469115196505,-2.1789,2.8838,MEAN_CROSS,0.0035290046619136373,2.620496,28
2022-05-11 13:00:00+00:00,2022-05-12 02:00:00+00:00,1,-0.002415389116512179,0.0006640156731563263,-2.6221,0.9436,MEAN_CROSS,0.003079404789668505,2.286641,13
2022-05-13 13:00:00+00:00,2022-05-16 01:00:00+00:00,1,-0.002995564630527414,0.0012716882572956223,-3.4805,1.9765,MEAN_CROSS,0.0042672528878230365,3.168689,12
2022-05-16 02:00:00+00:00,2022-05-16 14:00:00+00:00,-1,0.0021263452904394242,-0.0011037511559568447,2.5463,-0.3564,MEAN_CROSS,0.003230096446396269,2.398539,12
2022-05-17 11:00:00+00:00,2022-05-17 23:00:00+00:00,-1,0.00225474174788709,-0.00038380935771686886,3.3531,-0.2072,MEAN_CROSS,0.002638551105603959,1.959281,12
2022-05-18 15:00:00+00:00,2022-05-19 03:00:00+00:00,-1,0.0022481387442153666,-0.0017836751896030956,2.2643,-1.8261,MEAN_CROSS,0.004031813933818462,2.993862,12
2022-05-24 10:00:00+00:00,2022-05-25 10:00:00+00:00,1,-0.0013821761744818861,0.0011036660438080714,-2.6423,0.6224,MEAN_CROSS,0.0024858422182899576,2.379648,24
2022-05-26 14:00:00+00:00,2022-05-27 10:00:00+00:00,1,-0.001482971555124668,-4.609113709896917e-05,-2.0209,0.5809,MEAN_CROSS,0.0014368804180256989,1.375497,20
2022-05-27 13:00:00+00:00,2022-05-30 01:00:00+00:00,-1,0.0008306532131621136,-0.00048554160449554296,2.3902,-0.3051,MEAN_CROSS,0.0013161948176576566,1.259967,12
2022-05-31 09:00:00+00:00,2022-05-31 22:00:00+00:00,-1,0.0007466241990574662,-0.0006712887590939465,2.365,-1.1926,MEAN_CROSS,0.0014179129581514127,1.35734,13
2022-06-01 04:00:00+00:00,2022-06-01 16:00:00+00:00,-1,0.0009593057128971516,2.723454962294536e-05,2.4821,0.3951,MEAN_CROSS,0.0009320711632742062,0.892253,12
2022-06-02 14:00:00+00:00,2022-06-03 07:00:00+00:00,1,-0.002635748253150494,0.0002810115019044046,-3.3878,0.7665,MEAN_CROSS,0.0029167597550548985,2.792156,17
2022-06-06 12:00:00+00:00,2022-06-07 00:00:00+00:00,1,-0.0015750727235819273,0.0005916085645802927,-2.7905,1.4479,MEAN_CROSS,0.00216668128816222,2.074121,12
2022-06-07 05:00:00+00:00,2022-06-07 17:00:00+00:00,-1,0.0010749006665697891,-0.0006705582391882681,2.148,-0.2649,MEAN_CROSS,0.0017454589057580572,1.670893,12
2022-06-08 17:00:00+00:00,2022-06-09 08:00:00+00:00,-1,0.0010290552887709525,-0.0006067931142673677,2.5011,-1.5358,MEAN_CROSS,0.0016358484030383202,1.565965,15
2022-06-09 12:00:00+00:00,2022-06-10 00:00:00+00:00,-1,0.0019872835185552606,0.0003642343590070096,4.3945,-0.4335,MEAN_CROSS,0.001623049159548251,3.583274,12
2022-06-10 18:00:00+00:00,2022-06-13 07:00:00+00:00,1,-0.001287464064292143,0.0007522850998403774,-2.3558,0.6292,MEAN_CROSS,0.0020397491641325205,4.503241,13
2022-06-13 12:00:00+00:00,2022-06-14 07:00:00+00:00,1,-0.0006010898728368019,0.0024646176014578858,-2.0214,3.4846,MEAN_CROSS,0.0030657074742946877,6.768292,19
2022-06-14 08:00:00+00:00,2022-06-14 20:00:00+00:00,-1,0.003211045571436144,-0.00027015147823017394,4.0798,-0.557,MEAN_CROSS,0.003481197049666318,7.685586,12
2022-06-15 19:00:00+00:00,2022-06-16 07:00:00+00:00,1,-0.002022579973202765,0.0073113820881341995,-2.1664,7.9089,MEAN_CROSS,0.009333962061336964,20.606984,12
2022-06-16 08:00:00+00:00,2022-06-16 20:00:00+00:00,-1,0.004003701485042255,0.0012200428495481308,2.354,0.1542,MEAN_CROSS,0.002783658635494124,6.145601,12
2022-06-21 10:00:00+00:00,2022-06-22 02:00:00+00:00,-1,0.0011102939649122456,0.002264920214167243,2.8767,3.629,STOP_LOSS,-0.0011546262492549975,-2.549117,16
2022-06-23 10:00:00+00:00,2022-06-24 11:00:00+00:00,1,-0.0011111744360011722,0.0010935343765016148,-2.0454,1.1821,MEAN_CROSS,0.002204708812502787,4.867429,25
2022-06-24 14:00:00+00:00,2022-06-27 05:00:00+00:00,1,-0.0031231731417451503,5.881451580147523e-05,-4.0949,0.6347,MEAN_CROSS,0.0031819876575466255,7.025009,15
2022-06-28 06:00:00+00:00,2022-06-28 18:00:00+00:00,1,-0.0015256604290370124,0.0003732697865410639,-2.1234,0.6474,MEAN_CROSS,0.0018989302155780763,4.192349,12
2022-06-29 09:00:00+00:00,2022-06-29 21:00:00+00:00,-1,0.0016626969784386825,0.00021300112199951204,2.2426,-0.097,MEAN_CROSS,0.0014496958564391704,1.960502,12
2022-06-30 15:00:00+00:00,2022-07-01 03:00:00+00:00,1,-0.0014433386026133643,0.0014862981156920085,-2.4517,2.9556,MEAN_CROSS,0.002929636718305373,3.961905,12
2022-07-01 04:00:00+00:00,2022-07-01 16:00:00+00:00,-1,0.0016603877433933878,-0.00047893517772212846,2.8291,-0.5073,MEAN_CROSS,0.0021393229211155163,2.893121,12
2022-07-04 14:00:00+00:00,2022-07-05 04:00:00+00:00,-1,0.001327751247977349,-0.00029105960096065253,2.5653,-0.1077,MEAN_CROSS,0.0016188108489380015,2.189205,14
2022-07-05 08:00:00+00:00,2022-07-05 20:00:00+00:00,-1,0.0030163428900346068,-0.0007129012114881483,4.4473,-1.0541,MEAN_CROSS,0.003729244101522755,5.043257,12
2022-07-07 10:00:00+00:00,2022-07-07 23:00:00+00:00,1,-0.002352856160968142,-0.00015579437455082168,-2.4921,0.74,MEAN_CROSS,0.0021970617864173203,2.971205,13
2022-07-08 01:00:00+00:00,2022-07-08 13:00:00+00:00,-1,0.0007971159243693737,-0.0018255916876850353,2.3043,-1.6391,MEAN_CROSS,0.002622707612054409,3.546828,12
2022-07-08 14:00:00+00:00,2022-07-11 02:00:00+00:00,1,-0.002939925225050488,0.0010595841823101138,-2.7909,1.2687,MEAN_CROSS,0.003999509407360602,5.408751,12
2022-07-12 15:00:00+00:00,2022-07-13 07:00:00+00:00,1,-0.0011198024168130871,0.0012260827214189973,-2.2858,1.8365,MEAN_CROSS,0.0023458851382320844,3.172466,16
2022-07-13 14:00:00+00:00,2022-07-14 05:00:00+00:00,1,-0.002842677474096278,0.0005917270305125788,-4.4823,0.8616,MEAN_CROSS,0.0034344045046088567,4.64453,15
2022-07-14 08:00:00+00:00,2022-07-14 20:00:00+00:00,-1,0.003085344272764745,9.535211532030186e-05,3.3639,-0.1886,MEAN_CROSS,0.0029899921574444432,4.043527,12
2022-07-18 14:00:00+00:00,2022-07-19 07:00:00+00:00,1,-0.0030782717783746083,0.0009958010435898723,-3.1839,1.3044,MEAN_CROSS,0.004074072821964481,5.509587,17
2022-07-19 14:00:00+00:00,2022-07-20 06:00:00+00:00,1,-0.0030004278949647967,0.00013716283442311017,-2.8139,0.6477,MEAN_CROSS,0.003137590729387907,2.934065,16
2022-07-20 17:00:00+00:00,2022-07-21 05:00:00+00:00,-1,0.0014342697582948594,-0.0004495947347364915,2.2516,-0.6979,MEAN_CROSS,0.0018838644930313508,1.761664,12
2022-07-21 08:00:00+00:00,2022-07-21 20:00:00+00:00,-1,0.0014189362021468366,-0.00037829042930370704,2.4609,-0.5501,MEAN_CROSS,0.0017972266314505436,1.680646,12
2022-07-22 16:00:00+00:00,2022-07-25 04:00:00+00:00,-1,0.0019730316669251957,1.4780327548979955e-05,3.603,-0.5509,MEAN_CROSS,0.0019582513393762158,1.831226,12
2022-07-25 07:00:00+00:00,2022-07-25 22:00:00+00:00,1,-0.0014871524569268768,0.0005364721859605348,-2.2808,0.5007,MEAN_CROSS,0.0020236246428874116,1.892359,15
2022-07-26 09:00:00+00:00,2022-07-26 21:00:00+00:00,-1,0.0018407149120743815,-0.00023463652021638026,3.1819,-0.4838,MEAN_CROSS,0.002075351432290762,1.94073,12
2022-07-27 18:00:00+00:00,2022-07-28 12:00:00+00:00,1,-0.0014328000747338976,0.0015463915646446447,-2.7366,2.7521,MEAN_CROSS,0.0029791916393785423,2.785941,18
2022-07-28 13:00:00+00:00,2022-07-29 01:00:00+00:00,-1,0.002346657102876626,-6.810634216791733e-05,3.4733,0.065,MEAN_CROSS,0.002414763445044543,2.258126,12
2022-08-01 07:00:00+00:00,2022-08-01 19:00:00+00:00,1,-0.0012492812666146103,0.0005645965203889824,-2.3308,0.519,MEAN_CROSS,0.0018138777870035927,1.696217,12
2022-08-02 16:00:00+00:00,2022-08-03 10:00:00+00:00,1,-0.00177102364158932,0.00012816132673398872,-2.6912,0.5528,MEAN_CROSS,0.0018991849683233086,1.775991,18
2022-08-03 12:00:00+00:00,2022-08-04 05:00:00+00:00,1,-0.0015237589915921834,0.00010751471256198464,-2.0499,0.7549,MEAN_CROSS,0.001631273704154168,1.525458,17
2022-08-04 13:00:00+00:00,2022-08-05 01:00:00+00:00,-1,0.0016539191973961032,0.00015270996094551847,3.4396,-0.2697,MEAN_CROSS,0.0015012092364505847,1.403831,12
2022-08-05 12:00:00+00:00,2022-08-08 00:00:00+00:00,-1,0.0026612917827218974,0.00020380934263075634,3.4297,-0.186,MEAN_CROSS,0.002457482440091141,2.298073,12
2022-08-08 12:00:00+00:00,2022-08-09 00:00:00+00:00,1,-0.0027919040567019326,0.00012798047634976495,-3.8381,0.5697,MEAN_CROSS,0.0029198845330516976,3.906122,12
2022-08-10 08:00:00+00:00,2022-08-11 04:00:00+00:00,1,-0.0007664056770695371,0.00030191443697247244,-2.1413,0.6644,MEAN_CROSS,0.0010683201140420095,1.429162,20
2022-08-12 08:00:00+00:00,2022-08-12 20:00:00+00:00,-1,0.0008961441340782361,0.0001306692686030564,2.4163,0.1664,MEAN_CROSS,0.0007654748654751797,1.024026,12
2022-08-15 07:00:00+00:00,2022-08-15 19:00:00+00:00,-1,0.0025769193631846044,-8.720523999528051e-05,4.061,-0.6174,MEAN_CROSS,0.002664124603179885,3.563975,12
2022-08-17 07:00:00+00:00,2022-08-17 19:00:00+00:00,-1,0.0011186717918010292,9.5007608896025e-05,2.4395,0.1272,MEAN_CROSS,0.0010236641829050042,1.369423,12
2022-08-18 08:00:00+00:00,2022-08-19 00:00:00+00:00,1,-0.0015369273369614245,0.0005080544543651921,-2.8021,0.5584,MEAN_CROSS,0.0020449817913266166,2.735707,16
2022-08-19 16:00:00+00:00,2022-08-22 06:00:00+00:00,1,-0.0011149574382365302,0.0005264292354877353,-2.1567,0.5909,MEAN_CROSS,0.0016413866737242655,2.195791,14
2022-08-22 13:00:00+00:00,2022-08-23 01:00:00+00:00,-1,0.002473317383631657,-0.0007654763130222619,4.0522,-1.5799,MEAN_CROSS,0.003238793696653919,4.332748,12
2022-08-23 07:00:00+00:00,2022-08-23 22:00:00+00:00,1,-0.0017205976266370104,2.3992658169214032e-05,-2.673,0.6055,MEAN_CROSS,0.0017445902848062245,2.333853,15
2022-08-25 07:00:00+00:00,2022-08-25 22:00:00+00:00,1,-0.0015918667054094504,0.0003388043215774017,-2.1647,1.0332,MEAN_CROSS,0.0019306710269868521,2.582786,15
2022-08-26 14:00:00+00:00,2022-08-29 02:00:00+00:00,-1,0.003504291081299016,2.6663425149120457e-05,6.0718,-0.5482,MEAN_CROSS,0.0034776276561498953,5.643886,12
2022-08-29 12:00:00+00:00,2022-08-30 01:00:00+00:00,1,-0.0019445695520425854,0.0005426784568463017,-2.191,0.7215,MEAN_CROSS,0.002487248008888887,4.036586,13
2022-08-30 07:00:00+00:00,2022-08-31 13:00:00+00:00,1,-0.001965569017621016,0.001054262865575195,-2.1464,0.6411,MEAN_CROSS,0.003019831883196211,4.900923,30
2022-09-01 06:00:00+00:00,2022-09-01 18:00:00+00:00,-1,0.001377353472768239,0.00014875598856201044,2.0329,-0.103,MEAN_CROSS,0.0012285974842062286,1.993906,12
2022-09-02 14:00:00+00:00,2022-09-05 05:00:00+00:00,1,-0.0021588459664467763,0.0005417158705499636,-2.1088,0.7397,MEAN_CROSS,0.00270056183699674,4.382776,15
2022-09-06 00:00:00+00:00,2022-09-06 13:00:00+00:00,1,-0.0014589169426160176,0.00017224225542167293,-3.9466,0.5809,MEAN_CROSS,0.0016311591980376905,2.647229,13
2022-09-06 17:00:00+00:00,2022-09-07 05:00:00+00:00,-1,0.0009258833699423707,0.0001227160591330545,2.4034,0.0658,MEAN_CROSS,0.0008031673108093162,1.30347,12
2022-09-07 09:00:00+00:00,2022-09-08 07:00:00+00:00,1,-0.001114063583564473,0.0007524296696909127,-2.4205,1.0866,MEAN_CROSS,0.0018664932532553857,3.029155,22
2022-09-08 12:00:00+00:00,2022-09-09 00:00:00+00:00,-1,0.0021878523335115974,-0.001196874383500468,3.2789,-1.4141,MEAN_CROSS,0.0033847267170120654,5.493116,12
2022-09-09 12:00:00+00:00,2022-09-12 00:00:00+00:00,-1,0.0015210892374476481,2.1201357890632266e-05,2.069,0.179,MEAN_CROSS,0.0014998878795570159,2.434187,12
2022-09-13 12:00:00+00:00,2022-09-14 00:00:00+00:00,-1,0.0029898449485005196,0.00032111093456776985,6.1226,-0.4459,MEAN_CROSS,0.0026687340139327498,4.331122,12
2022-09-15 09:00:00+00:00,2022-09-15 21:00:00+00:00,-1,0.0018940806719756065,0.00043604047883483155,2.8896,0.1379,MEAN_CROSS,0.001458040193140775,2.171822,12
2022-09-16 15:00:00+00:00,2022-09-19 06:00:00+00:00,1,-0.0016492402073200463,0.0005157552212998739,-3.1663,0.5383,MEAN_CROSS,0.0021649954286199202,3.224867,15
2022-09-20 07:00:00+00:00,2022-09-20 19:00:00+00:00,-1,0.0013896765807395184,0.0005459825443721034,2.1015,0.1642,MEAN_CROSS,0.000843694036367415,1.256724,12
2022-09-21 07:00:00+00:00,2022-09-21 19:00:00+00:00,1,-0.0012482599094573166,0.0035713744797188918,-2.2952,3.1142,MEAN_CROSS,0.004819634389176208,7.179082,12
2022-09-21 20:00:00+00:00,2022-09-22 08:00:00+00:00,-1,0.003345641333436622,-0.005644017859623651,2.5734,-3.3687,MEAN_CROSS,0.008989659193060273,13.390538,12
2022-09-23 13:00:00+00:00,2022-09-26 01:00:00+00:00,-1,0.003937069782843916,0.0007111235217167611,2.1396,0.2151,MEAN_CROSS,0.003225946261127155,4.805205,12
2022-09-26 08:00:00+00:00,2022-09-27 08:00:00+00:00,1,-0.0021948377653255857,0.002566174969843016,-3.1337,1.7522,MEAN_CROSS,0.004761012735168602,7.091762,24
2022-09-28 12:00:00+00:00,2022-09-29 00:00:00+00:00,1,-0.002521266983241177,0.001462279273561462,-2.971,1.3825,MEAN_CROSS,0.003983546256802639,5.933688,12
2022-09-30 07:00:00+00:00,2022-09-30 20:00:00+00:00,1,-0.0021461433333612723,0.0019134214858467224,-2.9209,1.3613,MEAN_CROSS,0.004059564819207995,6.046921,13
2022-10-03 01:00:00+00:00,2022-10-03 22:00:00+00:00,1,-0.0032423233978159383,0.0006922564207546555,-3.0596,0.9453,MEAN_CROSS,0.003934579818570594,5.86075,21
2022-10-04 08:00:00+00:00,2022-10-04 20:00:00+00:00,-1,0.0021524063154264583,-0.0011902336919520362,2.7431,-0.216,MEAN_CROSS,0.0033426400073784945,4.979026,12
2022-10-05 14:00:00+00:00,2022-10-06 02:00:00+00:00,-1,0.00412166242400025,-0.0008862333012418233,2.5683,-0.9595,MEAN_CROSS,0.005007895725242073,3.601757,12
2022-10-07 09:00:00+00:00,2022-10-09 22:00:00+00:00,1,-0.002074296265459963,0.000889766960515237,-2.5566,0.9143,MEAN_CROSS,0.0029640632259751998,2.1318,12
2022-10-11 01:00:00+00:00,2022-10-11 13:00:00+00:00,-1,0.0020455816129282267,0.0007427304482282571,2.0024,0.4302,MEAN_CROSS,0.0013028511646999696,0.937031,12
2022-10-11 15:00:00+00:00,2022-10-12 07:00:00+00:00,1,-0.003450721491750852,0.0017969523003462662,-3.122,1.1341,MEAN_CROSS,0.005247673792097118,3.774209,16
2022-10-13 12:00:00+00:00,2022-10-14 00:00:00+00:00,-1,0.00518925616167254,0.000422775554092536,6.068,0.4039,MEAN_CROSS,0.004766480607580004,3.428127,12
2022-10-14 14:00:00+00:00,2022-10-17 02:00:00+00:00,-1,0.005062492390248363,-0.0015511290445749948,2.5011,-1.3639,MEAN_CROSS,0.006613621434823358,4.756619,12
2022-10-18 01:00:00+00:00,2022-10-18 13:00:00+00:00,-1,0.0009771394348516704,-0.0003399371772265791,2.1303,-0.0307,MEAN_CROSS,0.0013170766120782496,0.947262,12
2022-10-18 15:00:00+00:00,2022-10-19 03:00:00+00:00,-1,0.002557381972766448,5.332725607842814e-05,2.2364,-0.0824,MEAN_CROSS,0.00250405471668802,1.800955,12
2022-10-19 09:00:00+00:00,2022-10-19 22:00:00+00:00,1,-0.0028368914396931233,0.0002416274930427953,-2.3734,0.6264,MEAN_CROSS,0.0030785189327359186,2.214119,13
2022-10-20 01:00:00+00:00,2022-10-20 13:00:00+00:00,-1,0.0012352704765523637,-0.0015782921600767663,2.0953,-1.3249,MEAN_CROSS,0.00281356263662913,2.023558,12
2022-10-20 15:00:00+00:00,2022-10-21 03:00:00+00:00,-1,0.001588051510263755,-4.212489341326453e-05,2.26,-0.076,MEAN_CROSS,0.0016301764036770194,1.172448,12
2022-10-21 13:00:00+00:00,2022-10-24 01:00:00+00:00,1,-0.0032158775740059875,0.0008704692092765809,-3.156,1.1215,MEAN_CROSS,0.004086346783282568,2.938964,12
2022-10-25 12:00:00+00:00,2022-10-26 00:00:00+00:00,1,-0.0017319762107017578,0.0006467074420710706,-2.9209,1.11,MEAN_CROSS,0.0023786836527728283,3.656655,12
2022-10-26 13:00:00+00:00,2022-10-27 01:00:00+00:00,-1,0.0018860264934007498,0.0002872342348982926,2.5241,0.3528,MEAN_CROSS,0.0015987922585024572,2.457759,12
2022-10-27 12:00:00+00:00,2022-10-28 05:00:00+00:00,1,-0.0013468922943876693,0.0006385233742305374,-2.2779,0.7581,MEAN_CROSS,0.0019854156686182067,3.0521,17
2022-10-31 14:00:00+00:00,2022-11-01 07:00:00+00:00,1,-0.00196207474715393,0.0004971948114950164,-4.6048,1.224,MEAN_CROSS,0.0024592695586489466,3.780537,17
2022-11-01 08:00:00+00:00,2022-11-01 20:00:00+00:00,-1,0.0011200909835058503,9.384668197232049e-05,2.0306,0.2464,MEAN_CROSS,0.0010262443015335299,1.577604,12
2022-11-02 19:00:00+00:00,2022-11-03 07:00:00+00:00,-1,0.002407167255071063,1.8131122596631855e-06,2.2664,-0.3908,MEAN_CROSS,0.0024053541428114,3.697655,12
2022-11-03 14:00:00+00:00,2022-11-04 12:00:00+00:00,1,-0.0024016676086153765,-0.004023553443960215,-3.8806,-3.9147,STOP_LOSS,-0.0016218858353448384,-2.49326,22
2022-11-06 22:00:00+00:00,2022-11-07 15:00:00+00:00,-1,0.0017933291531934126,-5.321761788434909e-05,2.8466,0.0602,MEAN_CROSS,0.0018465467710777617,2.838622,17
2022-11-08 11:00:00+00:00,2022-11-09 00:00:00+00:00,1,-0.0011639444391221554,0.0002735212083873062,-2.7125,0.5865,MEAN_CROSS,0.0014374656475094616,2.209758,13
2022-11-09 15:00:00+00:00,2022-11-10 03:00:00+00:00,-1,0.0021309103609115088,0.0003553286946929024,2.3307,-0.3922,MEAN_CROSS,0.0017755816662186064,2.729531,12
2022-11-10 08:00:00+00:00,2022-11-11 07:00:00+00:00,1,-0.0010946710823593886,0.00016129947103449283,-2.2203,0.5668,MEAN_CROSS,0.0012559705533938814,1.930753,23
2022-11-11 09:00:00+00:00,2022-11-11 21:00:00+00:00,-1,0.0017087643697619725,2.580647548922066e-05,2.4266,-0.4183,MEAN_CROSS,0.0016829578942727519,2.587144,12
2022-11-16 14:00:00+00:00,2022-11-17 02:00:00+00:00,-1,0.0018619729368057891,0.00023482734086732737,2.5961,-0.0098,MEAN_CROSS,0.0016271455959384618,1.27104,12
2022-11-17 14:00:00+00:00,2022-11-18 04:00:00+00:00,1,-0.0025757010480584874,0.00024393987219717417,-3.9142,0.7044,MEAN_CROSS,0.0028196409202556616,2.202553,14
2022-11-18 08:00:00+00:00,2022-11-18 20:00:00+00:00,-1,0.0016727766189731375,-0.00047095979270395105,2.2651,-0.3042,MEAN_CROSS,0.0021437364116770885,1.674573,12
2022-11-21 15:00:00+00:00,2022-11-22 03:00:00+00:00,-1,0.002961153516032655,9.498567708599026e-06,2.9571,-0.1205,MEAN_CROSS,0.002951654948324056,2.305676,12
2022-11-23 05:00:00+00:00,2022-11-23 17:00:00+00:00,-1,0.0013048599287218687,0.000734348827954312,2.372,0.308,MEAN_CROSS,0.0005705111007675567,0.445653,12
2022-11-25 08:00:00+00:00,2022-11-25 20:00:00+00:00,-1,0.0012900316392383537,-0.00015440928791010666,3.074,-0.2822,MEAN_CROSS,0.0014444409271484604,1.12832,12
2022-11-27 23:00:00+00:00,2022-11-28 11:00:00+00:00,-1,0.001294352849907865,-0.0006320106949860849,2.0367,-1.3591,MEAN_CROSS,0.0019263635448939498,1.504773,12
2022-11-28 16:00:00+00:00,2022-11-29 10:00:00+00:00,1,-0.001460340382333336,0.001339283295680005,-2.0068,1.3629,MEAN_CROSS,0.002799623678013341,2.186917,18
2022-11-29 12:00:00+00:00,2022-11-30 00:00:00+00:00,-1,0.0030339401235428554,0.00040407796111441296,3.0296,-0.0543,MEAN_CROSS,0.0026298621624284424,2.054308,12
2022-12-01 14:00:00+00:00,2022-12-02 02:00:00+00:00,-1,0.002471298195508731,-9.100004979112342e-06,2.3633,-0.1787,MEAN_CROSS,0.0024803982004878433,1.937555,12
2022-12-02 14:00:00+00:00,2022-12-05 08:00:00+00:00,1,-0.0016265636334683586,0.001386644456094266,-2.7469,1.6081,MEAN_CROSS,0.0030132080895626245,3.654834,18
2022-12-05 14:00:00+00:00,2022-12-06 02:00:00+00:00,-1,0.0020659938365793495,-0.0003033133727201598,2.2048,-0.529,MEAN_CROSS,0.0023693072092995093,2.873822,12
2022-12-07 15:00:00+00:00,2022-12-08 03:00:00+00:00,1,-0.0031127358186967546,0.0005934352300672741,-3.9387,0.5278,MEAN_CROSS,0.0037061710487640287,4.495354,12
2022-12-08 12:00:00+00:00,2022-12-09 00:00:00+00:00,1,-0.0022736910579634895,0.0006157493763820909,-2.3184,0.7192,MEAN_CROSS,0.0028894404343455804,3.504711,12
2022-12-09 08:00:00+00:00,2022-12-09 20:00:00+00:00,-1,0.0022087418507420464,0.0006158439321551912,2.2651,0.303,MEAN_CROSS,0.0015928979185868553,1.932086,12
2022-12-12 16:00:00+00:00,2022-12-13 13:00:00+00:00,1,-0.0017116646942247904,0.000708663617246863,-2.5975,1.0563,MEAN_CROSS,0.0024203283114716534,2.935707,21
2022-12-14 10:00:00+00:00,2022-12-14 22:00:00+00:00,-1,0.001606928835871435,-0.0007018557245320745,2.9172,-1.1457,MEAN_CROSS,0.0023087845604035095,2.800412,12
2022-12-15 12:00:00+00:00,2022-12-16 00:00:00+00:00,-1,0.002093144583735218,-0.0004910669713353855,2.6781,-0.943,MEAN_CROSS,0.0025842115550706035,3.134487,12
2022-12-19 01:00:00+00:00,2022-12-19 15:00:00+00:00,1,-0.0013937640006667085,0.0014238954653363889,-2.0201,2.7475,MEAN_CROSS,0.0028176594660030974,3.417645,14
2022-12-19 19:00:00+00:00,2022-12-20 08:00:00+00:00,-1,0.0012736957180963238,-0.0010618515870706169,2.3595,-1.4509,MEAN_CROSS,0.0023355473051669406,2.832873,13
2022-12-20 09:00:00+00:00,2022-12-21 03:00:00+00:00,1,-0.0017710299629469795,0.0004211508646588813,-2.2129,0.6215,MEAN_CROSS,0.0021921808276058607,2.658979,18
2022-12-22 17:00:00+00:00,2022-12-23 05:00:00+00:00,-1,0.0011361705890443607,-3.939418664200556e-05,2.0262,0.0761,MEAN_CROSS,0.0011755647756863663,1.927987,12
2022-12-23 15:00:00+00:00,2022-12-26 03:00:00+00:00,1,-0.0028401417361538783,2.4593647046988742e-05,-3.6641,0.5491,MEAN_CROSS,0.002864735383200867,4.698315,12
2022-12-26 23:00:00+00:00,2022-12-27 11:00:00+00:00,1,-0.001610200789669891,0.00017173232234513058,-3.4848,0.8631,MEAN_CROSS,0.0017819331120150217,2.922463,12
2022-12-27 13:00:00+00:00,2022-12-28 01:00:00+00:00,1,-0.0018897973904821175,0.0003668096674035448,-3.9439,0.8233,MEAN_CROSS,0.0022566070578856623,3.700953,12
2022-12-28 14:00:00+00:00,2022-12-29 02:00:00+00:00,-1,0.0021086380795786175,-7.314109175438066e-05,2.9404,-0.6774,MEAN_CROSS,0.002181779171332998,3.578231,12
2022-12-29 14:00:00+00:00,2022-12-30 09:00:00+00:00,1,-0.0017275538345170594,0.0006927605788644708,-2.2803,1.2681,MEAN_CROSS,0.00242031441338153,3.969441,19
2022-12-30 18:00:00+00:00,2023-01-02 08:00:00+00:00,-1,0.0010759657702114067,-0.0005414819268780846,2.0943,-0.6821,MEAN_CROSS,0.0016174476970894913,2.652698,13
2023-01-03 01:00:00+00:00,2023-01-03 14:00:00+00:00,-1,0.002569050078863211,-0.00015979874107519,3.6974,-0.1291,MEAN_CROSS,0.002728848819938401,4.475454,13
2023-01-04 08:00:00+00:00,2023-01-04 23:00:00+00:00,1,-0.0029220947597542457,-8.94807955564847e-06,-2.3331,0.5615,MEAN_CROSS,0.0029131466801985972,4.777712,15
2023-01-06 10:00:00+00:00,2023-01-08 22:00:00+00:00,-1,0.0017226030049038998,-0.00041509291449115526,2.1278,-0.0552,MEAN_CROSS,0.002137695919395055,3.505932,12
2023-01-10 15:00:00+00:00,2023-01-11 03:00:00+00:00,-1,0.0019205241869222345,1.544819231291683e-05,2.5726,-0.3394,MEAN_CROSS,0.0019050759946093176,3.124423,12
2023-01-11 12:00:00+00:00,2023-01-12 00:00:00+00:00,1,-0.001604414862680148,8.149920237154884e-05,-2.5905,0.6251,MEAN_CROSS,0.0016859140650516968,2.519738,12
2023-01-12 12:00:00+00:00,2023-01-13 00:00:00+00:00,1,-0.001870380494853996,0.0005932196333511275,-2.0443,1.0959,MEAN_CROSS,0.0024636001282051234,3.682055,12
2023-01-13 08:00:00+00:00,2023-01-16 08:00:00+00:00,1,-0.0021139292055607495,0.0011215569584622775,-2.3718,1.0007,MEAN_CROSS,0.003235486164023027,4.835702,24
2023-01-17 09:00:00+00:00,2023-01-17 21:00:00+00:00,-1,0.0016506869917503053,-0.00014777133325327707,2.7906,-0.4773,MEAN_CROSS,0.0017984583250035824,2.687945,12
2023-01-18 08:00:00+00:00,2023-01-18 21:00:00+00:00,-1,0.0028021693234808742,0.0009668549334980181,3.8335,0.1958,MEAN_CROSS,0.0018353143899828561,2.743029,13
2023-01-19 13:00:00+00:00,2023-01-22 22:00:00+00:00,1,-0.002348907863010785,-9.379960377187135e-05,-3.0937,0.816,MEAN_CROSS,0.0022551082592389138,3.370446,33
2023-01-24 12:00:00+00:00,2023-01-25 08:00:00+00:00,1,-0.0018440491376702228,0.00028860353865300947,-3.0152,0.6938,MEAN_CROSS,0.0021326526763232323,3.187426,20
2023-01-25 09:00:00+00:00,2023-01-25 21:00:00+00:00,-1,0.0011154451301129686,0.0005405890673222391,2.0524,0.1862,MEAN_CROSS,0.0005748560627907295,0.85917,12
2023-01-26 12:00:00+00:00,2023-01-27 03:00:00+00:00,1,-0.001773318189176143,0.00039556847864519185,-2.4019,1.1283,MEAN_CROSS,0.0021688866678213348,3.241581,15
2023-01-30 03:00:00+00:00,2023-01-30 15:00:00+00:00,-1,0.0008407337296358897,-0.0003146110848375461,2.3608,-0.6741,MEAN_CROSS,0.0011553448144734357,1.726759,12
2023-01-31 13:00:00+00:00,2023-02-01 02:00:00+00:00,1,-0.0009410940348517638,0.0005062769028816305,-2.966,0.5041,MEAN_CROSS,0.0014473709377333943,3.02817,13
2023-02-01 15:00:00+00:00,2023-02-02 03:00:00+00:00,-1,0.001996826626388337,8.464440227096137e-05,2.4107,-0.1959,MEAN_CROSS,0.0019121822241173758,4.000642,12
2023-02-02 08:00:00+00:00,2023-02-03 02:00:00+00:00,1,-0.0012169121549450157,0.0005846596118884717,-2.147,1.2188,MEAN_CROSS,0.0018015717668334874,3.769224,18
2023-02-03 08:00:00+00:00,2023-02-03 20:00:00+00:00,-1,0.0011701902772086603,-0.00015029529916732454,2.2997,-0.0682,MEAN_CROSS,0.0013204855763759848,2.762702,12
2023-02-06 09:00:00+00:00,2023-02-06 21:00:00+00:00,-1,0.002576717046661736,9.648905693704357e-05,3.0542,0.1678,MEAN_CROSS,0.0024802279897246926,5.189099,12
2023-02-07 13:00:00+00:00,2023-02-08 01:00:00+00:00,-1,0.0018224100897608064,-2.474901791416073e-05,2.6076,-0.0506,MEAN_CROSS,0.0018471591076749672,3.864601,12
2023-02-09 07:00:00+00:00,2023-02-10 02:00:00+00:00,1,-0.0011040151988411795,0.00034188578335758724,-2.5604,0.5731,MEAN_CROSS,0.0014459009821987667,3.025094,19
2023-02-10 08:00:00+00:00,2023-02-12 23:00:00+00:00,1,-0.0018594550212334138,0.0005573636772954194,-3.3113,0.9052,MEAN_CROSS,0.002416818698528833,5.056435,15
2023-02-14 19:00:00+00:00,2023-02-15 07:00:00+00:00,1,-0.000916343432246558,0.0009413541746219334,-2.1043,1.9858,MEAN_CROSS,0.0018576976068684914,3.88665,12
2023-02-15 08:00:00+00:00,2023-02-15 20:00:00+00:00,-1,0.0011551446892450468,-0.0005076021420344912,2.4497,-0.8236,MEAN_CROSS,0.001662746831279538,3.478776,12
2023-02-16 14:00:00+00:00,2023-02-17 02:00:00+00:00,-1,0.0020520947246456256,0.0002090741508039562,2.4353,-0.1027,MEAN_CROSS,0.0018430205738416694,3.855943,12
2023-02-17 09:00:00+00:00,2023-02-20 00:00:00+00:00,1,-0.0008899552528028876,0.000659949700090201,-2.1296,0.9875,MEAN_CROSS,0.0015499049528930886,3.24269,15
2023-02-20 13:00:00+00:00,2023-02-21 01:00:00+00:00,1,-0.0008882746729420576,0.0009711649351009655,-2.4004,3.1302,MEAN_CROSS,0.001859439608043023,4.519838,12
2023-02-21 09:00:00+00:00,2023-02-22 01:00:00+00:00,1,-0.0013782733868752395,0.0008398081392300139,-3.77,0.779,MEAN_CROSS,0.0022180815261052533,5.391607,16
2023-02-23 15:00:00+00:00,2023-02-24 03:00:00+00:00,-1,0.0006529547805051994,-0.00016670703787124985,2.1064,0.1056,MEAN_CROSS,0.0008196618183764492,1.992395,12
2023-02-24 08:00:00+00:00,2023-02-24 20:00:00+00:00,-1,0.0009503530322207965,-0.0010971668759932607,2.2728,-1.4515,MEAN_CROSS,0.002047519908214057,4.977014,12
2023-02-28 10:00:00+00:00,2023-03-01 00:00:00+00:00,1,-0.0014232455307645608,0.0005915304719645853,-3.3673,0.5348,MEAN_CROSS,0.002014776002729146,4.897422,14
2023-03-01 13:00:00+00:00,2023-03-02 02:00:00+00:00,-1,0.001636042516628411,-0.0003434776462066802,2.0889,-0.2892,MEAN_CROSS,0.001979520162835091,4.811724,13
2023-03-03 12:00:00+00:00,2023-03-06 00:00:00+00:00,-1,0.0019250971456076238,0.00018823172016158018,4.8943,0.0343,MEAN_CROSS,0.0017368654254460436,4.22189,12
2023-03-07 10:00:00+00:00,2023-03-08 13:00:00+00:00,1,-0.000812420231254829,0.0009179309533402513,-2.6983,0.8795,MEAN_CROSS,0.0017303511845950803,4.206056,27
2023-03-08 15:00:00+00:00,2023-03-09 03:00:00+00:00,-1,0.003091942321994945,0.00048792026412824985,4.0416,0.1158,MEAN_CROSS,0.002604022057866695,6.329733,12
2023-03-09 20:00:00+00:00,2023-03-10 08:00:00+00:00,-1,0.0032171280231856336,0.0009444649779826175,2.7066,0.2051,MEAN_CROSS,0.002272663045203016,5.524282,12
2023-03-10 13:00:00+00:00,2023-03-13 08:00:00+00:00,1,-0.0018750835993308623,0.000764736923625331,-2.4404,0.5413,MEAN_CROSS,0.0026398205229561933,2.467359,20
2023-03-13 09:00:00+00:00,2023-03-13 21:00:00+00:00,-1,0.0036203866744369817,0.0005164465505973492,2.8912,0.2608,MEAN_CROSS,0.0031039401238396325,2.901157,12
2023-03-14 12:00:00+00:00,2023-03-15 00:00:00+00:00,1,-0.0031751147286582793,0.00039316424999980004,-2.2061,0.6358,MEAN_CROSS,0.0035682789786580793,3.33516,12
2023-03-15 17:00:00+00:00,2023-03-16 06:00:00+00:00,1,-0.003922161921414702,0.0004832789520992087,-2.835,0.5689,MEAN_CROSS,0.0044054408735139106,4.11763,13
2023-03-17 13:00:00+00:00,2023-03-20 02:00:00+00:00,-1,0.001982771373914227,0.00026855299848349556,2.7974,0.3035,MEAN_CROSS,0.0017142183754307316,1.602227,13
2023-03-21 14:00:00+00:00,2023-03-22 02:00:00+00:00,-1,0.0036036163556928402,-0.00019807074263800128,4.7941,-0.6625,MEAN_CROSS,0.0038016870983308415,3.55332,12
2023-03-23 02:00:00+00:00,2023-03-23 15:00:00+00:00,1,-0.0025330903706826113,0.0005391807014776262,-3.9105,0.5645,MEAN_CROSS,0.0030722710721602375,2.871557,13
2023-03-23 18:00:00+00:00,2023-03-24 06:00:00+00:00,-1,0.0025706108608898326,-0.0009154833191616918,2.3494,-0.9376,MEAN_CROSS,0.0034860941800515244,3.258345,12
2023-03-24 09:00:00+00:00,2023-03-26 21:00:00+00:00,-1,0.002283189563504706,-0.0004105892219055107,2.1709,-0.6895,MEAN_CROSS,0.002693778785410217,2.517792,12
2023-03-27 16:00:00+00:00,2023-03-28 08:00:00+00:00,1,-0.0020393204440394275,0.001936478245119555,-2.0442,3.3463,MEAN_CROSS,0.0039757986891589825,3.716057,16
2023-03-28 09:00:00+00:00,2023-03-28 21:00:00+00:00,-1,0.0013461822086797692,-0.0007793166609342261,2.084,-0.0289,MEAN_CROSS,0.0021254988696139954,1.986638,12
2023-03-31 06:00:00+00:00,2023-03-31 18:00:00+00:00,-1,0.0009716704128531761,-2.9461230308891473e-05,2.141,-0.0363,MEAN_CROSS,0.0010011316431620676,1.635333,12
2023-03-31 19:00:00+00:00,2023-04-03 12:00:00+00:00,1,-0.0013178341284293404,0.0001576197426381709,-2.5282,0.6762,MEAN_CROSS,0.0014754538710675114,2.410132,17
2023-04-03 20:00:00+00:00,2023-04-04 08:00:00+00:00,-1,0.0009194772008833674,-5.2417099919432886e-06,2.2644,0.4764,MEAN_CROSS,0.0009247189108753107,1.510514,12
2023-04-04 12:00:00+00:00,2023-04-05 00:00:00+00:00,-1,0.001327811182688321,-0.00028964414219800894,2.6549,-0.7032,MEAN_CROSS,0.00161745532488633,2.642089,12
2023-04-06 13:00:00+00:00,2023-04-07 01:00:00+00:00,-1,0.0017083057526994239,-4.8600218298222586e-05,2.3056,-0.5173,MEAN_CROSS,0.0017569059709976464,2.869879,12
2023-04-10 06:00:00+00:00,2023-04-11 06:00:00+00:00,1,-0.001142829074678553,0.0006337208113469384,-2.7605,1.6764,MEAN_CROSS,0.0017765498860254914,2.901967,24
2023-04-11 07:00:00+00:00,2023-04-11 19:00:00+00:00,-1,0.0010978058033453975,-0.0002066848326051085,2.4223,-0.2093,MEAN_CROSS,0.001304490635950506,2.130866,12
2023-04-12 11:00:00+00:00,2023-04-12 23:00:00+00:00,-1,0.0012780682843882563,2.0840985045622595e-05,2.3271,-0.0473,MEAN_CROSS,0.0012572272993426337,2.053662,12
2023-04-13 15:00:00+00:00,2023-04-14 05:00:00+00:00,1,-0.0019568455743018687,2.7842122144461356e-05,-3.0732,0.6621,MEAN_CROSS,0.00198468769644633,3.241957,14
2023-04-14 16:00:00+00:00,2023-04-17 04:00:00+00:00,-1,0.0011296026576230744,-0.00014900691286334755,2.1986,-0.1479,MEAN_CROSS,0.001278609570486422,2.088589,12
2023-04-18 05:00:00+00:00,2023-04-18 17:00:00+00:00,1,-0.0009308482064722678,0.0004560006097679148,-2.7516,1.0298,MEAN_CROSS,0.0013868488162401826,2.265397,12
2023-04-19 11:00:00+00:00,2023-04-19 23:00:00+00:00,-1,0.001118795989250132,0.0006198358448410435,2.3068,0.4362,MEAN_CROSS,0.0004989601444090885,1.242561,12
2023-04-20 14:00:00+00:00,2023-04-21 02:00:00+00:00,1,-0.0011169706885851838,0.000716202756480544,-4.5281,0.6521,MEAN_CROSS,0.0018331734450657278,4.565154,12
2023-04-24 08:00:00+00:00,2023-04-25 02:00:00+00:00,1,-0.00034580187814425845,0.0006140729822999846,-2.0478,1.513,MEAN_CROSS,0.0009598748604442431,2.390378,18
2023-04-25 07:00:00+00:00,2023-04-25 19:00:00+00:00,-1,0.001970997970492272,-8.665991805045792e-06,5.9944,-0.9929,MEAN_CROSS,0.0019796639622973178,4.92996,12
2023-04-25 22:00:00+00:00,2023-04-26 13:00:00+00:00,1,-0.00077524918626104,0.0012565321933435403,-2.1323,1.239,MEAN_CROSS,0.0020317813796045803,5.059748,15
2023-04-26 15:00:00+00:00,2023-04-27 23:00:00+00:00,1,-0.0018846946496862138,0.00037204046894001586,-3.249,0.9568,MEAN_CROSS,0.0022567351186262297,5.619951,32
2023-04-28 06:00:00+00:00,2023-04-28 18:00:00+00:00,-1,0.0013435725833791379,-0.0023395278856860324,2.6771,-1.512,MEAN_CROSS,0.0036831004690651703,9.17203,12
2023-05-02 14:00:00+00:00,2023-05-03 02:00:00+00:00,-1,0.004003310870613674,0.00019305895343102453,3.8112,-0.4275,MEAN_CROSS,0.00381025191718265,9.488676,12
2023-05-04 02:00:00+00:00,2023-05-05 05:00:00+00:00,1,-0.0012965326407711197,0.0001058451705328034,-2.3929,0.8893,MEAN_CROSS,0.0014023778113039231,3.492343,27
2023-05-05 08:00:00+00:00,2023-05-07 21:00:00+00:00,1,-0.0025237438525851363,-0.0006909500543805791,-2.1006,0.8281,MEAN_CROSS,0.0018327937982045572,4.564209,13
2023-05-08 14:00:00+00:00,2023-05-09 02:00:00+00:00,-1,0.0010884690538619513,-0.0002240445895344001,2.2268,-0.1276,MEAN_CROSS,0.0013125136433963513,3.268555,12
2023-05-10 12:00:00+00:00,2023-05-11 01:00:00+00:00,1,-0.0016418879723428814,0.00040537391813166845,-4.0296,0.8301,MEAN_CROSS,0.00204726189047455,2.946349,13
2023-05-11 11:00:00+00:00,2023-05-11 23:00:00+00:00,-1,0.0018532705904668045,0.00045399710126048376,3.4167,-0.1251,MEAN_CROSS,0.0013992734892063208,2.013787,12
2023-05-15 05:00:00+00:00,2023-05-16 00:00:00+00:00,1,-0.0012490852631316107,-8.009563449307144e-05,-2.4997,0.5364,MEAN_CROSS,0.0011689896286385393,1.68237,19
2023-05-16 05:00:00+00:00,2023-05-16 21:00:00+00:00,-1,0.0007783617873242665,0.0001315711964947619,2.0463,0.3663,MEAN_CROSS,0.0006467905908295046,0.930839,16
2023-05-17 07:00:00+00:00,2023-05-17 19:00:00+00:00,-1,0.00266632134470135,-0.0006707514676230764,3.0925,-0.539,MEAN_CROSS,0.0033370728123244264,4.802601,12
2023-05-18 16:00:00+00:00,2023-05-19 04:00:00+00:00,-1,0.0012664506221770067,-3.936843960372638e-05,2.0017,-0.1241,MEAN_CROSS,0.001305819061780733,1.87929,12
2023-05-19 13:00:00+00:00,2023-05-22 02:00:00+00:00,-1,0.001365031579053988,0.00015900563863480155,2.6695,-0.0359,MEAN_CROSS,0.0012060259404191864,1.735671,13
2023-05-23 07:00:00+00:00,2023-05-23 19:00:00+00:00,-1,0.0016690892913305833,1.3762089417834744e-05,3.5007,0.2667,MEAN_CROSS,0.0016553272019127485,2.38229,12
2023-05-24 07:00:00+00:00,2023-05-24 19:00:00+00:00,-1,0.0023463309941141874,0.0005297292240202811,2.9073,0.285,MEAN_CROSS,0.0018166017700939063,2.614391,12
2023-05-25 13:00:00+00:00,2023-05-26 01:00:00+00:00,-1,0.0017705515261937643,0.00029745974644823647,2.1129,-0.0547,MEAN_CROSS,0.0014730917797455279,2.120023,12
2023-05-26 06:00:00+00:00,2023-05-29 03:00:00+00:00,1,-0.0009571139646232796,0.00018009760756310111,-2.2752,0.7431,MEAN_CROSS,0.0011372115721863807,1.636636,21
2023-05-29 12:00:00+00:00,2023-05-30 00:00:00+00:00,-1,0.0010429902418521708,-0.00037314355046957903,2.9814,-0.4766,MEAN_CROSS,0.0014161337923217499,3.274964,12
2023-05-30 03:00:00+00:00,2023-05-30 15:00:00+00:00,-1,0.001076329817501387,-0.0005924374747400263,2.5952,-1.0606,MEAN_CROSS,0.0016687672922414132,3.859206,12
2023-05-31 01:00:00+00:00,2023-05-31 13:00:00+00:00,-1,0.0013565454927119136,-0.0021537119946856143,2.356,-3.564,MEAN_CROSS,0.003510257487397528,8.117853,12
2023-05-31 14:00:00+00:00,2023-06-01 05:00:00+00:00,1,-0.003987783587388827,0.00031912892928787073,-5.8332,0.6797,MEAN_CROSS,0.0043069125166766975,9.960204,15
2023-06-01 15:00:00+00:00,2023-06-02 12:00:00+00:00,1,-0.005546961297837827,-0.00010061934814054041,-4.4853,0.5001,MEAN_CROSS,0.0054463419496972865,12.595259,21
2023-06-05 14:00:00+00:00,2023-06-06 02:00:00+00:00,-1,0.0013911771611465618,-0.000725051451190728,3.1311,-1.7024,MEAN_CROSS,0.0021162286123372898,4.894009,12
2023-06-06 04:00:00+00:00,2023-06-07 02:00:00+00:00,1,-0.0010553912715336455,0.00044204478977050154,-2.2239,1.3604,MEAN_CROSS,0.001497436061304147,3.462984,22
2023-06-07 06:00:00+00:00,2023-06-07 18:00:00+00:00,-1,0.0007987308098758028,-0.0006358300626003732,2.1204,-0.3268,MEAN_CROSS,0.001434560872476176,3.317578,12
2023-06-08 12:00:00+00:00,2023-06-09 00:00:00+00:00,-1,0.00248255112126472,0.0006186640567235058,3.5392,0.3838,MEAN_CROSS,0.0018638870645412142,4.310442,12
2023-06-09 07:00:00+00:00,2023-06-12 01:00:00+00:00,1,-0.0018053089296069524,0.0004418747594741035,-2.161,0.8447,MEAN_CROSS,0.002247183689081056,5.196857,18
2023-06-13 12:00:00+00:00,2023-06-14 06:00:00+00:00,1,-0.001468144335971755,0.00016541804900571666,-3.1188,0.523,MEAN_CROSS,0.0016335623849774716,3.777791,18
2023-06-14 12:00:00+00:00,2023-06-15 00:00:00+00:00,-1,0.0022042916444655614,0.00041665896555531656,3.3597,0.2406,MEAN_CROSS,0.0017876326789102448,4.134095,12
2023-06-15 13:00:00+00:00,2023-06-16 01:00:00+00:00,1,-0.0018398605534641899,0.00037370685782778246,-3.0026,0.7304,MEAN_CROSS,0.0022135674112919723,5.119116,12
2023-06-16 14:00:00+00:00,2023-06-19 02:00:00+00:00,1,-0.002432914983891532,0.0009119845565291884,-2.6592,1.5078,MEAN_CROSS,0.0033448995404207205,4.391315,12
2023-06-21 06:00:00+00:00,2023-06-21 18:00:00+00:00,-1,0.0010202349796012422,-0.0005607795749599243,2.1053,-0.5868,MEAN_CROSS,0.0015810145545611665,2.075618,12
2023-06-23 02:00:00+00:00,2023-06-23 14:00:00+00:00,-1,0.0013516863116526112,-0.0014869138032629348,3.2309,-2.2547,MEAN_CROSS,0.002838600114915546,3.726626,12
2023-06-27 01:00:00+00:00,2023-06-27 13:00:00+00:00,1,-0.001288635499468338,0.0015455521896658997,-2.0323,2.0058,MEAN_CROSS,0.0028341876891342377,3.720833,12
2023-06-28 12:00:00+00:00,2023-06-29 00:00:00+00:00,-1,0.001943177720145961,-0.00027908210523852617,2.755,-1.5097,MEAN_CROSS,0.002222259825384487,2.91747,12
2023-06-29 14:00:00+00:00,2023-06-30 05:00:00+00:00,1,-0.001224499208101637,0.0003479578197732591,-3.3963,0.9384,MEAN_CROSS,0.0015724570278748962,2.064383,15
2023-06-30 12:00:00+00:00,2023-07-03 01:00:00+00:00,-1,0.0014447880038561678,-8.624683232105745e-05,2.9682,-0.4236,MEAN_CROSS,0.0015310348361772252,2.010003,13
2023-07-04 07:00:00+00:00,2023-07-04 23:00:00+00:00,1,-0.0008844364108818725,0.00021418889064317437,-2.268,0.9051,MEAN_CROSS,0.001098625301525047,1.442318,16
2023-07-05 07:00:00+00:00,2023-07-05 19:00:00+00:00,-1,0.0011219235695771879,0.00022323348517494512,2.895,-0.0311,MEAN_CROSS,0.0008986900844022427,1.179836,12
2023-07-06 12:00:00+00:00,2023-07-07 00:00:00+00:00,-1,0.0016820264266682594,1.5454186509389345e-06,2.3092,-0.9164,MEAN_CROSS,0.0016804810080173205,2.982257,12
2023-07-07 12:00:00+00:00,2023-07-10 03:00:00+00:00,1,-0.001491263423309408,0.0003246416373963168,-2.6022,0.8289,MEAN_CROSS,0.0018159050607057248,3.222586,15
2023-07-11 02:00:00+00:00,2023-07-12 05:00:00+00:00,1,-0.0007745291050039738,0.0004298105637631222,-2.2354,0.9549,MEAN_CROSS,0.001204339668767096,2.137275,27
2023-07-12 13:00:00+00:00,2023-07-13 02:00:00+00:00,-1,0.0014382479961684291,0.00012901998359460265,2.4098,0.1143,MEAN_CROSS,0.0013092280125738265,2.323415,13
2023-07-13 13:00:00+00:00,2023-07-14 06:00:00+00:00,1,-0.0008683768910137113,0.0017248967431700013,-2.147,4.9745,MEAN_CROSS,0.0025932736341837126,4.602139,17
2023-07-14 14:00:00+00:00,2023-07-17 02:00:00+00:00,-1,0.0032052218944091937,0.0002958333750715525,5.8587,-0.2847,MEAN_CROSS,0.002909388519337641,5.163131,12
2023-07-17 13:00:00+00:00,2023-07-18 06:00:00+00:00,1,-0.0022772883192037074,0.0007045417989853808,-2.6382,0.9643,MEAN_CROSS,0.0029818301181890883,5.291689,17
2023-07-18 14:00:00+00:00,2023-07-19 02:00:00+00:00,1,-0.0020918124019246864,0.0003910415232377673,-2.3195,0.5782,MEAN_CROSS,0.0024828539251624537,4.406183,12
2023-07-20 08:00:00+00:00,2023-07-20 21:00:00+00:00,1,-0.001607840830315399,0.00016942547018394816,-3.0988,0.9827,MEAN_CROSS,0.0017772663004993472,3.154016,13
2023-07-21 10:00:00+00:00,2023-07-24 23:00:00+00:00,1,-0.001057539452947509,0.0001502006258375932,-2.0324,0.6996,MEAN_CROSS,0.0012077400787851023,2.143309,37
2023-07-25 12:00:00+00:00,2023-07-26 00:00:00+00:00,-1,0.0012138622984662062,0.00020533526023236437,2.0707,0.029,MEAN_CROSS,0.0010085270382338418,1.789777,12
2023-07-26 12:00:00+00:00,2023-07-27 00:00:00+00:00,-1,0.001661467381179671,-0.0011901812992051175,2.1248,-2.6467,MEAN_CROSS,0.0028516486803847885,5.387269,12
2023-07-27 12:00:00+00:00,2023-07-28 00:00:00+00:00,1,-0.0015720253644992965,0.0003252249587373246,-2.355,0.6475,MEAN_CROSS,0.0018972503232366211,3.584241,12
2023-07-31 02:00:00+00:00,2023-07-31 20:00:00+00:00,1,-0.0007953608030639714,0.0004204832844046935,-2.2416,1.0313,MEAN_CROSS,0.001215844087468665,2.296944,18
2023-08-02 10:00:00+00:00,2023-08-03 07:00:00+00:00,1,-0.0004289619770826425,0.0009177088528946609,-2.0036,1.1533,MEAN_CROSS,0.0013466708299773034,2.544099,21
2023-08-03 08:00:00+00:00,2023-08-03 20:00:00+00:00,-1,0.0016078686332843262,0.0004108837789538189,2.4063,0.0818,MEAN_CROSS,0.0011969848543305073,2.261316,12
2023-08-04 16:00:00+00:00,2023-08-07 13:00:00+00:00,1,-0.00154980252260295,0.000909336497654345,-3.0899,1.0513,MEAN_CROSS,0.002459139020257295,4.645748,21
2023-08-08 05:00:00+00:00,2023-08-08 17:00:00+00:00,-1,0.0010429681479338093,-0.0018936560219477983,2.0656,-2.8604,MEAN_CROSS,0.0029366241698816076,5.547802,12
2023-08-08 18:00:00+00:00,2023-08-09 12:00:00+00:00,1,-0.0017489500766059152,0.0014130530143404707,-2.4485,1.2789,MEAN_CROSS,0.003162003090946386,5.973583,18
2023-08-10 08:00:00+00:00,2023-08-10 22:00:00+00:00,-1,0.0008371502932361663,0.0003120499567231816,2.0112,0.4731,MEAN_CROSS,0.0005251003365129847,0.992007,14
2023-08-11 14:00:00+00:00,2023-08-14 02:00:00+00:00,1,-0.0016647598550265652,0.0007034301729440529,-3.8135,1.2694,MEAN_CROSS,0.002368190027970618,4.47393,12
2023-08-15 12:00:00+00:00,2023-08-16 14:00:00+00:00,1,-0.001567762868762923,0.0015607424925786484,-2.3497,2.0265,MEAN_CROSS,0.0031285053613415714,4.127698,26
2023-08-17 18:00:00+00:00,2023-08-18 06:00:00+00:00,-1,0.0013898878619884592,-0.00028584428822975294,2.0474,-0.7541,MEAN_CROSS,0.001675732150218212,2.210933,12
2023-08-18 16:00:00+00:00,2023-08-21 06:00:00+00:00,1,-0.00172818292707011,0.0006156393419530781,-3.3214,1.4235,MEAN_CROSS,0.002343822269023188,3.0924,14
2023-08-21 11:00:00+00:00,2023-08-22 13:00:00+00:00,1,-0.0012631746528375398,0.0007567061031558131,-2.1302,0.9575,MEAN_CROSS,0.002019880755993353,2.664997,26
2023-08-23 06:00:00+00:00,2023-08-23 18:00:00+00:00,-1,0.0007853999664932942,0.00025805200585238275,2.0847,0.28,MEAN_CROSS,0.0005273479606409115,0.695774,12
2023-08-25 07:00:00+00:00,2023-08-28 07:00:00+00:00,1,-0.0008398769296473763,0.0006640788676265386,-3.0699,0.8239,MEAN_CROSS,0.0015039557972739148,1.984294,24
2023-08-28 13:00:00+00:00,2023-08-29 07:00:00+00:00,1,-0.0017958648577863778,0.00035258140896354817,-2.869,0.6741,MEAN_CROSS,0.002148446266749926,2.834624,18
2023-08-29 18:00:00+00:00,2023-08-30 17:00:00+00:00,1,-0.001143845142886124,0.0002827051202536346,-2.1343,0.821,MEAN_CROSS,0.0014265502631397586,1.882167,23
2023-08-31 12:00:00+00:00,2023-09-01 03:00:00+00:00,1,-0.0011882040117446868,0.0003412488778647971,-2.2997,1.2947,MEAN_CROSS,0.0015294528896094839,2.017935,15
2023-09-01 12:00:00+00:00,2023-09-04 00:00:00+00:00,-1,0.003190139085529342,5.850048435118715e-06,6.2085,-0.2666,MEAN_CROSS,0.0031842890370942234,4.201298,12
2023-09-05 05:00:00+00:00,2023-09-05 17:00:00+00:00,-1,0.0009717337090634492,-0.00013724453249941426,2.5941,-0.199,MEAN_CROSS,0.0011089782415628635,1.186339,12
2023-09-06 13:00:00+00:00,2023-09-07 01:00:00+00:00,1,-0.001923657598416284,0.0003226285512929472,-2.5327,0.5579,MEAN_CROSS,0.0022462861497092312,2.402983,12
2023-09-07 13:00:00+00:00,2023-09-08 01:00:00+00:00,-1,0.0010978039130479234,0.00012070520452078792,2.0646,-0.0499,MEAN_CROSS,0.0009770987085271354,1.045259,12
2023-09-08 12:00:00+00:00,2023-09-11 13:00:00+00:00,1,-0.0029203132366733,0.0006288532122271651,-5.8613,1.713,MEAN_CROSS,0.003549166448900465,3.79675,25
2023-09-12 13:00:00+00:00,2023-09-13 01:00:00+00:00,1,-0.0018950700862323533,0.0001708322787410399,-3.8625,0.816,MEAN_CROSS,0.002065902364973393,2.210016,12
2023-09-13 14:00:00+00:00,2023-09-14 19:00:00+00:00,1,-0.0017714584711816528,0.0004940069080854315,-3.5355,1.5561,MEAN_CROSS,0.0022654653792670842,2.4235,29
2023-09-15 12:00:00+00:00,2023-09-18 00:00:00+00:00,-1,0.0013728587728514263,-0.00010475039277679787,3.0078,-0.3196,MEAN_CROSS,0.0014776091656282242,1.580685,12
2023-09-18 12:00:00+00:00,2023-09-19 01:00:00+00:00,1,-0.0010413737705650128,-1.728247927179627e-05,-2.4597,0.5596,MEAN_CROSS,0.0010240912912932165,1.09553,13
2023-09-19 08:00:00+00:00,2023-09-19 20:00:00+00:00,1,-0.001140651976688667,0.0005869328174724631,-2.4004,1.2335,MEAN_CROSS,0.00172758479416113,1.848098,12
2023-09-20 19:00:00+00:00,2023-09-21 07:00:00+00:00,-1,0.0018336627978844389,-0.0021467088087039343,2.6528,-3.5529,MEAN_CROSS,0.003980371606588373,4.258035,12
2023-09-22 17:00:00+00:00,2023-09-25 06:00:00+00:00,-1,0.0012781072783391023,-0.0005059685980812745,2.3667,-0.691,MEAN_CROSS,0.0017840758764203768,2.515413,13
2023-09-26 03:00:00+00:00,2023-09-26 16:00:00+00:00,-1,0.0007644771451529309,0.0002603673795689154,2.3148,0.4131,MEAN_CROSS,0.0005041097655840154,0.710757,13
2023-09-27 01:00:00+00:00,2023-09-28 06:00:00+00:00,1,-0.0011620689950787577,0.0001883170860441652,-2.3872,1.0535,MEAN_CROSS,0.001350386081122923,1.903943,29
2023-09-28 07:00:00+00:00,2023-09-28 19:00:00+00:00,-1,0.001097089729599543,0.00011651822617098073,2.7405,0.3494,MEAN_CROSS,0.0009805715034285623,1.382532,12
2023-09-29 09:00:00+00:00,2023-10-02 07:00:00+00:00,1,-0.0023281666193992745,0.0014398859299835642,-4.3489,0.6079,MEAN_CROSS,0.0037680525493828387,5.312672,22
2023-10-03 06:00:00+00:00,2023-10-04 06:00:00+00:00,1,-0.000786349986296786,0.00048092049811865323,-2.5403,0.7903,MEAN_CROSS,0.0012672704844154392,1.786757,24
2023-10-04 12:00:00+00:00,2023-10-05 00:00:00+00:00,-1,0.0023593258362019087,0.00040635480911221933,4.5259,0.0424,MEAN_CROSS,0.0019529710270896894,2.753543,12
2023-10-05 08:00:00+00:00,2023-10-05 20:00:00+00:00,-1,0.002277478639002628,-0.0006297390712556306,2.2167,-0.8773,MEAN_CROSS,0.0029072177102582586,4.098959,12
2023-10-06 12:00:00+00:00,2023-10-09 03:00:00+00:00,1,-0.0016674086934964638,0.00016723635059567865,-2.2971,0.6428,MEAN_CROSS,0.0018346450440921425,2.586712,15
2023-10-10 06:00:00+00:00,2023-10-10 18:00:00+00:00,-1,0.001359427812378411,-6.632391981920005e-05,3.2065,0.2882,MEAN_CROSS,0.001425751732197611,2.010203,12
2023-10-11 09:00:00+00:00,2023-10-11 21:00:00+00:00,-1,0.0010981322842192887,-0.00012424170809688384,2.2284,-0.5684,MEAN_CROSS,0.0012223739923161725,1.723456,12
2023-10-12 13:00:00+00:00,2023-10-13 01:00:00+00:00,-1,0.0013742519965391775,7.03720635837346e-05,2.5255,-0.3937,MEAN_CROSS,0.001303879932955443,2.731642,12
2023-10-15 22:00:00+00:00,2023-10-16 14:00:00+00:00,1,-0.0009227956384976199,0.0007747181875633613,-2.2336,1.9613,MEAN_CROSS,0.0016975138260609812,3.556309,16
2023-10-17 12:00:00+00:00,2023-10-18 00:00:00+00:00,-1,0.0027509621727025424,0.0004189772713059092,5.4916,0.2957,MEAN_CROSS,0.002331984901396633,4.885532,12
2023-10-18 12:00:00+00:00,2023-10-19 00:00:00+00:00,-1,0.0016999156057813103,0.0003757479478876391,2.1668,-0.1475,MEAN_CROSS,0.0013241676578936712,2.774145,12
2023-10-19 16:00:00+00:00,2023-10-20 07:00:00+00:00,1,-0.0007842677507012841,0.0010793233524583057,-2.024,1.5228,MEAN_CROSS,0.0018635911031595898,3.904242,15
2023-10-20 08:00:00+00:00,2023-10-20 20:00:00+00:00,1,-0.0012395421905042614,0.0008387145919594996,-2.6792,1.0468,MEAN_CROSS,0.002078256782463761,4.353969,12
2023-10-23 07:00:00+00:00,2023-10-23 21:00:00+00:00,-1,0.0015647831413997393,0.00016666492798633747,2.6053,0.1988,MEAN_CROSS,0.0013981182134134018,2.929072,14
2023-10-24 13:00:00+00:00,2023-10-25 01:00:00+00:00,-1,0.0016072188196012416,0.00011394103337003525,2.3697,-0.2605,MEAN_CROSS,0.0014932777862312063,3.128432,12
2023-10-26 07:00:00+00:00,2023-10-26 20:00:00+00:00,1,-0.0006505754324958035,0.0005738187518301574,-3.0225,0.6421,MEAN_CROSS,0.001224394184325961,2.565118,13
2023-10-27 08:00:00+00:00,2023-10-30 14:00:00+00:00,1,-0.0012616674153940188,0.0007982091465266183,-2.0762,0.8775,MEAN_CROSS,0.002059876561920637,4.315462,30
2023-11-01 14:00:00+00:00,2023-11-02 03:00:00+00:00,1,-0.0010380368136797546,0.0006639921110821456,-2.2302,1.6439,MEAN_CROSS,0.0017020289247619003,3.924913,13
2023-11-02 09:00:00+00:00,2023-11-02 23:00:00+00:00,1,-0.0011904418975122733,-3.680193291533129e-05,-2.4841,0.7828,MEAN_CROSS,0.001153639964596942,2.660317,14
2023-11-06 14:00:00+00:00,2023-11-07 02:00:00+00:00,-1,0.001125274640697671,0.00014643527024349456,2.3103,0.0177,MEAN_CROSS,0.0009788393704541765,2.257223,12
2023-11-07 07:00:00+00:00,2023-11-07 19:00:00+00:00,-1,0.001163117172817807,0.00013469400721999314,2.0606,-0.9856,MEAN_CROSS,0.0010284231655978138,2.371564,12
2023-11-08 15:00:00+00:00,2023-11-09 03:00:00+00:00,-1,0.001599726429197923,3.0561069459200674e-05,2.5077,-0.3957,MEAN_CROSS,0.0015691653597387223,3.618527,12
2023-11-09 14:00:00+00:00,2023-11-10 08:00:00+00:00,1,-0.001207614619846642,0.0006405395896903476,-2.3517,1.5316,MEAN_CROSS,0.0018481542095369896,4.261881,18
2023-11-10 10:00:00+00:00,2023-11-12 22:00:00+00:00,-1,0.0013919336283089168,-0.0005307852514203626,2.6547,-1.001,MEAN_CROSS,0.0019227188797292794,4.433828,12
2023-11-14 13:00:00+00:00,2023-11-15 07:00:00+00:00,1,-0.0019627846864291865,0.00026901441775162294,-4.5612,0.6598,MEAN_CROSS,0.0022317991041808094,5.146573,18
2023-11-16 01:00:00+00:00,2023-11-16 14:00:00+00:00,-1,0.0008573555028714708,0.002767170721674428,2.4181,5.2064,STOP_LOSS,-0.0019098152188029571,-4.404072,13
2023-11-16 16:00:00+00:00,2023-11-17 04:00:00+00:00,-1,0.002869665946494959,-1.1985094007238573e-05,3.5305,-0.5372,MEAN_CROSS,0.0028816510405021978,6.645145,12
2023-11-20 14:00:00+00:00,2023-11-21 02:00:00+00:00,-1,0.0019429502802708054,-0.00033228186430334095,3.9351,-0.8103,MEAN_CROSS,0.0022752321445741464,5.246731,12
2023-11-21 14:00:00+00:00,2023-11-22 02:00:00+00:00,1,-0.001105613994917265,0.00017725393157108638,-2.1326,0.598,MEAN_CROSS,0.0012828679264883514,2.29754,12
2023-11-22 13:00:00+00:00,2023-11-23 01:00:00+00:00,-1,0.00129459548829447,8.08907533000891e-06,2.8457,0.0897,MEAN_CROSS,0.001286506412964461,2.304057,12
2023-11-24 13:00:00+00:00,2023-11-27 02:00:00+00:00,1,-0.0014721386870517605,0.0009780442632245645,-3.1524,1.3221,MEAN_CROSS,0.002450182950276325,4.388132,13
2023-11-28 10:00:00+00:00,2023-11-29 05:00:00+00:00,1,-0.001257620116075886,1.8244566174829835e-05,-2.4251,0.6459,MEAN_CROSS,0.0012758646822507158,2.284998,19
2023-11-29 08:00:00+00:00,2023-11-29 21:00:00+00:00,-1,0.0013060385489790383,9.904400893101517e-05,3.1027,-0.1944,MEAN_CROSS,0.001206994540048023,2.161656,13
2023-11-30 14:00:00+00:00,2023-12-01 06:00:00+00:00,1,-0.0016687841414770865,0.00010362421658405285,-4.0448,0.6486,MEAN_CROSS,0.0017724083580611394,3.174278,16
2023-12-01 14:00:00+00:00,2023-12-04 02:00:00+00:00,1,-0.0018564699154506314,0.00042981169267330976,-2.0514,1.0335,MEAN_CROSS,0.002286281608123941,4.094595,12
2023-12-05 02:00:00+00:00,2023-12-05 14:00:00+00:00,-1,0.0009569784196435949,-0.0001853104158272556,2.2172,-0.9767,MEAN_CROSS,0.0011422888354708505,2.045772,12
2023-12-05 15:00:00+00:00,2023-12-06 09:00:00+00:00,1,-0.0012534796285356142,0.0009248122083378441,-3.1865,1.4341,MEAN_CROSS,0.0021782918368734583,3.901192,18
2023-12-08 00:00:00+00:00,2023-12-08 13:00:00+00:00,1,-0.0005691154468191462,-0.001423343321340309,-2.2506,-3.5537,STOP_LOSS,-0.0008542278745211629,-1.529871,13
2023-12-12 14:00:00+00:00,2023-12-13 02:00:00+00:00,-1,0.0018098508010621073,0.0003394056415104707,2.7865,0.0911,MEAN_CROSS,0.0014704451595516366,2.282049,12
2023-12-13 13:00:00+00:00,2023-12-14 05:00:00+00:00,1,-0.001755324477658804,-0.00010570970453560591,-3.1829,0.5229,MEAN_CROSS,0.001649614773123198,2.560111,16
2023-12-14 09:00:00+00:00,2023-12-15 00:00:00+00:00,1,-0.0019051930268685346,4.16017323286999e-05,-2.1139,1.0972,MEAN_CROSS,0.0019467947591972345,3.021318,15
2023-12-18 07:00:00+00:00,2023-12-18 19:00:00+00:00,-1,0.0008048242601174094,5.186246102228953e-05,2.4981,0.1172,MEAN_CROSS,0.0007529617990951198,1.168555,12
2023-12-19 13:00:00+00:00,2023-12-20 01:00:00+00:00,1,-0.0019616488134905907,0.00032001104477807907,-4.1863,0.5798,MEAN_CROSS,0.00228165985826867,3.54101,12
2023-12-20 20:00:00+00:00,2023-12-21 08:00:00+00:00,-1,0.0017692059747147493,-0.0011520512222665813,4.0718,-1.8626,MEAN_CROSS,0.0029212571969813306,4.533629,12
2023-12-21 12:00:00+00:00,2023-12-22 00:00:00+00:00,-1,0.0014367885520563117,-0.0001871283862528994,2.0737,-0.1955,MEAN_CROSS,0.0016239169383092111,2.520229,12
2023-12-22 14:00:00+00:00,2023-12-26 17:00:00+00:00,1,-0.002054589990077238,-0.00013999641354256465,-2.9685,0.5025,MEAN_CROSS,0.0019145935765346733,2.971343,29
2023-12-27 08:00:00+00:00,2023-12-27 20:00:00+00:00,-1,0.0010415425891479035,0.0006373824561151098,3.4615,0.2672,MEAN_CROSS,0.00040416013303279374,0.627234,12
2023-12-28 09:00:00+00:00,2023-12-28 21:00:00+00:00,-1,0.002838880403180588,-0.0006652723873289412,2.3476,-1.0455,MEAN_CROSS,0.0035041527905095293,5.438251,12
2023-12-29 10:00:00+00:00,2024-01-01 22:00:00+00:00,-1,0.002619720593227348,0.0006114907954942739,2.576,0.3804,MEAN_CROSS,0.0020082297977330743,3.116661,12
2024-01-02 14:00:00+00:00,2024-01-03 02:00:00+00:00,-1,0.0032756542155456536,0.0002111116240339772,2.2427,-0.0433,MEAN_CROSS,0.0030645425915116764,2.179826,12
2024-01-05 14:00:00+00:00,2024-01-08 04:00:00+00:00,1,-0.0012083500814911163,0.0003951520427009081,-2.7731,0.7797,MEAN_CROSS,0.0016035021241920244,1.14058,14
2024-01-08 07:00:00+00:00,2024-01-08 19:00:00+00:00,-1,0.0010014241425254644,-0.001004479662488622,2.1006,-1.9895,MEAN_CROSS,0.0020059038050140865,1.42681,12
2024-01-08 21:00:00+00:00,2024-01-09 13:00:00+00:00,1,-0.0011107405012171778,0.0006890530168575104,-2.2576,1.079,MEAN_CROSS,0.0017997935180746882,1.280203,16
2024-01-09 14:00:00+00:00,2024-01-10 02:00:00+00:00,-1,0.00156936700867627,-0.0004077782773798111,2.5519,-0.659,MEAN_CROSS,0.001977145286056081,1.406354,12
2024-01-11 13:00:00+00:00,2024-01-12 01:00:00+00:00,-1,0.0007490636468868717,-0.0008997863082372826,2.5069,-1.5188,MEAN_CROSS,0.0016488499551241542,1.172836,12
2024-01-12 09:00:00+00:00,2024-01-15 05:00:00+00:00,1,-0.0015116899015332752,0.00043071678897121934,-2.1007,0.5718,MEAN_CROSS,0.0019424066905044945,1.381644,20
2024-01-16 02:00:00+00:00,2024-01-16 15:00:00+00:00,-1,0.0012288076616668864,0.00011080380593730954,2.3143,-0.1537,MEAN_CROSS,0.0011180038557295768,0.795242,13
2024-01-17 13:00:00+00:00,2024-01-18 09:00:00+00:00,1,-0.0010579523944918012,0.0002644651585124169,-2.0288,0.6662,MEAN_CROSS,0.0013224175530042181,0.940643,20
2024-01-19 05:00:00+00:00,2024-01-19 17:00:00+00:00,-1,0.0004349519075521613,-0.0006022715708100534,2.5787,-0.7259,MEAN_CROSS,0.0010372234783622147,0.737783,12
2024-01-22 13:00:00+00:00,2024-01-23 02:00:00+00:00,-1,0.001184519080591806,0.00033177091317682095,3.3712,0.2325,MEAN_CROSS,0.000852748167414985,1.678974,13
2024-01-24 10:00:00+00:00,2024-01-24 22:00:00+00:00,-1,0.000670530813305481,0.0007520256376444268,2.1354,0.275,MEAN_CROSS,-8.149482433894573e-05,-0.160455,12
2024-01-25 13:00:00+00:00,2024-01-26 06:00:00+00:00,1,-0.0016294212348353376,-0.00018057260872228476,-2.2727,0.5699,MEAN_CROSS,0.0014488486261130529,2.852636,17
2024-01-26 14:00:00+00:00,2024-01-29 02:00:00+00:00,-1,0.0012611510049421737,0.00011503790501721234,3.3644,0.4414,MEAN_CROSS,0.0011461130999249614,2.25658,12
2024-01-29 20:00:00+00:00,2024-01-30 11:00:00+00:00,1,-0.0010660175468171218,0.00023513743070047166,-2.4034,1.4016,MEAN_CROSS,0.0013011549775175935,2.561842,15
2024-01-30 12:00:00+00:00,2024-01-31 00:00:00+00:00,-1,0.001047900744456598,2.110201291305458e-05,3.6104,0.4084,MEAN_CROSS,0.0010267987315435434,2.021662,12
2024-01-31 13:00:00+00:00,2024-02-01 05:00:00+00:00,1,-0.0012531258994306071,0.0007699474997601152,-2.3554,0.8439,MEAN_CROSS,0.0020230733991907224,3.983226,16
2024-02-01 14:00:00+00:00,2024-02-02 07:00:00+00:00,1,-0.0013502307554886794,0.00019736312807727696,-2.0634,0.5801,MEAN_CROSS,0.0015475938835659564,3.047055,17
2024-02-02 14:00:00+00:00,2024-02-05 02:00:00+00:00,-1,0.0024042352169366676,0.0002701704415605244,4.5875,0.211,MEAN_CROSS,0.0021340647753761433,4.201757,12
2024-02-05 15:00:00+00:00,2024-02-06 03:00:00+00:00,-1,0.001653136770549457,-0.0005125036049287157,2.5534,-1.5072,MEAN_CROSS,0.002165640375478173,4.263926,12
2024-02-06 16:00:00+00:00,2024-02-07 04:00:00+00:00,1,-0.0010704420025710037,0.00010861641129877864,-2.0655,0.7707,MEAN_CROSS,0.0011790584138697824,2.321446,12
2024-02-08 08:00:00+00:00,2024-02-08 20:00:00+00:00,-1,0.0005933079841959898,-8.200025538540601e-05,2.3596,0.2064,MEAN_CROSS,0.0006753082395813959,1.329613,12
2024-02-09 15:00:00+00:00,2024-02-12 03:00:00+00:00,-1,0.0009427632870009361,7.134421731391782e-05,2.7525,0.1876,MEAN_CROSS,0.0008714190696870183,2.334423,12
2024-02-12 14:00:00+00:00,2024-02-13 03:00:00+00:00,1,-0.001362410704664696,0.0002080204697469945,-2.7583,0.6974,MEAN_CROSS,0.0015704311744116906,4.20699,13
2024-02-13 07:00:00+00:00,2024-02-13 19:00:00+00:00,1,-0.0015304171785055498,0.000925626740194363,-3.1973,0.6449,MEAN_CROSS,0.002456043918699913,6.579436,12
2024-02-15 14:00:00+00:00,2024-02-16 02:00:00+00:00,1,-0.0013714387266257066,0.00030061864921571146,-2.7813,1.0043,MEAN_CROSS,0.0016720573758414181,4.479234,12
2024-02-20 02:00:00+00:00,2024-02-20 17:00:00+00:00,-1,0.0005968254043337007,0.0004148970656310258,2.3491,0.2782,MEAN_CROSS,0.00018192833870267489,0.487363,15
2024-02-22 13:00:00+00:00,2024-02-23 01:00:00+00:00,-1,0.0018371896370735774,-0.0002867824140841968,4.0621,-0.2608,MEAN_CROSS,0.002123972051157774,5.689857,12
2024-02-23 15:00:00+00:00,2024-02-26 03:00:00+00:00,-1,0.0013691097030853472,0.00030891618174311297,2.8185,0.4183,MEAN_CROSS,0.0010601935213422342,2.840126,12
2024-02-26 13:00:00+00:00,2024-02-27 02:00:00+00:00,1,-0.0008300077994333188,0.0003838645742663127,-2.4621,0.7857,MEAN_CROSS,0.0012138723736996315,3.251813,13
2024-02-27 14:00:00+00:00,2024-02-28 02:00:00+00:00,-1,0.0012885789915135781,0.00033274047636944193,3.6773,0.3472,MEAN_CROSS,0.0009558385151441362,2.560572,12
2024-02-28 08:00:00+00:00,2024-02-28 20:00:00+00:00,-1,0.0013568057498463126,0.000224758007160486,2.3679,-0.4846,MEAN_CROSS,0.0011320477426858266,3.032615,12
2024-02-29 13:00:00+00:00,2024-03-01 04:00:00+00:00,1,-0.0011466514935073446,0.00013688130081301875,-2.2906,0.7159,MEAN_CROSS,0.0012835327943203634,2.11704,15
2024-03-05 10:00:00+00:00,2024-03-06 12:00:00+00:00,1,-0.0008492818438515792,0.0002981281291264404,-2.5104,0.5402,MEAN_CROSS,0.0011474099729780196,1.892521,26
2024-03-06 14:00:00+00:00,2024-03-07 02:00:00+00:00,1,-0.002208797332061807,0.00013157886852166456,-4.5095,0.6974,MEAN_CROSS,0.0023403762005834716,3.860182,12
2024-03-08 10:00:00+00:00,2024-03-10 21:00:00+00:00,-1,0.00041696132410640185,-9.850899351515618e-05,2.6496,-0.299,MEAN_CROSS,0.000515470317621558,0.850209,12
2024-03-11 12:00:00+00:00,2024-03-12 00:00:00+00:00,-1,0.0015596565113312755,-2.2707633748120237e-05,2.5431,-0.0563,MEAN_CROSS,0.0015823641450793957,2.609928,12
2024-03-13 08:00:00+00:00,2024-03-13 22:00:00+00:00,1,-0.0005828159711609437,0.0001027385504848155,-2.2191,0.8182,MEAN_CROSS,0.0006855545216457593,1.130744,14
2024-03-14 12:00:00+00:00,2024-03-15 00:00:00+00:00,-1,0.0005725033410890479,8.343230625895703e-05,2.5286,-0.1309,MEAN_CROSS,0.0004890710348300908,0.806667,12
2024-03-15 14:00:00+00:00,2024-03-18 10:00:00+00:00,1,-0.0009564078012838095,0.0010115554027291251,-2.8458,2.4312,MEAN_CROSS,0.0019679632040129347,3.24593,20
2024-03-18 17:00:00+00:00,2024-03-19 05:00:00+00:00,1,-0.0011619211858105993,0.0009063364394298334,-2.2522,2.0989,MEAN_CROSS,0.0020682576252404328,3.411354,12
2024-03-19 08:00:00+00:00,2024-03-19 20:00:00+00:00,-1,0.0014604829823103849,-0.0001934801812200071,2.7539,-0.2088,MEAN_CROSS,0.001653963163530392,2.728023,12
2024-03-20 15:00:00+00:00,2024-03-21 07:00:00+00:00,1,-0.0016736169333710915,6.374591032975996e-05,-2.0424,0.7584,MEAN_CROSS,0.0017373628437008515,2.009016,16
2024-03-22 02:00:00+00:00,2024-03-22 20:00:00+00:00,-1,0.0011564503554402084,0.0003264925602739499,2.028,-0.366,MEAN_CROSS,0.0008299577951662584,0.95973,18
2024-03-25 01:00:00+00:00,2024-03-26 03:00:00+00:00,1,-0.0005998654980152729,-1.935907991879038e-05,-2.3127,0.5267,MEAN_CROSS,0.0005805064180964825,0.671274,26
2024-03-26 09:00:00+00:00,2024-03-26 21:00:00+00:00,1,-0.0010304658856887805,0.00020662393435133541,-2.8921,1.0057,MEAN_CROSS,0.001237089820040116,1.430521,12
2024-03-28 07:00:00+00:00,2024-03-28 19:00:00+00:00,-1,0.0007599065889714041,2.6689232075383096e-05,2.4155,0.3623,MEAN_CROSS,0.000733217356896021,0.847863,12
2024-03-31 22:00:00+00:00,2024-04-01 10:00:00+00:00,1,-0.000913411892052518,0.0004217895141260808,-2.4186,1.0599,MEAN_CROSS,0.0013352014061785988,1.543973,12
2024-04-01 11:00:00+00:00,2024-04-01 23:00:00+00:00,-1,0.0011358475594264172,-0.00018461397960733983,2.8766,-0.5668,MEAN_CROSS,0.001320461539033757,1.526928,12
2024-04-02 06:00:00+00:00,2024-04-03 00:00:00+00:00,1,-0.0008441680554613917,0.00015125096613033406,-2.5154,0.6376,MEAN_CROSS,0.0009954190215917258,1.151062,18
2024-04-03 14:00:00+00:00,2024-04-04 15:00:00+00:00,1,-0.001873182663889028,0.0003268743698291443,-3.1977,1.2937,MEAN_CROSS,0.0022000570337181724,2.544057,25
2024-04-04 17:00:00+00:00,2024-04-05 05:00:00+00:00,-1,0.0010199068190998029,1.542288309575035e-05,2.252,-0.2124,MEAN_CROSS,0.0010044839360040525,1.161545,12
2024-04-05 12:00:00+00:00,2024-04-08 00:00:00+00:00,-1,0.0036095641252108512,0.00038362442632655647,2.7399,-0.2498,MEAN_CROSS,0.0032259396988842948,3.730346,12
2024-04-09 14:00:00+00:00,2024-04-10 02:00:00+00:00,-1,0.0012956990130434942,-0.00020837201847656583,4.0554,-0.4948,MEAN_CROSS,0.00150407103152006,4.252046,12
2024-04-10 12:00:00+00:00,2024-04-11 00:00:00+00:00,-1,0.003413017094096138,0.00013994353855606434,8.8176,-0.1236,MEAN_CROSS,0.0032730735555400736,9.25306,12
2024-04-12 12:00:00+00:00,2024-04-15 00:00:00+00:00,-1,0.002215633877845735,-0.00017709033232615745,3.3064,-0.7921,MEAN_CROSS,0.0023927242101718926,6.764291,12
2024-04-15 14:00:00+00:00,2024-04-16 02:00:00+00:00,-1,0.0016665938443715111,0.0005452495080768838,2.2336,0.4846,MEAN_CROSS,0.0011213443362946274,3.170068,12
2024-04-16 12:00:00+00:00,2024-04-17 00:00:00+00:00,-1,0.002172701342014749,0.00019723566609464172,2.5143,-0.2573,MEAN_CROSS,0.0019754656759201072,5.584691,12
2024-04-17 13:00:00+00:00,2024-04-18 07:00:00+00:00,1,-0.0017017594779822343,0.000628286348467566,-2.537,1.9624,MEAN_CROSS,0.0023300458264498003,6.587097,18
2024-04-18 17:00:00+00:00,2024-04-19 05:00:00+00:00,-1,0.0008799996471462457,6.845558334411805e-05,2.2733,-0.0694,MEAN_CROSS,0.0008115440638021276,2.294255,12
2024-04-19 14:00:00+00:00,2024-04-22 07:00:00+00:00,1,-0.0022322428848481346,0.0009031031352642049,-2.2662,1.0333,MEAN_CROSS,0.0031353460201123395,8.863701,17
2024-04-23 13:00:00+00:00,2024-04-24 03:00:00+00:00,1,-0.0014658479851600292,0.0001172973127153698,-2.5227,0.7943,MEAN_CROSS,0.001583145297875399,4.475591,14
2024-04-24 12:00:00+00:00,2024-04-25 00:00:00+00:00,-1,0.0021878507556716276,-0.00037576856652055124,4.4926,-0.7481,MEAN_CROSS,0.002563619322192179,7.247416,12
2024-04-25 13:00:00+00:00,2024-04-26 01:00:00+00:00,-1,0.0017831101334090382,-0.0005851894080819431,2.5915,-0.5815,MEAN_CROSS,0.0023682995414909813,6.695242,12
2024-04-30 05:00:00+00:00,2024-04-30 17:00:00+00:00,-1,0.000969359396447822,1.536690218673087e-05,2.3395,-0.6621,MEAN_CROSS,0.0009539924942610911,2.129212,12
2024-05-01 18:00:00+00:00,2024-05-02 06:00:00+00:00,1,-0.001993347451423766,0.0019563460316722736,-3.5885,4.3943,MEAN_CROSS,0.0039496934830960395,8.815306,12
2024-05-03 14:00:00+00:00,2024-05-06 02:00:00+00:00,-1,0.0023196706826397184,-0.0001582499253359737,4.7914,-0.5907,MEAN_CROSS,0.002477920607975692,5.530462,12
2024-05-06 13:00:00+00:00,2024-05-07 02:00:00+00:00,1,-0.0010905807792140898,0.00021045380214779197,-2.0512,0.9921,MEAN_CROSS,0.0013010345813618818,2.903774,13
2024-05-07 06:00:00+00:00,2024-05-07 19:00:00+00:00,-1,0.0006292449164208014,0.000349832028828323,2.2669,0.3075,MEAN_CROSS,0.0002794128875924784,0.623621,13
2024-05-08 14:00:00+00:00,2024-05-09 06:00:00+00:00,1,-0.0015549301307087315,0.0005970559206197601,-3.4597,1.1735,MEAN_CROSS,0.0021519860513284916,4.80301,16
2024-05-10 12:00:00+00:00,2024-05-13 00:00:00+00:00,1,-0.0025226882226945246,0.0003293955795854453,-6.944,0.6453,MEAN_CROSS,0.00285208380227997,6.365555,12
2024-05-14 02:00:00+00:00,2024-05-14 14:00:00+00:00,-1,0.0005934944637451256,-0.00016325443867115652,2.0788,0.0582,MEAN_CROSS,0.0007567489024162821,1.688985,12
2024-05-14 16:00:00+00:00,2024-05-15 04:00:00+00:00,-1,0.0007303213873313119,4.921547391845138e-08,2.1905,0.1871,MEAN_CROSS,0.0007302721718573935,1.629892,12
2024-05-15 13:00:00+00:00,2024-05-16 03:00:00+00:00,-1,0.0010853934488054273,5.2874035166960986e-05,3.1672,0.2537,MEAN_CROSS,0.0010325194136384663,2.304476,14
2024-05-16 14:00:00+00:00,2024-05-17 02:00:00+00:00,1,-0.0012368147649745032,0.0003149241441616768,-2.4615,0.7295,MEAN_CROSS,0.00155173890913618,3.46332,12
2024-05-20 06:00:00+00:00,2024-05-20 19:00:00+00:00,-1,0.0004254565908907715,-6.395866213126933e-05,2.4079,0.1818,MEAN_CROSS,0.0004894152530220408,1.048408,13
2024-05-21 11:00:00+00:00,2024-05-22 08:00:00+00:00,1,-0.0008397658437977462,0.00048278824898251305,-3.8023,0.764,MEAN_CROSS,0.0013225540927802593,2.83313,21
2024-05-22 18:00:00+00:00,2024-05-23 06:00:00+00:00,-1,0.0013429117768701815,-0.0004192978530063174,2.2484,-1.3249,MEAN_CROSS,0.0017622096298764989,3.774945,12
2024-05-23 14:00:00+00:00,2024-05-24 02:00:00+00:00,-1,0.0015266618232847584,9.123000832189643e-05,3.5229,-0.3469,MEAN_CROSS,0.001435431814962862,3.074932,12
2024-05-24 13:00:00+00:00,2024-05-27 02:00:00+00:00,1,-0.0015473480767687064,2.0300900505976216e-05,-2.4332,0.5311,MEAN_CROSS,0.0015676489772746827,3.358163,13
2024-05-28 05:00:00+00:00,2024-05-28 18:00:00+00:00,-1,0.0003446934840535265,0.0001629641532512327,2.1061,0.3443,MEAN_CROSS,0.0001817293308022938,0.389294,13
2024-05-29 12:00:00+00:00,2024-05-30 00:00:00+00:00,-1,0.0014149050619560732,0.0001633566159067179,3.3004,-0.4887,MEAN_CROSS,0.0012515484460493553,2.681024,12
2024-05-30 13:00:00+00:00,2024-05-31 12:00:00+00:00,1,-0.0007860582587095877,0.00024818867859743854,-2.49,0.5009,MEAN_CROSS,0.0010342469373070262,2.215528,23
2024-06-03 16:00:00+00:00,2024-06-04 04:00:00+00:00,-1,0.0018815898439790146,0.00031365709024078203,2.2177,-0.0067,MEAN_CROSS,0.0015679327537382326,3.358771,12
2024-06-04 07:00:00+00:00,2024-06-04 19:00:00+00:00,-1,0.002633507619554609,-0.00022783807550319501,2.9065,-1.1032,MEAN_CROSS,0.0028613456950578042,6.129476,12
2024-06-06 17:00:00+00:00,2024-06-07 06:00:00+00:00,1,-0.0010683149290942051,0.0005209991601958786,-2.0509,1.2502,MEAN_CROSS,0.0015893140892900837,3.066078,13
2024-06-07 08:00:00+00:00,2024-06-09 21:00:00+00:00,-1,0.0009885919716312586,0.00018646039498126932,2.2031,0.0205,MEAN_CROSS,0.0008021315766499892,1.547459,13
2024-06-10 15:00:00+00:00,2024-06-11 08:00:00+00:00,1,-0.0011559236044494936,0.0003137399603545532,-3.3851,0.8533,MEAN_CROSS,0.0014696635648040468,2.835251,17
2024-06-11 14:00:00+00:00,2024-06-12 06:00:00+00:00,1,-0.0010136506641863496,0.00028382086570732934,-2.6821,0.9702,MEAN_CROSS,0.001297471529893679,2.503061,16
2024-06-12 12:00:00+00:00,2024-06-13 00:00:00+00:00,1,-0.0011548284587609148,0.0006364247366358322,-2.555,1.7058,MEAN_CROSS,0.001791253195396747,3.455656,12
2024-06-13 01:00:00+00:00,2024-06-13 13:00:00+00:00,-1,0.0008431062883172968,7.032707741361222e-05,2.0119,0.0897,MEAN_CROSS,0.0007727792109036846,1.490833,12
2024-06-13 14:00:00+00:00,2024-06-14 02:00:00+00:00,-1,0.0013769752403105517,-0.0003397251023929959,2.6577,-1.3009,MEAN_CROSS,0.0017167003427035477,3.31183,12
2024-06-14 08:00:00+00:00,2024-06-14 20:00:00+00:00,-1,0.0015707645340992116,-0.00017102405338564886,3.8575,-0.5865,MEAN_CROSS,0.0017417885874848604,3.36023,12
2024-06-17 14:00:00+00:00,2024-06-18 05:00:00+00:00,-1,0.0012630404485667324,-0.00015626678761249124,2.069,-0.4598,MEAN_CROSS,0.0014193072361792236,2.738104,15
2024-06-18 07:00:00+00:00,2024-06-18 19:00:00+00:00,-1,0.0009319423592901721,-0.00011776588626666307,2.1206,-0.5978,MEAN_CROSS,0.0010497082455568352,2.02508,12
2024-06-19 10:00:00+00:00,2024-06-20 00:00:00+00:00,1,-0.0006951260406070636,0.0005464853484470344,-2.0794,2.6945,MEAN_CROSS,0.001241611389054098,2.395296,14
2024-06-20 01:00:00+00:00,2024-06-20 13:00:00+00:00,-1,0.0005501292513623302,-0.0017919305180156275,2.3467,-2.0861,MEAN_CROSS,0.0023420597693779577,4.518263,12
2024-06-21 07:00:00+00:00,2024-06-21 19:00:00+00:00,-1,0.0012482766191905803,-0.0003171049127027592,2.4565,-0.222,MEAN_CROSS,0.0015653815318933395,3.019908,12
2024-06-24 07:00:00+00:00,2024-06-24 20:00:00+00:00,1,-0.0007511180599716338,0.00025101448254361003,-2.0845,1.1862,MEAN_CROSS,0.0010021325425152439,1.933297,13
2024-06-25 11:00:00+00:00,2024-06-25 23:00:00+00:00,-1,0.001317242729252377,-3.871433820767933e-05,3.2273,0.0773,MEAN_CROSS,0.0013559570674600563,2.61589,12
2024-06-26 11:00:00+00:00,2024-06-26 23:00:00+00:00,-1,0.0009389805808508456,0.0002616203640993797,2.3593,0.3213,MEAN_CROSS,0.0006773602167514658,1.73894,12
2024-06-27 07:00:00+00:00,2024-06-27 20:00:00+00:00,1,-0.0006765372951608173,0.0004633783518720458,-2.1788,1.4039,MEAN_CROSS,0.001139915647032863,2.926426,13
2024-06-28 00:00:00+00:00,2024-06-28 12:00:00+00:00,-1,0.0008877871330777998,-7.557673010538668e-05,2.6942,-0.0064,MEAN_CROSS,0.0009633638631831865,2.473177,12
2024-07-01 12:00:00+00:00,2024-07-02 00:00:00+00:00,-1,0.0007146746090379574,0.00016572623935595665,2.5329,-0.0071,MEAN_CROSS,0.0005489483696820008,1.409277,12
2024-07-02 06:00:00+00:00,2024-07-02 23:00:00+00:00,1,-0.0006822194157365402,5.497686430522286e-05,-2.0347,0.5471,MEAN_CROSS,0.0007371962800417631,1.892553,17
2024-07-04 06:00:00+00:00,2024-07-04 19:00:00+00:00,1,-0.0016297123634454458,5.7977512692652944e-05,-3.3446,0.6417,MEAN_CROSS,0.0016876898761380987,4.332689,13
2024-07-05 12:00:00+00:00,2024-07-08 00:00:00+00:00,-1,0.0010807138488063694,0.0002494997915758468,3.1429,-0.2277,MEAN_CROSS,0.0008312140572305227,2.133918,12
2024-07-08 12:00:00+00:00,2024-07-09 07:00:00+00:00,1,-0.0009055148325338713,0.0002645195259801669,-2.1748,1.2694,MEAN_CROSS,0.0011700343585140383,3.003748,19
2024-07-09 09:00:00+00:00,2024-07-09 21:00:00+00:00,-1,0.0005653371097504856,1.4204041432708259e-05,2.0302,0.2201,MEAN_CROSS,0.0005511330683177773,1.414886,12
2024-07-10 07:00:00+00:00,2024-07-10 19:00:00+00:00,-1,0.0004643418171605962,-5.961746714311378e-05,2.1741,0.2921,MEAN_CROSS,0.00052395928430371,1.345124,12
2024-07-11 07:00:00+00:00,2024-07-11 19:00:00+00:00,-1,0.0008061966565645617,-0.00027555835002213147,2.2699,-0.6978,MEAN_CROSS,0.0010817550065866932,2.777114,12
2024-07-12 12:00:00+00:00,2024-07-15 02:00:00+00:00,-1,0.0012861500360781264,0.0002445333314379239,2.322,0.3484,MEAN_CROSS,0.0010416167046402025,2.67407,14
2024-07-15 08:00:00+00:00,2024-07-15 20:00:00+00:00,1,-0.0008501019298593482,0.0006752561226376352,-2.3808,1.0966,MEAN_CROSS,0.0015253580524969834,3.915946,12
2024-07-17 07:00:00+00:00,2024-07-17 19:00:00+00:00,-1,0.0007835052705033041,0.0004416506755565708,2.1303,-0.0273,MEAN_CROSS,0.0003418545949467333,0.789417,12
2024-07-19 08:00:00+00:00,2024-07-19 20:00:00+00:00,-1,0.0006926394825016446,-4.0177149663422895e-05,2.2205,-0.3979,MEAN_CROSS,0.0007328166321650675,1.692233,12
2024-07-22 06:00:00+00:00,2024-07-22 18:00:00+00:00,-1,0.0009646188076868345,-0.00010553045790073767,2.0623,-0.715,MEAN_CROSS,0.0010701492655875722,2.471208,12
2024-07-23 10:00:00+00:00,2024-07-23 22:00:00+00:00,1,-0.0008309767523222433,0.0004745121395097751,-2.5219,1.0135,MEAN_CROSS,0.0013054888918320184,3.014659,12
2024-07-24 13:00:00+00:00,2024-07-25 03:00:00+00:00,-1,0.0017339075031223006,0.00047720896625191855,3.1946,-0.1162,MEAN_CROSS,0.001256698536870382,2.901991,14
2024-07-25 09:00:00+00:00,2024-07-25 21:00:00+00:00,-1,0.00212432176803945,5.5160312499857866e-05,4.226,-0.3875,MEAN_CROSS,0.002069161455539592,4.778145,12
2024-07-30 04:00:00+00:00,2024-07-30 16:00:00+00:00,1,-0.000704866958715189,0.0006715987838192827,-2.4806,1.6304,MEAN_CROSS,0.0013764657425344717,3.17856,12
2024-07-31 12:00:00+00:00,2024-08-01 00:00:00+00:00,1,-0.0008743071609491615,0.0005832306715636282,-2.807,1.1909,MEAN_CROSS,0.0014575378325127897,3.365773,12
2024-08-01 08:00:00+00:00,2024-08-01 20:00:00+00:00,-1,0.0016330144449008266,0.0010047415521260428,2.9572,0.4849,MEAN_CROSS,0.0006282728927747838,1.450819,12
2024-08-05 13:00:00+00:00,2024-08-06 06:00:00+00:00,1,-0.002152886911955809,0.0011444437144503272,-2.4474,0.9247,MEAN_CROSS,0.0032973306264061364,2.837011,17
2024-08-07 09:00:00+00:00,2024-08-07 21:00:00+00:00,1,-0.0030814792733904195,0.0007472130612854455,-2.3834,1.2608,MEAN_CROSS,0.003828692334675865,3.294193,12
2024-08-12 07:00:00+00:00,2024-08-12 19:00:00+00:00,1,-0.001158726617639827,0.0009223838866520007,-2.3301,1.8892,MEAN_CROSS,0.0020811105042918276,1.79058,12
2024-08-14 02:00:00+00:00,2024-08-14 14:00:00+00:00,-1,0.0007136483947677297,-0.0008556259560722479,2.7417,-2.2566,MEAN_CROSS,0.0015692743508399776,1.350198,12
2024-08-15 12:00:00+00:00,2024-08-16 00:00:00+00:00,1,-0.0009102127592452991,0.00017170642488562038,-2.3892,0.5792,MEAN_CROSS,0.0010819191841309195,0.930879,12
2024-08-16 11:00:00+00:00,2024-08-18 23:00:00+00:00,-1,0.0010557239009245656,-0.0006472294152960467,2.0016,-1.0488,MEAN_CROSS,0.0017029533162206123,1.465215,12
2024-08-20 13:00:00+00:00,2024-08-21 01:00:00+00:00,-1,0.0013845493913788864,5.913924758338407e-05,3.4521,-0.126,MEAN_CROSS,0.0013254101437955024,1.140378,12
2024-08-21 10:00:00+00:00,2024-08-22 03:00:00+00:00,1,-0.001028050470846531,0.00010840078951801502,-2.2061,0.6767,MEAN_CROSS,0.001136451260364546,0.977798,17
2024-08-22 13:00:00+00:00,2024-08-23 01:00:00+00:00,-1,0.001104586948454389,-0.0003350554458151356,4.0255,-1.0794,MEAN_CROSS,0.0014396423942695247,1.238663,12
2024-08-23 13:00:00+00:00,2024-08-26 01:00:00+00:00,1,-0.0010173838677181024,0.00010521797860496562,-2.1617,0.7256,MEAN_CROSS,0.001122601846323068,2.531708,12
2024-08-27 11:00:00+00:00,2024-08-27 23:00:00+00:00,-1,0.0007592805272964576,3.6920792874650665e-05,2.0516,0.221,MEAN_CROSS,0.0007223597344218069,1.629076,12
2024-08-28 17:00:00+00:00,2024-08-29 05:00:00+00:00,-1,0.0013338984471553683,-0.0004189117432625844,3.8281,-1.4881,MEAN_CROSS,0.0017528101904179527,3.952963,12
2024-08-29 07:00:00+00:00,2024-08-29 19:00:00+00:00,1,-0.0009000058425027158,0.000723461050707086,-2.6009,1.4962,MEAN_CROSS,0.0016234668932098018,3.661267,12
2024-08-30 15:00:00+00:00,2024-09-02 05:00:00+00:00,-1,0.0007839340209345735,0.00018534876858911087,2.0745,0.4662,MEAN_CROSS,0.0005985852523454627,1.349938,14
2024-09-03 02:00:00+00:00,2024-09-03 15:00:00+00:00,-1,0.000759969717675224,-3.198571739226885e-05,2.667,-0.5115,MEAN_CROSS,0.0007919554350674929,1.78603,13
2024-09-04 13:00:00+00:00,2024-09-05 05:00:00+00:00,1,-0.0020796534704135006,0.00018334362814353966,-3.4443,0.5165,MEAN_CROSS,0.0022629970985570402,5.103545,16
2024-09-06 05:00:00+00:00,2024-09-06 19:00:00+00:00,-1,0.0004747504571086525,0.0005823362656732778,2.1062,0.2276,MEAN_CROSS,-0.0001075858085646253,-0.242629,14
2024-09-10 13:00:00+00:00,2024-09-11 01:00:00+00:00,-1,0.0011979210379783334,0.00015716230269491316,3.0264,-0.4377,MEAN_CROSS,0.0010407587352834202,2.347134,12
2024-09-11 06:00:00+00:00,2024-09-12 01:00:00+00:00,1,-0.0005415481394721589,0.00029760863811600924,-2.0498,0.8903,MEAN_CROSS,0.0008391567775881681,1.892479,19
2024-09-12 12:00:00+00:00,2024-09-13 00:00:00+00:00,-1,0.0009401697175385193,-0.0004447665235133291,2.1392,-0.6046,MEAN_CROSS,0.0013849362410518484,2.205905,12
2024-09-13 11:00:00+00:00,2024-09-15 23:00:00+00:00,-1,0.0011684206363259397,-0.00047285792518625414,2.4445,-1.5877,MEAN_CROSS,0.0016412785615121939,2.614204,12
2024-09-17 06:00:00+00:00,2024-09-18 04:00:00+00:00,1,-0.0006769492437423974,0.000336764720042515,-2.6814,1.1458,MEAN_CROSS,0.0010137139637849124,1.614628,22
2024-09-18 15:00:00+00:00,2024-09-19 03:00:00+00:00,-1,0.0007021796336905695,-0.0011527070269755635,2.7468,-2.9877,MEAN_CROSS,0.001854886660666133,2.954435,12
2024-09-19 04:00:00+00:00,2024-09-19 18:00:00+00:00,1,-0.0008893163602865517,0.0001379508901770965,-2.0097,0.5319,MEAN_CROSS,0.0010272672504636482,1.636216,14
2024-09-23 07:00:00+00:00,2024-09-23 20:00:00+00:00,-1,0.0009646785717690731,0.002244491067401988,2.7729,3.8546,STOP_LOSS,-0.0012798124956329149,-2.038466,13
2024-09-25 12:00:00+00:00,2024-09-26 00:00:00+00:00,-1,0.0008081669440288541,-0.0004984703904066246,2.6866,-0.6978,MEAN_CROSS,0.0013066373344354787,2.081192,12
2024-09-27 13:00:00+00:00,2024-09-30 01:00:00+00:00,-1,0.0011099028372746345,4.08794909826371e-05,2.1809,-0.6601,MEAN_CROSS,0.0010690233462919974,1.702724,12
2024-09-30 12:00:00+00:00,2024-10-01 00:00:00+00:00,1,-0.0009413843640099229,0.0003598078178005393,-2.0802,0.7902,MEAN_CROSS,0.0013011921818104621,2.072519,12
2024-10-01 06:00:00+00:00,2024-10-01 22:00:00+00:00,1,-0.0007805798280384746,0.00030130525085536597,-2.0536,1.0165,MEAN_CROSS,0.0010818850788938406,1.72321,16
2024-10-02 17:00:00+00:00,2024-10-03 06:00:00+00:00,-1,0.0005914458643770937,-0.0016881676462533468,2.0534,-3.4006,MEAN_CROSS,0.0022796135106304405,4.635983,13
2024-10-07 12:00:00+00:00,2024-10-08 00:00:00+00:00,-1,0.0011032607469589895,-0.00036554559819068633,2.8413,-1.4186,MEAN_CROSS,0.0014688063451496758,2.987069,12
2024-10-09 18:00:00+00:00,2024-10-10 15:00:00+00:00,-1,0.001054263156077484,0.0005454229047821002,2.0307,0.0439,MEAN_CROSS,0.0005088402512953838,1.034814,21
2024-10-10 19:00:00+00:00,2024-10-11 08:00:00+00:00,1,-0.0006035598576835666,0.0007097072033594998,-2.2904,0.531,MEAN_CROSS,0.0013132670610430663,2.670753,13
2024-10-11 12:00:00+00:00,2024-10-14 01:00:00+00:00,1,-0.0012337163119654493,0.0005247424255706568,-3.1639,0.8714,MEAN_CROSS,0.001758458737536106,3.576126,13
2024-10-14 13:00:00+00:00,2024-10-15 05:00:00+00:00,1,-0.0008828723495523105,0.0004856767497208869,-2.0316,1.1412,MEAN_CROSS,0.0013685490992731975,2.783178,16
2024-10-15 12:00:00+00:00,2024-10-16 01:00:00+00:00,-1,0.0010185473357932073,-2.343939172655407e-05,2.573,0.0731,MEAN_CROSS,0.0010419867275197614,2.119058,13
2024-10-17 07:00:00+00:00,2024-10-17 20:00:00+00:00,-1,0.0013983848766702112,4.9703494415465066e-05,3.0558,0.0862,MEAN_CROSS,0.001348681382254746,2.742774,13
2024-10-18 07:00:00+00:00,2024-10-18 19:00:00+00:00,1,-0.0005101410864137845,0.0003449409174454132,-2.0636,0.7114,MEAN_CROSS,0.0008550820038591977,1.738955,12
2024-10-21 15:00:00+00:00,2024-10-22 03:00:00+00:00,-1,0.0010581026273290828,-0.00027077067748881856,2.7056,-1.482,MEAN_CROSS,0.0013288733048179013,2.702491,12
2024-10-23 08:00:00+00:00,2024-10-23 20:00:00+00:00,-1,0.00043182993288948257,-3.3135862060107435e-05,2.8071,-0.1983,MEAN_CROSS,0.00046496579494959,1.349517,12
2024-10-24 00:00:00+00:00,2024-10-24 12:00:00+00:00,1,-0.0008447476611556093,0.00032663931921073086,-2.7389,0.8266,MEAN_CROSS,0.0011713869803663401,3.399835,12
2024-10-24 14:00:00+00:00,2024-10-25 02:00:00+00:00,-1,0.0015789385663749211,-0.00023222171735237662,3.9746,-0.6058,MEAN_CROSS,0.0018111602837272978,5.256714,12
2024-10-25 15:00:00+00:00,2024-10-28 03:00:00+00:00,-1,0.001738159634383618,0.00028846230949353124,2.6939,0.1769,MEAN_CROSS,0.0014496973248900868,4.207604,12
2024-10-29 07:00:00+00:00,2024-10-30 10:00:00+00:00,1,-0.0006947590191176412,0.0004119504618238512,-2.6153,0.6619,MEAN_CROSS,0.0011067094809414924,3.212115,27
2024-10-30 17:00:00+00:00,2024-10-31 15:00:00+00:00,1,-0.0009063046119249796,0.002025873725062688,-2.667,4.6415,MEAN_CROSS,0.0029321783369876675,8.510359,22
2024-11-01 08:00:00+00:00,2024-11-01 20:00:00+00:00,1,-0.00109592676935788,0.0006310297536790133,-2.2789,0.7092,MEAN_CROSS,0.0017269565230368933,5.012321,12
2024-11-04 07:00:00+00:00,2024-11-04 19:00:00+00:00,-1,0.0010782453543966009,5.2897368006843415e-05,2.0221,0.2385,MEAN_CROSS,0.0010253479863897574,2.975972,12
2024-11-05 14:00:00+00:00,2024-11-06 02:00:00+00:00,1,-0.0015095848919701726,0.0016734218677979529,-4.3226,2.817,MEAN_CROSS,0.0031830067597681255,9.238364,12
2024-11-06 03:00:00+00:00,2024-11-06 15:00:00+00:00,-1,0.0015302896636245622,-0.00028048696130145157,2.2752,-0.1416,MEAN_CROSS,0.0018107766249260138,5.255601,12
2024-11-07 02:00:00+00:00,2024-11-07 20:00:00+00:00,1,-0.0021781321390841324,0.0002952924035903859,-2.4811,0.7248,MEAN_CROSS,0.0024734245426745183,7.178871,18
2024-11-11 16:00:00+00:00,2024-11-12 04:00:00+00:00,1,-0.0011398281831754842,0.00045779795854405947,-2.6649,1.1279,MEAN_CROSS,0.0015976261417195436,3.663835,12
2024-11-12 12:00:00+00:00,2024-11-13 03:00:00+00:00,1,-0.0009329409777251163,0.0003919770913730636,-2.2528,0.596,MEAN_CROSS,0.0013249180690981799,3.038434,15
2024-11-13 14:00:00+00:00,2024-11-14 03:00:00+00:00,-1,0.0017294847250870493,0.00041555814684035575,3.7337,0.4792,MEAN_CROSS,0.0013139265782466936,3.013227,13
2024-11-14 07:00:00+00:00,2024-11-14 20:00:00+00:00,1,-0.0008826117753973906,0.0010676418375421548,-2.9318,1.3099,MEAN_CROSS,0.0019502536129395454,4.472515,13
2024-11-15 14:00:00+00:00,2024-11-18 02:00:00+00:00,-1,0.0019367093956879078,-0.00032322767069414837,2.9005,-1.0379,MEAN_CROSS,0.002259937066382056,5.182712,12
2024-11-18 15:00:00+00:00,2024-11-19 08:00:00+00:00,1,-0.002061254253017175,0.0002848013295211338,-3.471,0.6441,MEAN_CROSS,0.002346055582538309,5.380207,17
2024-11-19 15:00:00+00:00,2024-11-20 03:00:00+00:00,1,-0.0021178681484376183,0.00022267720994184614,-2.1995,0.9565,MEAN_CROSS,0.0023405453583794644,5.367571,12
2024-11-20 10:00:00+00:00,2024-11-20 22:00:00+00:00,-1,0.0010365952222508579,-0.0002992884062247292,2.1986,-0.1761,MEAN_CROSS,0.001335883628475587,3.063581,12
2024-11-21 15:00:00+00:00,2024-11-22 04:00:00+00:00,1,-0.001257054542034508,0.00033384042584738705,-2.2722,1.0553,MEAN_CROSS,0.001590894967881895,3.648398,13
2024-11-22 09:00:00+00:00,2024-11-22 21:00:00+00:00,-1,0.001093794276727622,-5.998105080640137e-05,2.5298,0.1901,MEAN_CROSS,0.0011537753275340235,2.645952,12
2024-11-25 07:00:00+00:00,2024-11-25 19:00:00+00:00,-1,0.0013785129138490504,-5.599476410333981e-05,2.4612,-0.0909,MEAN_CROSS,0.0014345076779523902,3.289755,12
2024-11-25 23:00:00+00:00,2024-11-26 11:00:00+00:00,-1,0.006667284883302815,-0.000946061088043959,8.0008,-1.0238,MEAN_CROSS,0.007613345971346774,17.459681,12
2024-11-28 00:00:00+00:00,2024-11-28 12:00:00+00:00,1,-0.001310738655330601,0.00024054537265405518,-2.593,1.3379,MEAN_CROSS,0.0015512840279846563,3.557558,12
2024-11-29 13:00:00+00:00,2024-12-02 03:00:00+00:00,-1,0.0016339016307986842,0.00010448015892516871,3.2798,0.0307,MEAN_CROSS,0.0015294214718735155,3.134777,14
2024-12-02 14:00:00+00:00,2024-12-03 02:00:00+00:00,-1,0.0016918825633139845,0.00021331773395560916,2.6454,0.1935,MEAN_CROSS,0.0014785648293583753,3.030539,12
2024-12-03 15:00:00+00:00,2024-12-04 03:00:00+00:00,-1,0.0015121122388640496,0.0003270811871228796,2.1047,0.3501,MEAN_CROSS,0.00118503105174117,2.428897,12
2024-12-05 08:00:00+00:00,2024-12-06 00:00:00+00:00,1,-0.0007972281195244291,0.00030133501590412504,-2.1743,0.823,MEAN_CROSS,0.001098563135428554,2.251669,16
2024-12-06 12:00:00+00:00,2024-12-09 00:00:00+00:00,-1,0.0014844044055083438,0.00010809689943502843,2.8653,-0.4998,MEAN_CROSS,0.0013763075060733154,2.820947,12
2024-12-11 07:00:00+00:00,2024-12-11 19:00:00+00:00,-1,0.001017164803865267,0.0001773661828673445,2.1325,0.4384,MEAN_CROSS,0.0008397986209979225,1.721292,12
2024-12-16 15:00:00+00:00,2024-12-17 03:00:00+00:00,1,-0.0009165517231838338,0.0005606017588092316,-2.2435,1.1677,MEAN_CROSS,0.0014771534819930654,3.027646,12
2024-12-17 14:00:00+00:00,2024-12-18 03:00:00+00:00,-1,0.0014005031914338106,0.000597172354091513,2.2578,0.0652,MEAN_CROSS,0.0008033308373422976,1.646546,12
2024-12-18 12:00:00+00:00,2024-12-31 21:00:00+00:00,1,-0.0008803451247058058,0.5308849999999999,-2.0215,0.0,END_OF_DATA,0.5317653451247057,1089.932174,211
