entry_time,exit_time,direction,entry_spread,exit_spread,entry_z,exit_z,exit_reason,pnl_spread,pnl_norm,bars_held
2015-04-29 22:00:00+00:00,2015-04-30 10:00:00+00:00,1,-0.003578477117603507,0.00022381806288340744,-2.3514,0.6757,MEAN_CROSS,0.0038022951804869143,2.815841,12
2015-05-01 14:00:00+00:00,2015-05-04 02:00:00+00:00,1,-0.0020806048793156062,2.7136089528978502e-05,-2.9925,0.9964,MEAN_CROSS,0.0021077409688445847,1.560916,12
2015-05-04 05:00:00+00:00,2015-05-04 17:00:00+00:00,-1,0.0009244925433157247,-5.117804244836321e-07,2.0654,0.386,MEAN_CROSS,0.0009250043237402084,0.685024,12
2015-05-05 05:00:00+00:00,2015-05-05 17:00:00+00:00,1,-0.0008867101172427283,0.0007917156456288543,-2.3147,0.9659,MEAN_CROSS,0.0016784257628715826,1.242981,12
2015-05-05 22:00:00+00:00,2015-05-06 12:00:00+00:00,1,-0.0039475449831606335,0.0006051220711547067,-5.0622,0.7473,MEAN_CROSS,0.00455266705431534,3.371538,14
2015-05-07 08:00:00+00:00,2015-05-07 20:00:00+00:00,1,-0.0015256469148652307,0.00037682625090385,-2.098,1.0999,MEAN_CROSS,0.0019024731657690808,1.408902,12
2015-05-08 12:00:00+00:00,2015-05-11 00:00:00+00:00,-1,0.0025112329057902505,-0.0020250320862870153,4.4173,-1.7851,MEAN_CROSS,0.004536264992077266,3.359392,12
2015-05-12 02:00:00+00:00,2015-05-12 14:00:00+00:00,-1,0.0011620984109285137,-0.0005539135669642148,2.158,-0.5825,MEAN_CROSS,0.0017160119778927285,1.270816,12
2015-05-12 21:00:00+00:00,2015-05-13 13:00:00+00:00,-1,0.0026989445041439852,0.0010303299418079614,4.8056,0.4571,MEAN_CROSS,0.0016686145623360238,1.235715,16
2015-05-13 22:00:00+00:00,2015-05-14 10:00:00+00:00,-1,0.003727420950549676,-0.001367791679279473,2.9522,-1.485,MEAN_CROSS,0.005095212629829149,3.773328,12
2015-05-15 14:00:00+00:00,2015-05-18 01:00:00+00:00,-1,0.002036968251124094,-0.001518779697037953,3.1142,-1.3519,MEAN_CROSS,0.003555747948162047,2.633257,12
2015-05-19 03:00:00+00:00,2015-05-19 15:00:00+00:00,-1,0.003495634233396716,-0.0011782954325186834,6.4546,-0.8816,MEAN_CROSS,0.0046739296659153995,3.461341,12
2015-05-20 13:00:00+00:00,2015-05-21 02:00:00+00:00,1,-0.0018349571726000713,0.0010085182983776697,-2.1289,1.973,MEAN_CROSS,0.002843475470977741,2.472153,13
2015-05-21 18:00:00+00:00,2015-05-22 06:00:00+00:00,-1,0.0013507804484944597,-8.993052637484844e-05,2.0946,-0.7162,MEAN_CROSS,0.001440710974869308,1.252572,12
2015-05-22 12:00:00+00:00,2015-05-25 07:00:00+00:00,1,-0.001930614179599055,0.00015597179595139288,-2.5136,0.5652,MEAN_CROSS,0.002086585975550448,1.814104,19
2015-05-26 06:00:00+00:00,2015-05-26 21:00:00+00:00,1,-0.001287304444577586,0.00013832328686469442,-5.6878,0.6202,MEAN_CROSS,0.0014256277314422805,1.239458,15
2015-05-27 20:00:00+00:00,2015-05-28 08:00:00+00:00,-1,0.0017307438392034635,-0.0007033588562090909,2.8277,-0.9649,MEAN_CROSS,0.0024341026954125544,2.116239,12
2015-05-28 10:00:00+00:00,2015-05-28 22:00:00+00:00,1,-0.0015810569254913753,0.0006185483978131678,-2.0766,0.8426,MEAN_CROSS,0.002199605323304543,1.912364,12
2015-06-01 06:00:00+00:00,2015-06-01 18:00:00+00:00,-1,0.0017718284781884641,-0.0005595995684979371,3.5262,-0.5588,MEAN_CROSS,0.0023314280466864012,2.026973,12
2015-06-02 08:00:00+00:00,2015-06-03 01:00:00+00:00,1,-0.0013737828797799612,0.0014566135364779687,-2.0875,1.5431,MEAN_CROSS,0.00283039641625793,2.460782,17
2015-06-03 08:00:00+00:00,2015-06-04 00:00:00+00:00,1,-0.0014454507840451214,0.0004026039397340142,-2.0099,0.7357,MEAN_CROSS,0.0018480547237791356,1.606722,16
2015-06-05 02:00:00+00:00,2015-06-05 14:00:00+00:00,-1,0.0009643571091906278,-0.0010619402196292427,2.1358,-0.9543,MEAN_CROSS,0.0020262973288198705,1.761688,12
2015-06-09 07:00:00+00:00,2015-06-10 04:00:00+00:00,1,-0.0012270831521048464,0.0011320595207097162,-2.0121,1.3258,MEAN_CROSS,0.0023591426728145626,3.069801,21
2015-06-10 05:00:00+00:00,2015-06-10 17:00:00+00:00,-1,0.0019224063283868054,0.0006323956304108425,2.1759,0.1608,MEAN_CROSS,0.001290010697975963,1.678608,12
2015-06-10 21:00:00+00:00,2015-06-11 12:00:00+00:00,1,-0.008181185813473046,0.0007884453803549407,-11.3728,0.6836,MEAN_CROSS,0.008969631193827987,11.671604,15
2015-06-15 11:00:00+00:00,2015-06-15 23:00:00+00:00,-1,0.0011733130249664825,-0.0003381625288170209,2.3929,-0.788,MEAN_CROSS,0.0015114755537835034,1.966786,12
2015-06-17 07:00:00+00:00,2015-06-17 19:00:00+00:00,1,-0.0019730613885582393,0.0016220333559016087,-4.0032,1.8296,MEAN_CROSS,0.003595094744459848,4.678065,12
2015-06-17 22:00:00+00:00,2015-06-18 11:00:00+00:00,1,-0.003721997922892961,0.0018470039634472801,-2.9064,1.3578,MEAN_CROSS,0.005569001886340241,7.246584,13
2015-06-19 20:00:00+00:00,2015-06-22 08:00:00+00:00,-1,0.0005349714285390883,-0.0006102365203776161,2.5323,-0.9388,MEAN_CROSS,0.0011452079489167044,1.490185,12
2015-06-22 10:00:00+00:00,2015-06-22 23:00:00+00:00,1,-0.0013368348735036673,0.00027531581758921675,-2.2386,0.9148,MEAN_CROSS,0.001612150691092884,2.097788,13
2015-06-23 14:00:00+00:00,2015-06-24 02:00:00+00:00,-1,0.0007235924468228516,0.00020703620671314038,2.2773,0.1559,MEAN_CROSS,0.0005165562401097112,0.672161,12
2015-06-24 04:00:00+00:00,2015-06-24 16:00:00+00:00,1,-0.00033585007433822867,0.0013003186021851576,-2.0109,2.6415,MEAN_CROSS,0.0016361686765233863,2.129041,12
2015-06-25 21:00:00+00:00,2015-06-26 17:00:00+00:00,1,-0.0024119309439200043,3.913959600776451e-05,-4.7623,0.7503,MEAN_CROSS,0.002451070539927769,3.18942,20
2015-06-29 02:00:00+00:00,2015-06-29 14:00:00+00:00,-1,0.0015851808745392937,-0.001967061602254905,3.009,-2.2795,MEAN_CROSS,0.0035522424767941985,5.369185,12
2015-06-29 15:00:00+00:00,2015-06-30 03:00:00+00:00,-1,0.0011952169719963157,-4.816963731035795e-05,2.1262,0.2101,MEAN_CROSS,0.0012433866093066737,1.879368,12
2015-06-30 08:00:00+00:00,2015-06-30 22:00:00+00:00,1,-0.00242867815970238,0.0008990020245701613,-2.4712,1.1839,MEAN_CROSS,0.003327680184272541,5.029761,14
2015-07-01 22:00:00+00:00,2015-07-02 12:00:00+00:00,1,-0.0019301407317949826,0.0005750255116276914,-3.662,2.0526,MEAN_CROSS,0.002505166243422674,3.786538,14
2015-07-02 13:00:00+00:00,2015-07-03 01:00:00+00:00,-1,0.00078079430623057,-0.0004515658936363742,2.3114,-0.2846,MEAN_CROSS,0.0012323601998669442,1.862702,12
2015-07-05 21:00:00+00:00,2015-07-06 09:00:00+00:00,1,-0.0012905649217749282,0.0007633177574714045,-2.0397,1.7907,MEAN_CROSS,0.0020538826792463327,3.104427,12
2015-07-06 12:00:00+00:00,2015-07-07 00:00:00+00:00,-1,0.0011107699517164393,-0.0002418474501739709,2.2291,-0.2896,MEAN_CROSS,0.0013526174018904102,2.04447,12
2015-07-07 07:00:00+00:00,2015-07-07 22:00:00+00:00,1,-0.0019838631503013016,0.0009745184716261068,-3.4796,1.967,MEAN_CROSS,0.0029583816219274084,4.471569,15
2015-07-08 08:00:00+00:00,2015-07-08 20:00:00+00:00,-1,0.0011980606742246769,2.7493597531957903e-06,2.0281,-0.4867,MEAN_CROSS,0.001195311314471481,1.806703,12
2015-07-10 07:00:00+00:00,2015-07-10 19:00:00+00:00,1,-0.0013857693205410193,0.0009554607684758576,-3.0554,1.4915,MEAN_CROSS,0.002341230089016877,3.53875,12
2015-07-14 09:00:00+00:00,2015-07-15 01:00:00+00:00,1,-0.00109598320160198,0.000461112152771892,-2.0032,0.9072,MEAN_CROSS,0.001557095354373872,2.353537,16
2015-07-15 13:00:00+00:00,2015-07-16 06:00:00+00:00,1,-0.001901540523840617,-7.681984248109064e-05,-3.5255,0.9404,MEAN_CROSS,0.0018247206813595263,2.75805,17
2015-07-20 04:00:00+00:00,2015-07-20 16:00:00+00:00,-1,0.003178303016819539,1.5546325766946367e-05,7.239,-0.2607,MEAN_CROSS,0.003162756691052593,3.219415,12
2015-07-21 14:00:00+00:00,2015-07-22 02:00:00+00:00,-1,0.00177584034899958,-0.00012189488983715968,3.1203,-0.6352,MEAN_CROSS,0.0018977352388367397,1.931732,12
2015-07-22 13:00:00+00:00,2015-07-23 02:00:00+00:00,1,-0.0014484905841963824,0.0007617532863609666,-2.3757,0.9468,MEAN_CROSS,0.002210243870557349,2.249839,13
2015-07-23 08:00:00+00:00,2015-07-23 20:00:00+00:00,-1,0.0024479782452269117,-0.0010520207317648023,2.2776,-1.0362,MEAN_CROSS,0.003499998976991714,3.562699,12
2015-07-24 15:00:00+00:00,2015-07-27 04:00:00+00:00,-1,0.0010254488968106656,-0.0004159115255094603,2.3866,-0.5413,MEAN_CROSS,0.001441360422320126,1.467181,14
2015-07-27 14:00:00+00:00,2015-07-28 03:00:00+00:00,-1,0.0013028420982119648,0.0005145850704864063,2.7715,0.3242,MEAN_CROSS,0.0007882570277255585,0.802378,13
2015-07-28 04:00:00+00:00,2015-07-28 16:00:00+00:00,-1,0.0022822299181539663,0.0004967066457467473,3.3567,-0.0697,MEAN_CROSS,0.001785523272407219,1.817509,12
2015-07-29 07:00:00+00:00,2015-07-30 08:00:00+00:00,1,-0.0009436393358288608,0.00030990452508083965,-2.4377,1.1215,MEAN_CROSS,0.0012535438609097005,1.276,25
2015-07-30 14:00:00+00:00,2015-07-31 03:00:00+00:00,1,-0.0017546587545197445,-8.646721959870707e-05,-2.0904,0.6184,MEAN_CROSS,0.0016681915349210374,1.698076,13
2015-07-31 06:00:00+00:00,2015-08-02 21:00:00+00:00,1,-0.001706782017710462,0.0006870087924201185,-2.0257,0.5378,MEAN_CROSS,0.0023937908101305805,2.436674,15
2015-08-03 20:00:00+00:00,2015-08-04 08:00:00+00:00,1,-0.001616466407919348,0.001296331825828445,-2.0669,1.9684,MEAN_CROSS,0.002912798233747793,2.964979,12
2015-08-04 17:00:00+00:00,2015-08-05 05:00:00+00:00,1,-0.0014807562663470275,0.0003924689147090099,-2.1723,0.6666,MEAN_CROSS,0.0018732251810560374,1.906782,12
2015-08-07 03:00:00+00:00,2015-08-07 19:00:00+00:00,-1,0.0009053890038184242,0.0007087598092236913,2.1728,0.3411,MEAN_CROSS,0.00019662919459473294,0.254095,16
2015-08-10 08:00:00+00:00,2015-08-11 00:00:00+00:00,1,-0.0021321923388434305,0.0007827317300419523,-2.6445,0.8993,MEAN_CROSS,0.002914924068885383,3.766828,16
2015-08-11 01:00:00+00:00,2015-08-11 19:00:00+00:00,1,-0.003383872772355412,0.0005373832872225259,-4.1219,0.6501,MEAN_CROSS,0.003921256059577938,5.067266,18
2015-08-12 01:00:00+00:00,2015-08-12 14:00:00+00:00,1,-0.003244001655141049,0.0021419741973006667,-2.772,1.7247,MEAN_CROSS,0.005385975852441716,6.960059,13
2015-08-14 02:00:00+00:00,2015-08-14 14:00:00+00:00,1,-0.0016889047469285101,0.00014857014032587657,-2.0574,0.6784,MEAN_CROSS,0.0018374748872543867,2.374488,12
2015-08-17 14:00:00+00:00,2015-08-18 03:00:00+00:00,-1,0.001102280664452615,0.000379491918299224,2.0443,0.137,MEAN_CROSS,0.0007227887461533911,0.934028,13
2015-08-18 06:00:00+00:00,2015-08-18 18:00:00+00:00,1,-0.00072603334286514,0.0006116598038650167,-2.3793,0.7206,MEAN_CROSS,0.0013376931467301567,1.728642,12
2015-08-19 14:00:00+00:00,2015-08-20 02:00:00+00:00,1,-0.0015832031254195966,0.0004195392933123987,-2.9501,0.6637,MEAN_CROSS,0.0020027424187319953,2.588056,12
2015-08-20 08:00:00+00:00,2015-08-21 07:00:00+00:00,1,-0.0018623856392099292,0.0005114270027136714,-2.4713,0.7984,MEAN_CROSS,0.0023738126419236005,3.067573,23
2015-08-21 10:00:00+00:00,2015-08-23 22:00:00+00:00,-1,0.002921473320029566,-0.002759154612857584,4.3586,-3.4109,MEAN_CROSS,0.00568062793288715,7.340824,12
2015-08-23 23:00:00+00:00,2015-08-24 16:00:00+00:00,1,-0.002704807002504639,0.00033833377663761155,-2.7419,0.7025,MEAN_CROSS,0.0030431407791422505,3.932516,17
2015-08-25 00:00:00+00:00,2015-08-25 14:00:00+00:00,-1,0.001540551807378998,-0.00011270845493693837,2.1886,0.1923,MEAN_CROSS,0.0016532602623159365,2.136435,14
2015-08-26 14:00:00+00:00,2015-08-27 07:00:00+00:00,1,-0.003473620153751522,0.002379568873792648,-3.1534,2.2741,MEAN_CROSS,0.00585318902754417,3.020274,17
2015-08-28 05:00:00+00:00,2015-08-28 18:00:00+00:00,1,-0.0010383553422161906,0.0009390346433034713,-2.0297,1.2545,MEAN_CROSS,0.001977389985519662,1.020343,13
2015-08-31 01:00:00+00:00,2015-08-31 14:00:00+00:00,1,-0.0022911609736767646,-0.0036164257285120627,-3.114,-3.8832,STOP_LOSS,-0.001325264754835298,-0.683843,13
2015-09-01 02:00:00+00:00,2015-09-01 14:00:00+00:00,-1,0.0014971284385891792,-0.0004511466017412813,2.2359,0.0044,MEAN_CROSS,0.0019482750403304605,1.005319,12
2015-09-02 03:00:00+00:00,2015-09-02 15:00:00+00:00,-1,0.0017877640879504497,0.00017795302494150178,2.1316,0.2708,MEAN_CROSS,0.001609811063008948,0.83067,12
2015-09-03 13:00:00+00:00,2015-09-04 01:00:00+00:00,-1,0.003218417618574554,-0.0005808744333354321,4.9596,-1.0098,MEAN_CROSS,0.003799292051909986,1.960453,12
2015-09-04 12:00:00+00:00,2015-09-07 01:00:00+00:00,1,-0.0018908451289573192,1.4857785385902211e-05,-2.1904,0.7005,MEAN_CROSS,0.0019057029143432214,0.983352,13
2015-09-08 01:00:00+00:00,2015-09-08 15:00:00+00:00,-1,0.0008414961632389195,0.0025624625446146743,2.1592,3.8654,STOP_LOSS,-0.0017209663813757548,-0.888027,14
2015-09-09 07:00:00+00:00,2015-09-09 21:00:00+00:00,1,-0.0012181507312442053,-0.006829038325909198,-2.4403,-7.9107,STOP_LOSS,-0.005610887594664993,-2.895245,14
2015-09-09 22:00:00+00:00,2015-09-10 15:00:00+00:00,1,-0.004980659239416041,0.0012955493458032263,-3.2941,0.9621,MEAN_CROSS,0.006276208585219267,3.238554,17
2015-09-14 03:00:00+00:00,2015-09-14 16:00:00+00:00,1,-0.0009990429495639885,0.0005281125844757151,-2.044,0.6557,MEAN_CROSS,0.0015271555340397036,0.78802,13
2015-09-15 14:00:00+00:00,2015-09-16 07:00:00+00:00,1,-0.0017156893210754642,0.0008821673253949225,-2.8701,0.8759,MEAN_CROSS,0.0025978566464703867,4.382921,17
2015-09-16 22:00:00+00:00,2015-09-17 17:00:00+00:00,1,-0.001278465990927291,0.0007304631863578326,-2.2849,1.5348,MEAN_CROSS,0.0020089291772851237,3.389324,19
2015-09-17 18:00:00+00:00,2015-09-18 13:00:00+00:00,-1,0.006080578668967718,-0.00026757404564559106,10.2153,-0.4542,MEAN_CROSS,0.006348152714613309,10.710157,19
2015-09-23 01:00:00+00:00,2015-09-23 20:00:00+00:00,1,-0.0019701072761391103,0.0016712414881602244,-3.1389,2.3872,MEAN_CROSS,0.0036413487642993347,6.143428,19
2015-09-24 14:00:00+00:00,2015-09-25 02:00:00+00:00,-1,0.002723915328554982,6.504286068587106e-05,2.9198,-0.4368,MEAN_CROSS,0.002658872467869111,4.485863,12
2015-09-28 10:00:00+00:00,2015-09-29 03:00:00+00:00,1,-0.00138455727677822,0.00018297144471868254,-2.645,0.9601,MEAN_CROSS,0.0015675287214969025,2.644624,17
2015-09-29 07:00:00+00:00,2015-09-29 19:00:00+00:00,-1,0.0021039886124639695,0.00024038878629828453,3.7746,0.3446,MEAN_CROSS,0.001863599826165685,3.144135,12
2015-10-01 09:00:00+00:00,2015-10-01 21:00:00+00:00,-1,0.0014493980010559238,-0.00037382911205674496,2.4833,-0.7221,MEAN_CROSS,0.0018232271131126687,3.076021,12
2015-10-02 20:00:00+00:00,2015-10-05 11:00:00+00:00,-1,0.0010503153845968782,-0.0001128505984353545,2.1157,-1.2448,MEAN_CROSS,0.0011631659830322327,2.13175,15
2015-10-05 20:00:00+00:00,2015-10-06 13:00:00+00:00,1,-0.0008446464436684398,0.0007243751413836819,-2.0339,0.7686,MEAN_CROSS,0.0015690215850521216,2.875568,17
2015-10-06 14:00:00+00:00,2015-10-07 08:00:00+00:00,-1,0.0018390818100925133,0.0002841497586287822,2.6185,-0.4224,MEAN_CROSS,0.001554932051463731,2.849745,18
2015-10-07 18:00:00+00:00,2015-10-08 14:00:00+00:00,1,-0.0012719436688515273,0.0008072450270923959,-2.5683,1.1943,MEAN_CROSS,0.002079188695943923,3.810558,20
2015-10-08 15:00:00+00:00,2015-10-09 03:00:00+00:00,-1,0.0020608239249889637,0.0005419327533767726,3.025,0.2943,MEAN_CROSS,0.0015188911716121911,2.783693,12
2015-10-09 07:00:00+00:00,2015-10-09 19:00:00+00:00,-1,0.002145168260389796,-0.00035385395381504203,2.3136,-1.1631,MEAN_CROSS,0.002499022214204838,4.579992,12
2015-10-12 07:00:00+00:00,2015-10-12 19:00:00+00:00,-1,0.001714974986903206,-0.0007818553229200775,2.3361,-1.5902,MEAN_CROSS,0.0024968303098232836,4.575975,12
2015-10-13 00:00:00+00:00,2015-10-13 14:00:00+00:00,1,-0.0017591224934143668,0.00038079933186974113,-2.8757,0.7215,MEAN_CROSS,0.002139921825284108,3.921864,14
2015-10-13 20:00:00+00:00,2015-10-14 08:00:00+00:00,1,-0.0021549538912926103,0.0027326573318767755,-2.5009,2.3694,MEAN_CROSS,0.004887611223169386,8.957593,12
2015-10-14 12:00:00+00:00,2015-10-15 00:00:00+00:00,-1,0.002761318326192197,0.0007990375417651352,2.1013,0.0939,MEAN_CROSS,0.0019622807844270618,3.596299,12
2015-10-15 07:00:00+00:00,2015-10-15 19:00:00+00:00,-1,0.002998439575743528,-0.0009308282451316874,2.482,-1.9217,MEAN_CROSS,0.003929267820875215,7.201223,12
2015-10-15 22:00:00+00:00,2015-10-16 13:00:00+00:00,1,-0.001456521929910637,0.0007559404742151221,-2.2783,0.8755,MEAN_CROSS,0.002212462404125759,4.05481,15
2015-10-16 18:00:00+00:00,2015-10-19 09:00:00+00:00,-1,0.0011363278139556732,-0.0004826626961387248,2.0011,-0.4183,MEAN_CROSS,0.001618990510094398,2.967146,15
2015-10-20 07:00:00+00:00,2015-10-20 19:00:00+00:00,-1,0.002046601523957303,-0.000555404909313828,4.6893,-0.2242,MEAN_CROSS,0.0026020064332711312,4.768733,12
2015-10-22 01:00:00+00:00,2015-10-22 15:00:00+00:00,-1,0.0014172856002023781,0.0006185558482337816,2.2589,0.2738,MEAN_CROSS,0.0007987297519685965,1.463843,14
2015-10-23 00:00:00+00:00,2015-10-23 12:00:00+00:00,-1,0.00252875452053547,-0.0023215594136810624,2.8539,-2.6537,MEAN_CROSS,0.0048503139342165325,6.331597,12
2015-10-23 13:00:00+00:00,2015-10-26 01:00:00+00:00,1,-0.003109169085898311,0.0008118758877331267,-3.0089,0.7844,MEAN_CROSS,0.003921044973631438,5.11853,12
2015-10-27 12:00:00+00:00,2015-10-28 00:00:00+00:00,-1,0.0011949099893054926,-0.0011871216805140472,2.864,-2.4465,MEAN_CROSS,0.00238203166981954,3.109503,12
2015-10-28 01:00:00+00:00,2015-10-28 15:00:00+00:00,1,-0.0018449162868160451,0.0001515994731484671,-3.4757,0.7564,MEAN_CROSS,0.0019965157599645122,2.606251,14
2015-10-28 18:00:00+00:00,2015-10-29 06:00:00+00:00,1,-0.004306314272369938,0.0007440017452016168,-5.9918,1.4083,MEAN_CROSS,0.0050503160175715545,6.59268,12
2015-10-29 10:00:00+00:00,2015-10-29 22:00:00+00:00,-1,0.0022504836505674586,0.00017343102796385512,2.7687,0.2938,MEAN_CROSS,0.0020770526226036035,2.711383,12
2015-10-30 00:00:00+00:00,2015-10-30 12:00:00+00:00,-1,0.002163934167705772,-0.0016266191675213815,2.075,-3.0094,MEAN_CROSS,0.0037905533352271537,4.948186,12
2015-11-02 09:00:00+00:00,2015-11-02 21:00:00+00:00,1,-0.0017771926685902217,0.00045463938721468367,-2.6622,0.6645,MEAN_CROSS,0.0022318320558049054,2.913432,12
2015-11-03 13:00:00+00:00,2015-11-04 02:00:00+00:00,1,-0.0021909329239212516,0.0002694491613505212,-2.4736,0.7142,MEAN_CROSS,0.002460382085271773,3.211782,13
2015-11-04 13:00:00+00:00,2015-11-05 01:00:00+00:00,1,-0.0030178165628094167,2.2568659867494567e-05,-2.5902,0.7216,MEAN_CROSS,0.0030403852226769112,3.968917,12
2015-11-05 13:00:00+00:00,2015-11-06 01:00:00+00:00,-1,0.0017317047697618104,0.00013661533531394987,2.3385,0.012,MEAN_CROSS,0.0015950894344478606,2.082229,12
2015-11-06 13:00:00+00:00,2015-11-09 01:00:00+00:00,1,-0.00538863724364147,0.001152553614621743,-9.3829,1.298,MEAN_CROSS,0.006541190858263213,8.538867,12
2015-11-10 23:00:00+00:00,2015-11-11 11:00:00+00:00,-1,0.001025475027800038,-5.900774996625557e-06,2.8159,-0.2285,MEAN_CROSS,0.0010313758027966635,1.346357,12
2015-11-12 12:00:00+00:00,2015-11-13 02:00:00+00:00,1,-0.0012512159761954855,0.0003194379883936227,-2.5245,0.8034,MEAN_CROSS,0.0015706539645891082,2.316773,14
2015-11-13 08:00:00+00:00,2015-11-13 20:00:00+00:00,1,-0.0012575096092993787,0.00036850304126156974,-2.3958,0.8447,MEAN_CROSS,0.0016260126505609485,2.398429,12
2015-11-16 09:00:00+00:00,2015-11-17 06:00:00+00:00,1,-0.0009379547936756438,7.957454629536898e-05,-2.2134,0.6416,MEAN_CROSS,0.0010175293399710128,1.500894,21
2015-11-18 05:00:00+00:00,2015-11-18 17:00:00+00:00,-1,0.0010319221161022574,-0.00044132984054290336,2.1396,-0.5936,MEAN_CROSS,0.0014732519566451607,2.173102,12
2015-11-18 21:00:00+00:00,2015-11-19 09:00:00+00:00,-1,0.0013228527030757498,-0.0005098316135918601,2.3771,-0.8169,MEAN_CROSS,0.00183268431666761,2.703278,12
2015-11-19 15:00:00+00:00,2015-11-20 03:00:00+00:00,-1,0.003113156090693514,0.0009205813212709302,2.6115,0.2098,MEAN_CROSS,0.002192574769422584,3.23413,12
2015-11-22 23:00:00+00:00,2015-11-23 11:00:00+00:00,1,-0.0014164951167522366,-5.177556985547227e-05,-2.232,0.5078,MEAN_CROSS,0.0013647195468967643,2.013012,12
2015-11-24 01:00:00+00:00,2015-11-24 18:00:00+00:00,-1,0.001030330897771381,0.00033261073507406813,2.2459,0.412,MEAN_CROSS,0.0006977201626973129,1.029163,17
2015-11-25 08:00:00+00:00,2015-11-26 01:00:00+00:00,1,-0.0008214647598629998,0.0006170008435617547,-2.252,0.7006,MEAN_CROSS,0.0014384656034247545,2.12179,17
2015-11-26 09:00:00+00:00,2015-11-26 23:00:00+00:00,1,-0.000760570614615208,0.0004007437050990159,-2.0507,0.9571,MEAN_CROSS,0.001161314319714224,1.712982,14
2015-11-27 06:00:00+00:00,2015-11-27 18:00:00+00:00,1,-0.0008876285542491757,0.00012840409349701432,-2.7632,0.9359,MEAN_CROSS,0.00101603264774619,1.498686,12
2015-11-30 02:00:00+00:00,2015-11-30 16:00:00+00:00,-1,0.0008695701118616173,-0.0001185579895031097,2.8942,-0.5003,MEAN_CROSS,0.000988128101364727,1.457526,14
2015-12-01 01:00:00+00:00,2015-12-01 13:00:00+00:00,-1,0.0021197540221657984,0.0002970864792376515,3.6227,-0.5394,MEAN_CROSS,0.001822667542928147,2.688503,12
2015-12-02 01:00:00+00:00,2015-12-02 18:00:00+00:00,1,-0.0007988691207196918,0.000291257885625118,-2.0539,0.5592,MEAN_CROSS,0.0010901270063448099,1.823169,17
2015-12-03 02:00:00+00:00,2015-12-03 14:00:00+00:00,-1,0.0006226951520629243,-0.0025915722384163287,2.1185,-5.1319,MEAN_CROSS,0.003214267390479253,5.37566,12
2015-12-03 15:00:00+00:00,2015-12-04 04:00:00+00:00,1,-0.002288580760237413,0.0008127484120181716,-3.1757,0.6644,MEAN_CROSS,0.0031013291722555847,5.186778,13
2015-12-04 14:00:00+00:00,2015-12-07 02:00:00+00:00,-1,0.004239238966960213,-0.0011194170976726037,4.1733,-1.2921,MEAN_CROSS,0.005358656064632816,8.962015,12
2015-12-08 06:00:00+00:00,2015-12-08 18:00:00+00:00,-1,0.0007484707777256627,1.0018110804588254e-05,2.8223,0.4669,MEAN_CROSS,0.0007384526669210745,1.235016,12
2015-12-08 22:00:00+00:00,2015-12-09 10:00:00+00:00,-1,0.0010190391000771681,-0.0008615940443905679,2.1158,-1.1601,MEAN_CROSS,0.001880633144467736,3.145241,12
2015-12-09 13:00:00+00:00,2015-12-10 01:00:00+00:00,-1,0.0013734262060735025,0.0004666692701320585,2.3593,-0.0587,MEAN_CROSS,0.000906756935941444,1.516494,12
2015-12-11 10:00:00+00:00,2015-12-13 23:00:00+00:00,1,-0.0016008856781930536,0.0001328866804117812,-2.4745,0.5666,MEAN_CROSS,0.0017337723586048348,2.899625,13
2015-12-14 13:00:00+00:00,2015-12-15 02:00:00+00:00,-1,0.0018985383482288398,0.0006291520175307763,2.6204,0.3443,MEAN_CROSS,0.0012693863306980635,2.122969,13
2015-12-15 09:00:00+00:00,2015-12-15 22:00:00+00:00,1,-0.0008519415572306732,0.0006456196143924675,-2.4705,0.6239,MEAN_CROSS,0.0014975611716231407,2.504577,13
2015-12-16 19:00:00+00:00,2015-12-17 07:00:00+00:00,-1,0.0023900805954744087,-0.0003007481032599735,3.2192,-0.1424,MEAN_CROSS,0.002690828698734382,4.500242,12
2015-12-17 15:00:00+00:00,2015-12-18 04:00:00+00:00,1,-0.002585581684404814,8.04659396664853e-05,-2.4195,0.6679,MEAN_CROSS,0.0026660476240712994,4.458797,13
2015-12-18 14:00:00+00:00,2015-12-21 04:00:00+00:00,-1,0.0016325738163709413,0.0004919375283745087,2.1125,0.3974,MEAN_CROSS,0.0011406362879964327,1.907642,14
2015-12-22 02:00:00+00:00,2015-12-22 14:00:00+00:00,-1,0.0015868591926724296,-0.00015582308805761613,2.698,-0.9599,MEAN_CROSS,0.0017426822807300457,2.842998,12
2015-12-23 10:00:00+00:00,2015-12-24 00:00:00+00:00,1,-0.0009879686370021235,0.00028597667114016456,-2.1171,0.6277,MEAN_CROSS,0.001273945308142288,2.078304,14
2015-12-28 00:00:00+00:00,2015-12-28 12:00:00+00:00,1,-0.0005187010182994278,0.0007019289210671298,-2.1075,1.9269,MEAN_CROSS,0.0012206299393665576,1.991326,12
2015-12-29 03:00:00+00:00,2015-12-29 15:00:00+00:00,-1,0.0008605056683584911,-0.00024957401097114307,2.0922,-1.4311,MEAN_CROSS,0.0011100796793296341,1.810975,12
2015-12-30 08:00:00+00:00,2015-12-30 21:00:00+00:00,-1,0.0009365196863286851,-4.647533479507082e-06,2.3131,0.4729,MEAN_CROSS,0.0009411672198081922,1.535412,13
2016-01-04 00:00:00+00:00,2016-01-04 14:00:00+00:00,1,-0.0016456053989746255,0.0004400598744896955,-3.9728,1.0354,MEAN_CROSS,0.002085665273464321,3.402537,14
2016-01-05 14:00:00+00:00,2016-01-06 07:00:00+00:00,1,-0.001942976606878033,0.0001217509806037409,-2.7601,0.7134,MEAN_CROSS,0.002064727587481774,3.36838,17
2016-01-07 12:00:00+00:00,2016-01-08 01:00:00+00:00,1,-0.0026959284926857396,0.0014865741073355476,-4.7339,1.9168,MEAN_CROSS,0.004182502600021287,6.8233,13
2016-01-08 14:00:00+00:00,2016-01-11 02:00:00+00:00,1,-0.0029704987795926563,0.0001840276950153541,-2.7061,0.8002,MEAN_CROSS,0.0031545264746080104,5.146269,12
2016-01-11 08:00:00+00:00,2016-01-11 23:00:00+00:00,-1,0.0020121686407831296,-0.000146274183745021,2.6045,-0.0999,MEAN_CROSS,0.0021584428245281506,3.521266,15
2016-01-13 00:00:00+00:00,2016-01-13 12:00:00+00:00,-1,0.0013329982276836239,-0.0007351828714796671,2.4356,-1.0302,MEAN_CROSS,0.002068181099163291,2.849058,12
2016-01-13 18:00:00+00:00,2016-01-14 06:00:00+00:00,1,-0.002013955282261448,0.0008564957656471694,-3.4532,1.1744,MEAN_CROSS,0.0028704510479086176,3.954238,12
2016-01-14 10:00:00+00:00,2016-01-14 23:00:00+00:00,1,-0.003082528422308717,0.0010985573933138815,-3.04,1.3962,MEAN_CROSS,0.004181085815622598,5.759725,13
2016-01-19 02:00:00+00:00,2016-01-19 21:00:00+00:00,1,-0.0014883761545106955,-0.004792338008317021,-2.3135,-6.3722,STOP_LOSS,-0.0033039618538063253,-4.551428,19
2016-01-19 22:00:00+00:00,2016-01-20 13:00:00+00:00,1,-0.003866264219883564,0.0011052558188680006,-3.2862,1.0742,MEAN_CROSS,0.0049715200387515646,6.848601,15
2016-01-20 18:00:00+00:00,2016-01-21 06:00:00+00:00,-1,0.002284953951378954,5.400009645439852e-06,2.0267,-0.0719,MEAN_CROSS,0.0022795539417335142,3.140238,12
2016-01-21 16:00:00+00:00,2016-01-22 04:00:00+00:00,-1,0.004926962342115759,0.00046419918612194966,4.601,-0.15,MEAN_CROSS,0.00446276315599381,6.147755,12
2016-01-22 09:00:00+00:00,2016-01-25 01:00:00+00:00,1,-0.0026825459823829334,0.0007705863448312922,-2.4687,0.8306,MEAN_CROSS,0.0034531323272142256,4.756921,16
2016-01-25 03:00:00+00:00,2016-01-25 15:00:00+00:00,-1,0.001834477911260457,-0.0003939966638017989,2.0718,-0.1153,MEAN_CROSS,0.002228474575062256,3.069873,12
2016-01-26 13:00:00+00:00,2016-01-27 01:00:00+00:00,-1,0.0021787198062070967,-0.0010630657111566633,3.8932,-1.5338,MEAN_CROSS,0.00324178551736376,4.465776,12
2016-01-27 13:00:00+00:00,2016-01-28 02:00:00+00:00,-1,0.0017751019223326558,0.00029689586007553004,2.202,0.4836,MEAN_CROSS,0.0014782060622571258,2.036328,13
2016-01-29 05:00:00+00:00,2016-01-29 17:00:00+00:00,-1,0.002525065576113761,-0.00036004249694909785,3.4678,-0.4979,MEAN_CROSS,0.0028851080730628587,3.974429,12
2016-02-01 14:00:00+00:00,2016-02-02 02:00:00+00:00,-1,0.001718454139604364,0.0006120885188546366,3.5387,0.2745,MEAN_CROSS,0.0011063656207497274,1.238673,12
2016-02-02 08:00:00+00:00,2016-02-02 21:00:00+00:00,1,-0.0019424768104550072,0.0017982363803578094,-2.5847,1.6107,MEAN_CROSS,0.0037407131908128166,4.188054,13
2016-02-03 07:00:00+00:00,2016-02-03 19:00:00+00:00,-1,0.002157834033764905,0.0009359061043782146,2.064,-0.0748,MEAN_CROSS,0.0012219279293866903,1.368055,12
2016-02-03 23:00:00+00:00,2016-02-05 09:00:00+00:00,1,-0.0012003993630517185,0.0013658327506748114,-2.3706,1.2022,MEAN_CROSS,0.00256623211372653,2.87312,34
2016-02-05 13:00:00+00:00,2016-02-08 01:00:00+00:00,1,-0.0031294266031706153,0.0006046841858370344,-3.4659,0.9164,MEAN_CROSS,0.0037341107890076497,4.180662,12
2016-02-09 00:00:00+00:00,2016-02-09 13:00:00+00:00,1,-0.001544163290230327,0.0005073840277882713,-2.5444,1.079,MEAN_CROSS,0.0020515473180185984,2.296886,13
2016-02-09 14:00:00+00:00,2016-02-10 02:00:00+00:00,-1,0.0022574684048889404,-0.0008783085248282863,3.4309,-0.8271,MEAN_CROSS,0.0031357769297172267,3.510775,12
2016-02-10 08:00:00+00:00,2016-02-10 21:00:00+00:00,-1,0.0021948840923543544,0.0007908009606937272,2.0709,0.4235,MEAN_CROSS,0.0014040831316606273,1.571993,13
2016-02-11 00:00:00+00:00,2016-02-11 15:00:00+00:00,-1,0.002551437574209281,-0.00015975837971904383,2.7903,-0.315,MEAN_CROSS,0.002711195953928325,3.03542,15
2016-02-16 02:00:00+00:00,2016-02-16 17:00:00+00:00,1,-0.0024795665162121727,2.826543918754698e-05,-4.8128,0.6512,MEAN_CROSS,0.0025078319553997197,2.807736,15
2016-02-17 15:00:00+00:00,2016-02-18 03:00:00+00:00,-1,0.0029790540330754123,0.0008130405926801698,3.9652,0.3961,MEAN_CROSS,0.0021660134403952425,2.425041,12
2016-02-19 13:00:00+00:00,2016-02-22 01:00:00+00:00,1,-0.001747324951736573,0.001493036682628457,-3.5188,1.7942,MEAN_CROSS,0.00324036163436503,5.616939,12
2016-02-22 13:00:00+00:00,2016-02-23 01:00:00+00:00,-1,0.0020998797355089582,-0.0004732957317070685,2.2812,-1.3409,MEAN_CROSS,0.0025731754672160267,4.460419,12
2016-02-23 14:00:00+00:00,2016-02-24 04:00:00+00:00,1,-0.0015938641250912156,-1.6530694997185513e-05,-2.0643,0.7604,MEAN_CROSS,0.00157733343009403,2.734196,14
2016-02-24 13:00:00+00:00,2016-02-25 01:00:00+00:00,-1,0.0007590426641851389,0.00010097690006238835,2.0179,0.2048,MEAN_CROSS,0.0006580657641227505,1.140711,12
2016-02-25 23:00:00+00:00,2016-02-26 11:00:00+00:00,-1,0.0019051376179087809,-0.00038761639805728887,2.3637,-1.3371,MEAN_CROSS,0.0022927540159660698,3.974328,12
2016-02-26 12:00:00+00:00,2016-02-29 04:00:00+00:00,1,-0.0012821195446763856,0.0004594791531238318,-2.4555,0.8277,MEAN_CROSS,0.0017415986978002174,3.018939,16
2016-03-01 07:00:00+00:00,2016-03-01 19:00:00+00:00,-1,0.0014314773794023017,0.00046017487378180455,2.1334,0.4929,MEAN_CROSS,0.0009713025056204971,1.683685,12
2016-03-02 15:00:00+00:00,2016-03-03 03:00:00+00:00,-1,0.0017538938136375526,-5.1214809607791345e-05,2.5615,-0.4199,MEAN_CROSS,0.001805108623245344,3.129029,12
2016-03-03 19:00:00+00:00,2016-03-04 14:00:00+00:00,1,-0.0007140881418319367,0.00208924491309348,-2.0236,2.3056,MEAN_CROSS,0.0028033330549254165,4.859381,19
2016-03-06 23:00:00+00:00,2016-03-07 14:00:00+00:00,1,-0.0013003881530398997,0.0009245269993201077,-2.5511,1.0004,MEAN_CROSS,0.0022249151523600075,3.856734,15
2016-03-07 15:00:00+00:00,2016-03-08 03:00:00+00:00,-1,0.00256502963787264,-0.0003998520917275483,2.8279,-0.2562,MEAN_CROSS,0.0029648817296001884,5.139414,12
2016-03-09 08:00:00+00:00,2016-03-09 20:00:00+00:00,-1,0.0010273727114813447,-0.00887383775604067,2.1166,-9.5625,MEAN_CROSS,0.009901210467522015,17.163051,12
2016-03-11 14:00:00+00:00,2016-03-14 01:00:00+00:00,-1,0.002994408133348392,4.5049827173127e-05,4.68,-0.4546,MEAN_CROSS,0.002949358306175265,1.263556,12
2016-03-15 14:00:00+00:00,2016-03-16 03:00:00+00:00,1,-0.0030847948777262824,7.521996599735292e-05,-4.0922,0.6562,MEAN_CROSS,0.0031600148437236353,1.353805,13
2016-03-16 18:00:00+00:00,2016-03-17 06:00:00+00:00,-1,0.0069015223191847275,0.0009872977351458312,8.5801,0.0341,MEAN_CROSS,0.005914224584038896,2.533757,12
2016-03-18 08:00:00+00:00,2016-03-21 02:00:00+00:00,1,-0.0024074917000862506,1.6025424787957654e-05,-3.1301,0.6148,MEAN_CROSS,0.0024235171248742082,1.038277,18
2016-03-21 08:00:00+00:00,2016-03-21 20:00:00+00:00,-1,0.0013488013010793942,-1.6294241404146703e-05,3.2503,0.4486,MEAN_CROSS,0.001365095542483541,0.584831,12
2016-03-22 08:00:00+00:00,2016-03-23 00:00:00+00:00,1,-0.0012863777862270886,0.0011582385845056997,-2.0561,2.4867,MEAN_CROSS,0.0024446163707327884,1.047316,15
2016-03-23 17:00:00+00:00,2016-03-24 05:00:00+00:00,-1,0.0012605207490795634,-0.0004792366332494469,2.6377,-0.302,MEAN_CROSS,0.0017397573823290102,0.745342,12
2016-03-24 12:00:00+00:00,2016-03-25 00:00:00+00:00,-1,0.0012116934823694914,6.666333147042902e-05,2.6783,0.3006,MEAN_CROSS,0.0011450301508990623,0.490551,12
2016-03-25 06:00:00+00:00,2016-03-25 18:00:00+00:00,-1,0.0008253630365273601,5.379245062431259e-05,2.1659,0.0797,MEAN_CROSS,0.0007715705859030475,0.330554,12
2016-03-28 12:00:00+00:00,2016-03-29 00:00:00+00:00,-1,0.0016274928675161782,0.00018802677186169348,3.5505,-0.1045,MEAN_CROSS,0.0014394660956544847,0.616692,12
2016-03-29 14:00:00+00:00,2016-03-30 02:00:00+00:00,-1,0.0032332897537833416,-0.0003215772793683236,5.0643,-0.9487,MEAN_CROSS,0.003554867033151665,1.522967,12
2016-04-01 12:00:00+00:00,2016-04-04 12:00:00+00:00,1,-0.003230199059027883,0.0004997446003690564,-3.8,0.8641,MEAN_CROSS,0.0037299436593969393,2.50223,24
2016-04-04 22:00:00+00:00,2016-04-05 12:00:00+00:00,1,-0.0017912543494947863,0.00015906100286999791,-2.6165,1.7071,MEAN_CROSS,0.0019503153523647843,1.308368,14
2016-04-05 14:00:00+00:00,2016-04-06 02:00:00+00:00,-1,0.001971895153798142,8.032497664933747e-05,5.2839,0.3981,MEAN_CROSS,0.0018915701771488047,1.268959,12
2016-04-06 15:00:00+00:00,2016-04-07 03:00:00+00:00,-1,0.0026385035202910467,-0.000381936821617912,3.7662,-0.759,MEAN_CROSS,0.0030204403419089587,2.02626,12
2016-04-07 09:00:00+00:00,2016-04-08 00:00:00+00:00,1,-0.0019434810275245074,0.0004079046057863245,-2.7538,0.8478,MEAN_CROSS,0.002351385633310832,1.577425,15
2016-04-08 12:00:00+00:00,2016-04-11 00:00:00+00:00,-1,0.0012985769385586154,-0.0006587590502910023,2.1639,-1.9444,MEAN_CROSS,0.001957335988849618,1.313078,12
2016-04-11 12:00:00+00:00,2016-04-12 00:00:00+00:00,-1,0.0017578568946319262,0.0002729772456011581,2.8635,-0.0095,MEAN_CROSS,0.001484879649030768,0.99613,12
2016-04-13 05:00:00+00:00,2016-04-13 17:00:00+00:00,1,-0.0008358720584277224,0.0005913576184148894,-2.8792,0.5328,MEAN_CROSS,0.0014272296768426118,0.957456,12
2016-04-14 00:00:00+00:00,2016-04-14 12:00:00+00:00,1,-0.0016206612604954262,0.0006456126075228275,-2.5492,0.9816,MEAN_CROSS,0.0022662738680182537,1.520328,12
2016-04-17 21:00:00+00:00,2016-04-18 09:00:00+00:00,1,-0.0016709460405041066,0.0007881520773569406,-2.9151,0.6178,MEAN_CROSS,0.002459098117861047,1.649684,12
2016-04-19 23:00:00+00:00,2016-04-21 03:00:00+00:00,1,-0.0008145032280278963,0.0004970688706021908,-2.5985,1.8345,MEAN_CROSS,0.0013115720986300872,2.041704,28
2016-04-21 13:00:00+00:00,2016-04-22 01:00:00+00:00,1,-0.002396966094533992,0.0010504765369989677,-4.4286,2.2369,MEAN_CROSS,0.00344744263153296,5.366581,12
2016-04-22 07:00:00+00:00,2016-04-22 19:00:00+00:00,1,-0.002271061489463433,0.00021009687992146198,-2.6189,1.068,MEAN_CROSS,0.002481158369384895,3.862381,12
2016-04-26 13:00:00+00:00,2016-04-27 01:00:00+00:00,-1,0.0012524240508284823,-0.0009136401481513179,2.1795,-2.3791,MEAN_CROSS,0.0021660641989798,3.371879,12
2016-04-27 09:00:00+00:00,2016-04-27 21:00:00+00:00,1,-0.0012468949477425495,0.004360030390583192,-2.1527,10.0867,MEAN_CROSS,0.005606925338325741,8.728215,12
2016-04-27 22:00:00+00:00,2016-04-28 10:00:00+00:00,-1,0.003651801239007657,0.00017617569017946977,3.9328,-0.1923,MEAN_CROSS,0.0034756255488281873,5.410453,12
2016-05-01 23:00:00+00:00,2016-05-02 12:00:00+00:00,-1,0.0012842330705780114,-0.0001340350076974861,2.0714,-0.5144,MEAN_CROSS,0.0014182680782754975,2.207796,13
2016-05-03 04:00:00+00:00,2016-05-03 22:00:00+00:00,1,-0.004056128080859089,0.001013475259502905,-7.6269,1.1532,MEAN_CROSS,0.0050696033403619944,7.891774,18
2016-05-05 12:00:00+00:00,2016-05-06 00:00:00+00:00,-1,0.0016542967446691037,-0.00011527336605454686,2.4751,-0.3325,MEAN_CROSS,0.0017695701107236506,2.754663,12
2016-05-06 01:00:00+00:00,2016-05-06 15:00:00+00:00,1,-0.001842955429830262,0.0005814707930167362,-3.3415,1.4128,MEAN_CROSS,0.002424426222846998,3.774067,14
2016-05-09 11:00:00+00:00,2016-05-10 06:00:00+00:00,1,-0.0019208451082864952,0.00038297462849923303,-3.0913,1.1142,MEAN_CROSS,0.0023038197367857283,4.045475,19
2016-05-10 21:00:00+00:00,2016-05-11 09:00:00+00:00,-1,0.0026085769279926563,0.0003495108287988602,4.336,0.1132,MEAN_CROSS,0.002259066099193796,3.966888,12
2016-05-13 01:00:00+00:00,2016-05-13 15:00:00+00:00,1,-0.0012520900137557023,0.0001585036495613812,-2.3077,0.762,MEAN_CROSS,0.0014105936633170835,2.476983,14
2016-05-16 03:00:00+00:00,2016-05-16 16:00:00+00:00,-1,0.000852840859910331,6.984660348752225e-05,2.4077,0.1065,MEAN_CROSS,0.0007829942564228087,1.374927,13
2016-05-17 01:00:00+00:00,2016-05-17 13:00:00+00:00,-1,0.0014001035402851914,0.00022165629228232397,2.5318,0.0757,MEAN_CROSS,0.0011784472480028674,2.069337,12
2016-05-17 14:00:00+00:00,2016-05-18 02:00:00+00:00,-1,0.002014393298021666,0.0002288886499560716,2.8663,0.2541,MEAN_CROSS,0.0017855046480655945,3.135321,12
2016-05-18 18:00:00+00:00,2016-05-19 06:00:00+00:00,1,-0.0025314375338614248,0.000643272968539943,-2.8776,1.1874,MEAN_CROSS,0.0031747105024013678,5.574747,12
2016-05-23 03:00:00+00:00,2016-05-23 15:00:00+00:00,-1,0.001335661864586224,-0.0008615169456887006,2.6353,-1.474,MEAN_CROSS,0.0021971788102749246,3.858215,12
2016-05-24 01:00:00+00:00,2016-05-24 13:00:00+00:00,1,-0.0015011996462703792,6.743089284444448e-05,-2.3627,0.8344,MEAN_CROSS,0.0015686305391148236,2.754493,12
2016-05-24 14:00:00+00:00,2016-05-25 04:00:00+00:00,-1,0.0010842654951297437,-5.737984393183737e-07,2.5609,0.0796,MEAN_CROSS,0.001084839293569062,1.904962,14
2016-05-25 20:00:00+00:00,2016-05-26 08:00:00+00:00,1,-0.0016026857957761598,0.0009767023416198395,-3.8709,1.5123,MEAN_CROSS,0.0025793881373959993,4.529369,12
2016-05-27 17:00:00+00:00,2016-05-30 06:00:00+00:00,1,-0.0016478470617856678,-4.813857127361487e-06,-2.939,0.6917,MEAN_CROSS,0.0016430332046583063,2.485533,13
2016-05-30 23:00:00+00:00,2016-05-31 12:00:00+00:00,-1,0.0007183756209788728,0.00016956947350355023,2.0068,-0.2025,MEAN_CROSS,0.0005488061474753225,0.830218,13
2016-05-31 14:00:00+00:00,2016-06-01 02:00:00+00:00,-1,0.0016739557152307682,0.00011873704182729927,2.6148,-0.6523,MEAN_CROSS,0.001555218673403469,2.352689,12
2016-06-01 06:00:00+00:00,2016-06-02 13:00:00+00:00,1,-0.0009486860009605413,0.001346329278021141,-2.4859,2.1799,MEAN_CROSS,0.0022950152789816824,3.471832,31
2016-06-03 12:00:00+00:00,2016-06-06 00:00:00+00:00,-1,0.0050143823678120425,-0.0005309107740053554,7.7004,-1.006,MEAN_CROSS,0.005545293141817398,8.388758,12
2016-06-07 04:00:00+00:00,2016-06-07 16:00:00+00:00,-1,0.0012183003624264277,-0.00019066411289236918,2.9504,-0.5963,MEAN_CROSS,0.0014089644753187969,2.13144,12
2016-06-07 23:00:00+00:00,2016-06-08 11:00:00+00:00,1,-0.0015198336061517104,0.0010895401968914475,-2.5004,1.1059,MEAN_CROSS,0.002609373803043158,3.947385,12
2016-06-08 21:00:00+00:00,2016-06-09 09:00:00+00:00,-1,0.004511343451985228,-0.001248169333397442,7.4244,-1.7388,MEAN_CROSS,0.00575951278538267,8.712823,12
2016-06-13 07:00:00+00:00,2016-06-13 19:00:00+00:00,-1,0.0009950986450314447,-0.0005973773094730683,2.9656,-0.5968,MEAN_CROSS,0.001592475954504513,2.409051,12
2016-06-14 09:00:00+00:00,2016-06-15 01:00:00+00:00,1,-0.0016576837818342849,-5.4967360890945116e-05,-2.3733,0.698,MEAN_CROSS,0.0016027164209433398,2.424543,16
2016-06-15 02:00:00+00:00,2016-06-15 14:00:00+00:00,-1,0.0010038081896889262,0.00024627033641067,2.5205,0.3048,MEAN_CROSS,0.0007575378532782562,1.145981,12
2016-06-16 14:00:00+00:00,2016-06-17 13:00:00+00:00,1,-0.0027514975661940833,0.0008342112030763627,-2.8401,0.8945,MEAN_CROSS,0.003585708769270446,3.618162,23
2016-06-20 11:00:00+00:00,2016-06-21 00:00:00+00:00,1,-0.0007304343542074987,0.0008083156537327385,-2.0243,0.7945,MEAN_CROSS,0.0015387500079402372,1.552677,13
2016-06-21 08:00:00+00:00,2016-06-21 20:00:00+00:00,-1,0.0017945686416765971,-0.0007155657109136904,2.6671,-1.3437,MEAN_CROSS,0.0025101343525902875,2.532853,12
2016-06-22 12:00:00+00:00,2016-06-23 00:00:00+00:00,-1,0.0015902846317679131,0.00010707581184554726,2.0773,-0.1519,MEAN_CROSS,0.0014832088199223659,1.496633,12
2016-06-23 09:00:00+00:00,2016-06-23 21:00:00+00:00,-1,0.0023002961137292832,0.0006042354572821651,3.8233,0.2043,MEAN_CROSS,0.0016960606564471181,1.711411,12
2016-06-23 22:00:00+00:00,2016-06-24 10:00:00+00:00,1,-0.0017839680808460212,0.0021865612837339565,-3.5978,0.95,MEAN_CROSS,0.003970529364579978,4.006465,12
2016-07-01 14:00:00+00:00,2016-07-04 05:00:00+00:00,1,-0.0007520099706008754,0.0008198733821913606,-2.5567,1.0747,MEAN_CROSS,0.001571883352792236,1.58611,15
2016-07-04 14:00:00+00:00,2016-07-05 02:00:00+00:00,-1,0.0015696863688833274,-0.0002616263319640266,2.4039,-0.844,MEAN_CROSS,0.001831312700847354,1.847887,12
2016-07-06 09:00:00+00:00,2016-07-06 21:00:00+00:00,-1,0.001045087336008832,-0.00017742680820209689,2.3672,0.1223,MEAN_CROSS,0.0012225141442109289,1.784687,12
2016-07-07 05:00:00+00:00,2016-07-07 17:00:00+00:00,-1,0.0028956129612249804,0.0003994334287755752,3.9097,-0.2723,MEAN_CROSS,0.002496179532449405,3.644048,12
2016-07-11 05:00:00+00:00,2016-07-11 22:00:00+00:00,1,-0.0010960675658551189,0.0007556039983936946,-2.0874,1.7166,MEAN_CROSS,0.0018516715642488135,2.703163,17
2016-07-12 01:00:00+00:00,2016-07-12 13:00:00+00:00,-1,0.0010835562836811752,-0.0005225575501848212,2.1293,-0.7325,MEAN_CROSS,0.0016061138338659964,2.344685,12
2016-07-13 01:00:00+00:00,2016-07-14 01:00:00+00:00,1,-0.001737023748569655,0.0007283173187937475,-2.7988,1.1933,MEAN_CROSS,0.0024653410673634024,3.599028,24
2016-07-14 03:00:00+00:00,2016-07-14 16:00:00+00:00,1,-0.002683359900730764,0.0007091633856499691,-2.8992,1.1696,MEAN_CROSS,0.003392523286380733,4.952575,13
2016-07-17 22:00:00+00:00,2016-07-18 15:00:00+00:00,1,-0.0031895328108971777,0.0005808570403730284,-2.7087,0.927,MEAN_CROSS,0.003770389851270206,5.504204,17
2016-07-18 21:00:00+00:00,2016-07-19 10:00:00+00:00,1,-0.003755076749110575,0.0006546945867175191,-3.6028,0.9446,MEAN_CROSS,0.004409771335828094,6.437605,13
2016-07-20 21:00:00+00:00,2016-07-21 09:00:00+00:00,1,-0.0036739141543927767,0.0009551063329452658,-6.0732,1.411,MEAN_CROSS,0.0046290204873380425,6.757676,12
2016-07-25 00:00:00+00:00,2016-07-25 16:00:00+00:00,1,-0.0011629699682523809,0.0006454427642569316,-2.7379,1.4794,MEAN_CROSS,0.0018084127325093124,2.640011,16
2016-07-26 15:00:00+00:00,2016-07-27 12:00:00+00:00,1,-0.0011440403126367071,0.000641508583945849,-2.0205,0.633,MEAN_CROSS,0.0017855488965825561,2.29634,21
2016-07-27 23:00:00+00:00,2016-07-28 11:00:00+00:00,-1,0.001745961232244464,-0.0006910876174036629,2.4221,-1.4915,MEAN_CROSS,0.002437048849648127,3.134214,12
2016-07-28 14:00:00+00:00,2016-07-29 02:00:00+00:00,1,-0.001581438251954559,0.001076973780524626,-2.7412,1.1584,MEAN_CROSS,0.002658412032479185,3.418902,12
2016-07-29 12:00:00+00:00,2016-08-01 00:00:00+00:00,-1,0.0036247448226722767,0.0003285095674064875,5.1753,-0.2785,MEAN_CROSS,0.003296235255265789,4.239187,12
2016-08-02 05:00:00+00:00,2016-08-02 17:00:00+00:00,-1,0.0015989204422863779,6.271692602455303e-05,2.512,-0.1028,MEAN_CROSS,0.0015362035162618248,1.975664,12
2016-08-02 23:00:00+00:00,2016-08-03 19:00:00+00:00,1,-0.0015533939864449398,0.0003648226084272954,-2.1391,0.9868,MEAN_CROSS,0.0019182165948722352,2.46696,20
2016-08-04 00:00:00+00:00,2016-08-04 13:00:00+00:00,-1,0.0007724805170129523,7.254365764375326e-05,2.2287,0.2083,MEAN_CROSS,0.000699936859369199,0.900167,13
2016-08-05 12:00:00+00:00,2016-08-08 07:00:00+00:00,1,-0.002787477339659783,0.0009980969934173523,-6.0841,1.3376,MEAN_CROSS,0.003785574333077135,4.868511,20
2016-08-09 06:00:00+00:00,2016-08-10 00:00:00+00:00,1,-0.0012529642076527514,0.001206525427431937,-2.5799,1.6829,MEAN_CROSS,0.0024594896350846884,3.163074,18
2016-08-10 01:00:00+00:00,2016-08-10 13:00:00+00:00,-1,0.0017327452311576286,-0.000843958086147234,2.3499,-2.1226,MEAN_CROSS,0.0025767033173048626,3.313819,12
2016-08-10 15:00:00+00:00,2016-08-11 10:00:00+00:00,1,-0.0013068495795443003,0.0009045887352532311,-2.4386,0.5161,MEAN_CROSS,0.0022114383147975314,2.844063,19
2016-08-12 12:00:00+00:00,2016-08-15 00:00:00+00:00,-1,0.0025990568526960134,-0.0009258143865895629,5.2882,-0.902,MEAN_CROSS,0.0035248712392855763,4.533229,12
2016-08-16 05:00:00+00:00,2016-08-16 18:00:00+00:00,-1,0.0015765890267502858,0.0007139389336545676,2.4402,0.4842,MEAN_CROSS,0.0008626500930957182,1.046222,13
2016-08-18 01:00:00+00:00,2016-08-18 13:00:00+00:00,-1,0.002927708783803995,0.0003694966373016806,3.9096,0.3463,MEAN_CROSS,0.0025582121465023144,3.1026,12
2016-08-19 01:00:00+00:00,2016-08-19 14:00:00+00:00,1,-0.0015137348579485899,0.0004123099716839551,-2.2084,1.0013,MEAN_CROSS,0.001926044829632545,2.335908,13
2016-08-22 01:00:00+00:00,2016-08-22 13:00:00+00:00,1,-0.0015283192344921481,0.0012503676380255513,-2.1121,1.68,MEAN_CROSS,0.0027786868725176994,3.369992,12
2016-08-23 15:00:00+00:00,2016-08-24 07:00:00+00:00,1,-0.0012101092822548454,0.0005033818758909403,-3.3822,0.805,MEAN_CROSS,0.0017134911581457857,2.078122,16
2016-08-24 08:00:00+00:00,2016-08-24 20:00:00+00:00,-1,0.002681013002524657,0.00018045182139547755,4.3958,0.2979,MEAN_CROSS,0.0025005611811291795,3.032681,12
2016-08-25 12:00:00+00:00,2016-08-26 00:00:00+00:00,1,-0.0013195986921368252,0.0005139117781925995,-2.1563,1.2526,MEAN_CROSS,0.0018335104703294247,2.223682,12
2016-08-26 12:00:00+00:00,2016-08-29 00:00:00+00:00,-1,0.002479891463669115,-0.0005129042603472245,6.1873,-0.1663,MEAN_CROSS,0.0029927957240163394,3.629663,12
2016-08-30 14:00:00+00:00,2016-08-31 02:00:00+00:00,1,-0.0008791756126232952,0.0004886404742291406,-2.0608,1.109,MEAN_CROSS,0.0013678160868524358,1.658888,12
2016-09-01 06:00:00+00:00,2016-09-01 18:00:00+00:00,-1,0.0011474440884050585,0.00041791774327082365,2.2974,0.4458,MEAN_CROSS,0.0007295263451342349,0.88477,12
2016-09-02 12:00:00+00:00,2016-09-05 06:00:00+00:00,-1,0.002484471541661759,-4.4835836508161364e-05,3.5229,-0.3586,MEAN_CROSS,0.0025293073781699205,3.995651,18
2016-09-06 14:00:00+00:00,2016-09-07 02:00:00+00:00,-1,0.0035624419933081297,0.0008420973196765491,7.2948,0.369,MEAN_CROSS,0.0027203446736315806,4.29744,12
2016-09-07 14:00:00+00:00,2016-09-08 08:00:00+00:00,1,-0.0009960345280645155,0.0007454153052087742,-2.0535,0.6803,MEAN_CROSS,0.0017414498332732897,2.75104,18
2016-09-08 12:00:00+00:00,2016-09-09 00:00:00+00:00,1,-0.002003190964186219,0.00024911268673977194,-3.2126,0.6308,MEAN_CROSS,0.002252303650925991,3.558057,12
2016-09-12 00:00:00+00:00,2016-09-12 12:00:00+00:00,-1,0.0008393801762319741,-0.00040758093006343366,2.0386,0.1956,MEAN_CROSS,0.0012469611062954078,1.969876,12
2016-09-12 17:00:00+00:00,2016-09-13 05:00:00+00:00,-1,0.0014508219319099291,-0.00023385534569930755,2.6563,-0.4407,MEAN_CROSS,0.0016846772776092367,2.661354,12
2016-09-13 12:00:00+00:00,2016-09-14 00:00:00+00:00,1,-0.0014437262273174767,4.624305653777583e-05,-2.0205,0.5131,MEAN_CROSS,0.0014899692838552525,2.353766,12
2016-09-15 06:00:00+00:00,2016-09-15 18:00:00+00:00,1,-0.0010484300175982453,0.0010851665417360712,-2.1609,1.4536,MEAN_CROSS,0.0021335965593343165,3.37053,12
2016-09-16 14:00:00+00:00,2016-09-19 02:00:00+00:00,1,-0.0011394843210746908,0.0016373667490290345,-2.0208,2.9788,MEAN_CROSS,0.0027768510701037252,4.386706,12
2016-09-20 06:00:00+00:00,2016-09-20 18:00:00+00:00,-1,0.0015795683238181146,-0.00029212928684296813,2.2425,-0.4385,MEAN_CROSS,0.0018716976106610828,2.956798,12
2016-09-21 04:00:00+00:00,2016-09-21 18:00:00+00:00,1,-0.0015439465664276453,0.0010616753719631111,-2.2898,1.7845,MEAN_CROSS,0.0026056219383907564,4.116208,14
2016-09-21 19:00:00+00:00,2016-09-22 07:00:00+00:00,-1,0.0015616671219432776,-0.0005868407862115177,2.372,-0.8712,MEAN_CROSS,0.0021485079081547953,3.394086,12
2016-09-23 00:00:00+00:00,2016-09-23 18:00:00+00:00,1,-0.0015379561795477725,0.00020376392433596457,-2.1648,1.3762,MEAN_CROSS,0.001741720103883737,2.401991,18
2016-09-26 03:00:00+00:00,2016-09-26 18:00:00+00:00,-1,0.0007462473531891778,-8.462726477576066e-05,2.0504,-0.1879,MEAN_CROSS,0.0008308746179649384,1.145852,15
2016-09-27 07:00:00+00:00,2016-09-27 19:00:00+00:00,-1,0.0016081778314330775,-0.00017715343060287214,2.293,-0.9201,MEAN_CROSS,0.0017853312620359496,2.462135,12
2016-09-28 02:00:00+00:00,2016-09-28 15:00:00+00:00,1,-0.0010267513772743708,0.0001252802158349109,-2.2403,0.8864,MEAN_CROSS,0.0011520315931092817,1.588757,13
2016-09-28 18:00:00+00:00,2016-09-29 06:00:00+00:00,-1,0.001527922888600819,-0.0008411848799744215,3.6095,-1.1353,MEAN_CROSS,0.0023691077685752404,3.267216,12
2016-09-29 17:00:00+00:00,2016-09-30 05:00:00+00:00,1,-0.0020443028986090184,0.0011773252931730482,-3.3064,1.7574,MEAN_CROSS,0.0032216281917820666,4.442919,12
2016-10-02 23:00:00+00:00,2016-10-03 16:00:00+00:00,1,-0.0012815457266884822,0.0005501308430607699,-2.2049,0.8031,MEAN_CROSS,0.001831676569749252,2.526049,17
2016-10-04 14:00:00+00:00,2016-10-05 07:00:00+00:00,1,-0.0013823005585595904,5.9227356232427475e-05,-3.163,0.7472,MEAN_CROSS,0.001441527914792018,1.987998,17
2016-10-06 15:00:00+00:00,2016-10-07 03:00:00+00:00,-1,0.0009398135762722637,-0.0006571331651354928,2.5773,-1.0402,MEAN_CROSS,0.0015969467414077565,2.202335,12
2016-10-07 12:00:00+00:00,2016-10-10 00:00:00+00:00,-1,0.0026800215405782257,0.00016540163397527063,4.7704,0.1202,MEAN_CROSS,0.002514619906602955,3.46789,12
2016-10-11 00:00:00+00:00,2016-10-11 12:00:00+00:00,1,-0.001660035285354855,0.0003161116174427159,-3.9766,0.9807,MEAN_CROSS,0.001976146902797571,2.725287,12
2016-10-13 09:00:00+00:00,2016-10-13 21:00:00+00:00,-1,0.0013369987399228789,-0.00024448660471709793,2.7735,-0.5779,MEAN_CROSS,0.0015814853446399768,1.860812,12
2016-10-14 01:00:00+00:00,2016-10-14 13:00:00+00:00,-1,0.0020477059937885622,-4.7824053962530755e-06,3.0817,-0.4014,MEAN_CROSS,0.0020524883991848153,2.415005,12
2016-10-17 12:00:00+00:00,2016-10-18 02:00:00+00:00,-1,0.001046922804291306,0.00025095997843505025,2.1106,-0.4053,MEAN_CROSS,0.0007959628258562557,0.936548,14
2016-10-20 06:00:00+00:00,2016-10-21 05:00:00+00:00,1,-0.0013750664398649581,9.758086351729922e-06,-2.8157,0.5871,MEAN_CROSS,0.001384824526216688,1.629416,23
2016-10-24 05:00:00+00:00,2016-10-24 17:00:00+00:00,-1,0.0006278166123730999,-0.000585563909445197,2.4304,-0.6886,MEAN_CROSS,0.001213380521818297,1.427692,12
2016-10-25 15:00:00+00:00,2016-10-26 03:00:00+00:00,-1,0.0012621407248382122,-0.00021298113959089537,2.1783,-0.7727,MEAN_CROSS,0.0014751218644291075,1.735662,12
2016-10-26 12:00:00+00:00,2016-10-27 01:00:00+00:00,1,-0.0007946743141145074,0.0002562217369059816,-2.2819,0.8899,MEAN_CROSS,0.001050896051020489,1.236509,13
2016-10-27 08:00:00+00:00,2016-10-27 20:00:00+00:00,1,-0.0010034782549854793,-4.51822747808972e-05,-2.598,0.5547,MEAN_CROSS,0.0009582959802045821,1.127553,12
2016-10-28 01:00:00+00:00,2016-10-28 15:00:00+00:00,-1,0.0006007112671857495,4.280039183679474e-05,2.26,0.2008,MEAN_CROSS,0.0005579108753489548,0.656451,14
2016-10-31 00:00:00+00:00,2016-10-31 15:00:00+00:00,1,-0.0010222943175554056,0.0003952623928125121,-3.7389,1.2471,MEAN_CROSS,0.0014175567103679176,1.66793,15
2016-11-01 11:00:00+00:00,2016-11-02 01:00:00+00:00,-1,0.000727216625626359,0.0005451759097617748,2.0342,0.4519,MEAN_CROSS,0.00018204071586458426,0.498884,14
2016-11-02 11:00:00+00:00,2016-11-02 23:00:00+00:00,-1,0.00221806900107846,-0.0004395735901681075,2.5442,-1.4491,MEAN_CROSS,0.0026576425912465673,7.283295,12
2016-11-03 08:00:00+00:00,2016-11-04 08:00:00+00:00,1,-0.000789592937491701,0.0006547049616861811,-2.0332,0.9054,MEAN_CROSS,0.001444297899177882,3.958112,24
2016-11-07 21:00:00+00:00,2016-11-08 10:00:00+00:00,-1,0.0012130589416098347,-0.00010630361357621965,2.8369,-0.4606,MEAN_CROSS,0.0013193625551860544,3.615726,13
2016-11-08 15:00:00+00:00,2016-11-09 03:00:00+00:00,-1,0.0018804674004961885,-0.002808726644100923,4.0316,-4.1007,MEAN_CROSS,0.004689194044597111,12.850781,12
2016-11-09 04:00:00+00:00,2016-11-09 20:00:00+00:00,1,-0.004670739455611583,0.003024617951847941,-5.2037,2.3116,MEAN_CROSS,0.007695357407459524,21.0892,16
2016-11-10 12:00:00+00:00,2016-11-11 02:00:00+00:00,1,-0.003375532900774414,0.0005717611977811288,-2.8454,0.7955,MEAN_CROSS,0.003947294098555543,10.817597,14
2016-11-11 14:00:00+00:00,2016-11-14 02:00:00+00:00,1,-0.002879097868017877,-7.39170037040715e-05,-2.0836,0.6587,MEAN_CROSS,0.0028051808643138054,7.687625,12
2016-11-14 21:00:00+00:00,2016-11-15 09:00:00+00:00,-1,0.0014633084009026964,4.3981221236499835e-05,2.242,-0.0808,MEAN_CROSS,0.0014193271796661966,3.88968,12
2016-11-15 13:00:00+00:00,2016-11-16 02:00:00+00:00,1,-0.0013657651842773344,0.0010559692105653884,-2.4758,1.5218,MEAN_CROSS,0.002421734394842723,6.636786,13
2016-11-16 10:00:00+00:00,2016-11-16 22:00:00+00:00,1,-0.001595315193306912,0.0009040419313759429,-2.6457,1.5186,MEAN_CROSS,0.002499357124682855,6.849512,12
2016-11-17 17:00:00+00:00,2016-11-18 06:00:00+00:00,1,-0.002290127529273378,0.0006445307709960213,-2.8932,1.2605,MEAN_CROSS,0.0029346583002693993,8.042459,13
2016-11-21 12:00:00+00:00,2016-11-22 00:00:00+00:00,-1,0.0015101805121936485,0.00027104895414431507,2.1906,0.0236,MEAN_CROSS,0.0012391315580493334,1.941599,12
2016-11-22 06:00:00+00:00,2016-11-22 21:00:00+00:00,1,-0.0012125782505816307,0.0006897069267025602,-2.3974,0.999,MEAN_CROSS,0.0019022851772841909,2.980696,14
2016-11-23 13:00:00+00:00,2016-11-24 04:00:00+00:00,1,-0.0022689778307913855,-3.3377301569270657e-06,-4.1126,0.5524,MEAN_CROSS,0.0022656401006344584,3.550038,15
2016-11-24 09:00:00+00:00,2016-11-24 21:00:00+00:00,-1,0.0012152560091185372,4.924529599215077e-06,2.7406,0.3079,MEAN_CROSS,0.001210331479519322,1.896472,12
2016-11-28 01:00:00+00:00,2016-11-28 13:00:00+00:00,-1,0.0010219635547176198,-0.00020413942325192558,2.3052,-0.7219,MEAN_CROSS,0.0012261029779695454,1.921184,12
2016-11-29 13:00:00+00:00,2016-11-30 01:00:00+00:00,1,-0.0009684930484431531,0.0012340285306690069,-2.2316,1.9991,MEAN_CROSS,0.00220252157911216,3.451137,12
2016-11-30 10:00:00+00:00,2016-12-01 04:00:00+00:00,1,-0.0005576945181825499,0.0008550442339886333,-2.1354,1.3296,MEAN_CROSS,0.0014127387521711832,2.213624,18
2016-12-01 14:00:00+00:00,2016-12-02 02:00:00+00:00,1,-0.0018654516277035738,0.00043362952029113444,-2.1173,0.8552,MEAN_CROSS,0.002299081147994708,3.602437,12
2016-12-02 14:00:00+00:00,2016-12-05 02:00:00+00:00,-1,0.001353217206097601,-0.0003991466435030455,2.6229,-0.5707,MEAN_CROSS,0.0017523638496006466,2.745784,12
2016-12-05 15:00:00+00:00,2016-12-06 03:00:00+00:00,-1,0.002058682068135975,-0.0005228184942335234,2.0205,-0.5042,MEAN_CROSS,0.0025815005623694987,4.044961,12
2016-12-07 09:00:00+00:00,2016-12-08 00:00:00+00:00,-1,0.0009725527837954884,0.001876023837620977,3.056,3.5177,STOP_LOSS,-0.0009034710538254886,-1.415651,15
2016-12-08 02:00:00+00:00,2016-12-08 14:00:00+00:00,-1,0.0019195524185442459,-0.0012147015815786588,2.9141,-2.366,MEAN_CROSS,0.0031342540001229047,4.911072,12
2016-12-09 12:00:00+00:00,2016-12-12 01:00:00+00:00,1,-0.0013288684186592015,0.0007437022903451496,-2.2381,2.133,MEAN_CROSS,0.002072570709004351,2.645455,14
2016-12-12 13:00:00+00:00,2016-12-13 01:00:00+00:00,-1,0.0017220054017516029,4.548364398671012e-05,2.9345,-0.4144,MEAN_CROSS,0.0016765217577648928,2.139933,12
2016-12-13 13:00:00+00:00,2016-12-14 01:00:00+00:00,-1,0.0021608685594924903,0.00028909675124744183,3.3791,0.4653,MEAN_CROSS,0.0018717718082450485,2.389153,12
2016-12-14 19:00:00+00:00,2016-12-15 13:00:00+00:00,1,-0.005019712863844172,0.000405658227650707,-9.184,0.8503,MEAN_CROSS,0.005425371091494879,6.925011,18
2016-12-16 14:00:00+00:00,2016-12-19 02:00:00+00:00,1,-0.0026004957495305847,0.0006414007206363426,-2.8917,1.0494,MEAN_CROSS,0.0032418964701669273,4.137997,12
2016-12-20 15:00:00+00:00,2016-12-21 03:00:00+00:00,-1,0.0005599907502008561,5.2579540913311185e-05,2.3027,0.1028,MEAN_CROSS,0.0005074112092875449,0.647666,12
2016-12-22 01:00:00+00:00,2016-12-22 13:00:00+00:00,-1,0.0009760388109351092,-0.00040379092481224177,2.2363,-0.4672,MEAN_CROSS,0.001379829735747351,1.761232,12
2016-12-23 12:00:00+00:00,2016-12-26 00:00:00+00:00,1,-0.0017214004810901518,0.0005718140327901633,-5.3842,1.5119,MEAN_CROSS,0.002293214513880315,2.927088,12
2016-12-26 23:00:00+00:00,2016-12-27 14:00:00+00:00,1,-0.0012445828185533303,0.0002681042762465724,-3.9803,0.6023,MEAN_CROSS,0.0015126870947999027,1.930813,15
2016-12-28 02:00:00+00:00,2016-12-28 14:00:00+00:00,-1,0.0013608025282731973,-0.00039832535489892074,3.5694,-1.1605,MEAN_CROSS,0.001759127883172118,2.245373,12
2016-12-29 09:00:00+00:00,2016-12-29 22:00:00+00:00,-1,0.001178405270548244,3.939893296256436e-05,2.047,-0.5189,MEAN_CROSS,0.0011390063375856796,2.331481,13
2016-12-30 07:00:00+00:00,2017-01-02 10:00:00+00:00,1,-0.0009117681553519885,0.0001425144613020901,-2.6228,0.7972,MEAN_CROSS,0.0010542826166540786,2.158056,25
2017-01-02 14:00:00+00:00,2017-01-03 05:00:00+00:00,-1,0.0014599759606472862,0.000354450463787237,3.4255,0.4133,MEAN_CROSS,0.0011055254968600492,2.262947,15
2017-01-03 07:00:00+00:00,2017-01-04 05:00:00+00:00,1,-0.0010887987415065803,0.0005132505477472016,-2.1459,0.7944,MEAN_CROSS,0.0016020492892537819,3.279303,22
2017-01-04 08:00:00+00:00,2017-01-04 22:00:00+00:00,-1,0.0015667739196347785,0.00038427222345294165,2.1108,0.2566,MEAN_CROSS,0.0011825016961818369,2.420513,14
2017-01-05 00:00:00+00:00,2017-01-05 12:00:00+00:00,-1,0.0019593767173209375,-0.0009796816225963179,3.1174,-1.6437,MEAN_CROSS,0.0029390583399172554,6.016084,12
2017-01-05 15:00:00+00:00,2017-01-06 03:00:00+00:00,-1,0.0026024280569326708,-9.343878209933099e-05,2.9471,-0.4368,MEAN_CROSS,0.0026958668390320017,5.518285,12
2017-01-09 16:00:00+00:00,2017-01-10 04:00:00+00:00,-1,0.0020475194811252484,0.00020343634261121846,2.7638,-0.2127,MEAN_CROSS,0.00184408313851403,3.774733,12
2017-01-10 09:00:00+00:00,2017-01-11 02:00:00+00:00,1,-0.001231525137228573,0.0003861422988717944,-2.1226,0.7973,MEAN_CROSS,0.0016176674361003673,3.311273,17
2017-01-11 17:00:00+00:00,2017-01-12 05:00:00+00:00,-1,0.0025975702141470824,0.0006212505151813597,3.5422,0.1984,MEAN_CROSS,0.001976319698965723,4.045413,12
2017-01-12 19:00:00+00:00,2017-01-13 15:00:00+00:00,1,-0.000985829474911215,0.0006623371603778905,-2.1378,0.8885,MEAN_CROSS,0.0016481666352891056,3.373703,20
2017-01-17 04:00:00+00:00,2017-01-17 16:00:00+00:00,-1,0.001286067309838268,-0.00033980435499181283,2.7334,-1.2347,MEAN_CROSS,0.0016258716648300808,3.328066,12
2017-01-18 16:00:00+00:00,2017-01-19 04:00:00+00:00,1,-0.0012120177223590156,0.0004643288308133764,-2.469,1.2122,MEAN_CROSS,0.001676346553172392,2.268048,12
2017-01-19 08:00:00+00:00,2017-01-19 22:00:00+00:00,-1,0.0017218446035176527,-0.00034050833719245777,2.7497,-0.2722,MEAN_CROSS,0.0020623529407101104,2.790303,14
2017-01-20 01:00:00+00:00,2017-01-20 13:00:00+00:00,-1,0.002104895654796879,0.0002366013414696333,2.1199,0.1818,MEAN_CROSS,0.0018682943133272456,2.527748,12
2017-01-23 22:00:00+00:00,2017-01-24 10:00:00+00:00,-1,0.002233209419300164,-0.0006944018543982855,3.3145,-1.2806,MEAN_CROSS,0.0029276112736984494,3.960973,12
2017-01-24 14:00:00+00:00,2017-01-25 02:00:00+00:00,-1,0.0018481138707007183,-6.397449461137406e-05,2.2439,-0.3437,MEAN_CROSS,0.0019120883653120924,2.587,12
2017-01-25 21:00:00+00:00,2017-01-26 09:00:00+00:00,-1,0.002223638974042208,-0.0012806876950890445,3.714,-2.0475,MEAN_CROSS,0.0035043266691312525,4.741252,12
2017-01-26 12:00:00+00:00,2017-01-27 02:00:00+00:00,1,-0.0018545219026132598,0.0003935000903467767,-2.449,0.5746,MEAN_CROSS,0.0022480219929600365,3.041508,14
2017-01-27 13:00:00+00:00,2017-01-30 01:00:00+00:00,-1,0.0010822637537981628,0.00019012890112091174,2.1674,0.0928,MEAN_CROSS,0.000892134852677251,1.207032,12
2017-01-30 15:00:00+00:00,2017-01-31 03:00:00+00:00,-1,0.0014961788855051283,2.9601807813306458e-05,2.9983,-0.195,MEAN_CROSS,0.0014665770776918219,1.984236,12
2017-01-31 08:00:00+00:00,2017-02-01 10:00:00+00:00,1,-0.001151669901658603,0.001036587526979993,-2.5846,1.2107,MEAN_CROSS,0.002188257428638596,2.960649,26
2017-02-01 19:00:00+00:00,2017-02-02 07:00:00+00:00,-1,0.0017781906018464744,-0.00044142004068370433,2.1015,-0.4052,MEAN_CROSS,0.0022196106425301787,3.003069,12
2017-02-03 13:00:00+00:00,2017-02-06 01:00:00+00:00,-1,0.002206168743036363,0.0003023461665675464,4.3903,0.2741,MEAN_CROSS,0.0019038225764688166,2.575816,12
2017-02-07 07:00:00+00:00,2017-02-08 01:00:00+00:00,1,-0.0017546318224839208,0.0006843278841104361,-2.3264,0.6124,MEAN_CROSS,0.002438959706594357,2.851901,18
2017-02-08 19:00:00+00:00,2017-02-09 08:00:00+00:00,1,-0.0013781185283384678,0.00031628666475691514,-2.7849,0.9728,MEAN_CROSS,0.001694405193095383,1.981286,13
2017-02-13 09:00:00+00:00,2017-02-13 23:00:00+00:00,1,-0.0009023892345437767,0.0002498984152270456,-2.5123,0.7636,MEAN_CROSS,0.0011522876497708223,1.347382,14
2017-02-14 15:00:00+00:00,2017-02-15 03:00:00+00:00,1,-0.0024463828437609747,0.000313955760279927,-5.4343,0.6007,MEAN_CROSS,0.0027603386040409017,3.227693,12
2017-02-15 16:00:00+00:00,2017-02-16 04:00:00+00:00,-1,0.0014482946738163527,-9.926262926396312e-05,2.274,-0.7478,MEAN_CROSS,0.0015475573030803158,1.809575,12
2017-02-16 13:00:00+00:00,2017-02-17 12:00:00+00:00,1,-0.0010478309396054764,6.972265034610459e-05,-2.1222,0.8129,MEAN_CROSS,0.001117553589951581,1.306767,23
2017-02-20 23:00:00+00:00,2017-02-21 11:00:00+00:00,1,-0.0007317488166701525,0.000291458652546539,-3.5141,1.1246,MEAN_CROSS,0.0010232074692166915,1.196447,12
2017-02-21 14:00:00+00:00,2017-02-22 03:00:00+00:00,-1,0.000917175644165602,-1.9551187630417743e-05,2.7265,0.0627,MEAN_CROSS,0.0009367268317960198,1.095325,13
2017-02-22 19:00:00+00:00,2017-02-23 08:00:00+00:00,-1,0.0017060787653787601,-0.0008482970355013775,3.992,-2.0558,MEAN_CROSS,0.0025543758008801376,2.986859,13
2017-02-24 11:00:00+00:00,2017-02-27 03:00:00+00:00,1,-0.0011231563088728302,0.00011368280706747225,-2.5941,0.8268,MEAN_CROSS,0.0012368391159403025,1.446249,16
2017-02-27 15:00:00+00:00,2017-02-28 03:00:00+00:00,-1,0.0008188552562898854,4.91559954707288e-05,2.3061,0.2661,MEAN_CROSS,0.0007696992608191566,1.875209,12
2017-02-28 14:00:00+00:00,2017-03-01 02:00:00+00:00,-1,0.0008701107626049032,-0.00014781751264736354,2.0557,0.0949,MEAN_CROSS,0.0010179282752522667,2.479966,12
2017-03-02 09:00:00+00:00,2017-03-03 06:00:00+00:00,1,-0.0016161287463002383,0.00012005329850073299,-2.1657,1.1707,MEAN_CROSS,0.0017361820448009713,4.229839,21
2017-03-03 13:00:00+00:00,2017-03-06 01:00:00+00:00,-1,0.0007681626579569834,-0.0010902650434760908,2.6222,-1.4881,MEAN_CROSS,0.0018584277014330741,4.527664,12
2017-03-07 18:00:00+00:00,2017-03-08 06:00:00+00:00,1,-0.0012631144008090622,0.00040608900315197705,-2.4788,1.237,MEAN_CROSS,0.0016692034039610393,4.066659,12
2017-03-09 12:00:00+00:00,2017-03-10 00:00:00+00:00,-1,0.0009231447465736231,-4.8405222664693603e-05,3.668,0.3092,MEAN_CROSS,0.0009715499692383167,2.366975,12
2017-03-10 01:00:00+00:00,2017-03-10 13:00:00+00:00,-1,0.0005734997736879244,0.0014826463906945087,2.2336,3.9864,STOP_LOSS,-0.0009091466170065843,-2.214943,12
2017-03-14 07:00:00+00:00,2017-03-14 23:00:00+00:00,1,-0.0010354272387840258,0.000409694055728993,-2.9375,1.1096,MEAN_CROSS,0.0014451212945130187,3.520731,16
2017-03-15 18:00:00+00:00,2017-03-16 06:00:00+00:00,-1,0.004061784325963824,-2.0142191837324575e-05,13.2639,-0.3205,MEAN_CROSS,0.004081926517801149,9.944747,12
2017-03-17 10:00:00+00:00,2017-03-19 22:00:00+00:00,-1,0.0015940881539141527,-7.365434527228931e-05,3.1962,-0.5729,MEAN_CROSS,0.001667742499186442,2.969203,12
2017-03-21 04:00:00+00:00,2017-03-22 04:00:00+00:00,1,-0.0005696031198167972,0.0005556265899359092,-2.0389,1.3948,MEAN_CROSS,0.0011252297097527064,2.003328,24
2017-03-22 17:00:00+00:00,2017-03-23 07:00:00+00:00,-1,0.0014455194268754301,5.416184240758515e-05,2.6148,0.0562,MEAN_CROSS,0.001391357584467845,2.477135,14
2017-03-24 02:00:00+00:00,2017-03-24 14:00:00+00:00,1,-0.0009643986203020649,0.0009938653404515385,-2.2205,3.6965,MEAN_CROSS,0.0019582639607536034,3.486439,12
2017-03-27 13:00:00+00:00,2017-03-28 06:00:00+00:00,1,-0.0008321214729878346,-0.0014780883789710098,-3.2694,-4.057,STOP_LOSS,-0.0006459669059831752,-1.150062,17
2017-03-29 07:00:00+00:00,2017-03-29 19:00:00+00:00,-1,0.001176265768071838,6.189863600569723e-05,3.7046,-0.2505,MEAN_CROSS,0.0011143671320661408,1.983989,12
2017-03-30 16:00:00+00:00,2017-03-31 05:00:00+00:00,1,-0.0007011876952585094,6.209497716458401e-06,-2.0077,0.6374,MEAN_CROSS,0.0007073971929749678,1.25943,13
2017-03-31 15:00:00+00:00,2017-04-03 03:00:00+00:00,-1,0.0007293852792187305,-3.2550650542639836e-05,2.3852,-0.1925,MEAN_CROSS,0.0007619359297613704,1.35653,12
2017-04-03 05:00:00+00:00,2017-04-03 20:00:00+00:00,1,-0.0009797746047325306,0.0007610612793321758,-2.4053,1.4906,MEAN_CROSS,0.0017408358840647065,3.099336,15
2017-04-05 13:00:00+00:00,2017-04-06 05:00:00+00:00,1,-0.0008369392253807506,0.0002721998867338815,-3.1351,0.7256,MEAN_CROSS,0.0011091391121146321,1.974681,16
2017-04-07 01:00:00+00:00,2017-04-07 17:00:00+00:00,1,-0.0005600857577946483,-0.0011024024510445374,-2.3047,-3.6274,STOP_LOSS,-0.0005423166932498891,-1.367462,16
2017-04-07 18:00:00+00:00,2017-04-10 06:00:00+00:00,1,-0.0008780029066214334,0.0006118039551701315,-2.3258,1.9918,MEAN_CROSS,0.001489806861791565,3.756577,12
2017-04-10 13:00:00+00:00,2017-04-11 01:00:00+00:00,-1,0.0008822986571002112,-0.0003591472457737943,2.6134,-1.2978,MEAN_CROSS,0.0012414459028740055,3.13033,12
2017-04-11 02:00:00+00:00,2017-04-11 15:00:00+00:00,1,-0.0008742531762229167,0.0006363539321265765,-2.7469,1.7781,MEAN_CROSS,0.0015106071083494932,3.809025,13
2017-04-12 02:00:00+00:00,2017-04-12 14:00:00+00:00,1,-0.0010505628003886214,8.509869639816703e-05,-3.0017,0.6421,MEAN_CROSS,0.0011356614967867884,2.863593,12
2017-04-12 19:00:00+00:00,2017-04-13 07:00:00+00:00,-1,0.0016163874005898915,0.0002456592695513349,4.2984,0.0484,MEAN_CROSS,0.0013707281310385566,3.456318,12
2017-04-17 00:00:00+00:00,2017-04-17 12:00:00+00:00,-1,0.001311289927315773,0.00019179935405122528,4.6876,0.1062,MEAN_CROSS,0.0011194905732645477,2.822817,12
2017-04-17 18:00:00+00:00,2017-04-18 09:00:00+00:00,1,-0.000885408241026342,0.0005726913804731115,-2.5682,1.8675,MEAN_CROSS,0.0014580996214994535,3.676627,15
2017-04-18 10:00:00+00:00,2017-04-19 01:00:00+00:00,-1,0.000761269791599517,2.3170897339830354e-05,2.2749,-0.2185,MEAN_CROSS,0.0007380988942596867,1.861131,15
2017-04-19 06:00:00+00:00,2017-04-19 20:00:00+00:00,1,-0.0009505673577577811,4.568271318994288e-05,-3.0055,0.5044,MEAN_CROSS,0.000996250070947724,2.512064,14
2017-04-19 22:00:00+00:00,2017-04-20 10:00:00+00:00,-1,0.002413763954533632,-0.000572938086280339,6.2748,-0.6257,MEAN_CROSS,0.002986702040813971,7.531028,12
2017-04-21 15:00:00+00:00,2017-04-24 03:00:00+00:00,-1,0.0009075373862876823,0.00030144031391388104,2.3824,0.4305,MEAN_CROSS,0.0006060970723738013,1.528286,12
2017-04-25 02:00:00+00:00,2017-04-25 17:00:00+00:00,1,-0.0008613616065081819,-0.00020502617817563795,-2.5341,0.5738,MEAN_CROSS,0.000656335428332544,1.654963,15
2017-04-26 06:00:00+00:00,2017-04-26 19:00:00+00:00,1,-0.001748511916227491,0.0004508090781238927,-2.3,2.0197,MEAN_CROSS,0.0021993209943513836,4.150667,13
2017-04-27 13:00:00+00:00,2017-04-28 11:00:00+00:00,1,-0.0014476168883573726,0.00016715075871742702,-2.035,0.7464,MEAN_CROSS,0.0016147676470747996,3.047469,22
2017-05-01 10:00:00+00:00,2017-05-01 22:00:00+00:00,-1,0.0009922337009570237,0.00030892547956540284,2.9594,0.0474,MEAN_CROSS,0.0006833082213916208,1.289573,12
2017-05-02 22:00:00+00:00,2017-05-03 10:00:00+00:00,-1,0.0020958836565785344,-0.0011969149242406774,5.0049,-1.9085,MEAN_CROSS,0.0032927985808192117,6.214333,12
2017-05-03 18:00:00+00:00,2017-05-04 08:00:00+00:00,1,-0.0021711820270450266,-6.527188272653639e-06,-3.1462,0.8396,MEAN_CROSS,0.002164654838772373,4.085244,14
2017-05-05 07:00:00+00:00,2017-05-05 19:00:00+00:00,-1,0.001435539671181596,0.00037413131336971883,3.1862,0.1961,MEAN_CROSS,0.0010614083578118771,2.003142,12
2017-05-09 06:00:00+00:00,2017-05-09 21:00:00+00:00,1,-0.0012044479745736414,0.000367099128847026,-2.4918,0.9227,MEAN_CROSS,0.0015715471034206674,2.965902,15
2017-05-10 08:00:00+00:00,2017-05-10 20:00:00+00:00,-1,0.0016153399783855882,0.0003934708808548404,3.4483,0.1907,MEAN_CROSS,0.0012218690975307478,2.305972,12
2017-05-10 21:00:00+00:00,2017-05-11 19:00:00+00:00,1,-0.005737629654400167,0.0004252064683952783,-12.0431,0.5984,MEAN_CROSS,0.006162836122795445,11.63081,22
2017-05-12 12:00:00+00:00,2017-05-15 03:00:00+00:00,-1,0.001214519824476068,0.00020639235472852402,3.323,0.3136,MEAN_CROSS,0.001008127469747544,1.902588,15
2017-05-15 06:00:00+00:00,2017-05-15 18:00:00+00:00,-1,0.0009383189381172441,-0.0004818355583281475,2.0414,-1.0352,MEAN_CROSS,0.0014201544964453916,2.680186,12
2017-05-17 05:00:00+00:00,2017-05-17 20:00:00+00:00,-1,0.0014114360360456546,0.00044786262304308266,2.8678,0.2094,MEAN_CROSS,0.0009635734130025719,1.537331,15
2017-05-18 17:00:00+00:00,2017-05-19 05:00:00+00:00,1,-0.0016319191721427817,0.0002411553899235308,-2.4982,1.3972,MEAN_CROSS,0.0018730745620663125,2.988393,12
2017-05-19 13:00:00+00:00,2017-05-22 01:00:00+00:00,-1,0.0010858710630149426,0.0002071222807273898,3.0083,0.121,MEAN_CROSS,0.0008787487822875528,1.401998,12
2017-05-22 11:00:00+00:00,2017-05-22 23:00:00+00:00,-1,0.0013346475855701145,0.0006503729629451227,2.0067,0.2741,MEAN_CROSS,0.0006842746226249918,1.091724,12
2017-05-23 05:00:00+00:00,2017-05-23 17:00:00+00:00,-1,0.001449779838038956,-0.0002165231096510345,2.2595,-0.9931,MEAN_CROSS,0.0016663029476899904,2.658499,12
2017-05-24 19:00:00+00:00,2017-05-25 07:00:00+00:00,-1,0.0013654576553536746,-0.0009559298752607193,2.1955,-1.8529,MEAN_CROSS,0.002321387530614394,3.703653,12
2017-05-26 06:00:00+00:00,2017-05-26 19:00:00+00:00,-1,0.0013336280823423863,0.0002596387898829988,3.0313,0.0743,MEAN_CROSS,0.0010739892924593875,1.713494,13
2017-05-29 15:00:00+00:00,2017-05-30 05:00:00+00:00,1,-0.0008346313155136453,0.0003489412668385983,-2.1593,0.7973,MEAN_CROSS,0.0011835725823522436,1.888328,14
2017-05-31 19:00:00+00:00,2017-06-01 07:00:00+00:00,1,-0.0009515122051545477,0.00034723240499312524,-2.2652,0.9948,MEAN_CROSS,0.001298744610147673,2.072079,12
2017-06-02 01:00:00+00:00,2017-06-02 13:00:00+00:00,-1,0.000483471855762696,0.0022603782969838893,2.1581,4.6667,STOP_LOSS,-0.0017769064412211932,-2.834962,12
2017-06-02 14:00:00+00:00,2017-06-05 02:00:00+00:00,-1,0.0015541714871351031,-0.0007678580387344702,2.2688,-1.9063,MEAN_CROSS,0.0023220295258695733,3.704677,12
2017-06-06 02:00:00+00:00,2017-06-06 16:00:00+00:00,-1,0.0011312090645854145,-0.0003728819850470355,3.1206,-1.5262,MEAN_CROSS,0.00150409104963245,1.977119,14
2017-06-08 02:00:00+00:00,2017-06-08 16:00:00+00:00,-1,0.0009174039225672281,-0.00010583013372733596,2.0306,-0.6976,MEAN_CROSS,0.001023234056294564,1.345035,14
2017-06-08 21:00:00+00:00,2017-06-09 15:00:00+00:00,1,-0.0011169499970984376,0.0004032830406369703,-4.0021,1.0659,MEAN_CROSS,0.0015202330377354079,1.998338,18
2017-06-13 00:00:00+00:00,2017-06-13 12:00:00+00:00,-1,0.0008559063257433941,-0.0006650454298828823,2.4838,-2.1427,MEAN_CROSS,0.0015209517556262764,1.999283,12
2017-06-13 23:00:00+00:00,2017-06-14 12:00:00+00:00,1,-0.0007278655207818563,0.0029722521938319035,-2.0116,5.9533,MEAN_CROSS,0.00370011771461376,4.863784,13
2017-06-14 13:00:00+00:00,2017-06-15 01:00:00+00:00,-1,0.00219126775100964,-0.0012548327736886522,2.781,-1.2246,MEAN_CROSS,0.0034461005246982923,4.52988,12
2017-06-16 07:00:00+00:00,2017-06-16 19:00:00+00:00,-1,0.0011737089547628754,0.0001664241083585427,2.3679,-0.2323,MEAN_CROSS,0.0010072848464043327,1.32407,12
2017-06-19 01:00:00+00:00,2017-06-19 13:00:00+00:00,-1,0.002115503594580348,-0.0008662446864279305,4.4394,-1.6346,MEAN_CROSS,0.0029817482810082785,3.919491,12
2017-06-20 05:00:00+00:00,2017-06-20 19:00:00+00:00,-1,0.0014035880332172734,-9.731646919086678e-05,2.1339,-0.0123,MEAN_CROSS,0.0015009045024081402,1.972931,14
2017-06-21 15:00:00+00:00,2017-06-22 04:00:00+00:00,1,-0.0010520225919472548,0.00048200089902616927,-2.1206,0.8727,MEAN_CROSS,0.001534023490973424,2.016465,13
2017-06-23 06:00:00+00:00,2017-06-23 18:00:00+00:00,-1,0.0012687422717095886,4.8265796017910034e-05,2.7854,-0.3969,MEAN_CROSS,0.0012204764756916786,3.127047,12
2017-06-26 08:00:00+00:00,2017-06-27 02:00:00+00:00,1,-0.001100696608371865,0.0003428541516177219,-3.2794,0.5734,MEAN_CROSS,0.001443550759989587,3.698597,18
2017-06-28 12:00:00+00:00,2017-06-29 00:00:00+00:00,-1,0.0011966798276289436,0.0001389490566473528,2.1173,-0.0344,MEAN_CROSS,0.0010577307709815909,2.710068,12
2017-06-29 01:00:00+00:00,2017-06-29 13:00:00+00:00,-1,0.001659842030926173,-0.0001880841234332964,2.3238,-0.3406,MEAN_CROSS,0.0018479261543594694,4.734669,12
2017-06-30 00:00:00+00:00,2017-06-30 12:00:00+00:00,-1,0.0013592903863279826,-0.0007664223981748153,2.0989,-1.3107,MEAN_CROSS,0.002125712784502798,5.446401,12
2017-07-03 02:00:00+00:00,2017-07-03 15:00:00+00:00,1,-0.0008317118986170824,0.0004953506503526661,-2.2426,1.435,MEAN_CROSS,0.0013270625489697485,3.400137,13
2017-07-04 01:00:00+00:00,2017-07-04 13:00:00+00:00,1,-0.0014247238423013009,0.0008901665842112605,-2.4032,2.2699,MEAN_CROSS,0.0023148904265125614,5.931103,12
2017-07-05 08:00:00+00:00,2017-07-05 20:00:00+00:00,1,-0.0009184872541529998,0.0006656806291860384,-2.1792,1.3709,MEAN_CROSS,0.0015841678833390382,4.05888,12
2017-07-06 11:00:00+00:00,2017-07-06 23:00:00+00:00,1,-0.0017510167753158612,0.0006106059220083448,-2.9307,0.9577,MEAN_CROSS,0.002361622697324206,6.050838,12
2017-07-10 09:00:00+00:00,2017-07-10 22:00:00+00:00,1,-0.0006187347361902296,-0.0011314904604874387,-2.3498,-4.0118,STOP_LOSS,-0.0005127557242972092,-1.313758,13
2017-07-10 23:00:00+00:00,2017-07-11 12:00:00+00:00,1,-0.0008877574006486144,2.389127719293338e-05,-2.4298,0.8378,MEAN_CROSS,0.0009116486778415478,2.335783,13
2017-07-11 16:00:00+00:00,2017-07-12 06:00:00+00:00,-1,0.0006076919795118263,8.817712911601827e-05,2.1959,0.4159,MEAN_CROSS,0.000519514850395808,1.331076,14
2017-07-12 12:00:00+00:00,2017-07-13 01:00:00+00:00,-1,0.0025475444755462817,0.0004430155063360752,5.0899,0.4126,MEAN_CROSS,0.0021045289692102065,5.392124,13
2017-07-13 09:00:00+00:00,2017-07-13 21:00:00+00:00,-1,0.0024094938390480936,4.870632027542676e-05,3.1561,-0.4986,MEAN_CROSS,0.002360787518772667,3.957054,12
2017-07-14 10:00:00+00:00,2017-07-16 22:00:00+00:00,1,-0.0011913500324468584,0.0006691698377042643,-2.2262,0.6453,MEAN_CROSS,0.0018605198701511227,3.118526,12
2017-07-17 22:00:00+00:00,2017-07-19 05:00:00+00:00,1,-0.003320882349339249,0.0007753928892091366,-5.5447,0.5025,MEAN_CROSS,0.004096275238548386,6.866006,31
2017-07-20 12:00:00+00:00,2017-07-21 00:00:00+00:00,-1,0.0008310665038957499,-0.0001314515519750259,2.0469,-0.4559,MEAN_CROSS,0.0009625180558707758,1.613333,12
2017-07-24 00:00:00+00:00,2017-07-24 20:00:00+00:00,1,-0.0007305422257249949,0.00043868295699822646,-2.4578,1.0632,MEAN_CROSS,0.0011692251827232214,1.959807,20
2017-07-25 14:00:00+00:00,2017-07-26 02:00:00+00:00,1,-0.0008190625581995237,0.0005299638162317155,-2.3463,1.3706,MEAN_CROSS,0.0013490263744312392,2.261182,12
2017-07-26 17:00:00+00:00,2017-07-27 05:00:00+00:00,-1,0.001035397555779416,-0.00011534167273419271,2.4801,-0.8589,MEAN_CROSS,0.0011507392285136087,1.928821,12
2017-07-28 14:00:00+00:00,2017-07-31 02:00:00+00:00,-1,0.0020740961044471984,-0.00030185448982389396,4.2688,-0.6222,MEAN_CROSS,0.0023759505942710923,3.98247,12
2017-08-03 14:00:00+00:00,2017-08-04 02:00:00+00:00,-1,0.001643935838385513,-0.0008062355352317363,2.7507,-1.2299,MEAN_CROSS,0.0024501713736172492,3.127781,12
2017-08-04 12:00:00+00:00,2017-08-07 13:00:00+00:00,1,-0.002039473964123628,0.0001153826945967662,-4.9715,0.7646,MEAN_CROSS,0.0021548566587203943,2.750795,25
2017-08-08 14:00:00+00:00,2017-08-09 02:00:00+00:00,1,-0.0019824823155347726,8.682467350051848e-05,-3.7123,0.6195,MEAN_CROSS,0.002069306989035291,2.641586,12
2017-08-09 21:00:00+00:00,2017-08-10 09:00:00+00:00,-1,0.001415223460007553,-0.0004968593333726234,3.3707,-0.2415,MEAN_CROSS,0.0019120827933801765,2.440881,12
2017-08-11 17:00:00+00:00,2017-08-14 05:00:00+00:00,-1,0.0014165258931300162,-0.0002347432586706777,2.2769,-0.8799,MEAN_CROSS,0.0016512691518006939,2.107937,12
2017-08-14 07:00:00+00:00,2017-08-14 23:00:00+00:00,1,-0.0009420948328758838,0.0004502108366059021,-2.1323,1.089,MEAN_CROSS,0.001392305669481786,1.777356,16
2017-08-15 01:00:00+00:00,2017-08-15 13:00:00+00:00,-1,0.0007615252724365584,-0.0017153621153085385,2.2083,-2.4572,MEAN_CROSS,0.002476887387745097,3.161885,12
2017-08-16 08:00:00+00:00,2017-08-16 22:00:00+00:00,-1,0.0008650949589585899,0.0003312067463070445,2.0531,-0.0087,MEAN_CROSS,0.0005338882126515454,0.681538,14
2017-08-17 08:00:00+00:00,2017-08-18 03:00:00+00:00,1,-0.0006928515388837653,0.0002280035232478106,-2.0608,0.6031,MEAN_CROSS,0.0009208550621315759,1.175523,19
2017-08-18 07:00:00+00:00,2017-08-18 19:00:00+00:00,-1,0.0013307096756421943,-0.0002749522506025892,2.8383,-0.7119,MEAN_CROSS,0.0016056619262447835,2.049717,12
2017-08-22 06:00:00+00:00,2017-08-22 21:00:00+00:00,1,-0.0005713265731180917,0.00010938673334637272,-2.0611,0.791,MEAN_CROSS,0.0006807133064644644,2.168403,15
2017-08-23 00:00:00+00:00,2017-08-23 14:00:00+00:00,1,-0.0023906233854791292,-0.00013112318318508898,-4.2876,0.6894,MEAN_CROSS,0.0022595002022940402,7.197608,14
2017-08-23 18:00:00+00:00,2017-08-24 06:00:00+00:00,-1,0.0009041952828655608,-0.0017641277107949271,2.0734,-1.8871,MEAN_CROSS,0.002668322993660488,8.499908,12
2017-08-25 08:00:00+00:00,2017-08-25 20:00:00+00:00,-1,0.0009151085258145564,2.5994006716545393e-05,2.0851,-0.2682,MEAN_CROSS,0.000889114519098011,2.832263,12
2017-08-28 21:00:00+00:00,2017-08-29 09:00:00+00:00,1,-0.0007154389189336641,0.0013299190452807919,-2.2682,1.9058,MEAN_CROSS,0.002045357964214456,6.515461,12
2017-08-29 10:00:00+00:00,2017-08-29 23:00:00+00:00,-1,0.0015795402259515257,9.477591106776817e-05,2.0821,0.0342,MEAN_CROSS,0.0014847643148837575,4.729697,13
2017-08-31 01:00:00+00:00,2017-08-31 13:00:00+00:00,1,-0.0018132786334035256,0.00017235001551774154,-2.5879,1.5866,MEAN_CROSS,0.001985628648921267,6.325194,12
2017-08-31 14:00:00+00:00,2017-09-01 02:00:00+00:00,-1,0.000610900626804689,-2.6686804004416587e-06,2.4012,0.2095,MEAN_CROSS,0.0006135693072051307,1.954517,12
2017-09-01 12:00:00+00:00,2017-09-04 05:00:00+00:00,-1,0.0011731778902105416,4.678414949321752e-05,2.1257,0.1426,MEAN_CROSS,0.0011263937407173241,3.588112,17
2017-09-05 08:00:00+00:00,2017-09-05 20:00:00+00:00,-1,0.00094751828127837,-0.000257764616495626,3.1574,-0.7947,MEAN_CROSS,0.001205282897773996,3.839413,12
2017-09-07 06:00:00+00:00,2017-09-07 19:00:00+00:00,1,-0.0018756583846327723,0.0007740135958451688,-3.188,1.0786,MEAN_CROSS,0.002649671980477941,8.440495,13
2017-09-08 00:00:00+00:00,2017-09-08 12:00:00+00:00,-1,0.0015392887135752265,-0.0010005995567285986,2.0279,-1.4396,MEAN_CROSS,0.002539888270303825,8.09078,12
2017-09-08 13:00:00+00:00,2017-09-11 05:00:00+00:00,1,-0.0018815218714661741,0.0010512941144394938,-2.3912,0.7312,MEAN_CROSS,0.002932815985905668,9.342446,16
2017-09-12 06:00:00+00:00,2017-09-12 18:00:00+00:00,-1,0.003145038020758939,0.0001684285942226138,4.0651,0.0423,MEAN_CROSS,0.002976609426536325,2.249692,12
2017-09-13 15:00:00+00:00,2017-09-14 17:00:00+00:00,1,-0.0024312435290733125,0.0006057390363897186,-4.179,1.5261,MEAN_CROSS,0.003036982565463031,2.295321,26
2017-09-15 05:00:00+00:00,2017-09-15 17:00:00+00:00,-1,0.0015373992750485899,-2.792324524936163e-07,2.6096,-0.3783,MEAN_CROSS,0.0015376785075010835,1.162162,12
2017-09-18 02:00:00+00:00,2017-09-18 14:00:00+00:00,-1,0.001932820011602554,-0.0015351275900664652,2.7034,-2.2695,MEAN_CROSS,0.003467947601669019,2.62104,12
2017-09-19 12:00:00+00:00,2017-09-20 00:00:00+00:00,-1,0.0012678481578801692,-0.00012392300421149027,2.0052,-1.02,MEAN_CROSS,0.0013917711620916595,1.051887,12
2017-09-20 04:00:00+00:00,2017-09-20 17:00:00+00:00,1,-0.0007891608902317326,0.001251363466098443,-2.8963,0.9523,MEAN_CROSS,0.0020405243563301756,1.542208,13
2017-09-20 18:00:00+00:00,2017-09-21 13:00:00+00:00,1,-0.002598741216660927,0.0006336302992495657,-4.3874,0.7037,MEAN_CROSS,0.0032323715159104927,2.442994,19
2017-09-22 06:00:00+00:00,2017-09-22 18:00:00+00:00,-1,0.0009561939119366869,-0.0006076691726628614,3.2819,-1.027,MEAN_CROSS,0.0015638630845995483,1.181952,12
2017-09-24 22:00:00+00:00,2017-09-25 22:00:00+00:00,1,-0.0013631997402879792,-3.346980342211481e-05,-2.0773,0.5097,MEAN_CROSS,0.0013297299368658644,1.004997,24
2017-09-26 14:00:00+00:00,2017-09-27 02:00:00+00:00,1,-0.0017388667827674675,0.0003837008164830902,-2.3896,1.0877,MEAN_CROSS,0.0021225675992505577,1.604216,12
2017-09-27 10:00:00+00:00,2017-09-27 22:00:00+00:00,-1,0.001067080009383936,-0.00029777619513216,2.0712,-0.5926,MEAN_CROSS,0.0013648562045160961,1.031545,12
2017-09-28 03:00:00+00:00,2017-09-28 16:00:00+00:00,1,-0.0013516958884792762,0.0013496064921806328,-2.0543,1.6229,MEAN_CROSS,0.002701302380659909,2.041618,13
2017-09-29 12:00:00+00:00,2017-10-02 00:00:00+00:00,-1,0.0014113822502564988,-0.0007126681730570406,2.2205,-1.35,MEAN_CROSS,0.0021240504233135393,2.826282,12
2017-10-02 01:00:00+00:00,2017-10-02 13:00:00+00:00,1,-0.0012813270054357062,0.0007995192480443336,-2.4677,1.5655,MEAN_CROSS,0.00208084625348004,2.768794,12
2017-10-03 03:00:00+00:00,2017-10-03 19:00:00+00:00,1,-0.0012793030791922178,8.998535417248377e-05,-2.008,0.5424,MEAN_CROSS,0.0013692884333647015,1.821988,16
2017-10-04 00:00:00+00:00,2017-10-04 12:00:00+00:00,-1,0.0020290944578190695,-0.0003133411922574547,4.7586,-0.575,MEAN_CROSS,0.002342435650076524,3.116867,12
2017-10-05 13:00:00+00:00,2017-10-06 02:00:00+00:00,1,-0.0010641764013797905,0.00032353303449406123,-2.7323,1.8523,MEAN_CROSS,0.0013877094358738518,1.846499,13
2017-10-06 12:00:00+00:00,2017-10-09 01:00:00+00:00,1,-0.0015266336024108984,3.405473183781815e-05,-2.9108,0.5653,MEAN_CROSS,0.0015606883342487166,2.076667,13
2017-10-10 01:00:00+00:00,2017-10-10 13:00:00+00:00,-1,0.0010629343812910141,0.0001226970226264612,2.8019,0.4658,MEAN_CROSS,0.0009402373586645529,1.251089,12
2017-10-10 14:00:00+00:00,2017-10-11 02:00:00+00:00,-1,0.0007267706760798465,-7.274663435208328e-05,2.1403,-0.2781,MEAN_CROSS,0.0007995173104319298,1.063845,12
2017-10-11 06:00:00+00:00,2017-10-11 18:00:00+00:00,1,-0.0007475567634446234,0.0005994002341701554,-2.0015,1.4061,MEAN_CROSS,0.0013469569976147788,1.792274,12
2017-10-12 17:00:00+00:00,2017-10-13 05:00:00+00:00,-1,0.0014302902538617657,0.00015179386146391138,2.7471,-0.3058,MEAN_CROSS,0.0012784963923978543,1.701179,12
2017-10-13 12:00:00+00:00,2017-10-16 00:00:00+00:00,-1,0.0015493856621291435,8.229852783836478e-05,2.9648,-0.307,MEAN_CROSS,0.0014670871342907787,1.95212,12
2017-10-16 21:00:00+00:00,2017-10-17 09:00:00+00:00,-1,0.0011589283589841237,0.00019296445872873935,2.8658,0.3732,MEAN_CROSS,0.0009659639002553844,1.285321,12
2017-10-18 07:00:00+00:00,2017-10-18 19:00:00+00:00,1,-0.0015645978757019563,0.0006826866948776988,-2.9314,1.5711,MEAN_CROSS,0.002247284570579655,2.990258,12
2017-10-19 06:00:00+00:00,2017-10-19 19:00:00+00:00,1,-0.003718967615035873,0.0001452287945389319,-3.3609,0.6814,MEAN_CROSS,0.003864196409574805,3.918763,13
2017-10-24 02:00:00+00:00,2017-10-24 18:00:00+00:00,1,-0.002404435732682564,0.00015949170994544737,-4.3807,0.715,MEAN_CROSS,0.002563927442628011,2.600133,16
2017-10-25 20:00:00+00:00,2017-10-26 08:00:00+00:00,-1,0.0008865124180693629,-0.0004666847568043364,2.5094,-0.7345,MEAN_CROSS,0.0013531971748736993,1.372306,12
2017-10-26 14:00:00+00:00,2017-10-27 03:00:00+00:00,1,-0.0011377355653983123,0.00044263390417564885,-2.0481,1.4405,MEAN_CROSS,0.0015803694695739612,1.602686,13
2017-10-27 14:00:00+00:00,2017-10-30 02:00:00+00:00,-1,0.0011380573727541865,-0.0003517114296657242,2.8254,-0.9057,MEAN_CROSS,0.0014897688024199107,1.510806,12
2017-10-30 03:00:00+00:00,2017-10-30 15:00:00+00:00,1,-0.0009578495562352352,0.0007344661240722417,-2.077,1.1496,MEAN_CROSS,0.0016923156803074768,1.716213,12
2017-10-31 00:00:00+00:00,2017-10-31 15:00:00+00:00,1,-0.001230229123997173,0.00041057761136265025,-2.6271,0.8537,MEAN_CROSS,0.0016408067353598232,1.663977,15
2017-10-31 21:00:00+00:00,2017-11-01 09:00:00+00:00,-1,0.002654707535660439,0.00012269891247196352,5.3559,-0.2604,MEAN_CROSS,0.0025320086231884753,2.567763,12
2017-11-03 14:00:00+00:00,2017-11-06 08:00:00+00:00,1,-0.0015426311096443657,0.00034797235473915666,-3.2161,0.9729,MEAN_CROSS,0.0018906034643835223,1.917301,17
2017-11-06 16:00:00+00:00,2017-11-07 04:00:00+00:00,-1,0.0008556314568979317,-0.0004875397703713036,2.0875,-1.1459,MEAN_CROSS,0.0013431712272692353,1.362138,12
2017-11-07 15:00:00+00:00,2017-11-08 05:00:00+00:00,1,-0.0010507128567978086,0.0005091267203409799,-2.0437,1.5155,MEAN_CROSS,0.0015598395771387885,1.581866,14
2017-11-08 10:00:00+00:00,2017-11-08 23:00:00+00:00,-1,0.0009187339152444407,0.00023174265165526453,2.5553,-0.0983,MEAN_CROSS,0.0006869912635891762,1.636613,13
2017-11-09 13:00:00+00:00,2017-11-10 05:00:00+00:00,1,-0.0016402324865898432,0.0003434564215507585,-3.0564,0.788,MEAN_CROSS,0.0019836889081406017,4.725725,16
2017-11-13 09:00:00+00:00,2017-11-13 21:00:00+00:00,1,-0.0010561501019040742,8.572380761806553e-05,-2.7639,0.8945,MEAN_CROSS,0.0011418739095221397,2.720276,12
2017-11-14 02:00:00+00:00,2017-11-14 14:00:00+00:00,1,-0.0011534366663611406,0.00014078778374326806,-2.8285,1.1595,MEAN_CROSS,0.0012942244501044087,3.08322,12
2017-11-14 16:00:00+00:00,2017-11-15 04:00:00+00:00,-1,0.0007129439055555409,-0.00036155649154967495,2.2606,-0.3269,MEAN_CROSS,0.0010745003971052158,2.559773,12
2017-11-15 09:00:00+00:00,2017-11-15 21:00:00+00:00,-1,0.0010643618199711602,-1.939769029357663e-05,2.3309,-0.0688,MEAN_CROSS,0.0010837595102647368,2.581831,12
2017-11-17 01:00:00+00:00,2017-11-17 13:00:00+00:00,-1,0.001287628690484599,-0.00025157046754187284,3.4028,0.1405,MEAN_CROSS,0.001539199158026472,3.666821,12
2017-11-21 01:00:00+00:00,2017-11-21 14:00:00+00:00,1,-0.0008435680298394255,0.0010557419518821831,-2.0428,2.3667,MEAN_CROSS,0.0018993099817216086,4.52471,13
2017-11-21 23:00:00+00:00,2017-11-22 11:00:00+00:00,-1,0.0010407136039382037,0.00012355278208286968,2.084,-0.0312,MEAN_CROSS,0.000917160821855334,2.184944,12
2017-11-22 19:00:00+00:00,2017-11-23 07:00:00+00:00,-1,0.0017328760643208208,0.0003024284589259185,3.3038,0.2548,MEAN_CROSS,0.0014304476053949022,3.407743,12
2017-11-24 03:00:00+00:00,2017-11-27 03:00:00+00:00,1,-0.0007702927644305246,7.09344281748514e-05,-2.6005,0.6546,MEAN_CROSS,0.000841227192605376,2.004048,24
2017-11-27 07:00:00+00:00,2017-11-27 19:00:00+00:00,-1,0.0006586422523867652,-2.7312607390861388e-05,2.3001,-0.3504,MEAN_CROSS,0.0006859548597776266,1.634144,12
2017-11-28 19:00:00+00:00,2017-11-29 07:00:00+00:00,1,-0.001068176670156129,0.0005797421459308172,-2.4116,1.2251,MEAN_CROSS,0.0016479188160869462,2.879011,12
2017-11-29 08:00:00+00:00,2017-11-29 20:00:00+00:00,-1,0.0011089682534224377,-0.00030433097184379143,2.1842,-0.1319,MEAN_CROSS,0.001413299225266229,2.469117,12
2017-11-30 00:00:00+00:00,2017-11-30 12:00:00+00:00,1,-0.0025188169437942998,0.0002348733267448777,-3.961,0.7387,MEAN_CROSS,0.0027536902705391775,4.810859,12
2017-11-30 14:00:00+00:00,2017-12-01 02:00:00+00:00,-1,0.0012308406872783006,-0.000262930101255221,2.2042,0.137,MEAN_CROSS,0.0014937707885335216,2.609705,12
2017-12-01 08:00:00+00:00,2017-12-01 20:00:00+00:00,-1,0.0011642990894948912,2.1982517519947287e-05,2.7003,-0.2781,MEAN_CROSS,0.001142316571974944,1.995694,12
2017-12-03 22:00:00+00:00,2017-12-04 11:00:00+00:00,1,-0.0013210688677519622,0.0006113571016544972,-2.1728,0.5815,MEAN_CROSS,0.0019324259694064594,3.376062,13
2017-12-05 00:00:00+00:00,2017-12-05 12:00:00+00:00,-1,0.0017031197304508972,-0.0002098381636594926,3.1529,-0.6416,MEAN_CROSS,0.0019129578941103897,3.34205,12
2017-12-07 13:00:00+00:00,2017-12-08 01:00:00+00:00,-1,0.000717854378117444,-0.0002592665265029881,2.6833,0.0463,MEAN_CROSS,0.000977120904620432,1.707088,12
2017-12-08 13:00:00+00:00,2017-12-11 03:00:00+00:00,-1,0.0012722981538314526,0.002745630769985352,3.0237,6.3766,STOP_LOSS,-0.0014733326161538995,-2.573999,14
2017-12-11 04:00:00+00:00,2017-12-11 16:00:00+00:00,-1,0.001566787024845695,3.193212931063005e-05,2.1675,-0.4986,MEAN_CROSS,0.001534854895535065,2.681482,12
2017-12-12 15:00:00+00:00,2017-12-13 03:00:00+00:00,1,-0.0006752017030744462,0.0006765784662126073,-2.0525,1.1203,MEAN_CROSS,0.0013517801692870535,2.361639,12
2017-12-13 13:00:00+00:00,2017-12-14 01:00:00+00:00,-1,0.002093041404273799,-0.00019628586503794843,4.4668,-0.9294,MEAN_CROSS,0.0022893272693117472,3.999589,12
2017-12-15 03:00:00+00:00,2017-12-15 15:00:00+00:00,-1,0.00100487996877896,-0.0007155442481635577,3.1272,-1.7697,MEAN_CROSS,0.0017204242169425177,3.005682,12
2017-12-15 16:00:00+00:00,2017-12-18 06:00:00+00:00,1,-0.0009316650573761853,0.0007837413722756592,-2.1035,1.1089,MEAN_CROSS,0.0017154064296518445,2.996916,14
2017-12-19 00:00:00+00:00,2017-12-19 12:00:00+00:00,-1,0.0008804364783836505,-7.63911296239872e-05,2.057,-0.1613,MEAN_CROSS,0.0009568276080076377,1.59225,12
2017-12-19 14:00:00+00:00,2017-12-20 06:00:00+00:00,1,-0.001571863855919453,0.00013221040055722,-3.6137,0.57,MEAN_CROSS,0.001704074256476673,2.835738,16
2017-12-20 21:00:00+00:00,2017-12-21 09:00:00+00:00,-1,0.002201080764708263,9.198543935584613e-05,4.9101,-0.0777,MEAN_CROSS,0.002109095325352417,3.509731,12
2017-12-24 23:00:00+00:00,2017-12-26 02:00:00+00:00,1,-0.0006116266225891787,0.0005412860184266233,-2.6198,1.9039,MEAN_CROSS,0.001152912641015802,1.918554,13
2017-12-26 10:00:00+00:00,2017-12-27 02:00:00+00:00,1,-0.0008547759730030968,0.00039151891121691484,-3.6996,0.9326,MEAN_CROSS,0.0012462948842200117,2.073951,16
2017-12-27 21:00:00+00:00,2017-12-28 19:00:00+00:00,1,-0.0004722563099918142,0.00025948617105986393,-2.1009,0.5011,MEAN_CROSS,0.0007317424810516782,1.217688,22
2017-12-29 16:00:00+00:00,2018-01-02 04:00:00+00:00,1,-0.001077554941456671,0.0005032815731063067,-3.9312,0.7943,MEAN_CROSS,0.0015808365145629777,2.630659,12
2018-01-03 02:00:00+00:00,2018-01-03 16:00:00+00:00,1,-0.0012650873026175402,0.000280428705348168,-2.6085,0.9083,MEAN_CROSS,0.0015455160079657082,2.571883,14
2018-01-04 06:00:00+00:00,2018-01-04 20:00:00+00:00,-1,0.0011394152988565276,0.00015131279484925653,2.2492,-0.2421,MEAN_CROSS,0.000988102504007271,1.644295,14
2018-01-09 08:00:00+00:00,2018-01-10 01:00:00+00:00,1,-0.0006507288473779349,0.0005960469482768627,-2.1195,1.5917,MEAN_CROSS,0.0012467757956547976,3.407238,17
2018-01-10 08:00:00+00:00,2018-01-10 20:00:00+00:00,-1,0.0017910920473801495,0.0001285284528133035,3.552,0.0635,MEAN_CROSS,0.001662563594566846,4.543519,12
2018-01-11 10:00:00+00:00,2018-01-11 23:00:00+00:00,-1,0.001815446319664793,0.00018263317106681498,2.5586,-0.3915,MEAN_CROSS,0.001632813148597978,4.462216,13
2018-01-12 13:00:00+00:00,2018-01-15 01:00:00+00:00,1,-0.001922179272204838,0.0012622969788037564,-4.0986,2.0156,MEAN_CROSS,0.0031844762510085944,8.702662,12
2018-01-16 00:00:00+00:00,2018-01-16 15:00:00+00:00,1,-0.0006387746991405319,0.0003247455298083235,-2.0553,0.6648,MEAN_CROSS,0.0009635202289488554,2.633146,15
2018-01-17 00:00:00+00:00,2018-01-17 12:00:00+00:00,-1,0.0009975833702041692,6.00975893398914e-05,3.091,0.2888,MEAN_CROSS,0.0009374857808642778,2.561998,12
2018-01-17 17:00:00+00:00,2018-01-18 07:00:00+00:00,-1,0.0017600446394676617,0.0003999117306364708,2.3768,0.3033,MEAN_CROSS,0.0013601329088311909,3.717025,14
2018-01-22 08:00:00+00:00,2018-01-22 22:00:00+00:00,-1,0.0008903578860963712,0.0003511691745031742,2.072,0.2753,MEAN_CROSS,0.000539188711593197,1.473516,14
2018-01-23 15:00:00+00:00,2018-01-24 03:00:00+00:00,-1,0.0016105799787344832,0.00038303805515726985,2.3415,0.2597,MEAN_CROSS,0.0012275419235772134,3.354675,12
2018-01-24 08:00:00+00:00,2018-01-24 20:00:00+00:00,-1,0.001573698849177907,0.00039962042273278264,2.8264,-0.2541,MEAN_CROSS,0.0011740784264451243,3.208568,12
2018-01-24 21:00:00+00:00,2018-01-26 01:00:00+00:00,1,-0.005470092557043116,0.0012849583214361582,-10.8073,1.2265,MEAN_CROSS,0.006755050878479274,18.460468,28
2018-01-30 07:00:00+00:00,2018-01-30 23:00:00+00:00,1,-0.002247117046731084,0.0005799227636501536,-3.7595,0.6893,MEAN_CROSS,0.0028270398103812377,2.530369,16
2018-01-31 03:00:00+00:00,2018-01-31 15:00:00+00:00,-1,0.001832572698269641,-0.0004388516942719356,2.0323,-1.6422,MEAN_CROSS,0.0022714243925415767,2.03306,12
2018-01-31 16:00:00+00:00,2018-02-01 12:00:00+00:00,1,-0.00210628052882178,0.0004906524712504634,-3.9904,0.7746,MEAN_CROSS,0.0025969330000722435,2.32441,20
2018-02-01 15:00:00+00:00,2018-02-02 03:00:00+00:00,-1,0.0021449283503738314,-0.0006579337264183138,2.7411,-0.8744,MEAN_CROSS,0.0028028620767921453,2.508728,12
2018-02-02 13:00:00+00:00,2018-02-05 01:00:00+00:00,1,-0.002295261487857747,0.0003897323066763825,-2.8332,1.215,MEAN_CROSS,0.0026849937945341296,2.403229,12
2018-02-05 08:00:00+00:00,2018-02-05 20:00:00+00:00,-1,0.0010371307066058266,-0.0011862376359080828,2.0848,-1.0394,MEAN_CROSS,0.0022233683425139095,1.990047,12
2018-02-06 03:00:00+00:00,2018-02-06 15:00:00+00:00,-1,0.001241238913086029,-0.0001231089631699156,2.024,-0.0871,MEAN_CROSS,0.0013643478762559447,1.221173,12
2018-02-06 21:00:00+00:00,2018-02-07 09:00:00+00:00,-1,0.0024897618732285798,-0.0002663487856902069,3.1613,-0.6529,MEAN_CROSS,0.0027561106589187867,2.466883,12
2018-02-07 20:00:00+00:00,2018-02-08 08:00:00+00:00,1,-0.0033116138685820307,-1.3343992836367669e-05,-3.5009,0.9657,MEAN_CROSS,0.003298269875745663,2.952148,12
2018-02-08 10:00:00+00:00,2018-02-08 22:00:00+00:00,-1,0.0015995504779759973,-0.0003930823713661491,2.7703,0.0901,MEAN_CROSS,0.0019926328493421464,1.783525,12
2018-02-09 13:00:00+00:00,2018-02-12 05:00:00+00:00,-1,0.0016260429395804632,0.00024669337911886746,2.601,-0.0788,MEAN_CROSS,0.0013793495604615957,1.2346,16
2018-02-12 07:00:00+00:00,2018-02-12 20:00:00+00:00,1,-0.0010767724883939955,0.0005302283107989636,-2.841,0.9053,MEAN_CROSS,0.0016070007991929591,1.438361,13
2018-02-12 21:00:00+00:00,2018-02-13 10:00:00+00:00,-1,0.0011998191890043586,0.00036662516953556157,2.1668,0.375,MEAN_CROSS,0.000833194019468797,0.745758,13
2018-02-14 02:00:00+00:00,2018-02-14 14:00:00+00:00,-1,0.0029278708837030543,-0.0014396806383869531,5.5759,-1.5092,MEAN_CROSS,0.004367551522090007,3.909219,12
2018-02-14 15:00:00+00:00,2018-02-15 03:00:00+00:00,-1,0.0034166830585655728,-0.0004120363481011635,3.269,-0.7605,MEAN_CROSS,0.0038287194066667363,3.426932,12
2018-02-19 13:00:00+00:00,2018-02-20 04:00:00+00:00,1,-0.001821458385732888,0.00010765503339105198,-2.9517,0.5315,MEAN_CROSS,0.00192911341912394,2.315162,15
2018-02-20 13:00:00+00:00,2018-02-21 01:00:00+00:00,1,-0.001295021219599124,0.0003268528313262742,-2.2599,1.2562,MEAN_CROSS,0.0016218740509253982,1.946439,12
2018-02-21 20:00:00+00:00,2018-02-22 08:00:00+00:00,1,-0.00111208367322857,0.00023452163326409536,-3.0715,0.9308,MEAN_CROSS,0.0013466053064926653,1.616084,12
2018-02-22 09:00:00+00:00,2018-02-22 21:00:00+00:00,-1,0.0008230222722567238,-0.0002676156383146777,2.2141,-0.5065,MEAN_CROSS,0.0010906379105714015,1.308893,12
2018-02-22 23:00:00+00:00,2018-02-23 15:00:00+00:00,1,-0.0013725856250966784,0.00018378227875259778,-2.5528,0.5536,MEAN_CROSS,0.0015563679038492761,1.867824,16
2018-02-26 02:00:00+00:00,2018-02-26 14:00:00+00:00,-1,0.0017756523544624203,-0.0006291938024398647,3.9601,-1.1399,MEAN_CROSS,0.002404846156902285,2.886097,12
2018-02-27 15:00:00+00:00,2018-02-28 04:00:00+00:00,1,-0.0015588788916164331,1.2152967527434555e-05,-3.0796,1.2139,MEAN_CROSS,0.0015710318591438677,1.885422,13
2018-02-28 05:00:00+00:00,2018-02-28 17:00:00+00:00,-1,0.0004566176385317755,-0.00042889128624623574,2.2041,-0.1779,MEAN_CROSS,0.0008855089247780112,1.062714,12
2018-03-01 06:00:00+00:00,2018-03-01 18:00:00+00:00,-1,0.0007370536486365209,-0.0007740966871347954,2.4919,-1.5499,MEAN_CROSS,0.0015111503357713163,1.813557,12
2018-03-01 19:00:00+00:00,2018-03-02 07:00:00+00:00,-1,0.0014406764098719993,-2.7456181895257892e-05,2.3345,-0.6713,MEAN_CROSS,0.0014681325917672572,1.761931,12
2018-03-02 09:00:00+00:00,2018-03-02 21:00:00+00:00,1,-0.001323761310594751,0.0005850998482870295,-3.1922,0.6842,MEAN_CROSS,0.0019088611588817805,2.290857,12
2018-03-06 11:00:00+00:00,2018-03-06 23:00:00+00:00,-1,0.002224991148942257,-0.000609814668196651,5.5305,-1.3956,MEAN_CROSS,0.002834805817138908,3.402099,12
2018-03-08 08:00:00+00:00,2018-03-08 20:00:00+00:00,1,-0.0010801066649214208,0.0002161588991020924,-2.4438,0.582,MEAN_CROSS,0.0012962655640235132,2.769522,12
2018-03-09 14:00:00+00:00,2018-03-12 04:00:00+00:00,-1,0.0012718487279419488,0.0005004277744631302,2.7024,0.4301,MEAN_CROSS,0.0007714209534788186,1.648171,15
2018-03-13 08:00:00+00:00,2018-03-13 20:00:00+00:00,-1,0.0010142588625181581,-0.0004814797944009408,2.0966,-1.3152,MEAN_CROSS,0.001495738656919099,3.195704,12
2018-03-14 21:00:00+00:00,2018-03-15 11:00:00+00:00,1,-0.0015459549182241794,-0.0016626359032825277,-3.6092,-3.55,STOP_LOSS,-0.00011668098505834834,-0.249293,14
2018-03-16 14:00:00+00:00,2018-03-19 06:00:00+00:00,1,-0.0017449919774324973,-0.00010732816721270577,-2.8062,0.5847,MEAN_CROSS,0.0016376638102197916,3.498932,16
2018-03-19 13:00:00+00:00,2018-03-20 01:00:00+00:00,-1,0.0008589678358751351,0.00015492962998997495,2.0913,0.0111,MEAN_CROSS,0.0007040382058851602,1.504205,12
2018-03-21 06:00:00+00:00,2018-03-21 18:00:00+00:00,-1,0.0003987227393731363,0.0025668687142533786,2.1451,5.3539,STOP_LOSS,-0.0021681459748802423,-4.632328,12
2018-03-21 19:00:00+00:00,2018-03-22 09:00:00+00:00,-1,0.0023305959222477135,-0.0004673740748294408,3.3753,-1.0505,MEAN_CROSS,0.0027979699970771543,5.977971,14
2018-03-23 19:00:00+00:00,2018-03-26 07:00:00+00:00,1,-0.0011225876998407491,0.000970556697472813,-2.3359,1.0753,MEAN_CROSS,0.002093144397313562,4.472084,12
2018-03-28 14:00:00+00:00,2018-03-29 04:00:00+00:00,1,-0.001953669971553107,-5.5527937043775566e-05,-4.2549,0.6154,MEAN_CROSS,0.0018981420345093314,4.775186,14
2018-03-29 14:00:00+00:00,2018-03-30 02:00:00+00:00,-1,0.0008575215614221587,4.688623574800044e-05,2.1244,-0.04,MEAN_CROSS,0.0008106353256741583,2.039328,12
2018-04-02 13:00:00+00:00,2018-04-03 02:00:00+00:00,1,-0.0005408767683551252,0.00018482834610755727,-2.2082,1.2334,MEAN_CROSS,0.0007257051144626825,1.825668,13
2018-04-03 04:00:00+00:00,2018-04-03 17:00:00+00:00,-1,0.0010154711714966957,-4.921083529485504e-05,4.1018,-0.3341,MEAN_CROSS,0.0010646820067915508,2.678438,13
2018-04-05 02:00:00+00:00,2018-04-05 20:00:00+00:00,1,-0.0005526271147940909,0.00048113602634691777,-2.2655,1.0549,MEAN_CROSS,0.0010337631411410086,2.600655,18
2018-04-06 12:00:00+00:00,2018-04-09 03:00:00+00:00,-1,0.000489837842310048,0.00029982295545505355,2.065,0.4775,MEAN_CROSS,0.00019001488685499446,0.478024,15
2018-04-09 15:00:00+00:00,2018-04-10 03:00:00+00:00,-1,0.0012147588821350697,0.0004574556059973034,2.2424,0.3497,MEAN_CROSS,0.0007573032761377663,1.90516,12
2018-04-11 02:00:00+00:00,2018-04-11 14:00:00+00:00,1,-0.0008095858420889002,0.0008646566713177428,-2.6084,1.4978,MEAN_CROSS,0.001674242513406643,4.211919,12
2018-04-12 07:00:00+00:00,2018-04-12 19:00:00+00:00,-1,0.0009690502121041389,-0.00011844975267882862,2.1546,-0.5502,MEAN_CROSS,0.0010874999647829675,2.735841,12
2018-04-13 12:00:00+00:00,2018-04-16 00:00:00+00:00,1,-0.001178785069386734,0.00030941654078342484,-3.8105,1.0076,MEAN_CROSS,0.001488201610170159,3.743893,12
2018-04-18 06:00:00+00:00,2018-04-18 22:00:00+00:00,1,-0.0009960511501027058,0.0005699595058362705,-2.3396,1.344,MEAN_CROSS,0.0015660106559389764,3.52211,16
2018-04-19 15:00:00+00:00,2018-04-20 06:00:00+00:00,1,-0.0014123844443680866,-0.000244939383718612,-2.8774,0.5118,MEAN_CROSS,0.0011674450606494746,2.625698,15
2018-04-20 14:00:00+00:00,2018-04-23 03:00:00+00:00,-1,0.0004622275550369981,-0.0002743576501268441,2.9867,0.2547,MEAN_CROSS,0.0007365852051638422,1.656652,13
2018-04-23 09:00:00+00:00,2018-04-23 21:00:00+00:00,1,-0.001767535211186555,0.00018993760946295346,-3.5863,1.2833,MEAN_CROSS,0.0019574728206495084,4.402547,12
2018-04-24 01:00:00+00:00,2018-04-24 13:00:00+00:00,1,-0.0014409496881732098,0.0004581032771711069,-2.2774,1.7362,MEAN_CROSS,0.0018990529653443167,4.271155,12
2018-04-25 07:00:00+00:00,2018-04-25 19:00:00+00:00,1,-0.0012890985616853534,0.00013425736876959693,-2.0438,1.078,MEAN_CROSS,0.0014233559304549503,3.201266,12
2018-04-26 10:00:00+00:00,2018-04-26 22:00:00+00:00,-1,0.0008867624578362543,-0.00046255662681038423,2.4379,-1.1685,MEAN_CROSS,0.0013493190846466385,3.03475,12
2018-04-27 05:00:00+00:00,2018-04-27 17:00:00+00:00,1,-0.0008308480246593808,0.000685335872782411,-2.1094,1.5436,MEAN_CROSS,0.0015161838974417918,3.410045,12
2018-04-27 18:00:00+00:00,2018-04-30 06:00:00+00:00,-1,0.0010575897257610878,-0.0002347722713736955,2.2699,-0.6216,MEAN_CROSS,0.0012923619971347833,2.906648,12
2018-04-30 08:00:00+00:00,2018-05-01 02:00:00+00:00,1,-0.0011574342441673657,7.753233281859728e-05,-2.2537,0.8495,MEAN_CROSS,0.001234966576985963,2.77756,18
2018-05-02 01:00:00+00:00,2018-05-02 13:00:00+00:00,-1,0.0005386970347702746,-0.0005753962368433285,2.2039,-1.0363,MEAN_CROSS,0.0011140932716136032,2.505704,12
2018-05-03 09:00:00+00:00,2018-05-03 21:00:00+00:00,-1,0.0014163307749583964,0.0001546107727604662,3.0249,-0.0324,MEAN_CROSS,0.0012617200021979302,2.837731,12
2018-05-04 03:00:00+00:00,2018-05-04 16:00:00+00:00,1,-0.0008954541446846154,0.0006422830157015724,-2.7373,1.3306,MEAN_CROSS,0.0015377371603861878,3.458521,13
2018-05-07 14:00:00+00:00,2018-05-08 02:00:00+00:00,-1,0.0008991894297700753,1.4923208021988543e-05,2.1534,0.0013,MEAN_CROSS,0.0008842662217480868,1.891188,12
2018-05-08 08:00:00+00:00,2018-05-08 20:00:00+00:00,1,-0.0017722378110128778,0.000220935550516832,-3.8846,0.6651,MEAN_CROSS,0.00199317336152971,4.262817,12
2018-05-09 10:00:00+00:00,2018-05-09 22:00:00+00:00,-1,0.0009793599172593925,-0.0019652350730118284,2.0008,-3.0483,MEAN_CROSS,0.002944594990271221,6.29763,12
2018-05-09 23:00:00+00:00,2018-05-10 12:00:00+00:00,1,-0.0017284703738142948,0.0019438294670945933,-2.2563,2.3782,MEAN_CROSS,0.003672299840908888,7.853979,13
2018-05-14 06:00:00+00:00,2018-05-14 21:00:00+00:00,1,-0.0010489508856843521,-0.00011844368184132925,-2.9723,0.5245,MEAN_CROSS,0.0009305072038430229,1.990084,15
2018-05-15 04:00:00+00:00,2018-05-15 20:00:00+00:00,1,-0.0011423880906971107,-0.0001462905741556053,-2.3696,0.5498,MEAN_CROSS,0.0009960975165415054,2.130362,16
2018-05-16 13:00:00+00:00,2018-05-17 03:00:00+00:00,-1,0.0017084990876025108,0.0002734969077708982,2.6686,-0.0349,MEAN_CROSS,0.0014350021798316126,3.069051,14
2018-05-17 06:00:00+00:00,2018-05-17 22:00:00+00:00,1,-0.0013347865283560578,0.00035891138976640313,-3.2511,0.9017,MEAN_CROSS,0.001693697918122461,3.622326,16
2018-05-18 00:00:00+00:00,2018-05-18 12:00:00+00:00,-1,0.0008761743594910554,-0.0001939949847286071,2.0195,-0.3271,MEAN_CROSS,0.0010701693442196625,2.28878,12
2018-05-20 22:00:00+00:00,2018-05-21 10:00:00+00:00,1,-0.0006905680927021818,0.0004624912673364401,-2.2732,0.8372,MEAN_CROSS,0.0011530593600386219,2.466058,12
2018-05-21 12:00:00+00:00,2018-05-22 00:00:00+00:00,-1,0.0011545205762967248,0.0003160987215253819,2.1341,0.1594,MEAN_CROSS,0.0008384218547713429,1.79314,12
2018-05-22 12:00:00+00:00,2018-05-23 08:00:00+00:00,1,-0.0010451928958644663,3.574413613316452e-05,-2.5108,0.5348,MEAN_CROSS,0.0010809370319976308,2.311809,20
2018-05-23 18:00:00+00:00,2018-05-24 06:00:00+00:00,-1,0.0012948187501086172,-0.0002801478220957332,2.5498,-0.2693,MEAN_CROSS,0.0015749665722043504,3.368394,12
2018-05-25 08:00:00+00:00,2018-05-25 20:00:00+00:00,-1,0.0008485284750320288,-0.00022902646375377866,2.699,-0.4615,MEAN_CROSS,0.0010775549387858074,2.539548,12
2018-05-27 21:00:00+00:00,2018-05-28 09:00:00+00:00,-1,0.0008881711176280671,6.525583331817852e-05,2.2104,-0.0746,MEAN_CROSS,0.0008229152843098886,1.939421,12
2018-05-29 08:00:00+00:00,2018-05-29 20:00:00+00:00,1,-0.0013920256272861309,0.00014218888427552923,-3.3269,1.0019,MEAN_CROSS,0.0015342145115616601,3.615789,12
2018-05-30 09:00:00+00:00,2018-05-30 21:00:00+00:00,-1,0.0010691239525403295,-0.00027742275913600345,2.0028,-0.8538,MEAN_CROSS,0.001346546711676333,3.1735,12
2018-05-31 01:00:00+00:00,2018-05-31 22:00:00+00:00,1,-0.0009898342526726278,0.000564961258989749,-2.1766,0.7856,MEAN_CROSS,0.0015547955116623768,3.664294,21
2018-06-01 12:00:00+00:00,2018-06-04 00:00:00+00:00,1,-0.0012248910296563942,0.0004604346888403832,-2.1184,1.2187,MEAN_CROSS,0.0016853257184967774,3.971924,12
2018-06-04 01:00:00+00:00,2018-06-04 13:00:00+00:00,-1,0.0011788969352102274,0.00021627453516781525,2.6097,-0.0312,MEAN_CROSS,0.0009626224000424122,2.268679,12
2018-06-05 10:00:00+00:00,2018-06-06 00:00:00+00:00,1,-0.0009166368975205286,0.0003200219285699468,-2.3337,0.7942,MEAN_CROSS,0.0012366588260904754,2.914519,14
2018-06-07 15:00:00+00:00,2018-06-08 04:00:00+00:00,1,-0.0009208903287399872,0.00017721220025324058,-3.0232,0.691,MEAN_CROSS,0.0010981025289932278,2.587974,13
2018-06-08 14:00:00+00:00,2018-06-11 03:00:00+00:00,-1,0.0006392419607759159,7.907192670120189e-05,2.1578,0.0586,MEAN_CROSS,0.000560170034074714,1.320191,13
2018-06-11 12:00:00+00:00,2018-06-12 00:00:00+00:00,-1,0.0010267952032767536,-0.0009080629841498045,2.463,-1.941,MEAN_CROSS,0.001934858187426558,4.560014,12
2018-06-13 09:00:00+00:00,2018-06-13 21:00:00+00:00,-1,0.0009020764677074578,-0.0002535094661526571,2.0415,-0.3184,MEAN_CROSS,0.0011555859338601149,2.723449,12
2018-06-14 13:00:00+00:00,2018-06-15 04:00:00+00:00,1,-0.00121597468097967,-4.7385769656460575e-05,-2.0921,0.5743,MEAN_CROSS,0.0011685889113232095,1.563593,15
2018-06-18 03:00:00+00:00,2018-06-18 15:00:00+00:00,-1,0.0006088406154651782,-0.001072550022152008,2.2983,-2.4774,MEAN_CROSS,0.001681390637617186,2.24973,12
2018-06-19 06:00:00+00:00,2018-06-19 20:00:00+00:00,1,-0.002647930494103501,7.723720465024897e-05,-5.2386,0.6114,MEAN_CROSS,0.00272516769875375,3.646322,14
2018-06-21 01:00:00+00:00,2018-06-21 13:00:00+00:00,1,-0.001111447220742634,0.0008011724620968774,-2.0222,1.7193,MEAN_CROSS,0.0019126196828395114,2.559119,12
2018-06-22 14:00:00+00:00,2018-06-25 07:00:00+00:00,1,-0.0007332747246115989,0.0005416430436838704,-2.2482,0.7415,MEAN_CROSS,0.0012749177682954693,1.705862,17
2018-06-26 06:00:00+00:00,2018-06-26 18:00:00+00:00,1,-0.0009691506310626208,-4.787739335510022e-05,-2.6652,0.552,MEAN_CROSS,0.0009212732377075206,1.23268,12
2018-06-27 01:00:00+00:00,2018-06-27 13:00:00+00:00,1,-0.001953722221576637,0.00014137537009495382,-4.7372,1.1392,MEAN_CROSS,0.002095097591671591,2.803277,12
2018-06-29 02:00:00+00:00,2018-06-29 16:00:00+00:00,-1,0.001594560094922759,0.00014975022302665675,4.2624,0.2982,MEAN_CROSS,0.0014448098718961022,1.933181,14
2018-07-02 07:00:00+00:00,2018-07-02 19:00:00+00:00,1,-0.0012459199761265527,0.0003657174269435792,-2.4871,1.0501,MEAN_CROSS,0.001611637403070132,2.156399,12
2018-07-03 07:00:00+00:00,2018-07-03 20:00:00+00:00,-1,0.0009760709008020951,0.0002609755709698236,2.0129,0.1493,MEAN_CROSS,0.0007150953298322715,0.95681,13
2018-07-05 08:00:00+00:00,2018-07-05 20:00:00+00:00,-1,0.000880051098650303,-0.00018254619581725695,2.5517,-1.0652,MEAN_CROSS,0.00106259729446756,2.352848,12
2018-07-06 01:00:00+00:00,2018-07-06 13:00:00+00:00,1,-0.00048409556405326626,0.0008795807601923444,-2.1125,1.6454,MEAN_CROSS,0.0013636763242456107,3.01951,12
2018-07-09 13:00:00+00:00,2018-07-10 01:00:00+00:00,1,-0.000506757952205561,0.0003882258963255891,-2.8051,1.1206,MEAN_CROSS,0.0008949838485311501,1.981711,12
2018-07-10 08:00:00+00:00,2018-07-11 06:00:00+00:00,1,-0.0014172285618511138,0.00018865867087358712,-4.5195,0.6221,MEAN_CROSS,0.001605887232724701,3.555823,22
2018-07-11 09:00:00+00:00,2018-07-12 00:00:00+00:00,1,-0.001509344250178235,-4.459741806650541e-05,-2.1581,0.7616,MEAN_CROSS,0.0014647468321117296,3.243304,15
2018-07-12 04:00:00+00:00,2018-07-12 17:00:00+00:00,-1,0.0005592804927253558,-0.0001529658005964274,2.0015,-0.0151,MEAN_CROSS,0.0007122462933217832,1.577086,13
2018-07-13 06:00:00+00:00,2018-07-13 18:00:00+00:00,1,-0.0009956695470347832,0.000346267271712386,-3.0056,0.5597,MEAN_CROSS,0.0013419368187471692,2.971373,12
2018-07-17 03:00:00+00:00,2018-07-17 15:00:00+00:00,-1,0.0038176724574194854,-0.0005993854899917217,9.5669,-0.7202,MEAN_CROSS,0.004417057947411207,9.780436,12
2018-07-18 14:00:00+00:00,2018-07-19 02:00:00+00:00,-1,0.0009457805151377174,-0.0003057468600071722,2.0537,-0.6376,MEAN_CROSS,0.0012515273751448897,2.771185,12
2018-07-19 07:00:00+00:00,2018-07-19 20:00:00+00:00,1,-0.0018548795598193335,0.00044134448470500853,-2.9677,0.6967,MEAN_CROSS,0.002296224044524342,5.084396,13
2018-07-20 12:00:00+00:00,2018-07-23 00:00:00+00:00,-1,0.0022658065324023813,0.0003758357985935712,2.7934,-0.1588,MEAN_CROSS,0.00188997073380881,4.184853,12
2018-07-24 07:00:00+00:00,2018-07-24 20:00:00+00:00,-1,0.0011059569435992733,4.029325176857501e-05,3.21,0.0674,MEAN_CROSS,0.0010656636918306983,2.027247,13
2018-07-25 17:00:00+00:00,2018-07-26 05:00:00+00:00,-1,0.001106660721321595,-0.0002527510168556235,2.4586,-0.986,MEAN_CROSS,0.0013594117381772186,2.586054,12
2018-07-26 12:00:00+00:00,2018-07-27 02:00:00+00:00,1,-0.0011685236468058635,0.00012941364684326828,-2.5994,0.7913,MEAN_CROSS,0.0012979372936491318,2.469109,14
2018-07-27 08:00:00+00:00,2018-07-30 01:00:00+00:00,1,-0.0010871181714489087,0.0002694402248055727,-2.0339,0.5173,MEAN_CROSS,0.0013565583962544814,2.580626,17
2018-07-31 07:00:00+00:00,2018-08-01 08:00:00+00:00,1,-0.0007296695291427735,9.723418346185841e-05,-2.4653,0.8792,MEAN_CROSS,0.0008269037126046319,1.573046,25
2018-08-01 10:00:00+00:00,2018-08-01 23:00:00+00:00,-1,0.000711388735722851,2.5943998057109674e-05,2.6517,0.4179,MEAN_CROSS,0.0006854447376657413,1.303944,13
2018-08-02 08:00:00+00:00,2018-08-02 21:00:00+00:00,1,-0.0009325093243204297,-0.00010999272918210679,-2.1565,0.7443,MEAN_CROSS,0.0008225165951383229,1.564701,13
2018-08-03 08:00:00+00:00,2018-08-03 20:00:00+00:00,-1,0.0006472387773303057,-0.0005515751957321235,3.8446,-1.0643,MEAN_CROSS,0.0011988139730624292,2.280544,12
2018-08-07 06:00:00+00:00,2018-08-07 18:00:00+00:00,-1,0.0005494496527089776,-0.00013815854051035803,2.5047,-0.3549,MEAN_CROSS,0.0006876081932193356,1.30806,12
2018-08-08 03:00:00+00:00,2018-08-08 19:00:00+00:00,-1,0.0011075135708406014,0.00010363437095273209,3.0001,0.2003,MEAN_CROSS,0.0010038791998878693,1.909713,16
2018-08-08 21:00:00+00:00,2018-08-09 21:00:00+00:00,1,-0.002846233032199774,-1.2984288086270723e-05,-6.2809,0.8173,MEAN_CROSS,0.0028332487441135035,5.389783,24
2018-08-14 01:00:00+00:00,2018-08-14 13:00:00+00:00,-1,0.0007157621944356984,-0.00013512954044681003,2.141,-0.5818,MEAN_CROSS,0.0008508917348825085,1.710708,12
2018-08-14 15:00:00+00:00,2018-08-15 09:00:00+00:00,1,-0.000860072133614942,8.765548328193429e-05,-2.2025,0.6742,MEAN_CROSS,0.0009477276168968762,1.905395,18
2018-08-15 16:00:00+00:00,2018-08-16 06:00:00+00:00,-1,0.0005858741404258794,5.392454141539549e-05,2.0049,-0.0119,MEAN_CROSS,0.0005319495990104839,1.069478,14
2018-08-16 13:00:00+00:00,2018-08-17 03:00:00+00:00,-1,0.001033005251020569,0.0001244599852117112,2.3412,-0.1373,MEAN_CROSS,0.0009085452658088577,1.826619,14
2018-08-17 18:00:00+00:00,2018-08-20 06:00:00+00:00,-1,0.0015995211895940553,-0.0005100113233403869,3.9833,-1.6599,MEAN_CROSS,0.002109532512934442,4.24119,12
2018-08-21 04:00:00+00:00,2018-08-21 18:00:00+00:00,-1,0.0009651052928021375,0.00037563783308358634,2.1045,-0.0381,MEAN_CROSS,0.0005894674597185512,1.185117,14
2018-08-21 22:00:00+00:00,2018-08-22 10:00:00+00:00,-1,0.0013269263155623046,7.516479832758716e-05,2.4314,-0.3449,MEAN_CROSS,0.0012517615172347174,2.516652,12
2018-08-23 01:00:00+00:00,2018-08-24 00:00:00+00:00,1,-0.0011604926946624516,0.0003374505728620525,-2.7901,1.6237,MEAN_CROSS,0.0014979432675245041,3.011597,23
2018-08-24 02:00:00+00:00,2018-08-24 18:00:00+00:00,-1,0.0008870008536572271,0.0002939054322083079,2.7559,0.3165,MEAN_CROSS,0.0005930954214489192,1.192411,16
2018-08-27 06:00:00+00:00,2018-08-28 00:00:00+00:00,1,-0.0008275886585078496,0.0003114763293831091,-2.4051,0.5739,MEAN_CROSS,0.0011390649878909587,2.290077,18
2018-08-28 09:00:00+00:00,2018-08-28 21:00:00+00:00,-1,0.001116070419854065,-0.0004175783401156874,2.474,-1.2227,MEAN_CROSS,0.0015336487599697524,3.083383,12
2018-08-29 05:00:00+00:00,2018-08-29 17:00:00+00:00,1,-0.0009550984980631894,0.0004093008008949628,-2.2408,0.953,MEAN_CROSS,0.0013643992989581522,2.743109,12
2018-08-30 01:00:00+00:00,2018-08-30 19:00:00+00:00,1,-0.0028571400620892584,0.00023085159760938279,-7.0719,0.7087,MEAN_CROSS,0.003087991659698641,6.208371,18
2018-08-31 15:00:00+00:00,2018-09-03 03:00:00+00:00,1,-0.001472629383710844,3.8127749719341075e-05,-3.0329,0.7004,MEAN_CROSS,0.001510757133430185,1.802478,12
2018-09-04 06:00:00+00:00,2018-09-04 18:00:00+00:00,1,-0.0011307238954711973,0.00020669159254305125,-3.0999,0.8944,MEAN_CROSS,0.0013374154880142486,1.595665,12
2018-09-05 13:00:00+00:00,2018-09-06 01:00:00+00:00,-1,0.0012659302316769816,0.00027473898579044587,2.0604,0.0005,MEAN_CROSS,0.0009911912458865357,1.182586,12
2018-09-06 03:00:00+00:00,2018-09-07 04:00:00+00:00,1,-0.0008458907065721499,0.00019376188479003353,-2.5221,0.5485,MEAN_CROSS,0.0010396525913621835,1.240405,25
2018-09-07 12:00:00+00:00,2018-09-10 04:00:00+00:00,1,-0.0017486103048901525,-0.00013825269200062884,-4.4499,0.588,MEAN_CROSS,0.0016103576128895236,1.921311,16
2018-09-10 07:00:00+00:00,2018-09-10 19:00:00+00:00,-1,0.0008647928558016549,-0.00041013324718819355,2.4232,-0.2948,MEAN_CROSS,0.0012749261029898484,1.521109,12
2018-09-11 10:00:00+00:00,2018-09-11 22:00:00+00:00,1,-0.000936811153418815,0.0001571625592901027,-2.4765,0.6092,MEAN_CROSS,0.0010939737127089177,1.305215,12
2018-09-12 08:00:00+00:00,2018-09-12 20:00:00+00:00,-1,0.0008180574090330683,0.00038978424915636634,2.0205,0.1883,MEAN_CROSS,0.000428273159876702,0.510971,12
2018-09-13 12:00:00+00:00,2018-09-14 00:00:00+00:00,-1,0.002359659853304996,0.00023670632188077523,3.7364,0.1856,MEAN_CROSS,0.002122953531424221,2.532887,12
2018-09-14 12:00:00+00:00,2018-09-17 00:00:00+00:00,1,-0.0010524858869149778,0.00038917272828797866,-2.0781,1.0643,MEAN_CROSS,0.0014416586152029565,1.720037,12
2018-09-17 23:00:00+00:00,2018-09-18 22:00:00+00:00,1,-0.001115682329437595,0.0004673764635405586,-2.7796,0.9343,MEAN_CROSS,0.0015830587929781537,1.888741,23
2018-09-19 23:00:00+00:00,2018-09-20 12:00:00+00:00,-1,0.0014092752684404797,0.0005476228909676584,2.562,0.2781,MEAN_CROSS,0.0008616523774728213,1.839126,13
2018-09-21 10:00:00+00:00,2018-09-23 23:00:00+00:00,1,-0.00046843283286623905,0.00039519234192531005,-2.5056,0.9682,MEAN_CROSS,0.0008636251747915491,1.843336,13
2018-09-25 06:00:00+00:00,2018-09-25 19:00:00+00:00,-1,0.0004296423213704381,-6.437144784654514e-06,2.2127,0.2941,MEAN_CROSS,0.00043607946615509263,0.930775,13
2018-09-26 01:00:00+00:00,2018-09-26 13:00:00+00:00,-1,0.002138832941297464,-0.00015075375217998843,7.3841,-0.3342,MEAN_CROSS,0.0022895866934774523,4.886933,12
2018-09-28 11:00:00+00:00,2018-09-30 23:00:00+00:00,-1,0.0004420049012962002,-8.776945540445169e-05,2.5188,-0.1733,MEAN_CROSS,0.0005297743567006519,1.130759,12
2018-10-01 21:00:00+00:00,2018-10-02 12:00:00+00:00,1,-0.0012651118370641257,0.0002798969185676681,-3.7006,1.0542,MEAN_CROSS,0.0015450087556317937,3.297693,15
2018-10-03 20:00:00+00:00,2018-10-04 09:00:00+00:00,1,-0.001269315900094603,0.00013692454158642509,-2.1371,1.8642,MEAN_CROSS,0.0014062404416810281,3.001504,13
2018-10-04 12:00:00+00:00,2018-10-05 01:00:00+00:00,-1,0.0005386252262167268,-0.0005427810941043276,2.7638,-0.4545,MEAN_CROSS,0.0010814063203210544,2.308172,13
2018-10-05 12:00:00+00:00,2018-10-08 00:00:00+00:00,-1,0.0006805840830821364,-0.0008281810508287135,2.4259,-1.1188,MEAN_CROSS,0.0015087651339108499,3.220334,12
2018-10-09 06:00:00+00:00,2018-10-09 18:00:00+00:00,1,-0.001039647872726479,0.0008264858809760023,-3.3007,1.8617,MEAN_CROSS,0.0018661337537024814,3.983108,12
2018-10-10 07:00:00+00:00,2018-10-11 00:00:00+00:00,1,-0.000854230837807668,0.00042784957598074325,-2.0924,0.6212,MEAN_CROSS,0.0012820804137884112,2.698619,17
2018-10-11 12:00:00+00:00,2018-10-12 00:00:00+00:00,-1,0.001158311577593607,0.00012775512533325095,2.0304,-0.389,MEAN_CROSS,0.001030556452260356,2.169193,12
2018-10-15 06:00:00+00:00,2018-10-15 18:00:00+00:00,-1,0.0006728640473580016,0.00021532802359047754,3.488,0.0693,MEAN_CROSS,0.0004575360237675241,0.963056,12
2018-10-15 21:00:00+00:00,2018-10-16 09:00:00+00:00,-1,0.0028464561022301105,0.0003141053111066494,5.7204,-0.1202,MEAN_CROSS,0.002532350791123461,5.330282,12
2018-10-17 10:00:00+00:00,2018-10-18 02:00:00+00:00,1,-0.001242326090673762,0.00044304012777907076,-4.0282,1.6529,MEAN_CROSS,0.0016853662184528329,3.547485,16
2018-10-18 07:00:00+00:00,2018-10-18 19:00:00+00:00,-1,0.0007203666600144043,-0.0004974125510213145,2.0341,-0.7202,MEAN_CROSS,0.0012177792110357188,2.563273,12
2018-10-22 09:00:00+00:00,2018-10-22 21:00:00+00:00,1,-0.0008820097502234558,3.4450018874254695e-05,-2.2788,0.6385,MEAN_CROSS,0.0009164597690977105,1.929033,12
2018-10-23 06:00:00+00:00,2018-10-23 19:00:00+00:00,-1,0.0005960815245157347,6.809964691889547e-05,2.3795,0.3936,MEAN_CROSS,0.0005279818775968392,1.111336,13
2018-10-24 15:00:00+00:00,2018-10-25 03:00:00+00:00,1,-0.0011656183920117913,7.228565851458146e-05,-2.91,0.6259,MEAN_CROSS,0.0012379040505263728,2.605633,12
2018-10-25 11:00:00+00:00,2018-10-26 00:00:00+00:00,-1,0.0008466377542796222,-0.0006156044626498547,2.9465,-1.4396,MEAN_CROSS,0.0014622422169294769,3.077837,13
2018-10-26 03:00:00+00:00,2018-10-26 15:00:00+00:00,1,-0.002445813168422406,0.0016585432897263663,-5.4871,2.1398,MEAN_CROSS,0.004104356458148772,8.639158,12
2018-10-30 13:00:00+00:00,2018-10-31 01:00:00+00:00,-1,0.0014146169483280069,-0.00011735193968753777,3.0969,-0.6301,MEAN_CROSS,0.0015319688880155446,3.382059,12
2018-10-31 09:00:00+00:00,2018-10-31 22:00:00+00:00,1,-0.000949456662706516,0.00020476128497215473,-2.2489,1.2958,MEAN_CROSS,0.0011542179476786707,2.548115,13
2018-11-01 00:00:00+00:00,2018-11-01 15:00:00+00:00,-1,0.001090378937194103,0.0007811594857880522,3.6118,0.3124,MEAN_CROSS,0.0003092194514060509,0.68265,15
2018-11-02 12:00:00+00:00,2018-11-05 07:00:00+00:00,1,-0.0010682402410637781,0.0007751983922370531,-2.4678,1.2176,MEAN_CROSS,0.0018434386333008312,4.069676,18
2018-11-06 08:00:00+00:00,2018-11-06 20:00:00+00:00,-1,0.00099982339609761,0.00012989436377541796,2.1246,0.1448,MEAN_CROSS,0.000869929032322192,1.920503,12
2018-11-06 21:00:00+00:00,2018-11-07 10:00:00+00:00,-1,0.004463955497560734,0.0007561487652127941,10.6525,0.0738,MEAN_CROSS,0.0037078067323479402,8.185558,13
2018-11-08 19:00:00+00:00,2018-11-09 10:00:00+00:00,1,-0.002152195317131733,0.00012073225018482958,-6.7518,0.7422,MEAN_CROSS,0.0022729275673165628,5.01784,15
2018-11-12 06:00:00+00:00,2018-11-13 01:00:00+00:00,1,-0.001131010616492456,0.0003419968410808272,-2.1785,0.7383,MEAN_CROSS,0.0014730074575732832,3.251892,19
2018-11-13 03:00:00+00:00,2018-11-13 15:00:00+00:00,-1,0.001465176967161419,0.0003517154964787217,2.3999,0.3066,MEAN_CROSS,0.0011134614706826973,2.458139,12
2018-11-14 09:00:00+00:00,2018-11-15 00:00:00+00:00,1,-0.0006999507345751832,0.0005825569933427532,-2.2162,0.8255,MEAN_CROSS,0.0012825077279179364,2.831335,15
2018-11-15 19:00:00+00:00,2018-11-16 07:00:00+00:00,-1,0.0011054861769089763,-0.0006718735575884649,2.6446,-2.4164,MEAN_CROSS,0.0017773597344974412,3.923797,12
2018-11-20 14:00:00+00:00,2018-11-21 02:00:00+00:00,1,-0.0016427397414384703,0.00045492000514502084,-3.0872,1.0515,MEAN_CROSS,0.002097659746583491,2.239842,12
2018-11-22 07:00:00+00:00,2018-11-22 20:00:00+00:00,1,-0.0011230980615821728,0.00024234427534430836,-2.1546,0.8058,MEAN_CROSS,0.0013654423369264812,1.457994,13
2018-11-23 10:00:00+00:00,2018-11-26 02:00:00+00:00,1,-0.0015571334528379221,0.0004423914611455526,-3.1221,1.5738,MEAN_CROSS,0.0019995249139834748,2.135056,16
2018-11-26 03:00:00+00:00,2018-11-26 15:00:00+00:00,-1,0.0009010085224944175,-0.0009373186525898358,2.5553,-1.4544,MEAN_CROSS,0.0018383271750842534,1.962932,12
2018-11-26 21:00:00+00:00,2018-11-27 10:00:00+00:00,1,-0.0010114986521879699,0.0008894334077191868,-2.0823,1.5977,MEAN_CROSS,0.0019009320599071566,2.02978,13
2018-11-28 17:00:00+00:00,2018-11-29 05:00:00+00:00,-1,0.004217208846343801,0.0007933540623090707,11.0097,0.3308,MEAN_CROSS,0.00342385478403473,3.655929,12
2018-11-30 16:00:00+00:00,2018-12-03 04:00:00+00:00,-1,0.000919512206141726,0.00047577559206857245,2.6976,0.4008,MEAN_CROSS,0.00044373661407315357,0.473814,12
2018-12-04 13:00:00+00:00,2018-12-05 08:00:00+00:00,1,-0.0009864792882335882,0.00028593806708376857,-2.7435,0.5784,MEAN_CROSS,0.0012724173553173568,1.358664,19
2018-12-06 02:00:00+00:00,2018-12-06 14:00:00+00:00,1,-0.0011676871580620363,0.0009220360362457436,-2.0097,2.6873,MEAN_CROSS,0.00208972319430778,2.231368,12
2018-12-07 12:00:00+00:00,2018-12-10 00:00:00+00:00,1,-0.00109780262510617,0.000639113735016128,-3.1522,1.5856,MEAN_CROSS,0.0017369163601222981,3.477492,12
2018-12-10 01:00:00+00:00,2018-12-10 13:00:00+00:00,-1,0.0020361722334196752,-0.0005281950327429286,4.2348,-0.8487,MEAN_CROSS,0.002564367266162604,5.134137,12
2018-12-11 11:00:00+00:00,2018-12-12 02:00:00+00:00,-1,0.0008789020284570848,8.168893846882685e-05,2.5103,0.0299,MEAN_CROSS,0.0007972130899882579,1.596106,15
2018-12-12 07:00:00+00:00,2018-12-12 20:00:00+00:00,1,-0.0014605818997733833,0.0002954246634125912,-2.7054,0.9705,MEAN_CROSS,0.0017560065631859745,3.515712,13
2018-12-14 00:00:00+00:00,2018-12-14 12:00:00+00:00,1,-0.0011378523308602784,8.049295649459332e-05,-3.6485,0.5892,MEAN_CROSS,0.0012183452873548717,2.439257,12
2018-12-18 00:00:00+00:00,2018-12-18 12:00:00+00:00,-1,0.001294014148725986,0.0002840497498975969,3.9061,-0.2661,MEAN_CROSS,0.001009964398828389,2.022056,12
2018-12-18 15:00:00+00:00,2018-12-19 14:00:00+00:00,1,-0.0012053025383458316,0.00033991911587660795,-2.4811,0.6345,MEAN_CROSS,0.0015452216542224395,3.093699,23
2018-12-19 19:00:00+00:00,2018-12-20 07:00:00+00:00,1,-0.003124648768197069,0.00017846455225489777,-7.1242,0.8154,MEAN_CROSS,0.003303113320451967,6.613185,12
2018-12-20 09:00:00+00:00,2018-12-20 21:00:00+00:00,-1,0.00207473932112312,-9.647369287302254e-05,2.6602,0.3094,MEAN_CROSS,0.0021712130139961427,4.347,12
2018-12-21 09:00:00+00:00,2018-12-23 22:00:00+00:00,1,-0.0019539633743176354,0.0003515879805247035,-2.2682,1.1804,MEAN_CROSS,0.002305551354842339,4.61596,13
2018-12-24 01:00:00+00:00,2018-12-24 13:00:00+00:00,-1,0.001083185357581895,-0.0004997845993843786,2.2936,-0.3465,MEAN_CROSS,0.0015829699569662736,3.169275,12
2018-12-26 16:00:00+00:00,2018-12-27 05:00:00+00:00,-1,0.0009116304055221125,-0.0007647297320576563,2.9347,-1.838,MEAN_CROSS,0.0016763601375797688,3.356252,13
2018-12-28 00:00:00+00:00,2018-12-28 13:00:00+00:00,-1,0.000671089255270485,-0.00036759811983022583,2.0778,-0.9261,MEAN_CROSS,0.0010386873751007109,2.395118,13
2019-01-02 01:00:00+00:00,2019-01-02 13:00:00+00:00,1,-0.0005785997973776213,-0.002203449351922293,-2.1839,-3.9703,STOP_LOSS,-0.0016248495545446717,-3.746754,12
2019-01-02 22:00:00+00:00,2019-01-03 13:00:00+00:00,1,-0.004103851465343644,0.0009509236002518406,-5.6663,1.4686,MEAN_CROSS,0.005054775065595485,11.655848,15
2019-01-03 15:00:00+00:00,2019-01-04 04:00:00+00:00,-1,0.0017520900078996648,-0.0005085770454790195,2.1368,-0.6701,MEAN_CROSS,0.0022606670533786843,5.212891,13
2019-01-04 15:00:00+00:00,2019-01-07 03:00:00+00:00,-1,0.0034330259744880243,0.0005087721248041577,4.3648,0.2045,MEAN_CROSS,0.0029242538496838666,6.743061,12
2019-01-08 13:00:00+00:00,2019-01-09 01:00:00+00:00,1,-0.0012900984800381377,0.0009924382279509203,-3.4711,2.3705,MEAN_CROSS,0.002282536707989058,5.26332,12
2019-01-09 14:00:00+00:00,2019-01-10 02:00:00+00:00,-1,0.0013786400853234015,-0.0006891558859066782,2.0612,-1.9641,MEAN_CROSS,0.0020677959712300797,4.768148,12
2019-01-11 01:00:00+00:00,2019-01-11 13:00:00+00:00,-1,0.0006416576899977988,-6.298514522218301e-05,2.1158,-0.7297,MEAN_CROSS,0.0007046428352199818,1.624842,12
2019-01-11 14:00:00+00:00,2019-01-14 10:00:00+00:00,1,-0.001157809892291195,0.0006022827511942275,-3.0947,0.8827,MEAN_CROSS,0.0017600926434854225,4.058612,20
2019-01-15 09:00:00+00:00,2019-01-15 23:00:00+00:00,1,-0.0011107084439655468,0.0003660104543702358,-2.7715,0.795,MEAN_CROSS,0.0014767188983357826,3.405178,14
2019-01-16 09:00:00+00:00,2019-01-17 11:00:00+00:00,1,-0.0021375089189906715,0.00011371517945679699,-3.7497,0.7297,MEAN_CROSS,0.0022512240984474685,5.191116,26
2019-01-17 19:00:00+00:00,2019-01-18 08:00:00+00:00,-1,0.0016799895004654397,-0.0007727124295524579,3.9257,-1.2662,MEAN_CROSS,0.0024527019300178976,3.448199,13
2019-01-18 16:00:00+00:00,2019-01-21 06:00:00+00:00,1,-0.001117072886095305,0.00037624159979254834,-2.721,1.306,MEAN_CROSS,0.0014933144858878533,2.099418,14
2019-01-22 06:00:00+00:00,2019-01-22 18:00:00+00:00,1,-0.000773362693874291,0.0001804980012021229,-2.0837,0.5155,MEAN_CROSS,0.0009538606950764139,1.341012,12
2019-01-22 21:00:00+00:00,2019-01-23 09:00:00+00:00,-1,0.0017617101187228368,0.0003889806695334119,4.9517,0.0916,MEAN_CROSS,0.0013727294491894249,1.92989,12
2019-01-24 02:00:00+00:00,2019-01-24 14:00:00+00:00,1,-0.0008253720609224802,0.0007248119218453697,-2.2935,2.007,MEAN_CROSS,0.0015501839827678499,2.179369,12
2019-01-25 03:00:00+00:00,2019-01-25 20:00:00+00:00,-1,0.0008652498383148188,0.0006633674522353861,2.4966,0.3588,MEAN_CROSS,0.00020188238607943276,0.283822,17
2019-01-28 11:00:00+00:00,2019-01-29 02:00:00+00:00,1,-0.0010605885723357078,0.0002598055440241609,-2.0862,0.6119,MEAN_CROSS,0.0013203941163598687,1.856313,15
2019-01-30 19:00:00+00:00,2019-01-31 07:00:00+00:00,-1,0.004851644462772642,0.00018998940478909265,11.79,-0.2898,MEAN_CROSS,0.004661655057983549,6.553717,12
2019-02-04 19:00:00+00:00,2019-02-05 07:00:00+00:00,-1,0.0003932281386530567,6.583429905049343e-05,2.03,0.1634,MEAN_CROSS,0.0003273938396025633,0.460276,12
2019-02-06 21:00:00+00:00,2019-02-07 09:00:00+00:00,1,-0.0037710036772933275,0.00011363870001690479,-7.6989,1.136,MEAN_CROSS,0.0038846423773102323,8.16442,12
2019-02-13 00:00:00+00:00,2019-02-14 13:00:00+00:00,1,-0.0005689517953101353,0.0010161826597808732,-2.2836,1.7803,MEAN_CROSS,0.0015851344550910085,3.331504,37
2019-02-15 00:00:00+00:00,2019-02-15 12:00:00+00:00,1,-0.0011050246482853243,0.0006879251860001379,-2.2304,1.0811,MEAN_CROSS,0.0017929498342854622,3.768274,12
2019-02-18 07:00:00+00:00,2019-02-18 23:00:00+00:00,1,-0.0008456065404515156,0.00036292599341514187,-2.2395,0.6284,MEAN_CROSS,0.0012085325338666575,2.539994,16
2019-02-19 14:00:00+00:00,2019-02-20 02:00:00+00:00,-1,0.0013118713696936846,-0.00034285314583937243,3.427,-0.6655,MEAN_CROSS,0.001654724515533057,3.477763,12
2019-02-21 01:00:00+00:00,2019-02-21 13:00:00+00:00,1,-0.0012012089447627217,0.0002247159771827656,-2.87,0.9267,MEAN_CROSS,0.0014259249219454873,2.996891,12
2019-02-22 03:00:00+00:00,2019-02-22 15:00:00+00:00,1,-0.0019623322001899313,0.0014201200160438576,-2.9555,2.0622,MEAN_CROSS,0.003382452216233789,7.108958,12
2019-02-26 19:00:00+00:00,2019-02-27 07:00:00+00:00,-1,0.0008389407354736367,-0.00011693601683604449,3.6851,-0.5807,MEAN_CROSS,0.0009558767523096812,2.601642,12
2019-02-27 08:00:00+00:00,2019-02-27 20:00:00+00:00,1,-0.0007999108358051066,3.358660188135243e-05,-2.8535,0.5067,MEAN_CROSS,0.000833497437686459,2.268558,12
2019-02-28 13:00:00+00:00,2019-03-01 01:00:00+00:00,1,-0.0014759532389594376,0.0001254325157820091,-2.7149,0.6836,MEAN_CROSS,0.0016013857547414467,4.358546,12
2019-03-01 11:00:00+00:00,2019-03-04 00:00:00+00:00,-1,0.0009136386182669876,-0.00021044254015445407,2.3149,-0.3658,MEAN_CROSS,0.0011240811584214416,3.05945,13
2019-03-05 01:00:00+00:00,2019-03-05 14:00:00+00:00,1,-0.0009302310144321257,0.00015511339769136434,-2.1404,0.602,MEAN_CROSS,0.00108534441212349,2.954019,13
2019-03-05 18:00:00+00:00,2019-03-06 10:00:00+00:00,-1,0.0008555312340877697,-0.00018881122301173114,2.0897,-0.0546,MEAN_CROSS,0.0010443424570995008,2.842422,16
2019-03-07 13:00:00+00:00,2019-03-08 01:00:00+00:00,1,-0.0006136607240735392,0.000505671323624779,-2.1471,1.3295,MEAN_CROSS,0.0011193320476983182,3.046524,12
2019-03-08 09:00:00+00:00,2019-03-08 21:00:00+00:00,-1,0.0013984048440388586,-3.517970841826479e-05,3.5764,-0.3483,MEAN_CROSS,0.0014335845524571234,3.901836,12
2019-03-12 12:00:00+00:00,2019-03-13 00:00:00+00:00,-1,0.0013529383418565688,-0.0002646198145966894,3.5965,-1.1352,MEAN_CROSS,0.0016175581564532582,4.402563,12
2019-03-13 01:00:00+00:00,2019-03-13 15:00:00+00:00,1,-0.001328270981700297,0.0011637287497570092,-3.7081,2.3132,MEAN_CROSS,0.002491999731457306,6.78256,14
2019-03-14 10:00:00+00:00,2019-03-14 22:00:00+00:00,1,-0.001376731658683683,0.0005254053215619781,-3.0439,1.3384,MEAN_CROSS,0.0019021369802456611,5.177111,12
2019-03-20 00:00:00+00:00,2019-03-20 12:00:00+00:00,1,-0.0013685042015243454,0.0003746694473726331,-4.9587,1.1087,MEAN_CROSS,0.0017431736488969785,4.224542,12
2019-03-20 18:00:00+00:00,2019-03-21 06:00:00+00:00,-1,0.0043289569174209674,2.1814670272402026e-06,11.1224,-0.37,MEAN_CROSS,0.004326775450393727,10.485844,12
2019-03-25 12:00:00+00:00,2019-03-26 01:00:00+00:00,-1,0.0010293416009162781,0.0002254566806496605,2.6333,0.0228,MEAN_CROSS,0.0008038849202666176,1.948197,13
2019-03-26 05:00:00+00:00,2019-03-27 00:00:00+00:00,1,-0.0006794258065428993,0.0003614586666073061,-2.4637,1.2488,MEAN_CROSS,0.0010408844731502054,2.52256,19
2019-03-27 01:00:00+00:00,2019-03-27 16:00:00+00:00,1,-0.0064316495371951055,0.00023153253074537083,-21.8155,0.5595,MEAN_CROSS,0.006663182067940476,16.148073,15
2019-04-01 15:00:00+00:00,2019-04-02 11:00:00+00:00,1,-0.0008126886988409909,0.0001597887532298614,-2.5346,1.2297,MEAN_CROSS,0.0009724774520708523,2.356777,20
2019-04-02 19:00:00+00:00,2019-04-03 10:00:00+00:00,-1,0.0003563213512935981,0.00027690590479989563,2.2216,0.4258,MEAN_CROSS,7.941544649370247e-05,0.192462,15
2019-04-04 08:00:00+00:00,2019-04-04 21:00:00+00:00,1,-0.0007686567843789849,0.00012596371841444576,-2.2776,0.7142,MEAN_CROSS,0.0008946205027934306,2.168093,13
2019-04-08 13:00:00+00:00,2019-04-09 01:00:00+00:00,-1,0.0007743275930739424,-3.997731650373648e-05,2.2901,-0.5726,MEAN_CROSS,0.0008143049095776789,1.85494,12
2019-04-09 11:00:00+00:00,2019-04-09 23:00:00+00:00,1,-0.0003942975119887171,0.000444857544734667,-2.0952,1.9117,MEAN_CROSS,0.0008391550567233841,1.911547,12
2019-04-10 09:00:00+00:00,2019-04-10 21:00:00+00:00,-1,0.0007807029497268747,0.00024228737315190596,3.098,0.4226,MEAN_CROSS,0.0005384155765749687,1.22648,12
2019-04-11 12:00:00+00:00,2019-04-12 01:00:00+00:00,1,-0.0014637785804135772,9.843307631840492e-05,-3.7439,0.798,MEAN_CROSS,0.0015622116567319821,3.558628,13
2019-04-12 08:00:00+00:00,2019-04-12 20:00:00+00:00,-1,0.0007913959237788593,-0.00023687994700494208,2.5028,-0.7544,MEAN_CROSS,0.0010282758707838013,2.342353,12
2019-04-15 10:00:00+00:00,2019-04-15 22:00:00+00:00,1,-0.0006485948476598891,0.0001411629848429019,-2.1328,0.5884,MEAN_CROSS,0.000789757832502791,1.799023,12
2019-04-16 01:00:00+00:00,2019-04-16 13:00:00+00:00,1,-0.0009637119741483513,0.00011583449516638922,-3.7058,0.6746,MEAN_CROSS,0.0010795464693147405,2.459145,12
2019-04-16 22:00:00+00:00,2019-04-17 20:00:00+00:00,1,-0.003855892334895028,0.0005450908394029064,-12.2003,0.8298,MEAN_CROSS,0.004400983174297934,10.025186,22
2019-04-18 09:00:00+00:00,2019-04-18 21:00:00+00:00,1,-0.0011975722906214514,1.2938148543972794e-05,-2.4337,0.6507,MEAN_CROSS,0.0012105104391654242,2.757473,12
2019-04-22 01:00:00+00:00,2019-04-22 13:00:00+00:00,1,-0.00039200836211528145,6.247715766538597e-05,-2.5043,0.718,MEAN_CROSS,0.0004544855197806674,1.035292,12
2019-04-22 20:00:00+00:00,2019-04-23 08:00:00+00:00,-1,0.00027543536777174804,-0.00010205632158610811,2.101,0.0134,MEAN_CROSS,0.00037749168935785615,0.859904,12
2019-04-23 12:00:00+00:00,2019-04-24 01:00:00+00:00,1,-0.000748808062212114,-0.0016672885971090734,-2.8564,-4.4027,STOP_LOSS,-0.0009184805348969594,-2.092246,13
2019-04-24 02:00:00+00:00,2019-04-24 20:00:00+00:00,1,-0.001158954718031291,1.2586625764976489e-05,-2.1664,0.6611,MEAN_CROSS,0.0011715413437962674,2.668704,18
2019-04-25 13:00:00+00:00,2019-04-26 03:00:00+00:00,-1,0.0016999033210675085,0.00016586520799699578,4.2216,-0.2082,MEAN_CROSS,0.0015340381130705127,3.454098,14
2019-04-26 20:00:00+00:00,2019-04-29 19:00:00+00:00,1,-0.00042323075791328435,0.00024134212342263872,-2.4737,0.5101,MEAN_CROSS,0.0006645728813359231,1.496377,23
2019-04-30 00:00:00+00:00,2019-04-30 12:00:00+00:00,-1,0.0008222592875778423,-0.0002480561563826811,2.4495,-0.6364,MEAN_CROSS,0.0010703154439605234,2.409962,12
2019-04-30 22:00:00+00:00,2019-05-01 17:00:00+00:00,1,-0.0021571153857158354,0.0007162316048429096,-6.344,1.6178,MEAN_CROSS,0.002873346990558745,6.469736,19
2019-05-01 18:00:00+00:00,2019-05-02 07:00:00+00:00,1,-0.002293873071761543,0.0002828190431508615,-4.154,0.7522,MEAN_CROSS,0.0025766921149124045,5.801777,13
2019-05-03 12:00:00+00:00,2019-05-06 00:00:00+00:00,-1,0.0010446266199320986,-0.001170495713174402,4.5256,-2.0827,MEAN_CROSS,0.0022151223331065006,4.987653,12
2019-05-08 02:00:00+00:00,2019-05-08 22:00:00+00:00,1,-0.001558070508973275,0.0005500554550289527,-4.4554,1.5347,MEAN_CROSS,0.0021081259640022276,4.746736,20
2019-05-09 13:00:00+00:00,2019-05-10 01:00:00+00:00,-1,0.0006444220922720012,0.0012882926670424455,2.5252,3.9064,STOP_LOSS,-0.0006438705747704443,-1.449763,12
2019-05-10 12:00:00+00:00,2019-05-13 00:00:00+00:00,-1,0.0008740658879418106,-0.0005215754181964183,2.0455,-1.3875,MEAN_CROSS,0.001395641306138229,3.142478,12
2019-05-13 09:00:00+00:00,2019-05-13 22:00:00+00:00,-1,0.0007116726257068162,-0.00013613520726440953,2.457,0.1088,MEAN_CROSS,0.0008478078329712257,1.908956,13
2019-05-14 00:00:00+00:00,2019-05-14 12:00:00+00:00,-1,0.0010369516493692332,-0.00043371831951222184,3.6493,-1.1314,MEAN_CROSS,0.001470669968881455,3.311416,12
2019-05-15 14:00:00+00:00,2019-05-16 02:00:00+00:00,-1,0.0004893319512695449,-0.00017378554085889508,3.463,-0.3649,MEAN_CROSS,0.00066311749212844,3.528057,12
2019-05-16 07:00:00+00:00,2019-05-16 19:00:00+00:00,-1,0.0006414529851788142,-0.00043835095012934033,2.9123,-0.668,MEAN_CROSS,0.0010798039353081545,5.745,12
2019-05-19 21:00:00+00:00,2019-05-20 09:00:00+00:00,-1,0.0009142504709733767,8.575146100486819e-05,3.6376,0.2103,MEAN_CROSS,0.0008284990099685086,4.407955,12
2019-05-21 03:00:00+00:00,2019-05-21 19:00:00+00:00,1,-0.0011192595769693447,6.587520219680787e-05,-4.556,0.7089,MEAN_CROSS,0.0011851347791661526,6.305403,16
2019-05-22 14:00:00+00:00,2019-05-23 04:00:00+00:00,1,-0.0005621670282695002,5.189942847982909e-05,-2.0646,0.5689,MEAN_CROSS,0.0006140664567493292,3.267086,14
2019-05-23 14:00:00+00:00,2019-05-24 02:00:00+00:00,-1,0.0012963812288804277,-0.00029716988708028413,4.9792,-0.9774,MEAN_CROSS,0.0015935511159607119,8.478346,12
2019-05-27 07:00:00+00:00,2019-05-27 20:00:00+00:00,1,-0.000564211657694047,0.00011651810285895348,-2.4445,0.5443,MEAN_CROSS,0.0006807297605530005,3.621762,13
2019-05-28 05:00:00+00:00,2019-05-28 17:00:00+00:00,-1,0.0005323639489510645,-0.00010033849836899034,2.9661,-0.4641,MEAN_CROSS,0.0006327024473200549,3.366237,12
2019-05-29 06:00:00+00:00,2019-05-29 19:00:00+00:00,1,-0.0005212474251587995,-5.8651162825551495e-05,-2.4996,0.5119,MEAN_CROSS,0.000462596262333248,2.461202,13
2019-05-30 04:00:00+00:00,2019-05-30 18:00:00+00:00,-1,0.0006311489758419331,-2.3837285027306088e-05,2.0607,0.1563,MEAN_CROSS,0.0006549862608692392,3.484796,14
2019-05-31 07:00:00+00:00,2019-05-31 20:00:00+00:00,-1,0.0008208648525208639,6.231352032370907e-06,2.4776,-0.3381,MEAN_CROSS,0.000814633500488493,4.334185,13
2019-06-03 17:00:00+00:00,2019-06-04 05:00:00+00:00,-1,0.0014268033792445012,0.00019969434417421716,2.5493,-0.2231,MEAN_CROSS,0.001227109035070284,6.528724,12
2019-06-05 01:00:00+00:00,2019-06-05 13:00:00+00:00,-1,0.0010942020638888827,0.0005031636931980277,2.0751,0.3608,MEAN_CROSS,0.0005910383706908551,1.137051,12
2019-06-05 14:00:00+00:00,2019-06-06 02:00:00+00:00,1,-0.0006658828642288617,0.0004790228966687904,-2.2966,0.6471,MEAN_CROSS,0.001144905760897652,2.202591,12
2019-06-07 12:00:00+00:00,2019-06-10 00:00:00+00:00,-1,0.002423808289683027,-0.0002572345043366786,7.846,-0.5147,MEAN_CROSS,0.0026810427940197057,5.15784,12
2019-06-11 17:00:00+00:00,2019-06-12 09:00:00+00:00,-1,0.00036415854994087393,-8.177693211830483e-05,2.1836,0.2046,MEAN_CROSS,0.00044593548205917877,0.857899,16
2019-06-13 17:00:00+00:00,2019-06-14 05:00:00+00:00,-1,0.0005343277037203054,-0.0002443634116825466,2.411,-0.0417,MEAN_CROSS,0.000778691115402852,1.49806,12
2019-06-14 12:00:00+00:00,2019-06-17 00:00:00+00:00,1,-0.0017160779545847271,0.00041590066108654344,-3.2032,1.5339,MEAN_CROSS,0.0021319786156712706,4.10154,12
2019-06-18 08:00:00+00:00,2019-06-18 21:00:00+00:00,-1,0.0007402454502836164,0.00016734232549275863,3.3214,0.0932,MEAN_CROSS,0.0005729031247908578,1.102162,13
2019-06-19 01:00:00+00:00,2019-06-19 16:00:00+00:00,1,-0.00040777908932698725,0.0004969738614333252,-2.1307,1.2245,MEAN_CROSS,0.0009047529507603125,1.74058,15
2019-06-19 18:00:00+00:00,2019-06-20 06:00:00+00:00,-1,0.0011007403824057072,0.0005016607035601695,3.2283,0.4357,MEAN_CROSS,0.0005990796788455377,1.152521,12
2019-06-21 06:00:00+00:00,2019-06-21 18:00:00+00:00,1,-0.0009558235708022611,0.0005491887784442318,-2.3552,1.1236,MEAN_CROSS,0.0015050123492464929,2.895371,12
2019-06-25 00:00:00+00:00,2019-06-25 12:00:00+00:00,-1,0.0010370088642813746,0.0003351674594188614,2.4124,0.1638,MEAN_CROSS,0.0007018414048625132,1.272181,12
2019-06-26 02:00:00+00:00,2019-06-26 14:00:00+00:00,-1,0.0011758066658326127,0.00040124040121281013,2.3752,0.4338,MEAN_CROSS,0.0007745662646198026,1.404005,12
2019-06-28 01:00:00+00:00,2019-06-28 14:00:00+00:00,1,-0.0005810384264973711,0.0005188660036262727,-2.7557,1.3628,MEAN_CROSS,0.0010999044301236438,1.993724,13
2019-07-01 00:00:00+00:00,2019-07-01 19:00:00+00:00,1,-0.0006049199141338057,3.9425190958009004e-05,-3.3368,0.6028,MEAN_CROSS,0.0006443451050918148,1.167962,19
2019-07-03 08:00:00+00:00,2019-07-03 20:00:00+00:00,-1,0.0008904807156940864,0.0002479210854529068,2.987,0.0804,MEAN_CROSS,0.0006425596302411796,1.164725,12
2019-07-04 07:00:00+00:00,2019-07-04 21:00:00+00:00,1,-0.000927966624696297,0.00018138028297309816,-2.9254,0.6178,MEAN_CROSS,0.0011093469076693951,2.01084,14
2019-07-05 12:00:00+00:00,2019-07-08 00:00:00+00:00,1,-0.0018951522359705875,0.0002818912827012854,-4.4558,0.9528,MEAN_CROSS,0.002177043518671873,3.946183,12
2019-07-09 08:00:00+00:00,2019-07-09 21:00:00+00:00,1,-0.0008897310321130947,7.539399091371912e-06,-2.0893,0.6342,MEAN_CROSS,0.0008972704312044666,1.626423,13
2019-07-10 05:00:00+00:00,2019-07-10 17:00:00+00:00,-1,0.00048131975350873546,0.0005127318048009366,2.4992,0.4294,MEAN_CROSS,-3.141205129220115e-05,-0.056939,12
2019-07-12 16:00:00+00:00,2019-07-15 04:00:00+00:00,-1,0.0010561435340680214,0.000488560165020635,2.3284,0.362,MEAN_CROSS,0.0005675833690473864,1.374044,12
2019-07-16 10:00:00+00:00,2019-07-17 00:00:00+00:00,1,-0.0006021234553883481,0.00029845297588848574,-2.3481,1.1973,MEAN_CROSS,0.0009005764312768338,2.180177,14
2019-07-17 01:00:00+00:00,2019-07-17 13:00:00+00:00,-1,0.0007000161221063506,-0.00010522264303358675,2.2772,-0.0601,MEAN_CROSS,0.0008052387651399373,1.949377,12
2019-07-17 15:00:00+00:00,2019-07-18 04:00:00+00:00,-1,0.0013114562099956206,0.00022621072576911594,3.309,0.029,MEAN_CROSS,0.0010852454842265047,2.627236,13
2019-07-18 18:00:00+00:00,2019-07-19 06:00:00+00:00,-1,0.0016705983496405619,-0.00012493170395533326,3.9752,-0.8223,MEAN_CROSS,0.0017955300535958951,4.346741,12
2019-07-22 03:00:00+00:00,2019-07-22 15:00:00+00:00,-1,0.0007880774024310311,-0.0004058951445292669,2.211,-1.36,MEAN_CROSS,0.001193972546960298,2.89045,12
2019-07-22 23:00:00+00:00,2019-07-23 18:00:00+00:00,1,-0.0014669114526008054,-0.000170244395105823,-3.6509,0.6088,MEAN_CROSS,0.0012966670574949823,3.13906,19
2019-07-24 10:00:00+00:00,2019-07-24 22:00:00+00:00,-1,0.0007615137915348846,-0.00030713163906215257,2.8599,-0.7983,MEAN_CROSS,0.0010686454305970372,2.587049,12
2019-07-25 08:00:00+00:00,2019-07-25 20:00:00+00:00,1,-0.0007829429815381372,0.00022428328310342138,-2.6353,1.2108,MEAN_CROSS,0.0010072262646415586,2.438362,12
2019-07-29 15:00:00+00:00,2019-07-30 04:00:00+00:00,-1,0.0006824601080044346,-5.252764615004679e-05,3.9195,-0.1431,MEAN_CROSS,0.0007349877541544814,1.779308,13
2019-07-30 10:00:00+00:00,2019-07-30 22:00:00+00:00,1,-0.0005827891386499529,7.404472307070975e-05,-2.155,0.5188,MEAN_CROSS,0.0006568338617206626,1.590108,12
2019-07-31 01:00:00+00:00,2019-07-31 17:00:00+00:00,1,-0.0011004351766187304,0.00038402432105300033,-3.8924,1.2767,MEAN_CROSS,0.0014844594976717307,3.59368,16
2019-07-31 18:00:00+00:00,2019-08-01 08:00:00+00:00,1,-0.0026658751237589318,0.00048234652456069504,-6.0917,1.206,MEAN_CROSS,0.003148221648319627,7.621429,14
2019-08-02 15:00:00+00:00,2019-08-05 05:00:00+00:00,-1,0.001080053006957571,-0.00042219350435357406,2.2163,-0.5085,MEAN_CROSS,0.001502246511311145,2.072183,14
2019-08-05 21:00:00+00:00,2019-08-07 00:00:00+00:00,1,-0.0013273321373695746,0.0007123157643376121,-2.6915,0.8986,MEAN_CROSS,0.0020396479017071867,2.813469,27
2019-08-07 02:00:00+00:00,2019-08-07 14:00:00+00:00,1,-0.006588797506520527,0.0015893229675720821,-7.4343,1.1416,MEAN_CROSS,0.00817812047409261,11.280814,12
2019-08-08 13:00:00+00:00,2019-08-09 01:00:00+00:00,-1,0.0016217024544452618,0.00010755622579983193,2.3938,-0.1021,MEAN_CROSS,0.00151414622864543,2.088597,12
2019-08-09 16:00:00+00:00,2019-08-12 04:00:00+00:00,1,-0.000885705292972494,0.00019088913638565241,-2.3054,0.632,MEAN_CROSS,0.0010765944293581464,1.485043,12
2019-08-12 14:00:00+00:00,2019-08-13 02:00:00+00:00,-1,0.0007360405919176749,-7.345782214174257e-06,2.502,0.2723,MEAN_CROSS,0.0007433863741318492,1.025419,12
2019-08-13 12:00:00+00:00,2019-08-14 03:00:00+00:00,1,-0.0013854313139535224,0.000545092078760856,-3.3437,1.2398,MEAN_CROSS,0.0019305233927143783,2.662944,15
2019-08-14 09:00:00+00:00,2019-08-14 21:00:00+00:00,1,-0.0010424003102796897,0.00012395213349913892,-2.3298,0.532,MEAN_CROSS,0.0011663524437788286,1.608854,12
2019-08-15 22:00:00+00:00,2019-08-16 11:00:00+00:00,1,-0.0005748928988716928,0.00040255434892011444,-2.873,1.3323,MEAN_CROSS,0.0009774472477918072,1.348281,13
2019-08-20 02:00:00+00:00,2019-08-20 15:00:00+00:00,-1,0.0007874528311612172,-0.00016069880835012373,3.0477,-0.3851,MEAN_CROSS,0.000948151639511341,1.30787,13
2019-08-21 18:00:00+00:00,2019-08-22 06:00:00+00:00,1,-0.0008583818945818722,0.00020825168503446623,-2.3723,0.9368,MEAN_CROSS,0.0010666335796163384,2.902693,12
2019-08-22 23:00:00+00:00,2019-08-23 11:00:00+00:00,-1,0.0013221365773971039,-0.0002380255262868225,4.4608,-0.4141,MEAN_CROSS,0.0015601621036839264,4.245761,12
2019-08-23 14:00:00+00:00,2019-08-26 03:00:00+00:00,-1,0.0020168984870936324,3.778075122906621e-05,4.8059,-0.0894,MEAN_CROSS,0.001979117735864566,5.38589,13
2019-08-28 03:00:00+00:00,2019-08-28 21:00:00+00:00,1,-0.000831655359741057,6.60507685963374e-05,-2.1164,0.7245,MEAN_CROSS,0.0008977061283373944,2.442981,18
2019-08-29 01:00:00+00:00,2019-08-29 23:00:00+00:00,1,-0.0013290247315307369,0.0002896112293258035,-3.0322,0.756,MEAN_CROSS,0.0016186359608565404,4.40489,22
2019-08-30 20:00:00+00:00,2019-09-02 08:00:00+00:00,-1,0.0008108903765394748,0.000176039503566483,2.1288,0.4132,MEAN_CROSS,0.0006348508729729918,1.727657,12
2019-09-03 00:00:00+00:00,2019-09-03 13:00:00+00:00,1,-0.000745730732621297,0.0004786647356120888,-2.7479,1.2916,MEAN_CROSS,0.0012243954682333857,3.33202,13
2019-09-03 14:00:00+00:00,2019-09-04 02:00:00+00:00,-1,0.0018607265030349263,0.0004256756485577773,4.2636,0.3555,MEAN_CROSS,0.001435050854477149,3.905289,12
2019-09-05 12:00:00+00:00,2019-09-06 02:00:00+00:00,1,-0.00035861676617610083,0.0003561984660029882,-2.0901,0.625,MEAN_CROSS,0.000714815232179089,1.945269,14
2019-09-06 07:00:00+00:00,2019-09-06 19:00:00+00:00,-1,0.0010980512149416644,-0.0004426199753151394,2.022,-1.1421,MEAN_CROSS,0.0015406711902568038,4.192719,12
2019-09-09 07:00:00+00:00,2019-09-10 01:00:00+00:00,1,-0.0008469325833063701,0.000500401077790591,-2.1778,1.4566,MEAN_CROSS,0.001347333661096961,3.666579,18
2019-09-11 04:00:00+00:00,2019-09-11 16:00:00+00:00,-1,0.0008770556759918335,4.086588633656074e-05,3.1459,0.3191,MEAN_CROSS,0.0008361897896552728,2.086721,12
2019-09-12 03:00:00+00:00,2019-09-12 15:00:00+00:00,-1,0.0008274086774610057,-0.0004955888631935634,2.2797,-1.3591,MEAN_CROSS,0.001322997540654569,3.301556,12
2019-09-12 18:00:00+00:00,2019-09-13 20:00:00+00:00,1,-0.0009101650902072489,-1.8605932228243915e-05,-2.3218,0.9594,MEAN_CROSS,0.000891559157979005,2.224896,26
2019-09-15 22:00:00+00:00,2019-09-16 10:00:00+00:00,-1,0.0006650567795107865,-0.0005681379875301928,3.2666,-1.3283,MEAN_CROSS,0.0012331947670409793,3.077452,12
2019-09-16 11:00:00+00:00,2019-09-17 00:00:00+00:00,1,-0.0013098648960094827,-4.6870138070698175e-07,-3.3566,0.5381,MEAN_CROSS,0.0013093961946287758,3.267613,13
2019-09-17 13:00:00+00:00,2019-09-18 01:00:00+00:00,-1,0.00051662726763535,-0.0006262145178462797,2.2611,-1.4834,MEAN_CROSS,0.0011428417854816297,2.851975,12
2019-09-18 02:00:00+00:00,2019-09-18 16:00:00+00:00,1,-0.0009439969250413238,0.0003594528400361341,-2.0966,0.6894,MEAN_CROSS,0.001303449765077458,3.252774,14
2019-09-18 18:00:00+00:00,2019-09-19 06:00:00+00:00,1,-0.0014444258377743768,-4.356118418302746e-05,-3.0471,0.573,MEAN_CROSS,0.0014008646535913494,3.495874,12
2019-09-19 08:00:00+00:00,2019-09-19 20:00:00+00:00,-1,0.0006097176244194147,-0.000221561848098073,2.0088,-0.1049,MEAN_CROSS,0.0008312794725174877,2.074467,12
2019-09-20 08:00:00+00:00,2019-09-20 20:00:00+00:00,1,-0.000896044254154682,6.277281833122483e-05,-2.6565,1.1317,MEAN_CROSS,0.0009588170724859069,2.392739,12
2019-09-22 21:00:00+00:00,2019-09-23 20:00:00+00:00,-1,0.0004230875258472988,0.00018377696047433556,2.1559,0.1549,MEAN_CROSS,0.00023931056537296325,0.597202,23
2019-09-24 01:00:00+00:00,2019-09-24 13:00:00+00:00,1,-0.0004093222912443517,0.0008211794741468381,-2.1269,1.6505,MEAN_CROSS,0.0012305017653911898,3.070731,12
2019-09-24 23:00:00+00:00,2019-09-26 01:00:00+00:00,1,-0.0005381790705856204,0.000379744765966028,-2.0666,1.1023,MEAN_CROSS,0.0009179238365516484,2.290689,26
2019-09-26 03:00:00+00:00,2019-09-26 15:00:00+00:00,-1,0.0015943919560282849,-0.0005849981804465498,2.7759,-0.6172,MEAN_CROSS,0.0021793901364748347,5.438693,12
2019-09-30 00:00:00+00:00,2019-09-30 12:00:00+00:00,1,-0.0008900937892825089,9.163502365938658e-05,-2.8092,0.5929,MEAN_CROSS,0.0009817288129418955,2.449916,12
2019-10-01 01:00:00+00:00,2019-10-01 14:00:00+00:00,1,-0.001231519688089766,0.0012291422029281351,-2.5442,3.6684,MEAN_CROSS,0.0024606618910179012,5.595969,13
2019-10-01 15:00:00+00:00,2019-10-02 03:00:00+00:00,-1,0.0018006217249900702,0.00012219908365451726,4.0938,0.2809,MEAN_CROSS,0.001678422641335553,3.817022,12
2019-10-02 08:00:00+00:00,2019-10-03 08:00:00+00:00,1,-0.0016422833769016432,0.0016285099421912141,-2.3765,3.1018,MEAN_CROSS,0.0032707933190928573,7.438347,24
2019-10-04 15:00:00+00:00,2019-10-07 08:00:00+00:00,1,-0.0007385041336438469,-0.0014794367283993415,-2.4141,-4.5205,STOP_LOSS,-0.0007409325947554946,-1.685008,17
2019-10-08 01:00:00+00:00,2019-10-08 13:00:00+00:00,-1,0.001138546718322031,-0.00023148927007843323,3.4566,-0.4691,MEAN_CROSS,0.0013700359884004643,3.115698,12
2019-10-08 14:00:00+00:00,2019-10-09 02:00:00+00:00,1,-0.001202715428041734,0.0004809072300506756,-2.1494,0.7025,MEAN_CROSS,0.0016836226580924096,3.828848,12
2019-10-10 01:00:00+00:00,2019-10-10 13:00:00+00:00,-1,0.0010483435539420105,-0.0004403017042652335,2.7986,-0.974,MEAN_CROSS,0.001488645258207244,3.385435,12
2019-10-14 00:00:00+00:00,2019-10-14 14:00:00+00:00,1,-0.000889812028850745,0.00016809434958831027,-2.7781,0.8376,MEAN_CROSS,0.0010579063784390552,2.405861,14
2019-10-15 07:00:00+00:00,2019-10-15 20:00:00+00:00,1,-0.0010911854847170943,0.000653224321387702,-2.0562,1.2759,MEAN_CROSS,0.0017444098061047963,3.967088,13
2019-10-15 21:00:00+00:00,2019-10-16 09:00:00+00:00,-1,0.0016140242325238807,-0.0009259684704160387,2.9637,-1.1376,MEAN_CROSS,0.0025399927029399194,5.77638,12
2019-10-16 16:00:00+00:00,2019-10-17 04:00:00+00:00,-1,0.001511977706585066,-0.00011217558459952759,2.2392,-0.1648,MEAN_CROSS,0.0016241532911845935,3.693604,12
2019-10-17 08:00:00+00:00,2019-10-17 20:00:00+00:00,-1,0.0014636036117443574,-6.127940031697143e-05,2.1204,-1.2348,MEAN_CROSS,0.0015248830120613288,3.467846,12
2019-10-21 09:00:00+00:00,2019-10-21 21:00:00+00:00,-1,0.0009265627796517517,-1.3679163348712109e-05,2.274,-0.4014,MEAN_CROSS,0.0009402419430004638,1.861934,12
2019-10-23 02:00:00+00:00,2019-10-23 14:00:00+00:00,1,-0.0010490120006370063,0.00010532971939725133,-2.3096,0.5324,MEAN_CROSS,0.0011543417200342576,2.285909,12
2019-10-24 02:00:00+00:00,2019-10-24 20:00:00+00:00,1,-0.0007325854968384116,0.00023077840633345392,-2.121,1.1413,MEAN_CROSS,0.0009633639031718655,1.907721,18
2019-10-25 05:00:00+00:00,2019-10-25 17:00:00+00:00,-1,0.0005993645678287196,-0.00048316059781827736,3.2277,-0.7239,MEAN_CROSS,0.001082525165646997,2.143693,12
2019-10-28 08:00:00+00:00,2019-10-28 22:00:00+00:00,-1,0.000525091582909254,-2.004661922472284e-05,2.3293,0.2345,MEAN_CROSS,0.0005451382021339768,1.079521,14
2019-10-29 00:00:00+00:00,2019-10-29 12:00:00+00:00,-1,0.0009985636982829948,0.0001296126841958678,3.227,0.2722,MEAN_CROSS,0.000868951014087127,1.720758,12
2019-10-30 15:00:00+00:00,2019-10-31 04:00:00+00:00,-1,0.0008914695298389841,0.0004471735241374786,2.4502,0.0355,MEAN_CROSS,0.0004442960057015055,0.879826,13
2019-10-31 09:00:00+00:00,2019-11-01 01:00:00+00:00,1,-0.001638538576302917,0.0017329134775954103,-3.0951,1.74,MEAN_CROSS,0.0033714520538983273,6.676388,16
2019-11-04 10:00:00+00:00,2019-11-04 23:00:00+00:00,1,-0.0010701320309005613,0.00019582964755393562,-2.4245,0.6757,MEAN_CROSS,0.001265961678454497,2.506947,13
2019-11-05 15:00:00+00:00,2019-11-06 08:00:00+00:00,1,-0.002004966948335851,0.0009280146037317083,-2.7203,1.843,MEAN_CROSS,0.0029329815520675595,5.808098,17
2019-11-07 15:00:00+00:00,2019-11-08 20:00:00+00:00,1,-0.001546235630231263,4.443817345578527e-05,-2.94,0.586,MEAN_CROSS,0.0015906738036870482,2.899282,29
2019-11-12 01:00:00+00:00,2019-11-12 16:00:00+00:00,1,-0.0004994463034675434,0.00024254616771990367,-2.4147,0.6796,MEAN_CROSS,0.000741992471187447,1.352411,15
2019-11-13 01:00:00+00:00,2019-11-13 13:00:00+00:00,-1,0.0039867821664474334,0.000716571732167326,8.4995,0.3726,MEAN_CROSS,0.0032702104342801075,5.960532,12
2019-11-14 21:00:00+00:00,2019-11-15 09:00:00+00:00,-1,0.0007530269319415694,-0.0003781680338011961,2.0487,-0.6407,MEAN_CROSS,0.0011311949657427656,2.061801,12
2019-11-18 13:00:00+00:00,2019-11-19 03:00:00+00:00,1,-0.0006340070057712088,7.713752928517614e-05,-2.702,0.5132,MEAN_CROSS,0.000711144535056385,1.296186,14
2019-11-19 09:00:00+00:00,2019-11-19 21:00:00+00:00,-1,0.0006089832843377829,0.0003139584006895957,2.0228,0.4057,MEAN_CROSS,0.00029502488364818724,0.537735,12
2019-11-20 01:00:00+00:00,2019-11-20 14:00:00+00:00,1,-0.0007080435678084029,0.0007011149315734322,-2.239,1.5582,MEAN_CROSS,0.0014091584993818351,2.568439,13
2019-11-20 16:00:00+00:00,2019-11-21 04:00:00+00:00,1,-0.0006689847257244086,0.00014357076266113822,-2.2082,0.8524,MEAN_CROSS,0.0008125554883855468,1.481025,12
2019-11-21 08:00:00+00:00,2019-11-21 20:00:00+00:00,-1,0.0009158888062731352,-0.0004370416468053584,3.1623,-0.7294,MEAN_CROSS,0.0013529304530784936,2.465953,12
2019-11-22 08:00:00+00:00,2019-11-22 21:00:00+00:00,-1,0.0009320821376124222,-0.00012797317708002076,2.1393,0.0223,MEAN_CROSS,0.001060055314692443,1.932137,13
2019-11-25 01:00:00+00:00,2019-11-25 13:00:00+00:00,-1,0.0006816681144756753,-0.00042288608032081676,2.323,-1.1282,MEAN_CROSS,0.001104554194796492,2.013244,12
2019-11-25 21:00:00+00:00,2019-11-26 09:00:00+00:00,-1,0.0008618672517153314,-3.673816508920069e-05,2.6386,-0.11,MEAN_CROSS,0.0008986054168045321,1.637866,12
2019-11-26 14:00:00+00:00,2019-11-27 06:00:00+00:00,1,-0.000750304363702603,0.00024053064355711307,-2.0051,0.6479,MEAN_CROSS,0.000990835007259716,1.805971,16
2019-11-27 14:00:00+00:00,2019-11-28 08:00:00+00:00,1,-0.0008105538645503119,0.00010995000567204372,-3.3966,0.532,MEAN_CROSS,0.0009205038702223556,3.670612,18
2019-11-28 15:00:00+00:00,2019-11-29 03:00:00+00:00,1,-0.000650416961862188,0.0003601848713744582,-2.3846,1.6303,MEAN_CROSS,0.0010106018332366462,4.029887,12
2019-11-29 08:00:00+00:00,2019-11-29 20:00:00+00:00,-1,0.0004919536743761554,-1.6806506229927187e-05,2.291,0.0682,MEAN_CROSS,0.0005087601806060826,2.028738,12
2019-12-01 22:00:00+00:00,2019-12-02 17:00:00+00:00,-1,0.0007013979433220241,0.000530857395690254,2.3957,0.2201,MEAN_CROSS,0.00017054054763177007,0.680049,19
2019-12-03 12:00:00+00:00,2019-12-04 12:00:00+00:00,1,-0.00042154823399842556,0.0012150580988773418,-2.0124,3.2472,MEAN_CROSS,0.0016366063328757674,6.52615,24
2019-12-04 13:00:00+00:00,2019-12-05 02:00:00+00:00,-1,0.0013794593021184687,-0.0003086908353449047,3.1638,-0.9025,MEAN_CROSS,0.0016881501374633734,6.731687,13
2019-12-06 14:00:00+00:00,2019-12-09 06:00:00+00:00,1,-0.0009692936467367019,0.00026615204219215816,-3.0106,0.5408,MEAN_CROSS,0.00123544568892886,4.926477,16
2019-12-10 01:00:00+00:00,2019-12-10 14:00:00+00:00,-1,0.0005997589037334272,0.00011421430852831538,2.4863,0.4119,MEAN_CROSS,0.00048554459520511184,1.936163,13
2019-12-11 09:00:00+00:00,2019-12-11 21:00:00+00:00,-1,0.000731109833729815,0.00026177127208959483,2.1934,0.0312,MEAN_CROSS,0.00046933856164022014,1.87154,12
2019-12-12 22:00:00+00:00,2019-12-13 10:00:00+00:00,-1,0.0018276372350528591,-0.00011000975645836242,2.609,-0.5882,MEAN_CROSS,0.0019376469915112216,7.726583,12
2019-12-13 14:00:00+00:00,2019-12-16 07:00:00+00:00,1,-0.0009235948593163679,0.0003155968903991724,-2.2181,0.8544,MEAN_CROSS,0.0012391917497155402,4.941415,17
2019-12-18 12:00:00+00:00,2019-12-19 00:00:00+00:00,-1,0.0005874875200985175,8.764710559772126e-05,2.0258,0.0808,MEAN_CROSS,0.0004998404145007962,1.147302,12
2019-12-19 11:00:00+00:00,2019-12-20 15:00:00+00:00,1,-0.0005949613005080678,0.0005774631058175217,-2.256,1.1803,MEAN_CROSS,0.0011724244063255895,2.691109,28
2019-12-23 07:00:00+00:00,2019-12-23 20:00:00+00:00,-1,0.0005261636181965734,0.00019970770248567415,2.1021,0.0239,MEAN_CROSS,0.00032645591571089927,0.749326,13
2019-12-24 00:00:00+00:00,2019-12-24 15:00:00+00:00,1,-0.0006108121010637291,0.0008848783761026269,-2.261,2.1116,MEAN_CROSS,0.001495690477166356,3.433114,15
2019-12-25 23:00:00+00:00,2019-12-26 11:00:00+00:00,-1,0.0006468332975348989,-0.00013911671085942157,2.0115,-0.8031,MEAN_CROSS,0.0007859500083943205,1.80402,12
2019-12-26 13:00:00+00:00,2019-12-27 01:00:00+00:00,-1,0.0006151580585322947,0.00035617180884028876,2.1356,0.4075,MEAN_CROSS,0.0002589862496920059,0.594461,12
2019-12-27 08:00:00+00:00,2019-12-27 20:00:00+00:00,-1,0.000838348066555028,-0.00033451629019543017,2.1,-1.6941,MEAN_CROSS,0.0011728643567504582,2.692119,12
2019-12-31 08:00:00+00:00,2020-01-02 11:00:00+00:00,1,-0.00045597514805395534,-0.0016765120587913795,-2.0417,-3.5764,STOP_LOSS,-0.0012205369107374242,-2.801544,27
2020-01-06 09:00:00+00:00,2020-01-06 22:00:00+00:00,-1,0.0010832672485915351,-0.00010255798376423986,2.5278,-0.3412,MEAN_CROSS,0.001185825232355775,2.721869,13
2020-01-08 07:00:00+00:00,2020-01-08 19:00:00+00:00,-1,0.0017471293937171284,0.00021263164149842861,3.8093,0.385,MEAN_CROSS,0.0015344977522186998,3.09293,12
2020-01-09 08:00:00+00:00,2020-01-09 20:00:00+00:00,1,-0.0011134927475261458,6.417018707527422e-05,-2.3678,0.6474,MEAN_CROSS,0.00117766293460142,2.373695,12
2020-01-10 15:00:00+00:00,2020-01-13 04:00:00+00:00,-1,0.0014429660017879486,0.000227443331378141,3.4718,0.0719,MEAN_CROSS,0.0012155226704098077,2.450005,13
2020-01-13 08:00:00+00:00,2020-01-14 06:00:00+00:00,1,-0.0007437724375866095,0.00036336683802162817,-2.4623,1.1528,MEAN_CROSS,0.0011071392756082377,2.231547,22
2020-01-15 13:00:00+00:00,2020-01-16 01:00:00+00:00,1,-0.0008050002151530622,0.0007520019598150629,-2.5663,1.7877,MEAN_CROSS,0.001557002174968125,3.13829,12
2020-01-16 16:00:00+00:00,2020-01-17 18:00:00+00:00,1,-0.000648856166771905,2.130679055756257e-05,-2.0127,0.5037,MEAN_CROSS,0.0006701629573294676,1.350779,26
2020-01-22 12:00:00+00:00,2020-01-23 00:00:00+00:00,-1,0.0007384346554786259,-1.961843920250672e-05,2.5081,0.1645,MEAN_CROSS,0.0007580530946811326,1.52793,12
2020-01-23 15:00:00+00:00,2020-01-24 08:00:00+00:00,1,-0.0008638118372037429,0.0006064329877532026,-2.8724,1.0414,MEAN_CROSS,0.0014702448249569455,2.963422,17
2020-01-26 23:00:00+00:00,2020-01-27 14:00:00+00:00,1,-0.0018719905725645969,0.00020817073522505503,-4.003,1.1962,MEAN_CROSS,0.002080161307789652,4.192768,15
2020-01-28 08:00:00+00:00,2020-01-28 20:00:00+00:00,1,-0.0009287413000290679,0.0005453158839889838,-2.0695,2.3339,MEAN_CROSS,0.0014740571840180516,3.596289,12
2020-01-28 21:00:00+00:00,2020-01-29 09:00:00+00:00,-1,0.000829824502805776,-0.0001850836284801316,2.986,-0.261,MEAN_CROSS,0.0010149081312859076,2.476093,12
2020-01-29 19:00:00+00:00,2020-01-30 07:00:00+00:00,-1,0.0008951303132038735,-0.0005427994397615432,2.7759,-1.0949,MEAN_CROSS,0.0014379297529654167,3.508148,12
2020-01-31 08:00:00+00:00,2020-01-31 21:00:00+00:00,1,-0.0011762393775061053,0.00010831448587911296,-3.2218,0.5876,MEAN_CROSS,0.0012845538633852183,3.133954,13
2020-02-04 00:00:00+00:00,2020-02-04 14:00:00+00:00,1,-0.0006085309410194251,0.0005697486331068813,-2.1629,2.1766,MEAN_CROSS,0.0011782795741263064,2.874674,14
2020-02-04 16:00:00+00:00,2020-02-05 04:00:00+00:00,-1,0.0007936890900742677,-5.8044282312263995e-05,2.6604,-0.3913,MEAN_CROSS,0.0008517333723865317,2.077992,12
2020-02-05 08:00:00+00:00,2020-02-05 20:00:00+00:00,-1,0.001035231088453381,-0.00011681492408999183,2.2629,-0.3464,MEAN_CROSS,0.001152046012543373,2.810672,12
2020-02-07 07:00:00+00:00,2020-02-07 19:00:00+00:00,1,-0.0010438053356067734,-0.00016331657830848112,-3.3214,0.6046,MEAN_CROSS,0.0008804887572982922,2.148147,12
2020-02-11 14:00:00+00:00,2020-02-12 02:00:00+00:00,-1,0.0010484554166494409,0.002894766234239121,3.6847,3.7894,STOP_LOSS,-0.0018463108175896803,-4.504484,12
2020-02-18 00:00:00+00:00,2020-02-18 15:00:00+00:00,1,-0.0011973980503275916,0.0002730594141321374,-4.1051,1.0518,MEAN_CROSS,0.001470457464459729,4.84947,15
2020-02-20 01:00:00+00:00,2020-02-20 14:00:00+00:00,1,-0.0014567276688157715,0.0007278235037291858,-3.5251,1.9593,MEAN_CROSS,0.0021845511725449573,7.204503,13
2020-02-21 08:00:00+00:00,2020-02-21 20:00:00+00:00,-1,0.0007388683902198601,6.353630350891537e-05,2.42,-0.0829,MEAN_CROSS,0.0006753320867109447,2.2272,12
2020-02-23 22:00:00+00:00,2020-02-24 11:00:00+00:00,1,-0.002154687230672636,0.0007970074239437297,-3.1152,0.9622,MEAN_CROSS,0.002951694654616366,9.734491,13
2020-02-27 07:00:00+00:00,2020-02-27 19:00:00+00:00,-1,0.0006189301451631213,-0.0004920409920399216,2.3764,-1.1715,MEAN_CROSS,0.0011109711372030429,3.663908,12
2020-02-28 01:00:00+00:00,2020-02-28 16:00:00+00:00,1,-0.0020369106222452027,0.00012384105072793528,-4.042,0.6304,MEAN_CROSS,0.002160751672973138,7.126014,15
2020-02-28 19:00:00+00:00,2020-03-02 13:00:00+00:00,-1,0.001865158179334081,0.0005688071084528623,2.7937,0.4478,MEAN_CROSS,0.0012963510708812187,4.275279,18
2020-03-03 15:00:00+00:00,2020-03-04 03:00:00+00:00,-1,0.0030709374551172175,-0.0003035969330797972,4.8612,-0.6819,MEAN_CROSS,0.0033745343881970147,11.128988,12
2020-03-05 09:00:00+00:00,2020-03-05 21:00:00+00:00,-1,0.001558609849659054,0.00031155791989545545,3.545,0.3631,MEAN_CROSS,0.0012470519297635985,4.112694,12
2020-03-06 07:00:00+00:00,2020-03-06 19:00:00+00:00,-1,0.0019014601755339422,0.0006172392262789872,2.8043,0.3067,MEAN_CROSS,0.001284220949254955,2.227936,12
2020-03-08 21:00:00+00:00,2020-03-09 09:00:00+00:00,1,-0.0020385382867792456,0.00231829065276673,-3.2817,1.282,MEAN_CROSS,0.004356828939545976,7.558463,12
2020-03-09 14:00:00+00:00,2020-03-10 02:00:00+00:00,-1,0.005318706032747311,-0.0011311906819388429,2.7636,-0.4603,MEAN_CROSS,0.006449896714686154,11.189631,12
2020-03-12 11:00:00+00:00,2020-03-13 00:00:00+00:00,1,-0.0024497729819972225,0.0003818546220047958,-2.4052,0.9513,MEAN_CROSS,0.0028316276040020183,4.912461,13
2020-03-13 15:00:00+00:00,2020-03-16 03:00:00+00:00,1,-0.0055593693854884,0.0007748411744638029,-2.6651,0.7694,MEAN_CROSS,0.0063342105599522025,10.988932,12
2020-03-16 15:00:00+00:00,2020-03-17 03:00:00+00:00,-1,0.004790139593344178,0.00010049482475804616,2.9183,0.1285,MEAN_CROSS,0.004689644768586132,8.13585,12
2020-03-17 09:00:00+00:00,2020-03-17 21:00:00+00:00,1,-0.0031527472117760524,0.0013146131685553009,-2.3284,1.2169,MEAN_CROSS,0.004467360380331353,7.750219,12
2020-03-18 08:00:00+00:00,2020-03-19 01:00:00+00:00,1,-0.004863676034253306,-0.011222503142129248,-3.1535,-5.4849,STOP_LOSS,-0.006358827107875942,-11.031638,17
2020-03-19 02:00:00+00:00,2020-03-19 14:00:00+00:00,1,-0.00888092106622207,0.007024433863018542,-2.8142,2.1243,MEAN_CROSS,0.01590535492924061,27.593473,12
2020-03-23 12:00:00+00:00,2020-03-24 03:00:00+00:00,-1,0.005516470307992072,0.0008661229452954222,2.6732,0.2389,MEAN_CROSS,0.00465034736269665,8.067675,15
2020-03-24 11:00:00+00:00,2020-03-25 04:00:00+00:00,1,-0.0025678078708832874,0.002190496738628367,-2.1284,1.0962,MEAN_CROSS,0.004758304609511654,8.254965,17
2020-03-25 10:00:00+00:00,2020-03-26 02:00:00+00:00,1,-0.0037867763552718037,0.0012796606605670613,-3.7609,0.7786,MEAN_CROSS,0.005066437015838865,8.78953,16
2020-03-26 15:00:00+00:00,2020-03-27 03:00:00+00:00,-1,0.0037859738762876516,0.0010870528861223194,2.2977,0.207,MEAN_CROSS,0.002698920990165332,1.719021,12
2020-03-27 15:00:00+00:00,2020-03-30 03:00:00+00:00,-1,0.0042103565133929655,-0.0004365505437793349,2.3013,-0.489,MEAN_CROSS,0.0046469070571723,2.95975,12
2020-03-31 07:00:00+00:00,2020-03-31 19:00:00+00:00,1,-0.0015985161699239026,0.0012440991488316122,-2.091,1.4565,MEAN_CROSS,0.0028426153187555148,1.810544,12
2020-04-01 14:00:00+00:00,2020-04-02 02:00:00+00:00,-1,0.0023387860419655793,-0.0004500817675848756,2.7987,-0.3127,MEAN_CROSS,0.002788867809550455,1.776311,12
2020-04-02 12:00:00+00:00,2020-04-03 13:00:00+00:00,1,-0.002336896355256357,7.7900713764123e-05,-2.4313,0.513,MEAN_CROSS,0.00241479706902048,1.538054,25
2020-04-06 00:00:00+00:00,2020-04-06 14:00:00+00:00,-1,0.0017759289726129168,-0.0002129073178829266,2.8302,-0.4177,MEAN_CROSS,0.0019888362904958434,1.266747,14
2020-04-07 14:00:00+00:00,2020-04-08 05:00:00+00:00,1,-0.0012561268176516371,0.0009906270014653495,-2.3655,1.0273,MEAN_CROSS,0.0022467538191169867,1.431023,15
2020-04-08 14:00:00+00:00,2020-04-09 02:00:00+00:00,-1,0.0016696791675734346,-0.0005466463910357433,2.4064,-0.8238,MEAN_CROSS,0.002216325558609178,1.411642,12
2020-04-09 12:00:00+00:00,2020-04-10 00:00:00+00:00,-1,0.0018472406326796031,-0.0008422093453255286,2.1097,-1.3929,MEAN_CROSS,0.0026894499780051317,1.712989,12
2020-04-13 17:00:00+00:00,2020-04-14 05:00:00+00:00,-1,0.0013691995443956273,-0.0001621900323736103,3.0112,-0.7462,MEAN_CROSS,0.0015313895767692376,0.975386,12
2020-04-14 06:00:00+00:00,2020-04-14 19:00:00+00:00,1,-0.0009721226539450845,0.0006397076366719823,-2.2532,0.8076,MEAN_CROSS,0.0016118302906170667,1.026621,13
2020-04-15 06:00:00+00:00,2020-04-15 20:00:00+00:00,1,-0.002434661700200569,8.700910894454683e-05,-2.6844,0.6191,MEAN_CROSS,0.0025216708091451157,3.294721,14
2020-04-16 21:00:00+00:00,2020-04-17 09:00:00+00:00,-1,0.0024293402892981986,-0.0006301172914936481,3.2878,-0.8257,MEAN_CROSS,0.0030594575807918467,3.997373,12
2020-04-20 04:00:00+00:00,2020-04-20 16:00:00+00:00,-1,0.002352938519523673,-0.00027004197143298825,2.2313,-0.9184,MEAN_CROSS,0.002622980490956661,3.427088,12
2020-04-20 18:00:00+00:00,2020-04-21 13:00:00+00:00,1,-0.0012316844746410593,0.0007737446326872011,-2.0545,1.2942,MEAN_CROSS,0.0020054291073282604,2.620219,19
2020-04-22 05:00:00+00:00,2020-04-22 17:00:00+00:00,-1,0.001170068630305665,-0.0003852853488316432,2.0343,-0.3275,MEAN_CROSS,0.0015553539791373083,2.032167,12
2020-04-22 23:00:00+00:00,2020-04-23 11:00:00+00:00,1,-0.001762352891295782,0.0007925098207436365,-2.4052,0.7105,MEAN_CROSS,0.0025548627120394185,3.338088,12
2020-04-23 12:00:00+00:00,2020-04-24 00:00:00+00:00,-1,0.0026240057825220875,-0.0008026218224983506,2.7214,-1.3586,MEAN_CROSS,0.003426627605020438,4.477104,12
2020-04-27 00:00:00+00:00,2020-04-27 12:00:00+00:00,-1,0.0010320800065031221,1.0991186724873536e-05,2.3786,-0.7251,MEAN_CROSS,0.0010210888197782486,1.334117,12
2020-04-27 21:00:00+00:00,2020-04-28 09:00:00+00:00,1,-0.0007433672276726533,0.0013680898258523477,-2.0021,1.5687,MEAN_CROSS,0.002111457053525001,2.758751,12
2020-04-29 09:00:00+00:00,2020-04-29 21:00:00+00:00,1,-0.0010002988659923995,0.0007543864917843868,-2.2039,0.5231,MEAN_CROSS,0.0017546853577767862,2.292606,12
2020-04-30 07:00:00+00:00,2020-05-01 19:00:00+00:00,1,-0.0011299135796021265,0.0001249925342463598,-2.458,1.2699,MEAN_CROSS,0.0012549061138484863,1.639614,36
2020-05-03 22:00:00+00:00,2020-05-04 11:00:00+00:00,1,-0.0018702713177118913,0.00043954039798155264,-3.1628,1.0807,MEAN_CROSS,0.002309811715693444,3.017914,13
2020-05-05 08:00:00+00:00,2020-05-05 22:00:00+00:00,1,-0.0012722644167333375,0.0005364803070863067,-2.8479,0.5772,MEAN_CROSS,0.0018087447238196441,2.311604,14
2020-05-06 15:00:00+00:00,2020-05-07 03:00:00+00:00,1,-0.0018116654910089736,0.00029364443279156216,-3.5593,0.8856,MEAN_CROSS,0.0021053099238005357,2.690619,12
2020-05-07 07:00:00+00:00,2020-05-07 19:00:00+00:00,-1,0.0015083921943265244,5.372552876137249e-05,2.7302,-0.0981,MEAN_CROSS,0.001454666665565152,1.859087,12
2020-05-11 05:00:00+00:00,2020-05-11 20:00:00+00:00,1,-0.0006311704919220729,0.0005153661549037736,-2.087,1.0629,MEAN_CROSS,0.0011465366468258464,1.465292,15
2020-05-12 10:00:00+00:00,2020-05-12 22:00:00+00:00,-1,0.00118724810804971,-9.423709054656726e-06,2.1084,-0.061,MEAN_CROSS,0.0011966718171043667,1.529365,12
2020-05-12 23:00:00+00:00,2020-05-13 11:00:00+00:00,1,-0.0012564667810300856,0.0012968220825825272,-2.1147,1.4708,MEAN_CROSS,0.0025532888636126128,3.263143,12
2020-05-14 19:00:00+00:00,2020-05-15 08:00:00+00:00,-1,0.0017109248659885612,0.00010528352518335282,3.6218,0.0995,MEAN_CROSS,0.0016056413408052084,2.052035,13
2020-05-15 10:00:00+00:00,2020-05-17 22:00:00+00:00,1,-0.0013201575767592955,0.0005400529669880028,-2.0963,0.8729,MEAN_CROSS,0.0018602105437472982,2.377378,12
2020-05-18 11:00:00+00:00,2020-05-18 23:00:00+00:00,-1,0.001636854761604245,0.00010461805947359348,2.3012,-0.6192,MEAN_CROSS,0.0015322367021306516,1.958222,12
2020-05-19 06:00:00+00:00,2020-05-19 18:00:00+00:00,-1,0.0028194821143193716,0.00042629457642107127,3.1669,-0.491,MEAN_CROSS,0.0023931875378983003,3.058531,12
2020-05-19 19:00:00+00:00,2020-05-20 09:00:00+00:00,1,-0.0013773877559621894,0.0014143170134109928,-2.8344,1.2626,MEAN_CROSS,0.0027917047693731822,3.567842,14
2020-05-26 00:00:00+00:00,2020-05-26 15:00:00+00:00,-1,0.0007334942926547905,-8.296086778514233e-05,2.9499,-1.0892,MEAN_CROSS,0.0008164551604399328,2.253157,15
2020-05-26 19:00:00+00:00,2020-05-27 07:00:00+00:00,1,-0.0008746158151262673,0.0009479543236939891,-2.3688,0.5997,MEAN_CROSS,0.0018225701388202564,5.029715,12
2020-05-27 12:00:00+00:00,2020-05-28 06:00:00+00:00,1,-0.0016413612557127921,0.0005056083820781376,-2.5133,0.6064,MEAN_CROSS,0.0021469696377909298,5.924954,18
2020-05-28 21:00:00+00:00,2020-05-29 09:00:00+00:00,1,-0.0010341219678425828,0.0006062883400096419,-2.2355,1.0001,MEAN_CROSS,0.0016404103078522247,4.527011,12
2020-05-29 14:00:00+00:00,2020-06-01 02:00:00+00:00,1,-0.0014678542584768417,0.001688818678291737,-2.6303,2.1309,MEAN_CROSS,0.0031566729367685786,8.711415,12
2020-06-01 14:00:00+00:00,2020-06-02 02:00:00+00:00,-1,0.0031965137123892706,-0.0007621175724854545,3.4021,-1.3594,MEAN_CROSS,0.003958631284874725,10.924565,12
2020-06-02 09:00:00+00:00,2020-06-02 21:00:00+00:00,-1,0.0022244995708042836,0.00044245512357654615,2.0467,-0.2298,MEAN_CROSS,0.0017820444472277375,4.917877,12
2020-06-03 08:00:00+00:00,2020-06-04 11:00:00+00:00,1,-0.0013828259245350916,0.000937129456549668,-2.3387,1.2904,MEAN_CROSS,0.0023199553810847595,6.40234,27
2020-06-04 14:00:00+00:00,2020-06-05 03:00:00+00:00,-1,0.002643589252480427,0.0003452040700608894,3.6816,0.2469,MEAN_CROSS,0.002298385182419538,6.342813,13
2020-06-08 18:00:00+00:00,2020-06-09 06:00:00+00:00,-1,0.0012345591920776,-0.0018342705152445404,2.3491,-3.9295,MEAN_CROSS,0.0030688297073221404,8.468995,12
2020-06-09 07:00:00+00:00,2020-06-10 01:00:00+00:00,1,-0.002348528701314412,0.0005246498889505125,-3.9377,0.8723,MEAN_CROSS,0.0028731785902649243,7.92906,18
2020-06-10 23:00:00+00:00,2020-06-11 13:00:00+00:00,1,-0.0015805510576240023,0.00025683376597285257,-2.2919,0.8462,MEAN_CROSS,0.0018373848235968548,5.070599,14
2020-06-12 05:00:00+00:00,2020-06-12 17:00:00+00:00,-1,0.0018998498974038824,-0.0011991648282233536,3.2736,-0.7496,MEAN_CROSS,0.003099014725627236,4.209648,12
2020-06-15 18:00:00+00:00,2020-06-16 06:00:00+00:00,-1,0.0017952931165026165,-0.0009404569567917909,2.0313,-1.4872,MEAN_CROSS,0.0027357500732944073,3.716195,12
2020-06-16 07:00:00+00:00,2020-06-16 23:00:00+00:00,1,-0.0022946984047382823,0.0006651572806427586,-3.1862,0.5745,MEAN_CROSS,0.002959855685381041,4.020617,16
2020-06-18 13:00:00+00:00,2020-06-19 02:00:00+00:00,1,-0.0011130293460289709,0.00017418825035508956,-2.0075,0.9092,MEAN_CROSS,0.0012872175963840604,1.748534,13
2020-06-19 12:00:00+00:00,2020-06-22 10:00:00+00:00,-1,0.0013172248061207315,0.0002461708691567921,3.0101,0.1615,MEAN_CROSS,0.0010710539369639394,1.454901,22
2020-06-23 12:00:00+00:00,2020-06-24 00:00:00+00:00,-1,0.001802757105154762,0.0002653647489968547,2.3136,0.3515,MEAN_CROSS,0.0015373923561579073,2.088367,12
2020-06-24 02:00:00+00:00,2020-06-24 14:00:00+00:00,1,-0.001555359764162545,0.00012860352248300622,-2.5516,0.5072,MEAN_CROSS,0.0016839632866455512,2.287467,12
2020-06-25 00:00:00+00:00,2020-06-25 12:00:00+00:00,-1,0.0006995359278967328,-7.998561275956995e-05,2.2427,0.2543,MEAN_CROSS,0.0007795215406563027,1.058889,12
2020-06-26 13:00:00+00:00,2020-06-29 01:00:00+00:00,1,-0.000882599302634568,0.000709753415527703,-2.0257,1.5607,MEAN_CROSS,0.001592352718162271,2.163024,12
2020-06-30 06:00:00+00:00,2020-06-30 18:00:00+00:00,1,-0.0008738477156366997,0.0011532755705971898,-2.2871,1.7625,MEAN_CROSS,0.0020271232862338895,2.753609,12
2020-07-02 11:00:00+00:00,2020-07-02 23:00:00+00:00,-1,0.0010810872324931164,-0.00019092129629738608,2.2748,-1.0389,MEAN_CROSS,0.0012720085287905025,3.341839,12
2020-07-03 19:00:00+00:00,2020-07-06 16:00:00+00:00,1,-0.0010570871951135485,0.00033011602673771456,-3.7922,0.5328,MEAN_CROSS,0.001387203221851263,3.644481,21
2020-07-07 06:00:00+00:00,2020-07-08 10:00:00+00:00,1,-0.0010279526038099451,0.00024094665736673626,-2.3043,0.6312,MEAN_CROSS,0.0012688992611766814,3.333671,28
2020-07-09 13:00:00+00:00,2020-07-10 01:00:00+00:00,-1,0.0009527352831765201,0.00020701082615293132,2.1643,0.4691,MEAN_CROSS,0.0007457244570235888,1.959178,12
2020-07-13 11:00:00+00:00,2020-07-13 23:00:00+00:00,-1,0.0006989980456876266,-0.0007116601821653967,2.0266,-1.0466,MEAN_CROSS,0.0014106582278530233,3.706102,12
2020-07-14 07:00:00+00:00,2020-07-14 19:00:00+00:00,1,-0.0014920221010938928,2.6359451177349058e-05,-2.2635,0.5597,MEAN_CROSS,0.0015183815522712418,3.989114,12
2020-07-15 01:00:00+00:00,2020-07-15 13:00:00+00:00,-1,0.0013339744060237857,0.00024107308283427553,2.416,0.0667,MEAN_CROSS,0.0010929013231895102,2.871286,12
2020-07-16 00:00:00+00:00,2020-07-16 13:00:00+00:00,1,-0.0007399331284705379,0.0007222238477018195,-2.4474,1.3464,MEAN_CROSS,0.0014621569761723574,3.8414,13
2020-07-16 17:00:00+00:00,2020-07-17 06:00:00+00:00,1,-0.001478997254850789,0.0003183531167728626,-3.0259,1.0369,MEAN_CROSS,0.0017973503716236516,4.722025,13
2020-07-20 01:00:00+00:00,2020-07-20 14:00:00+00:00,1,-0.0007188086920260073,0.0006141892857848275,-2.2139,1.5439,MEAN_CROSS,0.0013329979778108347,3.502072,13
2020-07-21 04:00:00+00:00,2020-07-21 17:00:00+00:00,1,-0.0007909875676284095,0.0008896415371429933,-2.8554,1.0418,MEAN_CROSS,0.0016806291047714028,4.415373,13
2020-07-22 07:00:00+00:00,2020-07-23 03:00:00+00:00,1,-0.0007604588234169096,0.0006216700969016165,-2.1667,0.9989,MEAN_CROSS,0.001382128920318526,2.554753,20
2020-07-23 10:00:00+00:00,2020-07-23 22:00:00+00:00,1,-0.0011171087070670493,0.00014669888028284728,-2.3507,0.5826,MEAN_CROSS,0.0012638075873498966,2.336045,12
2020-07-27 00:00:00+00:00,2020-07-27 12:00:00+00:00,-1,0.0009501914900713615,-1.2838374110035744e-05,2.3129,-0.54,MEAN_CROSS,0.0009630298641813972,1.780082,12
2020-07-28 03:00:00+00:00,2020-07-28 15:00:00+00:00,1,-0.0015480649577250816,0.00032644841163742555,-3.7285,0.6246,MEAN_CROSS,0.0018745133693625071,3.464885,12
2020-07-29 23:00:00+00:00,2020-07-30 12:00:00+00:00,1,-0.000772916812459834,8.685506134997745e-05,-2.0044,0.5213,MEAN_CROSS,0.0008597718738098115,1.589218,13
2020-07-30 16:00:00+00:00,2020-07-31 05:00:00+00:00,-1,0.0009181805857181313,0.00028995846346135945,2.2983,0.1746,MEAN_CROSS,0.0006282221222567719,1.161217,13
2020-08-03 13:00:00+00:00,2020-08-04 02:00:00+00:00,1,-0.0022523671611456297,0.0006048246050036621,-3.0823,1.1502,MEAN_CROSS,0.002857191766149292,5.281286,13
2020-08-04 22:00:00+00:00,2020-08-05 10:00:00+00:00,-1,0.001291766239315928,-0.00040559879166501833,3.0189,-1.0402,MEAN_CROSS,0.0016973650309809463,3.137441,12
2020-08-06 02:00:00+00:00,2020-08-06 14:00:00+00:00,1,-0.0011214627577628145,0.000633690292364264,-2.4305,1.1185,MEAN_CROSS,0.0017551530501270785,3.244257,12
2020-08-06 16:00:00+00:00,2020-08-07 04:00:00+00:00,-1,0.0012123206574344847,-0.0003870909475774953,2.2259,-0.9761,MEAN_CROSS,0.00159941160501198,2.956382,12
2020-08-07 13:00:00+00:00,2020-08-10 01:00:00+00:00,1,-0.0018404134589316001,1.4925607275451114e-05,-3.0438,0.6034,MEAN_CROSS,0.0018553390662070512,3.429443,12
2020-08-11 03:00:00+00:00,2020-08-11 15:00:00+00:00,-1,0.0012339709143438515,-0.0015275129480134542,2.304,-2.5873,MEAN_CROSS,0.0027614838623573057,5.17249,12
2020-08-12 02:00:00+00:00,2020-08-12 14:00:00+00:00,1,-0.001502145869953675,0.002300370352844805,-2.2378,4.6825,MEAN_CROSS,0.00380251622279848,7.122431,12
2020-08-13 18:00:00+00:00,2020-08-14 07:00:00+00:00,1,-0.0012868040375871859,0.0001025300250560024,-2.1418,1.0447,MEAN_CROSS,0.0013893340626431883,2.602339,13
2020-08-14 13:00:00+00:00,2020-08-17 01:00:00+00:00,-1,0.0009985635378062518,-0.000195314102579891,3.0974,-0.2564,MEAN_CROSS,0.0011938776403861429,2.236233,12
2020-08-17 13:00:00+00:00,2020-08-18 01:00:00+00:00,-1,0.0009495178430959372,-0.0007185299117837829,2.5216,-1.5578,MEAN_CROSS,0.0016680477548797201,3.124393,12
2020-08-18 02:00:00+00:00,2020-08-18 17:00:00+00:00,1,-0.0010550185573728887,0.0007396973876193647,-2.1401,0.705,MEAN_CROSS,0.0017947159449922534,3.361653,15
2020-08-19 14:00:00+00:00,2020-08-20 03:00:00+00:00,1,-0.001562292895767925,0.00033702849562333714,-4.2701,0.5421,MEAN_CROSS,0.001899321391391262,3.557588,13
2020-08-20 12:00:00+00:00,2020-08-21 00:00:00+00:00,1,-0.0023487104392195812,0.00012777115339013267,-2.0428,0.6565,MEAN_CROSS,0.002476481592609714,4.638657,12
2020-08-24 10:00:00+00:00,2020-08-24 22:00:00+00:00,-1,0.0010912303292518466,-0.00030416564802315804,2.5922,-0.6136,MEAN_CROSS,0.0013953959772750046,2.613693,12
2020-08-25 10:00:00+00:00,2020-08-25 22:00:00+00:00,-1,0.0008893529307516523,3.518798101465048e-05,2.048,0.0483,MEAN_CROSS,0.0008541649497370019,1.599922,12
2020-08-26 08:00:00+00:00,2020-08-26 21:00:00+00:00,-1,0.0011467286014086309,0.00023665992600363506,2.8948,-0.407,MEAN_CROSS,0.0009100686754049958,1.704635,13
2020-08-27 14:00:00+00:00,2020-08-28 02:00:00+00:00,1,-0.0013049299427808636,0.0007529738302881617,-2.8898,1.0634,MEAN_CROSS,0.0020579037730690253,3.854626,12
2020-08-28 11:00:00+00:00,2020-08-30 23:00:00+00:00,-1,0.0019181850160168157,0.0005136586660832165,3.1243,-0.2686,MEAN_CROSS,0.0014045263499335991,2.630795,12
2020-08-31 04:00:00+00:00,2020-09-01 01:00:00+00:00,1,-0.0010073811072264238,0.0013705593395375582,-2.9705,2.6194,MEAN_CROSS,0.002377940446763982,4.42532,21
2020-09-01 02:00:00+00:00,2020-09-01 14:00:00+00:00,-1,0.0012553429766596347,4.491468351963679e-05,2.106,-0.3486,MEAN_CROSS,0.0012104282931399979,2.252593,12
2020-09-01 17:00:00+00:00,2020-09-02 05:00:00+00:00,1,-0.0010825041689157544,0.0006053696266934416,-2.3629,0.6483,MEAN_CROSS,0.001687873795609196,3.141114,12
2020-09-02 07:00:00+00:00,2020-09-02 20:00:00+00:00,1,-0.001365443240128883,0.0006705748017949986,-2.9365,1.1942,MEAN_CROSS,0.0020360180419238816,3.789006,13
2020-09-03 09:00:00+00:00,2020-09-04 00:00:00+00:00,1,-0.001521976479384124,0.00021892346382801353,-2.6748,1.0369,MEAN_CROSS,0.0017408999432121375,3.239795,15
2020-09-04 08:00:00+00:00,2020-09-04 20:00:00+00:00,-1,0.0011097530214198015,0.00011059924195566673,2.5085,0.2014,MEAN_CROSS,0.0009991537794641348,1.859414,12
2020-09-08 05:00:00+00:00,2020-09-08 17:00:00+00:00,-1,0.0004224752534188747,-0.0004256045633811434,3.3891,-0.1062,MEAN_CROSS,0.0008480798168000181,1.578267,12
2020-09-08 18:00:00+00:00,2020-09-09 07:00:00+00:00,1,-0.0014978315074842818,0.0006797169332779518,-2.1223,1.7383,MEAN_CROSS,0.0021775484407622336,4.052393,13
2020-09-09 12:00:00+00:00,2020-09-10 00:00:00+00:00,-1,0.001820589940080941,-0.00027342092013227237,3.0949,-0.7014,MEAN_CROSS,0.0020940108602132135,3.89693,12
2020-09-10 07:00:00+00:00,2020-09-11 00:00:00+00:00,1,-0.0008867776056348253,0.000406354056372793,-2.3445,1.0511,MEAN_CROSS,0.0012931316620076183,2.406503,17
2020-09-11 17:00:00+00:00,2020-09-14 05:00:00+00:00,1,-0.0013969357041970776,0.000649159558924195,-2.0848,0.6977,MEAN_CROSS,0.0020460952631212725,3.80776,12
2020-09-15 14:00:00+00:00,2020-09-16 02:00:00+00:00,1,-0.0007448789458361915,0.0006861567834186566,-2.1009,1.4072,MEAN_CROSS,0.0014310357292548481,2.663141,12
2020-09-16 18:00:00+00:00,2020-09-17 07:00:00+00:00,1,-0.0009335666742349424,0.0009125243764087632,-2.4305,1.3408,MEAN_CROSS,0.0018460910506437056,3.435554,13
2020-09-17 08:00:00+00:00,2020-09-17 21:00:00+00:00,-1,0.001655196376653234,-0.00011850253067635652,2.2699,-0.1665,MEAN_CROSS,0.0017736989073295906,3.300834,13
2020-09-18 11:00:00+00:00,2020-09-21 00:00:00+00:00,1,-0.000780550148046899,0.0005377622041075059,-2.363,0.5475,MEAN_CROSS,0.001318312352154405,1.503922,13
2020-09-21 07:00:00+00:00,2020-09-21 19:00:00+00:00,1,-0.0018372988458764672,-6.182283033162594e-05,-3.2634,0.6425,MEAN_CROSS,0.0017754760155448412,2.025452,12
2020-09-23 18:00:00+00:00,2020-09-24 07:00:00+00:00,1,-0.0015165448848907248,0.00018243773409354347,-2.0121,1.9751,MEAN_CROSS,0.0016989826189842683,1.938189,13
2020-09-24 14:00:00+00:00,2020-09-25 02:00:00+00:00,-1,0.00034702694861088457,0.00023072900315790346,2.2838,0.4964,MEAN_CROSS,0.00011629794545298111,0.132672,12
2020-09-25 06:00:00+00:00,2020-09-25 18:00:00+00:00,-1,0.0012248654437363449,0.00015637913932631253,2.2056,0.0633,MEAN_CROSS,0.0010684863044100323,1.218922,12
2020-09-29 08:00:00+00:00,2020-09-29 20:00:00+00:00,-1,0.0010599979719601027,-0.00020433663717767114,2.558,-0.9475,MEAN_CROSS,0.0012643346091377738,1.442345,12
2020-09-30 03:00:00+00:00,2020-09-30 15:00:00+00:00,1,-0.0008641219827644209,0.0007568102035218072,-2.8185,1.114,MEAN_CROSS,0.001620932186286228,1.849149,12
2020-09-30 16:00:00+00:00,2020-10-01 06:00:00+00:00,-1,0.0016307711687598703,0.0002791637544731218,2.8392,0.0656,MEAN_CROSS,0.0013516074142867485,1.541905,14
2020-10-02 00:00:00+00:00,2020-10-02 18:00:00+00:00,1,-0.0007934313000782511,0.0003864290260736647,-3.3364,1.243,MEAN_CROSS,0.0011798603261519158,1.345977,18
2020-10-05 17:00:00+00:00,2020-10-06 09:00:00+00:00,1,-0.0005837486850909235,0.0004336537844322752,-2.0183,1.4842,MEAN_CROSS,0.0010174024695231987,1.160646,16
2020-10-06 15:00:00+00:00,2020-10-07 03:00:00+00:00,1,-0.0010204371569934034,0.00011662486933838867,-2.9818,0.6492,MEAN_CROSS,0.001137062026331792,1.297153,12
2020-10-09 12:00:00+00:00,2020-10-12 00:00:00+00:00,-1,0.0015143932425263351,-0.00038542506696925827,3.4824,-1.5845,MEAN_CROSS,0.0018998183094955934,3.676967,12
2020-10-13 00:00:00+00:00,2020-10-13 15:00:00+00:00,1,-0.0008668648201287654,0.00019298025242475703,-2.6279,0.629,MEAN_CROSS,0.0010598450725535224,2.051257,15
2020-10-14 16:00:00+00:00,2020-10-15 08:00:00+00:00,1,-0.0008342997804829944,-0.002834468658335254,-2.5036,-6.2401,STOP_LOSS,-0.0020001688778522597,-3.871189,16
2020-10-19 00:00:00+00:00,2020-10-19 12:00:00+00:00,-1,0.0010361148516614405,0.00012675671934059274,3.4516,-0.3864,MEAN_CROSS,0.0009093581323208477,1.76,12
2020-10-19 14:00:00+00:00,2020-10-20 13:00:00+00:00,1,-0.0005563924458799052,-5.784865833913244e-06,-2.3955,0.6465,MEAN_CROSS,0.000550607580045992,1.065663,23
2020-10-20 14:00:00+00:00,2020-10-21 05:00:00+00:00,-1,0.0012838547484229634,0.000289561585442355,2.9773,0.46,MEAN_CROSS,0.0009942931629806084,1.924386,15
2020-10-21 13:00:00+00:00,2020-10-22 01:00:00+00:00,-1,0.001545172845104359,-0.00019727351802789617,2.0421,-0.8509,MEAN_CROSS,0.001742446363132255,3.372385,12
2020-10-23 07:00:00+00:00,2020-10-25 22:00:00+00:00,-1,0.0009945731081489884,-0.000659497442228596,2.219,-1.2798,MEAN_CROSS,0.0016540705503775843,3.20134,15
2020-10-27 02:00:00+00:00,2020-10-27 18:00:00+00:00,-1,0.0008450059123353837,-0.00020856148440728806,2.3502,-0.8379,MEAN_CROSS,0.0010535673967426717,2.039107,16
2020-10-28 08:00:00+00:00,2020-10-28 23:00:00+00:00,1,-0.0012973204288330153,0.0002661159862844542,-3.1048,0.9475,MEAN_CROSS,0.0015634364151174696,3.461645,15
2020-10-29 15:00:00+00:00,2020-10-30 08:00:00+00:00,1,-0.001955170535580808,0.0003744523925749421,-2.0913,0.8302,MEAN_CROSS,0.00232962292815575,5.158079,17
2020-10-30 12:00:00+00:00,2020-11-02 01:00:00+00:00,-1,0.0021710687905973636,0.00031755313666281815,3.1805,0.4495,MEAN_CROSS,0.0018535156539345454,4.103917,12
2020-11-03 08:00:00+00:00,2020-11-03 20:00:00+00:00,-1,0.0017553482502720152,-0.00034557214264663294,3.0071,-0.931,MEAN_CROSS,0.002100920392918648,4.651702,12
2020-11-03 23:00:00+00:00,2020-11-04 13:00:00+00:00,-1,0.0020361508823119046,3.4783102903279683e-05,2.0397,-0.1002,MEAN_CROSS,0.002001367779408625,4.43128,14
2020-11-05 22:00:00+00:00,2020-11-08 22:00:00+00:00,1,-0.000820290103628607,0.0008165842834356729,-2.3341,1.412,MEAN_CROSS,0.00163687438706428,3.624246,24
2020-11-09 11:00:00+00:00,2020-11-09 23:00:00+00:00,-1,0.001609285291011453,0.00042131082911800455,2.51,0.1859,MEAN_CROSS,0.0011879744618934485,2.630325,12
2020-11-11 01:00:00+00:00,2020-11-11 13:00:00+00:00,-1,0.002314824557232864,-0.00011172563757244625,4.604,-0.469,MEAN_CROSS,0.0024265501948053103,5.372688,12
2020-11-12 17:00:00+00:00,2020-11-13 06:00:00+00:00,1,-0.001305185484065885,0.00013638091613710213,-2.2001,1.0486,MEAN_CROSS,0.001441566400202987,3.19181,13
2020-11-13 10:00:00+00:00,2020-11-16 03:00:00+00:00,-1,0.0007785589144422289,0.00025005874716876875,2.3125,0.1558,MEAN_CROSS,0.0005285001672734602,1.170166,17
2020-11-17 07:00:00+00:00,2020-11-18 03:00:00+00:00,1,-0.0010871830504206592,0.0002857872868191613,-2.3655,0.8244,MEAN_CROSS,0.0013729703372398205,2.220314,20
2020-11-18 07:00:00+00:00,2020-11-18 19:00:00+00:00,-1,0.001000028920237761,3.613791731815752e-05,2.5335,-0.337,MEAN_CROSS,0.0009638910029196035,1.558767,12
2020-11-18 20:00:00+00:00,2020-11-19 15:00:00+00:00,1,-0.0008620408816674141,0.0002645316574080292,-2.0616,0.5406,MEAN_CROSS,0.0011265725390754433,1.821849,19
2020-11-19 19:00:00+00:00,2020-11-20 07:00:00+00:00,-1,0.0012639987155439458,-0.0003567526127808973,2.502,-0.7457,MEAN_CROSS,0.0016207513283248431,2.621016,12
2020-11-20 21:00:00+00:00,2020-11-23 10:00:00+00:00,1,-0.0008988056337200234,0.0006508240880457317,-2.6573,0.8941,MEAN_CROSS,0.001549629721765755,2.506001,13
2020-11-23 14:00:00+00:00,2020-11-24 02:00:00+00:00,1,-0.0016597066048485987,0.0024477808458411854,-4.0118,2.7577,MEAN_CROSS,0.004107487450689784,6.642469,12
2020-11-25 16:00:00+00:00,2020-11-26 04:00:00+00:00,-1,0.00115554578725241,-0.0003797039793519419,2.3895,-1.1432,MEAN_CROSS,0.0015352497666043519,2.482746,12
2020-11-27 03:00:00+00:00,2020-11-27 16:00:00+00:00,-1,0.0004979421400137518,-0.00012315036199173068,2.08,-0.9209,MEAN_CROSS,0.0006210925020054825,1.004407,13
2020-11-30 02:00:00+00:00,2020-11-30 23:00:00+00:00,1,-0.0005117629924923373,0.0002124174847083493,-2.2299,0.5445,MEAN_CROSS,0.0007241804772006866,1.171117,21
2020-12-02 08:00:00+00:00,2020-12-02 20:00:00+00:00,1,-0.0008504473959565217,0.00046524071567510816,-3.1374,0.6588,MEAN_CROSS,0.00131568811163163,2.12768,12
2020-12-03 14:00:00+00:00,2020-12-04 02:00:00+00:00,-1,0.0015036268525820962,-0.0004984050754478497,2.5056,-1.1383,MEAN_CROSS,0.002002031928029946,3.237608,12
2020-12-04 08:00:00+00:00,2020-12-04 21:00:00+00:00,1,-0.0010613148834629493,0.00012818010986737072,-2.1517,1.0263,MEAN_CROSS,0.00118949499333032,1.923605,13
2020-12-07 08:00:00+00:00,2020-12-08 04:00:00+00:00,1,-0.001345704886078214,0.0003953644217995489,-3.3031,0.698,MEAN_CROSS,0.0017410693078777628,4.911041,20
2020-12-09 04:00:00+00:00,2020-12-09 16:00:00+00:00,-1,0.0012602069733199661,-0.001556489512773096,3.1015,-2.667,MEAN_CROSS,0.002816696486093062,7.945068,12
2020-12-09 17:00:00+00:00,2020-12-10 08:00:00+00:00,1,-0.0019189208264399626,0.00041502439575025196,-2.8727,0.518,MEAN_CROSS,0.0023339452221902146,6.583369,15
2020-12-10 14:00:00+00:00,2020-12-11 02:00:00+00:00,-1,0.0016766060348262224,0.0006356406080936239,2.088,0.385,MEAN_CROSS,0.0010409654267325985,2.936256,12
2020-12-11 08:00:00+00:00,2020-12-13 22:00:00+00:00,1,-0.0010575817755384964,0.0004925245140759982,-3.1672,0.6473,MEAN_CROSS,0.0015501062896144946,4.372391,14
2020-12-14 09:00:00+00:00,2020-12-14 21:00:00+00:00,-1,0.0009172594077263563,-0.00047522219518036923,2.3306,-0.7956,MEAN_CROSS,0.0013924816029067255,3.927779,12
2020-12-15 16:00:00+00:00,2020-12-16 05:00:00+00:00,-1,0.0009960148054872775,2.8116075951656327e-05,2.277,-0.1715,MEAN_CROSS,0.0009678987295356212,2.730156,13
2020-12-16 15:00:00+00:00,2020-12-17 03:00:00+00:00,1,-0.0011371201996033253,0.0005989401005752626,-2.3864,0.5521,MEAN_CROSS,0.001736060300178588,4.896913,12
2020-12-18 09:00:00+00:00,2020-12-18 21:00:00+00:00,1,-0.0012182266534602748,0.0005881789783072078,-2.1188,1.9286,MEAN_CROSS,0.0018064056317674826,5.095336,12
2020-12-20 23:00:00+00:00,2020-12-21 13:00:00+00:00,1,-0.00163187515184815,-9.472620814421351e-05,-3.4618,0.5409,MEAN_CROSS,0.0015371489437039365,4.335842,14
2020-12-21 16:00:00+00:00,2020-12-22 04:00:00+00:00,-1,0.002414461187000838,-0.0013941791121372393,2.7695,-0.7594,MEAN_CROSS,0.0038086402991380774,10.743048,12
2020-12-23 07:00:00+00:00,2020-12-23 19:00:00+00:00,-1,0.0019917910210009993,-0.00021866799291536676,3.2877,-0.6025,MEAN_CROSS,0.002210459013916366,6.235051,12
2020-12-28 02:00:00+00:00,2020-12-28 14:00:00+00:00,-1,0.0009005375847233044,0.00014119870530959755,2.0424,0.2166,MEAN_CROSS,0.0007593388794137068,1.978071,12
2020-12-28 15:00:00+00:00,2020-12-29 03:00:00+00:00,1,-0.0014141891973156184,0.0005911145018223651,-2.604,0.8884,MEAN_CROSS,0.0020053036991379836,5.223798,12
2020-12-29 13:00:00+00:00,2020-12-30 05:00:00+00:00,-1,0.0013485446386917177,0.0005150911991596008,2.1944,0.1161,MEAN_CROSS,0.0008334534395321169,2.171139,16
2020-12-31 15:00:00+00:00,2021-01-04 03:00:00+00:00,1,-0.001706797125445525,0.0005752131854933618,-4.3202,0.7992,MEAN_CROSS,0.0022820103109388867,5.944617,12
2021-01-04 08:00:00+00:00,2021-01-04 20:00:00+00:00,-1,0.00138335263957301,-0.00016436579001111173,2.1028,0.1747,MEAN_CROSS,0.0015477184295841218,4.031793,12
2021-01-05 02:00:00+00:00,2021-01-05 20:00:00+00:00,-1,0.0016139797239682618,0.0006051580529005118,2.2601,0.3776,MEAN_CROSS,0.00100882167106775,2.627972,18
2021-01-07 09:00:00+00:00,2021-01-07 23:00:00+00:00,1,-0.0015125705282930113,0.0007441095456510727,-2.1604,1.2621,MEAN_CROSS,0.002256680073944084,5.878632,14
2021-01-08 17:00:00+00:00,2021-01-11 06:00:00+00:00,1,-0.0012985740792639255,8.41002708049654e-05,-2.1614,0.661,MEAN_CROSS,0.001382674350068891,3.601855,13
2021-01-11 14:00:00+00:00,2021-01-12 03:00:00+00:00,1,-0.0020523340336318086,5.8262602697811694e-05,-2.1223,0.6505,MEAN_CROSS,0.0021105966363296202,5.498086,13
2021-01-12 06:00:00+00:00,2021-01-13 00:00:00+00:00,-1,0.0010335004343442478,0.00017015791436114647,2.0469,-0.1261,MEAN_CROSS,0.0008633425199831013,2.249,18
2021-01-13 10:00:00+00:00,2021-01-13 23:00:00+00:00,1,-0.0013967564004845334,0.0005528178455052046,-2.2459,0.656,MEAN_CROSS,0.001949574245989738,5.078624,13
2021-01-14 16:00:00+00:00,2021-01-15 04:00:00+00:00,-1,0.0018804422103042562,-0.00042353262230687694,3.2068,-0.9002,MEAN_CROSS,0.002303974832611133,6.001834,12
2021-01-18 13:00:00+00:00,2021-01-19 05:00:00+00:00,-1,0.0005344889822876953,0.00016446841887163277,2.1019,0.3756,MEAN_CROSS,0.0003700205634160625,0.426908,16
2021-01-19 14:00:00+00:00,2021-01-20 02:00:00+00:00,1,-0.001265143808889646,0.0006119650456042347,-2.5533,1.109,MEAN_CROSS,0.0018771088544938808,2.165699,12
2021-01-20 15:00:00+00:00,2021-01-21 04:00:00+00:00,-1,0.0016835529456566967,0.0005148629729633258,3.584,-0.0176,MEAN_CROSS,0.0011686899726933708,1.348366,13
2021-01-21 13:00:00+00:00,2021-01-22 14:00:00+00:00,1,-0.0006116136825556895,0.0002261381676179619,-2.1511,0.6575,MEAN_CROSS,0.0008377518501736514,0.966549,25
2021-01-25 02:00:00+00:00,2021-01-25 14:00:00+00:00,-1,0.001201784257429006,-0.0007397946214108275,2.2558,-1.8647,MEAN_CROSS,0.0019415788788398336,2.240081,12
2021-01-25 15:00:00+00:00,2021-01-26 08:00:00+00:00,1,-0.0010858679183886055,0.0010207815818999988,-2.4113,1.9104,MEAN_CROSS,0.0021066495002886043,2.430529,17
2021-01-26 11:00:00+00:00,2021-01-26 23:00:00+00:00,-1,0.0014876786421240684,3.549206130004645e-05,2.7244,-0.3117,MEAN_CROSS,0.001452186580824022,1.675448,12
2021-01-27 12:00:00+00:00,2021-01-28 01:00:00+00:00,1,-0.0015281383971463836,-2.7274605940874608e-05,-2.3274,0.6551,MEAN_CROSS,0.001500863791205509,1.731609,13
2021-01-28 13:00:00+00:00,2021-01-29 01:00:00+00:00,-1,0.0014541222924675523,-0.00033403265995624043,2.781,-0.2181,MEAN_CROSS,0.0017881549524237927,2.063069,12
2021-01-29 13:00:00+00:00,2021-02-01 04:00:00+00:00,-1,0.002139034387889871,0.0004590867744372895,2.0162,0.4666,MEAN_CROSS,0.0016799476134525815,1.938226,15
2021-02-02 08:00:00+00:00,2021-02-02 21:00:00+00:00,-1,0.0012299566415649998,0.0023170866319404126,2.3559,3.9633,STOP_LOSS,-0.0010871299903754128,-1.254267,13
2021-02-02 22:00:00+00:00,2021-02-03 10:00:00+00:00,-1,0.001513497620056925,-0.00013017442666241053,2.0397,-0.4008,MEAN_CROSS,0.0016436720467193355,1.896373,12
2021-02-05 08:00:00+00:00,2021-02-05 21:00:00+00:00,-1,0.001301389973109135,0.0002097395871690777,2.9399,0.1277,MEAN_CROSS,0.0010916503859400573,1.755608,13
2021-02-09 02:00:00+00:00,2021-02-09 14:00:00+00:00,-1,0.0014644384389999043,-0.0004450925729757582,2.1181,-0.8861,MEAN_CROSS,0.0019095310119756626,3.070936,12
2021-02-10 09:00:00+00:00,2021-02-10 23:00:00+00:00,1,-0.0019359012066906267,0.0002596655590196839,-4.4231,0.8327,MEAN_CROSS,0.0021955667657103106,3.530943,14
2021-02-11 06:00:00+00:00,2021-02-11 18:00:00+00:00,-1,0.0008677342675295074,-0.0003164896975649256,2.0093,-0.8504,MEAN_CROSS,0.001184223965094433,1.904487,12
2021-02-12 02:00:00+00:00,2021-02-12 15:00:00+00:00,1,-0.0009872963416518443,0.0015494058344356354,-2.4562,3.2152,MEAN_CROSS,0.0025367021760874797,4.079562,13
2021-02-12 16:00:00+00:00,2021-02-15 06:00:00+00:00,-1,0.0017752955410748061,1.307957172669294e-05,3.0886,-0.0562,MEAN_CROSS,0.0017622159693481132,2.834022,14
2021-02-16 01:00:00+00:00,2021-02-16 13:00:00+00:00,-1,0.0011307285507691223,-0.0023791959817186514,2.3266,-4.1217,MEAN_CROSS,0.0035099245324877737,5.644713,12
2021-02-16 14:00:00+00:00,2021-02-17 02:00:00+00:00,1,-0.0022078856683638293,0.0002943042984876465,-2.9564,0.5825,MEAN_CROSS,0.0025021899668514758,4.024059,12
2021-02-18 08:00:00+00:00,2021-02-18 22:00:00+00:00,-1,0.0015038351589704568,0.0003906315286830164,2.8964,0.268,MEAN_CROSS,0.0011132036302874404,1.790271,14
2021-02-19 08:00:00+00:00,2021-02-19 20:00:00+00:00,-1,0.0018187681969232816,0.00013597156763311968,2.9227,-0.5062,MEAN_CROSS,0.001682796629290162,2.706298,12
2021-02-22 07:00:00+00:00,2021-02-23 08:00:00+00:00,1,-0.0010462168360725332,0.00034326387125249713,-2.0912,0.641,MEAN_CROSS,0.0013894807073250304,2.234583,25
2021-02-24 01:00:00+00:00,2021-02-24 13:00:00+00:00,-1,0.0017737033091657084,-0.000635670308433478,3.7716,-2.2835,MEAN_CROSS,0.0024093736175991864,3.87479,12
2021-02-24 20:00:00+00:00,2021-02-25 10:00:00+00:00,-1,0.0032860927020496034,0.00015613665503055874,5.1251,-0.5391,MEAN_CROSS,0.0031299560470190446,5.682571,14
2021-02-25 13:00:00+00:00,2021-02-26 08:00:00+00:00,1,-0.0011338110096280607,0.0005690545685889115,-2.1239,1.0915,MEAN_CROSS,0.0017028655782169722,3.091626,19
2021-02-26 10:00:00+00:00,2021-02-28 22:00:00+00:00,1,-0.0033849197959249233,0.00012702692354149558,-2.6314,1.4224,MEAN_CROSS,0.003511946719466419,6.376091,12
2021-02-28 23:00:00+00:00,2021-03-01 11:00:00+00:00,-1,0.0019586903616587437,-0.001280885878176652,3.1219,-0.481,MEAN_CROSS,0.0032395762398353956,5.881591,12
2021-03-02 07:00:00+00:00,2021-03-03 09:00:00+00:00,1,-0.0018237615468300605,0.00074211390397394,-2.1241,0.6496,MEAN_CROSS,0.0025658754508040005,4.658458,26
2021-03-03 13:00:00+00:00,2021-03-04 01:00:00+00:00,1,-0.0017297990996928414,0.0006151246378880426,-2.3465,1.2844,MEAN_CROSS,0.002344923737580884,4.25731,12
2021-03-04 17:00:00+00:00,2021-03-05 05:00:00+00:00,1,-0.0026715380872610606,0.00016346650914267347,-3.5873,0.5521,MEAN_CROSS,0.002835004596403734,5.147073,12
2021-03-08 09:00:00+00:00,2021-03-08 23:00:00+00:00,1,-0.0020400032669495305,0.0005334109699014489,-2.2552,0.7103,MEAN_CROSS,0.0025734142368509794,4.672145,14
2021-03-09 08:00:00+00:00,2021-03-09 20:00:00+00:00,-1,0.0022394950705797445,0.00045630788350570217,3.2186,0.3233,MEAN_CROSS,0.0017831871870740423,3.237453,12
2021-03-11 14:00:00+00:00,2021-03-12 16:00:00+00:00,1,-0.0012342240458761422,0.0008053813267664411,-4.095,1.9073,MEAN_CROSS,0.0020396053726425833,3.702992,26
2021-03-15 01:00:00+00:00,2021-03-15 13:00:00+00:00,-1,0.0013066187865398149,-0.00024705750017484096,2.434,-0.3112,MEAN_CROSS,0.0015536762867146559,2.820766,12
2021-03-17 11:00:00+00:00,2021-03-17 23:00:00+00:00,1,-0.0009211632003409687,0.001470367357890301,-2.2155,1.0464,MEAN_CROSS,0.0023915305582312696,5.513989,12
2021-03-18 13:00:00+00:00,2021-03-19 04:00:00+00:00,1,-0.002537332250251323,0.0006084530013479306,-2.1783,1.0872,MEAN_CROSS,0.0031457852515992535,7.253023,15
2021-03-22 11:00:00+00:00,2021-03-22 23:00:00+00:00,-1,0.0010529154637387572,-0.0015865442463958157,2.2213,-2.6487,MEAN_CROSS,0.002639459710134573,6.085623,12
2021-03-23 00:00:00+00:00,2021-03-23 14:00:00+00:00,1,-0.002276884017545777,-0.00012941425299040077,-3.4401,0.6683,MEAN_CROSS,0.0021474697645553764,4.951275,14
2021-03-24 08:00:00+00:00,2021-03-24 20:00:00+00:00,-1,0.0006369780038764095,-0.0008592549041275266,2.7206,-0.9415,MEAN_CROSS,0.001496232908003936,3.449762,12
2021-03-25 00:00:00+00:00,2021-03-25 12:00:00+00:00,-1,0.00078804089298945,-0.0005784489966257356,2.0927,-1.0323,MEAN_CROSS,0.0013664898896151856,3.150623,12
2021-03-29 00:00:00+00:00,2021-03-29 12:00:00+00:00,1,-0.0008627029211799586,0.0006370310954594283,-3.6248,1.0904,MEAN_CROSS,0.0014997340166393869,3.457835,12
2021-03-30 11:00:00+00:00,2021-03-30 23:00:00+00:00,1,-0.0012169191590053474,0.0005568129737894001,-2.0975,1.239,MEAN_CROSS,0.0017737321327947475,4.089574,12
2021-04-01 01:00:00+00:00,2021-04-01 13:00:00+00:00,1,-0.0007245083872196023,0.0013758343970371456,-2.013,2.3301,MEAN_CROSS,0.002100342784256748,4.842618,12
2021-04-02 14:00:00+00:00,2021-04-05 08:00:00+00:00,1,-0.0006856564645202345,0.0009640611878424243,-2.0602,2.8195,MEAN_CROSS,0.0016497176523626589,3.803642,18
2021-04-06 02:00:00+00:00,2021-04-06 14:00:00+00:00,1,-0.0007587299914328938,0.0007742298065540609,-2.5827,1.2127,MEAN_CROSS,0.0015329597979869547,3.646729,12
2021-04-08 04:00:00+00:00,2021-04-08 17:00:00+00:00,-1,0.0006348892389433924,5.9735163261409596e-05,2.006,0.0709,MEAN_CROSS,0.0005751540756819828,1.368223,13
2021-04-09 02:00:00+00:00,2021-04-12 03:00:00+00:00,1,-0.000714606439833676,0.00047189846247841505,-2.467,1.085,MEAN_CROSS,0.001186504902312091,2.822554,25
2021-04-13 00:00:00+00:00,2021-04-13 12:00:00+00:00,1,-0.0008953073295848712,0.0005065134197628218,-2.2304,1.1914,MEAN_CROSS,0.001401820749347693,3.334765,12
2021-04-14 02:00:00+00:00,2021-04-14 17:00:00+00:00,-1,0.0015048410568140325,0.0003334308565564603,2.8855,-0.6826,MEAN_CROSS,0.0011714102002575721,2.786646,15
2021-04-15 07:00:00+00:00,2021-04-15 19:00:00+00:00,-1,0.0018621409541340617,0.00039978959026687466,2.2052,0.0258,MEAN_CROSS,0.001462351363867187,3.47876,12
2021-04-16 00:00:00+00:00,2021-04-16 20:00:00+00:00,1,-0.0007368002770338222,0.00014499034589299242,-2.0079,0.6232,MEAN_CROSS,0.0008817906229268146,2.097675,20
2021-04-19 07:00:00+00:00,2021-04-19 19:00:00+00:00,-1,0.0016310540073783963,0.00015087379452283223,3.6483,0.1026,MEAN_CROSS,0.0014801802128555641,3.521173,12
2021-04-20 10:00:00+00:00,2021-04-21 06:00:00+00:00,1,-0.0011486547505599187,0.0003705029766574164,-2.4691,0.6629,MEAN_CROSS,0.001519157727217335,3.613896,20
2021-04-21 14:00:00+00:00,2021-04-22 02:00:00+00:00,-1,0.001672412791780764,-1.9350342233437345e-05,3.5724,-0.4309,MEAN_CROSS,0.0016917631340142014,4.024503,12
2021-04-22 04:00:00+00:00,2021-04-22 20:00:00+00:00,1,-0.000843767630067771,0.00028949895453767027,-2.1097,0.7089,MEAN_CROSS,0.0011332665846054413,2.695907,16
2021-04-23 01:00:00+00:00,2021-04-23 13:00:00+00:00,-1,0.0005955120180071161,-0.00020779267625525843,2.4649,-0.244,MEAN_CROSS,0.0008033046942623745,1.910966,12
2021-04-23 18:00:00+00:00,2021-04-26 06:00:00+00:00,-1,0.0009754168749065428,-0.00024020935853497072,2.0833,-1.2595,MEAN_CROSS,0.0012156262334415135,2.620851,12
2021-04-27 02:00:00+00:00,2021-04-28 03:00:00+00:00,1,-0.0007955193092427093,0.00013020673057007048,-2.4157,1.0374,MEAN_CROSS,0.0009257260398127798,1.995835,25
2021-04-28 04:00:00+00:00,2021-04-28 20:00:00+00:00,-1,0.0006387049800520295,0.0004159508972082504,2.3845,0.4089,MEAN_CROSS,0.00022275408284377907,0.480251,16
2021-04-29 02:00:00+00:00,2021-04-29 18:00:00+00:00,1,-0.000855447183596203,0.0006501426207086158,-2.523,0.7659,MEAN_CROSS,0.0015055898043048188,3.246003,16
2021-04-30 14:00:00+00:00,2021-05-03 02:00:00+00:00,1,-0.0029189165143514995,0.00011784774887457772,-5.6174,0.6561,MEAN_CROSS,0.003036764263226077,6.547166,12
2021-05-03 14:00:00+00:00,2021-05-04 02:00:00+00:00,-1,0.0013588488137848964,-0.0006384732407574978,2.0158,-1.5848,MEAN_CROSS,0.001997322054542394,4.306162,12
2021-05-04 07:00:00+00:00,2021-05-04 19:00:00+00:00,1,-0.0014029433934605873,0.0002785643382353653,-2.5827,0.6507,MEAN_CROSS,0.0016815077316959526,3.625276,12
2021-05-04 22:00:00+00:00,2021-05-05 16:00:00+00:00,-1,0.0016867977548405966,0.00011468505254497163,2.8396,-0.2831,MEAN_CROSS,0.001572112702295625,3.389424,18
2021-05-06 02:00:00+00:00,2021-05-06 14:00:00+00:00,1,-0.001621808386029877,0.0007489631947890096,-4.5231,0.802,MEAN_CROSS,0.0023707715808188867,5.111307,12
2021-05-07 12:00:00+00:00,2021-05-10 00:00:00+00:00,-1,0.0023824594897478013,-0.0002192905839292214,5.0488,-0.7076,MEAN_CROSS,0.0026017500736770227,5.609289,12
2021-05-10 18:00:00+00:00,2021-05-11 08:00:00+00:00,1,-0.0012748173824647102,0.0011569468263705751,-2.1639,2.4742,MEAN_CROSS,0.0024317642088352853,5.242805,14
2021-05-12 03:00:00+00:00,2021-05-12 21:00:00+00:00,1,-0.0014199832245823663,-5.2640671438730635e-05,-2.4082,0.7441,MEAN_CROSS,0.0013673425531436356,2.947946,18
2021-05-17 00:00:00+00:00,2021-05-17 14:00:00+00:00,1,-0.0008163230788509335,0.0005520292195145826,-2.1425,0.5692,MEAN_CROSS,0.001368352298365516,1.256852,14
2021-05-18 01:00:00+00:00,2021-05-18 13:00:00+00:00,-1,0.0011093154386319082,-0.0005567240836549248,2.0817,-1.2082,MEAN_CROSS,0.001666039522286833,1.530283,12
2021-05-19 07:00:00+00:00,2021-05-19 20:00:00+00:00,1,-0.0011645594480188537,-9.765591072208313e-05,-2.2338,0.6522,MEAN_CROSS,0.0010669035372967706,0.979967,13
2021-05-20 13:00:00+00:00,2021-05-21 01:00:00+00:00,-1,0.0014602311778415533,-0.0005778610974518372,2.415,-1.2603,MEAN_CROSS,0.0020380922752933905,1.872019,12
2021-05-21 09:00:00+00:00,2021-05-23 21:00:00+00:00,-1,0.0013674959777340012,5.959060005555905e-05,2.4973,0.3284,MEAN_CROSS,0.0013079053776784422,1.201331,12
2021-05-25 15:00:00+00:00,2021-05-26 03:00:00+00:00,1,-0.0010759654178650324,0.0038854363486681143,-3.1192,4.8202,MEAN_CROSS,0.004961401766533147,4.557123,12
2021-05-26 04:00:00+00:00,2021-05-26 16:00:00+00:00,-1,0.00243144083325586,-0.00017944604382036378,2.0668,-0.5045,MEAN_CROSS,0.002610886877076224,2.398139,12
2021-05-28 05:00:00+00:00,2021-05-28 17:00:00+00:00,1,-0.001185134100946561,0.0005318617707640305,-2.3576,1.2896,MEAN_CROSS,0.0017169958717105915,1.577087,12
2021-06-01 08:00:00+00:00,2021-06-01 20:00:00+00:00,1,-0.0009834165510189674,0.00016375272308422062,-3.7835,0.5395,MEAN_CROSS,0.001147169274103188,1.053692,12
2021-06-03 12:00:00+00:00,2021-06-04 00:00:00+00:00,1,-0.0018832014477486725,-0.00013201483266844782,-3.1688,0.5137,MEAN_CROSS,0.0017511866150802247,3.087476,12
2021-06-04 12:00:00+00:00,2021-06-07 00:00:00+00:00,-1,0.001990900674822549,-8.846179154753386e-05,2.7554,-0.7033,MEAN_CROSS,0.0020793624663700827,3.666076,12
2021-06-07 20:00:00+00:00,2021-06-08 18:00:00+00:00,1,-0.0005256416108543327,9.856866609203596e-05,-2.0411,0.5764,MEAN_CROSS,0.0006242102769463687,1.100531,22
2021-06-09 00:00:00+00:00,2021-06-09 12:00:00+00:00,-1,0.000515114645368353,-0.00045115532319284224,2.8239,-1.0335,MEAN_CROSS,0.0009662699685611953,1.703608,12
2021-06-09 14:00:00+00:00,2021-06-10 02:00:00+00:00,1,-0.0015691292559624204,0.00014996756788521193,-4.2832,0.6596,MEAN_CROSS,0.0017190968238476323,3.0309,12
2021-06-10 12:00:00+00:00,2021-06-11 00:00:00+00:00,-1,0.000880490144863133,-0.00011123837938142866,2.0515,-0.5183,MEAN_CROSS,0.0009917285242445617,1.748494,12
2021-06-11 09:00:00+00:00,2021-06-13 21:00:00+00:00,1,-0.0006545684673153751,0.00021463111985708938,-2.4669,0.8078,MEAN_CROSS,0.0008691995871724645,1.532466,12
2021-06-15 01:00:00+00:00,2021-06-15 18:00:00+00:00,1,-0.0005153894176515017,0.00010310197634089135,-2.4617,0.5595,MEAN_CROSS,0.0006184913939923931,1.090448,17
2021-06-16 18:00:00+00:00,2021-06-17 17:00:00+00:00,1,-0.004768204466397252,0.0001629511749206003,-11.4518,0.6635,MEAN_CROSS,0.0049311556413178526,8.694006,23
2021-06-21 02:00:00+00:00,2021-06-21 18:00:00+00:00,-1,0.0012549286382842473,0.0002660542821752987,2.0131,0.3352,MEAN_CROSS,0.0009888743561089486,1.743461,16
2021-06-23 01:00:00+00:00,2021-06-23 13:00:00+00:00,1,-0.0010726096261411966,0.0014047632539954114,-2.0435,1.5738,MEAN_CROSS,0.002477372880136608,4.597386,12
2021-06-24 14:00:00+00:00,2021-06-25 03:00:00+00:00,1,-0.0010895971652096215,0.0005545605440036017,-3.0935,1.2801,MEAN_CROSS,0.0016441577092132231,3.051147,13
2021-06-25 09:00:00+00:00,2021-06-28 00:00:00+00:00,1,-0.0006115471570844466,0.0005616016953210456,-2.1957,1.206,MEAN_CROSS,0.0011731488524054923,2.177072,15
2021-06-28 09:00:00+00:00,2021-06-28 21:00:00+00:00,1,-0.0008864367833848474,2.4647432814273174e-05,-2.0446,0.5599,MEAN_CROSS,0.0009110842161991206,1.690745,12
2021-06-29 07:00:00+00:00,2021-06-29 19:00:00+00:00,1,-0.00110185706612842,-8.174759762313855e-05,-2.0376,0.5513,MEAN_CROSS,0.0010201094685052814,1.893069,12
2021-07-01 11:00:00+00:00,2021-07-01 23:00:00+00:00,-1,0.0009346096948122939,-0.0004047010526674333,2.5604,-0.6761,MEAN_CROSS,0.0013393107474797272,2.485427,12
2021-07-02 12:00:00+00:00,2021-07-05 00:00:00+00:00,-1,0.0019063950644865324,-0.00016830036969617268,4.3973,-0.5837,MEAN_CROSS,0.002074695434182705,3.850117,12
2021-07-05 22:00:00+00:00,2021-07-06 10:00:00+00:00,-1,0.002229264927438579,2.110218981243861e-05,4.2206,-0.5762,MEAN_CROSS,0.0022081627376261403,4.097799,12
2021-07-06 13:00:00+00:00,2021-07-07 05:00:00+00:00,1,-0.0011636080694498174,0.0008893892892637423,-2.4032,0.7879,MEAN_CROSS,0.0020529973587135597,3.809851,16
2021-07-08 01:00:00+00:00,2021-07-08 13:00:00+00:00,1,-0.0017067808671300533,0.0004084043269687587,-2.6551,1.1683,MEAN_CROSS,0.002115185194098812,3.925256,12
2021-07-08 14:00:00+00:00,2021-07-09 03:00:00+00:00,1,-0.0019435972221675257,0.0002805992434350424,-2.0122,1.4815,MEAN_CROSS,0.002224196465602568,4.127554,13
2021-07-09 09:00:00+00:00,2021-07-11 21:00:00+00:00,-1,0.0011720877496628201,-3.678360130854319e-05,2.4252,-0.4692,MEAN_CROSS,0.0012088713509713633,2.243364,12
2021-07-13 12:00:00+00:00,2021-07-14 00:00:00+00:00,1,-0.0037172236622847743,0.0009417443619947896,-6.2942,1.3632,MEAN_CROSS,0.004658968024279564,6.626084,12
2021-07-14 02:00:00+00:00,2021-07-14 14:00:00+00:00,-1,0.0034908055383380265,0.00027765093170217803,4.094,0.0129,MEAN_CROSS,0.0032131546066358485,4.569817,12
2021-07-15 02:00:00+00:00,2021-07-15 20:00:00+00:00,1,-0.001647226361779719,7.757082655024394e-05,-2.1536,0.6095,MEAN_CROSS,0.0017247971883299629,2.453043,18
2021-07-15 22:00:00+00:00,2021-07-16 10:00:00+00:00,-1,0.001734038995496956,-0.0004765165023292717,3.4069,-0.7054,MEAN_CROSS,0.0022105554978262276,3.143899,12
2021-07-19 10:00:00+00:00,2021-07-20 01:00:00+00:00,1,-0.0017019659241424012,0.0005388665840897477,-2.7574,1.792,MEAN_CROSS,0.002240832508232149,3.18696,15
2021-07-20 04:00:00+00:00,2021-07-20 16:00:00+00:00,1,-0.0018811153305927641,0.0007250800107521105,-2.2838,1.6043,MEAN_CROSS,0.0026061953413448746,3.706587,12
2021-07-21 13:00:00+00:00,2021-07-22 01:00:00+00:00,-1,0.0013475180283777366,-0.00021442901933554914,2.5785,-0.729,MEAN_CROSS,0.0015619470477132857,2.221435,12
2021-07-26 00:00:00+00:00,2021-07-26 13:00:00+00:00,1,-0.0007963493544735911,0.0013986180828076122,-2.5361,3.655,MEAN_CROSS,0.0021949674372812034,3.12173,13
2021-07-26 14:00:00+00:00,2021-07-27 02:00:00+00:00,-1,0.0015873049893944113,-0.00046851543322667943,3.3402,-0.9935,MEAN_CROSS,0.0020558204226210908,2.923832,12
2021-07-27 07:00:00+00:00,2021-07-27 22:00:00+00:00,1,-0.0018379420274358127,0.0002939440607849786,-3.5186,1.0371,MEAN_CROSS,0.0021318860882207913,3.032014,15
2021-07-28 18:00:00+00:00,2021-07-29 10:00:00+00:00,-1,0.0007663263023106603,0.00016673506245090675,2.4511,0.0846,MEAN_CROSS,0.0005995912398597536,0.852751,16
2021-08-03 00:00:00+00:00,2021-08-03 12:00:00+00:00,-1,0.0008913208650467297,-0.00032948349031935997,2.2049,-1.3835,MEAN_CROSS,0.0012208043553660897,2.116493,12
2021-08-03 13:00:00+00:00,2021-08-04 01:00:00+00:00,1,-0.0016590126699963514,0.001392780894415968,-4.2481,1.6589,MEAN_CROSS,0.0030517935644123195,5.290857,12
2021-08-04 14:00:00+00:00,2021-08-05 07:00:00+00:00,1,-0.0020424208803420107,0.0011956625718808622,-3.6989,1.5201,MEAN_CROSS,0.003238083452222873,5.613825,17
2021-08-06 13:00:00+00:00,2021-08-09 01:00:00+00:00,1,-0.0010484568675527273,0.0005550521723585167,-2.7796,1.9537,MEAN_CROSS,0.001603509039911244,2.779984,12
2021-08-09 02:00:00+00:00,2021-08-09 14:00:00+00:00,-1,0.0009621546527990299,-0.0011382208619709067,2.6454,-1.656,MEAN_CROSS,0.0021003755147699366,3.641395,12
2021-08-10 01:00:00+00:00,2021-08-10 14:00:00+00:00,1,-0.0013879621894892225,0.0008506533933020366,-2.5752,1.7698,MEAN_CROSS,0.002238615582791259,3.88106,13
2021-08-11 12:00:00+00:00,2021-08-12 00:00:00+00:00,-1,0.002708525056342781,-0.00022277634442591232,7.5288,-0.7116,MEAN_CROSS,0.0029313014007686933,5.081961,12
2021-08-13 14:00:00+00:00,2021-08-16 02:00:00+00:00,-1,0.0014834021423473231,-0.00040070247684498295,3.9846,-1.3732,MEAN_CROSS,0.001884104619192306,3.266449,12
2021-08-16 03:00:00+00:00,2021-08-16 19:00:00+00:00,1,-0.0007062451125378066,0.00030688136789047693,-2.0185,0.6236,MEAN_CROSS,0.0010131264804282836,1.756445,16
2021-08-17 02:00:00+00:00,2021-08-17 14:00:00+00:00,1,-0.003074808894655945,-8.672241097595901e-05,-9.1536,0.55,MEAN_CROSS,0.002988086483679986,5.180409,12
2021-08-19 00:00:00+00:00,2021-08-19 12:00:00+00:00,1,-0.0019187928138812982,-3.2976173167442724e-05,-2.741,0.9353,MEAN_CROSS,0.0018858166407138555,3.269417,12
2021-08-20 03:00:00+00:00,2021-08-20 17:00:00+00:00,-1,0.0008398628748061965,-0.0001859797022332188,2.0169,-0.3035,MEAN_CROSS,0.0010258425770394153,1.751476,14
2021-08-23 15:00:00+00:00,2021-08-24 03:00:00+00:00,-1,0.0012366375364104565,0.0002029829444549769,2.139,-0.2719,MEAN_CROSS,0.0010336545919554796,1.764814,12
2021-08-24 05:00:00+00:00,2021-08-24 17:00:00+00:00,-1,0.001334106125122414,-4.386327976657611e-05,2.0819,-1.0401,MEAN_CROSS,0.0013779694048889901,2.352681,12
2021-08-25 18:00:00+00:00,2021-08-26 06:00:00+00:00,-1,0.0011519589413302445,-0.0006747363564831854,2.4404,-1.9001,MEAN_CROSS,0.0018266952978134299,3.118815,12
2021-08-27 06:00:00+00:00,2021-08-27 18:00:00+00:00,-1,0.0005151980215050145,0.0005752652732997632,2.0863,0.4145,MEAN_CROSS,-6.00672517947487e-05,-0.102556,12
2021-08-31 00:00:00+00:00,2021-08-31 12:00:00+00:00,-1,0.001557156888068234,-0.00020841236541513375,4.7616,-1.0654,MEAN_CROSS,0.0017655692534833678,3.014451,12
2021-08-31 13:00:00+00:00,2021-09-01 06:00:00+00:00,1,-0.0009599735109350194,0.0008111040188729657,-2.3998,0.77,MEAN_CROSS,0.001771077529807985,3.023856,17
2021-09-02 14:00:00+00:00,2021-09-03 02:00:00+00:00,-1,0.0013812611715872114,0.00029900960336948224,2.5458,0.0419,MEAN_CROSS,0.0010822515682177292,1.847786,12
2021-09-03 12:00:00+00:00,2021-09-06 00:00:00+00:00,-1,0.0015782927752883147,-0.00037244797639446325,3.1466,-1.3217,MEAN_CROSS,0.001950740751682778,3.330605,12
2021-09-07 00:00:00+00:00,2021-09-07 12:00:00+00:00,-1,0.0008739902331159621,-0.0001769674401710386,3.2245,-0.1196,MEAN_CROSS,0.0010509576732870007,1.794357,12
2021-09-07 14:00:00+00:00,2021-09-08 02:00:00+00:00,1,-0.001149589967888054,0.0002469004155473131,-2.4559,0.9067,MEAN_CROSS,0.001396490383435367,2.384303,12
2021-09-09 00:00:00+00:00,2021-09-09 12:00:00+00:00,1,-0.0008472104904206912,0.00044644603686039286,-2.0215,0.6753,MEAN_CROSS,0.001293656527281084,2.778615,12
2021-09-10 02:00:00+00:00,2021-09-10 14:00:00+00:00,-1,0.0010976156671442805,-0.0006725928413827686,2.1375,-1.6536,MEAN_CROSS,0.0017702085085270491,3.80219,12
2021-09-10 15:00:00+00:00,2021-09-13 07:00:00+00:00,1,-0.0011120028309424823,0.0006902732878849571,-2.2602,0.9854,MEAN_CROSS,0.0018022761188274394,3.871068,16
2021-09-13 20:00:00+00:00,2021-09-14 09:00:00+00:00,-1,0.0006858231941970772,-0.00027093096239638736,2.0135,-0.923,MEAN_CROSS,0.0009567541565934645,2.05499,13
2021-09-14 12:00:00+00:00,2021-09-15 00:00:00+00:00,-1,0.002074364604448431,-0.0005392038374655295,5.5994,-0.7535,MEAN_CROSS,0.0026135684419139604,5.613624,12
2021-09-15 22:00:00+00:00,2021-09-16 10:00:00+00:00,-1,0.0016926434655900602,8.122009847610911e-05,3.6384,-0.1108,MEAN_CROSS,0.001611423367113951,3.461139,12
2021-09-16 12:00:00+00:00,2021-09-17 03:00:00+00:00,1,-0.0011368308271535454,0.00024379174330602105,-2.4497,0.6435,MEAN_CROSS,0.0013806225704595665,2.965408,15
2021-09-17 14:00:00+00:00,2021-09-20 05:00:00+00:00,1,-0.001825427321970774,0.00019569333935387512,-2.4141,0.9606,MEAN_CROSS,0.002021120661324649,4.341119,15
2021-09-20 13:00:00+00:00,2021-09-21 05:00:00+00:00,-1,0.0008226803672551908,0.000107534702007972,2.4641,0.4412,MEAN_CROSS,0.0007151456652472188,1.536045,16
2021-09-21 08:00:00+00:00,2021-09-21 20:00:00+00:00,-1,0.001392830360366415,-0.00025356425504341473,2.8133,-0.195,MEAN_CROSS,0.0016463946154098297,3.536253,12
2021-09-22 01:00:00+00:00,2021-09-22 13:00:00+00:00,-1,0.0013535206959613966,-0.0003357344196133205,2.2098,-0.4186,MEAN_CROSS,0.001689255115574717,3.628312,12
2021-09-22 18:00:00+00:00,2021-09-23 06:00:00+00:00,1,-0.0013548057100990496,0.0009018463006438271,-2.0256,1.5169,MEAN_CROSS,0.0022566520107428767,4.847011,12
2021-09-23 08:00:00+00:00,2021-09-23 20:00:00+00:00,-1,0.0017094384760090175,-0.0004571481594884963,2.7805,-0.9288,MEAN_CROSS,0.002166586635497514,4.653562,12
2021-09-24 09:00:00+00:00,2021-09-26 21:00:00+00:00,1,-0.0014494222138419222,9.032335779524114e-05,-2.2231,0.8006,MEAN_CROSS,0.0015397455716371633,3.307184,12
2021-09-27 01:00:00+00:00,2021-09-27 15:00:00+00:00,-1,0.0009216192357286435,1.515014955755234e-05,2.2483,0.4615,MEAN_CROSS,0.0009064690861710911,1.946984,14
2021-09-29 12:00:00+00:00,2021-09-30 00:00:00+00:00,1,-0.001795756275822069,0.0002507510557410164,-2.0594,0.9452,MEAN_CROSS,0.0020465073315630855,2.753376,12
2021-09-30 13:00:00+00:00,2021-10-01 01:00:00+00:00,-1,0.0013538812633779873,-3.7265836638766814e-07,2.1285,-0.2912,MEAN_CROSS,0.001354253921744375,1.822016,12
2021-10-01 11:00:00+00:00,2021-10-03 23:00:00+00:00,-1,0.0016640085696852935,-1.3025880915784604e-05,2.6576,-0.5411,MEAN_CROSS,0.0016770344506010781,2.256286,12
2021-10-04 14:00:00+00:00,2021-10-05 07:00:00+00:00,1,-0.000690003025250685,0.0006162625510287567,-2.2516,1.131,MEAN_CROSS,0.0013062655762794417,1.757453,17
2021-10-05 09:00:00+00:00,2021-10-05 21:00:00+00:00,-1,0.0012955914503005594,7.109964046592143e-05,2.1295,0.1668,MEAN_CROSS,0.001224491809834638,1.647434,12
2021-10-06 01:00:00+00:00,2021-10-06 13:00:00+00:00,1,-0.0013371571658475911,0.0005562933501714884,-2.4746,0.9412,MEAN_CROSS,0.0018934505160190795,2.547453,12
2021-10-08 03:00:00+00:00,2021-10-11 00:00:00+00:00,1,-0.0005169190862696071,0.0009333780086112631,-2.0037,1.9949,MEAN_CROSS,0.0014502970948808702,1.951233,21
2021-10-12 08:00:00+00:00,2021-10-12 20:00:00+00:00,-1,0.0010665799964507672,-0.00041782581377358685,2.0135,-0.671,MEAN_CROSS,0.001484405810224354,1.997123,12
2021-10-13 12:00:00+00:00,2021-10-14 00:00:00+00:00,1,-0.001910377980083977,0.0005531439504651292,-3.6015,0.7697,MEAN_CROSS,0.0024635219305491063,3.314428,12
2021-10-14 07:00:00+00:00,2021-10-14 20:00:00+00:00,-1,0.0013763341387537098,0.0003713810402207196,2.1497,-0.3601,MEAN_CROSS,0.0010049530985329902,1.352066,13
2021-10-17 21:00:00+00:00,2021-10-18 09:00:00+00:00,-1,0.0011297540379116011,-0.0005486085134152052,2.5915,-1.3681,MEAN_CROSS,0.0016783625513268063,2.258073,12
2021-10-19 01:00:00+00:00,2021-10-19 14:00:00+00:00,-1,0.0017125973982716758,0.0006476581098572298,2.7348,0.1839,MEAN_CROSS,0.001064939288414446,1.763845,13
2021-10-19 18:00:00+00:00,2021-10-20 12:00:00+00:00,1,-0.00030523056689923944,0.0006472655006017902,-2.0777,0.7181,MEAN_CROSS,0.0009524960675010297,1.577607,18
2021-10-20 14:00:00+00:00,2021-10-21 03:00:00+00:00,-1,0.001550413882578816,-2.3358734180245477e-05,2.4864,-0.6348,MEAN_CROSS,0.0015737726167590615,2.606619,13
2021-10-21 04:00:00+00:00,2021-10-22 00:00:00+00:00,1,-0.0011447900709924408,0.0005358533548067701,-2.7929,1.3491,MEAN_CROSS,0.0016806434257992109,2.783628,20
2021-10-22 12:00:00+00:00,2021-10-25 00:00:00+00:00,1,-0.0015395978927197351,0.0006148569055041131,-2.1359,1.1859,MEAN_CROSS,0.0021544547982238482,3.568396,12
2021-10-25 09:00:00+00:00,2021-10-26 03:00:00+00:00,1,-0.0019508251190902826,0.0006810893913695715,-3.2757,1.0671,MEAN_CROSS,0.002631914510459854,4.359206,18
2021-10-26 15:00:00+00:00,2021-10-27 04:00:00+00:00,1,-0.0013182393919565216,0.0005260242143345639,-2.3083,1.1051,MEAN_CROSS,0.0018442636062910855,3.05463,13
2021-10-27 08:00:00+00:00,2021-10-28 02:00:00+00:00,1,-0.0018778162218726635,0.0006490316331726476,-3.5677,1.0396,MEAN_CROSS,0.002526847855045311,4.185186,18
2021-10-28 14:00:00+00:00,2021-10-29 02:00:00+00:00,-1,0.0018084134357825299,-0.0002126439228775645,2.5572,-0.4822,MEAN_CROSS,0.0020210573586600944,3.347451,12
2021-10-29 12:00:00+00:00,2021-11-01 01:00:00+00:00,1,-0.0016891859459008396,0.000457019034978301,-2.8248,1.1749,MEAN_CROSS,0.0021462049808791406,3.554732,13
2021-11-02 06:00:00+00:00,2021-11-02 19:00:00+00:00,1,-0.000877263723706001,0.0002291539678326293,-2.5073,1.1366,MEAN_CROSS,0.0011064176915386303,1.832545,13
2021-11-02 21:00:00+00:00,2021-11-03 13:00:00+00:00,-1,0.0009362312682786866,-0.0002056988144537586,2.2774,0.003,MEAN_CROSS,0.0011419300827324452,1.891364,16
2021-11-03 19:00:00+00:00,2021-11-04 07:00:00+00:00,-1,0.0018414597536968724,-0.00010348142501848123,2.6447,-0.4125,MEAN_CROSS,0.0019449411787153537,3.221381,12
2021-11-04 13:00:00+00:00,2021-11-05 03:00:00+00:00,1,-0.0014029201481785547,0.00017585586405577391,-2.211,0.9499,MEAN_CROSS,0.0015787760122343286,2.614906,14
2021-11-09 00:00:00+00:00,2021-11-09 19:00:00+00:00,1,-0.0008045835823885517,0.00023393222833378857,-2.3536,0.6866,MEAN_CROSS,0.0010385158107223402,1.395895,19
2021-11-10 14:00:00+00:00,2021-11-11 02:00:00+00:00,-1,0.0008893384515629155,-0.0013541524271563077,2.8947,-1.8649,MEAN_CROSS,0.002243490878719223,3.015533,12
2021-11-12 06:00:00+00:00,2021-11-12 19:00:00+00:00,-1,0.0008762365956718199,0.0002545007678159683,2.4734,0.3041,MEAN_CROSS,0.0006217358278558516,0.835691,13
2021-11-15 14:00:00+00:00,2021-11-16 02:00:00+00:00,1,-0.000574905877693821,0.000827776720784601,-2.3718,1.6511,MEAN_CROSS,0.001402682598478422,1.885381,12
2021-11-16 06:00:00+00:00,2021-11-16 18:00:00+00:00,1,-0.0010119359847622356,-1.956839400796273e-05,-2.0031,0.7736,MEAN_CROSS,0.0009923675907542728,1.333866,12
2021-11-17 08:00:00+00:00,2021-11-17 20:00:00+00:00,-1,0.0009787424296253677,2.3277464001214554e-05,2.1764,0.326,MEAN_CROSS,0.0009554649656241532,1.284265,12
2021-11-18 02:00:00+00:00,2021-11-18 14:00:00+00:00,-1,0.0013159211599137466,-0.0005920714132533478,3.2925,-1.4274,MEAN_CROSS,0.0019079925731670944,2.564581,12
2021-11-18 15:00:00+00:00,2021-11-19 14:00:00+00:00,1,-0.0010605729997508195,0.0004615456753481739,-2.1653,0.9679,MEAN_CROSS,0.0015221186750989935,2.045918,23
2021-11-22 04:00:00+00:00,2021-11-22 16:00:00+00:00,-1,0.0008506108884148711,-0.0015322005482585332,2.3431,-2.2047,MEAN_CROSS,0.0023828114366734043,3.202797,12
2021-11-22 17:00:00+00:00,2021-11-23 07:00:00+00:00,1,-0.0015167638094260028,0.0005380242230477172,-2.0554,1.3606,MEAN_CROSS,0.00205478803247372,2.761893,14
2021-11-23 14:00:00+00:00,2021-11-24 02:00:00+00:00,-1,0.0009554256955849327,-0.001294168207484625,2.4294,-1.9286,MEAN_CROSS,0.0022495939030695578,3.023736,12
2021-11-24 03:00:00+00:00,2021-11-24 20:00:00+00:00,1,-0.001486972499725847,0.0003610562994412758,-2.1111,0.9636,MEAN_CROSS,0.001848028799167123,2.483982,17
2021-11-29 01:00:00+00:00,2021-11-29 13:00:00+00:00,-1,0.0007484483445101553,-0.0007747622970302181,2.1702,-2.1857,MEAN_CROSS,0.0015232106415403734,2.50205,12
2021-11-29 14:00:00+00:00,2021-11-30 02:00:00+00:00,1,-0.001132469904003841,0.00048575236539027955,-3.1765,0.7279,MEAN_CROSS,0.0016182222693941206,2.658117,12
2021-11-30 05:00:00+00:00,2021-11-30 18:00:00+00:00,1,-0.0021348096058643184,0.0005407039433414917,-3.5225,0.7042,MEAN_CROSS,0.00267551354920581,4.394841,13
2021-12-03 11:00:00+00:00,2021-12-06 00:00:00+00:00,-1,0.0007215526242231318,-0.00033469288897669536,2.1037,0.074,MEAN_CROSS,0.0010562455131998272,1.735006,13
2021-12-06 11:00:00+00:00,2021-12-06 23:00:00+00:00,-1,0.0009001186609566281,-0.0001465349593027243,2.184,-0.1704,MEAN_CROSS,0.0010466536202593524,1.71925,12
2021-12-07 05:00:00+00:00,2021-12-07 17:00:00+00:00,-1,0.0008245013204822849,-3.14382412693881e-05,2.1781,-0.4742,MEAN_CROSS,0.000855939561751673,1.40598,12
2021-12-08 02:00:00+00:00,2021-12-08 20:00:00+00:00,-1,0.0009836076750822098,0.0002898820332633001,2.0363,0.0353,MEAN_CROSS,0.0006937256418189097,1.139525,18
2021-12-09 11:00:00+00:00,2021-12-10 01:00:00+00:00,1,-0.0011298288044158111,0.00025175035650404354,-2.3167,0.8411,MEAN_CROSS,0.0013815791609198547,2.269404,14
2021-12-10 13:00:00+00:00,2021-12-13 01:00:00+00:00,-1,0.0012441819249155994,8.302935458570637e-05,3.4276,0.1176,MEAN_CROSS,0.001161152570329893,1.907328,12
2021-12-13 15:00:00+00:00,2021-12-14 06:00:00+00:00,1,-0.0014898761970350005,0.00045245889928691163,-3.1485,2.3423,MEAN_CROSS,0.0019423350963219121,3.19051,15
2021-12-14 07:00:00+00:00,2021-12-14 19:00:00+00:00,-1,0.0005535443542884488,-0.00048227557417179767,2.4026,-0.6613,MEAN_CROSS,0.0010358199284602465,1.701454,12
2021-12-15 19:00:00+00:00,2021-12-16 11:00:00+00:00,-1,0.001213875530578501,0.0008377279619805611,3.2385,0.4464,MEAN_CROSS,0.00037614756859793985,0.89443,16
2021-12-20 10:00:00+00:00,2021-12-20 22:00:00+00:00,-1,0.00015976746501622507,-0.0004409961717191102,2.0975,-0.4307,MEAN_CROSS,0.0006007636367353353,1.428538,12
2021-12-21 01:00:00+00:00,2021-12-21 13:00:00+00:00,-1,0.000942572363503591,0.00036451933158976324,3.4569,0.4295,MEAN_CROSS,0.0005780530319138277,1.374535,12
2021-12-22 00:00:00+00:00,2021-12-22 13:00:00+00:00,1,-0.0005558878905860265,0.001036675588884206,-2.1508,1.3007,MEAN_CROSS,0.0015925634794702326,3.78691,13
2021-12-22 15:00:00+00:00,2021-12-23 03:00:00+00:00,-1,0.0017401558975846942,6.023168885904706e-05,2.5525,-0.309,MEAN_CROSS,0.0016799242087256472,3.994642,12
2021-12-23 12:00:00+00:00,2021-12-24 08:00:00+00:00,1,-0.0011546677564843177,0.0006256148175094456,-2.7857,1.1088,MEAN_CROSS,0.0017802825739937633,4.233281,20
2021-12-27 08:00:00+00:00,2021-12-27 20:00:00+00:00,1,-0.0008861802463506763,0.00028806423759575317,-2.8672,0.8495,MEAN_CROSS,0.0011742444839464294,2.792201,12
2021-12-28 15:00:00+00:00,2021-12-29 03:00:00+00:00,1,-0.0012797502344443767,0.0004503308164439668,-3.3957,1.2473,MEAN_CROSS,0.0017300810508883435,4.113909,12
2021-12-29 14:00:00+00:00,2021-12-30 03:00:00+00:00,-1,0.0011491941693388963,4.043989297575212e-05,2.6383,-0.4117,MEAN_CROSS,0.0011087542763631442,2.636474,13
2021-12-30 06:00:00+00:00,2021-12-31 06:00:00+00:00,1,-0.0009625156427571779,0.000417879553373135,-2.196,0.8567,MEAN_CROSS,0.001380395196130313,3.282401,24
2022-01-03 13:00:00+00:00,2022-01-04 02:00:00+00:00,1,-0.0016654930921107258,9.296044658224645e-05,-4.1189,0.6655,MEAN_CROSS,0.0017584535386929723,4.181375,13
2022-01-05 19:00:00+00:00,2022-01-06 10:00:00+00:00,1,-0.0020177098100249147,0.0011912853614420849,-4.4332,1.9864,MEAN_CROSS,0.0032089951714669995,3.506986,15
2022-01-07 14:00:00+00:00,2022-01-10 02:00:00+00:00,-1,0.0011327116712345209,-0.00014034264327655865,2.986,-0.7755,MEAN_CROSS,0.0012730543145110795,1.391272,12
2022-01-10 12:00:00+00:00,2022-01-11 00:00:00+00:00,1,-0.0009001108444076644,0.0005442306330624147,-2.304,1.1881,MEAN_CROSS,0.0014443414774700791,1.578465,12
2022-01-11 16:00:00+00:00,2022-01-12 04:00:00+00:00,-1,0.0010742699950937462,0.0001369767414397538,2.1794,-0.0777,MEAN_CROSS,0.0009372932536539924,1.024331,12
2022-01-12 13:00:00+00:00,2022-01-13 01:00:00+00:00,-1,0.0019710955075685765,-0.0002561431483694143,3.5732,-0.8809,MEAN_CROSS,0.002227238655937991,2.434063,12
2022-01-14 12:00:00+00:00,2022-01-17 02:00:00+00:00,1,-0.001053855253219993,0.00011777570906457147,-2.0293,1.0602,MEAN_CROSS,0.0011716309622845644,1.28043,14
2022-01-17 07:00:00+00:00,2022-01-17 19:00:00+00:00,-1,0.000936394876779878,-0.0001702660403035683,2.2707,0.2118,MEAN_CROSS,0.0011066609170834463,1.209427,12
2022-01-18 03:00:00+00:00,2022-01-18 19:00:00+00:00,1,-0.00195023534140093,0.0004478522073746438,-5.1845,1.4615,MEAN_CROSS,0.0023980875487755737,2.620777,16
2022-01-20 13:00:00+00:00,2022-01-21 01:00:00+00:00,-1,0.0013092375366442477,-0.0013187097630361633,2.9529,-1.4857,MEAN_CROSS,0.002627947299680411,2.871981,12
2022-01-24 18:00:00+00:00,2022-01-25 06:00:00+00:00,-1,0.0006044071097468517,-0.0003485668240470474,2.1513,-0.2038,MEAN_CROSS,0.0009529739337938992,2.222917,12
2022-01-25 18:00:00+00:00,2022-01-26 06:00:00+00:00,-1,0.0010796865810465128,-0.00020781626649746254,2.1245,-0.2672,MEAN_CROSS,0.0012875028475439754,3.003243,12
2022-01-26 19:00:00+00:00,2022-01-27 08:00:00+00:00,1,-0.001512494604703818,0.0007203119295281502,-4.1039,1.7164,MEAN_CROSS,0.002232806534231968,5.208268,13
2022-01-28 13:00:00+00:00,2022-01-31 10:00:00+00:00,-1,0.001030215983494176,-0.00012540826423257379,2.192,-0.1588,MEAN_CROSS,0.0011556242477267498,2.695621,21
2022-02-02 03:00:00+00:00,2022-02-03 01:00:00+00:00,1,-0.000623723693357725,0.000388155442665572,-2.2549,0.79,MEAN_CROSS,0.001011879136023297,2.36032,22
2022-02-03 08:00:00+00:00,2022-02-03 20:00:00+00:00,-1,0.0008382698771702835,-0.00010364980480626063,2.0501,-0.3341,MEAN_CROSS,0.0009419196819765441,2.197132,12
2022-02-04 07:00:00+00:00,2022-02-04 19:00:00+00:00,1,-0.0010031783103943148,0.00030333162817375303,-2.7875,0.5464,MEAN_CROSS,0.0013065099385680679,3.047579,12
2022-02-09 10:00:00+00:00,2022-02-09 22:00:00+00:00,-1,0.00157328673603907,-0.00030024371446479847,4.4849,-1.4928,MEAN_CROSS,0.0018735304505038686,4.370217,12
2022-02-10 13:00:00+00:00,2022-02-11 08:00:00+00:00,1,-0.0020728593121962513,0.0007012138208881691,-5.0086,0.9506,MEAN_CROSS,0.0027740731330844204,6.470832,19
2022-02-11 19:00:00+00:00,2022-02-14 12:00:00+00:00,1,-0.0024423170780195624,0.0009315075014829644,-2.0815,1.2999,MEAN_CROSS,0.003373824579502527,3.126008,17
2022-02-15 08:00:00+00:00,2022-02-15 20:00:00+00:00,-1,0.0013659703654920197,0.00020984765654030735,2.2587,0.086,MEAN_CROSS,0.0011561227089517123,1.071202,12
2022-02-16 19:00:00+00:00,2022-02-17 08:00:00+00:00,-1,0.0013567075526649264,0.00048270106493708553,2.0855,0.2731,MEAN_CROSS,0.0008740064877278408,0.809808,13
2022-02-18 15:00:00+00:00,2022-02-21 03:00:00+00:00,1,-0.0012607144800363956,0.0009003522185411228,-2.9906,1.4746,MEAN_CROSS,0.0021610666985775184,2.00233,12
2022-02-22 10:00:00+00:00,2022-02-22 22:00:00+00:00,-1,0.0014193899357927142,-0.00011730482533567343,3.1784,-0.3647,MEAN_CROSS,0.0015366947611283877,1.42382,12
2022-02-23 01:00:00+00:00,2022-02-23 14:00:00+00:00,-1,0.0020203539537014814,-0.0003152301742230801,3.3514,-1.3774,MEAN_CROSS,0.0023355841279245615,2.164029,13
2022-02-23 15:00:00+00:00,2022-02-24 15:00:00+00:00,1,-0.0011940042227981396,-0.003411746119398873,-2.6722,-3.5737,STOP_LOSS,-0.0022177418966007334,-2.054843,24
2022-02-24 18:00:00+00:00,2022-02-25 07:00:00+00:00,-1,0.001085580398444752,0.0002219050943071954,2.1822,0.4655,MEAN_CROSS,0.0008636753041375567,0.800236,13
2022-02-27 22:00:00+00:00,2022-02-28 10:00:00+00:00,1,-0.0036605098775003286,0.0020139267009415818,-6.1064,1.7172,MEAN_CROSS,0.00567443657844191,5.257633,12
2022-03-01 16:00:00+00:00,2022-03-02 11:00:00+00:00,1,-0.0011513962939551092,0.0004259322335421478,-2.2061,0.7129,MEAN_CROSS,0.001577328527497257,1.461469,19
2022-03-02 15:00:00+00:00,2022-03-03 06:00:00+00:00,1,-0.0014721665025132502,0.0006474230607416143,-2.8881,0.8718,MEAN_CROSS,0.0021195895632548645,1.9639,15
2022-03-04 00:00:00+00:00,2022-03-04 15:00:00+00:00,1,-0.0018456861484388298,0.0006303438892459878,-3.9788,0.5318,MEAN_CROSS,0.0024760300376848177,4.082377,15
2022-03-07 01:00:00+00:00,2022-03-07 13:00:00+00:00,-1,0.0031861248373269424,-0.001411943486783973,3.6346,-2.0868,MEAN_CROSS,0.0045980683241109155,7.581107,12
2022-03-07 14:00:00+00:00,2022-03-08 08:00:00+00:00,1,-0.002366756957611349,0.00013876419956071473,-2.8788,0.6791,MEAN_CROSS,0.0025055211571720637,4.131001,18
2022-03-09 08:00:00+00:00,2022-03-09 20:00:00+00:00,-1,0.001265124304783094,0.0002762241846540059,2.2497,0.3585,MEAN_CROSS,0.0009889001201290881,1.630458,12
2022-03-10 01:00:00+00:00,2022-03-10 15:00:00+00:00,1,-0.0012772528833151497,0.001128454674888535,-2.3734,1.6397,MEAN_CROSS,0.0024057075582036846,3.966432,14
2022-03-11 16:00:00+00:00,2022-03-14 04:00:00+00:00,1,-0.001620835064877979,0.00013933323977910472,-3.3567,1.0458,MEAN_CROSS,0.0017601683046570837,2.902094,13
2022-03-14 09:00:00+00:00,2022-03-14 21:00:00+00:00,-1,0.0007835022889488563,-0.00046748396231721667,2.1331,0.093,MEAN_CROSS,0.001250986251266073,2.062575,12
2022-03-15 07:00:00+00:00,2022-03-15 20:00:00+00:00,-1,0.0009524861312452115,0.000197347324164876,2.0973,0.3997,MEAN_CROSS,0.0007551388070803355,1.245042,13
2022-03-16 19:00:00+00:00,2022-03-17 07:00:00+00:00,-1,0.002116680381520575,0.0005683848151102344,2.7549,0.0817,MEAN_CROSS,0.0015482955664103404,2.552766,12
2022-03-17 15:00:00+00:00,2022-03-18 03:00:00+00:00,-1,0.002215527587147381,-0.00013798997119263134,3.3809,-0.82,MEAN_CROSS,0.0023535175583400125,3.880384,12
2022-03-22 08:00:00+00:00,2022-03-22 20:00:00+00:00,-1,0.0021662859566512482,0.0006421342844826761,5.4998,0.289,MEAN_CROSS,0.0015241516721685722,2.512959,12
2022-03-24 14:00:00+00:00,2022-03-25 02:00:00+00:00,-1,0.0012804445992132818,9.90964902506386e-05,2.3947,0.3129,MEAN_CROSS,0.0011813481089626432,1.809514,12
2022-03-28 13:00:00+00:00,2022-03-29 01:00:00+00:00,1,-0.0017808400778134281,0.0004895778012641294,-3.5001,1.7703,MEAN_CROSS,0.0022704178790775575,3.477682,12
2022-03-29 11:00:00+00:00,2022-03-29 23:00:00+00:00,-1,0.0009880098766766876,0.0003354322568281942,2.1683,0.2107,MEAN_CROSS,0.0006525776198484934,0.999577,12
2022-03-30 15:00:00+00:00,2022-03-31 13:00:00+00:00,1,-0.00042960704068450983,0.0005520935788483339,-2.417,1.3548,MEAN_CROSS,0.0009817006195328437,1.503707,22
2022-04-01 08:00:00+00:00,2022-04-03 21:00:00+00:00,-1,0.0010074400278402562,9.84794924741017e-05,2.9446,0.4324,MEAN_CROSS,0.0009089605353661545,1.392288,13
2022-04-05 04:00:00+00:00,2022-04-05 16:00:00+00:00,-1,0.0018449891887759584,-0.0018504018113996157,3.2529,-2.2201,MEAN_CROSS,0.003695391000175574,5.660365,12
2022-04-07 17:00:00+00:00,2022-04-08 06:00:00+00:00,-1,0.00041846798966249654,-0.000200141459949843,2.484,-0.0223,MEAN_CROSS,0.0006186094496123395,0.947547,13
2022-04-08 07:00:00+00:00,2022-04-08 20:00:00+00:00,1,-0.0014851195148453122,0.0005762979231971332,-3.9829,1.5961,MEAN_CROSS,0.0020614174380424455,3.157548,13
2022-04-13 04:00:00+00:00,2022-04-13 16:00:00+00:00,1,-0.002313172194736368,0.0006603524533046468,-3.4403,0.8779,MEAN_CROSS,0.002973524648041015,4.263033,12
2022-04-14 15:00:00+00:00,2022-04-15 08:00:00+00:00,1,-0.001519018304923292,0.00026866753690346634,-2.03,0.793,MEAN_CROSS,0.0017876858418267583,2.562939,17
2022-04-17 22:00:00+00:00,2022-04-18 11:00:00+00:00,-1,0.00043759620687600087,-0.00022689579872225973,2.1836,0.0095,MEAN_CROSS,0.0006644920055982606,0.952658,13
2022-04-19 07:00:00+00:00,2022-04-19 19:00:00+00:00,-1,0.0009790189446980957,0.00011678598159625686,2.2889,0.2427,MEAN_CROSS,0.0008622329631018388,1.236152,12
2022-04-20 01:00:00+00:00,2022-04-20 13:00:00+00:00,-1,0.0012440995029253665,0.00015372666019963788,2.1666,-0.2584,MEAN_CROSS,0.0010903728427257287,1.563227,12
2022-04-20 22:00:00+00:00,2022-04-22 10:00:00+00:00,1,-0.002141492425454583,-9.267332857454402e-05,-5.4839,0.7132,MEAN_CROSS,0.002048819096880039,2.937316,36
2022-04-22 14:00:00+00:00,2022-04-25 07:00:00+00:00,1,-0.0021885399073342526,0.001536753689860837,-2.3613,4.0183,MEAN_CROSS,0.0037252935971950896,5.340816,17
2022-04-25 08:00:00+00:00,2022-04-25 22:00:00+00:00,-1,0.000891658087676106,0.00011256833472439443,2.245,0.4023,MEAN_CROSS,0.0007790897529517116,1.116952,14
2022-04-26 12:00:00+00:00,2022-04-27 04:00:00+00:00,1,-0.000988523464587221,0.00085689616758855,-2.0009,1.5975,MEAN_CROSS,0.001845419632175771,2.64571,16
2022-04-27 14:00:00+00:00,2022-04-28 06:00:00+00:00,1,-0.002167145234166501,0.00026097747371944813,-2.624,0.813,MEAN_CROSS,0.002428122707885949,3.48111,16
2022-04-28 07:00:00+00:00,2022-04-28 21:00:00+00:00,-1,0.0016524513012076136,0.00010519864362434905,2.5973,0.4982,MEAN_CROSS,0.0015472526575832646,2.218239,14
2022-04-29 14:00:00+00:00,2022-05-02 06:00:00+00:00,1,-0.002172794968010594,0.0004660821743330823,-2.7427,0.7942,MEAN_CROSS,0.0026388771423436763,3.783261,16
2022-05-03 00:00:00+00:00,2022-05-03 13:00:00+00:00,-1,0.0019510094211718787,0.00018185730739406214,3.2132,0.1941,MEAN_CROSS,0.0017691521137778166,1.996304,13
2022-05-04 13:00:00+00:00,2022-05-05 01:00:00+00:00,1,-0.0009784875542908633,0.0012168880609798594,-2.1018,0.538,MEAN_CROSS,0.0021953756152707227,2.477253,12
2022-05-05 14:00:00+00:00,2022-05-06 03:00:00+00:00,1,-0.0026035846702258114,0.0001388255877838862,-2.0362,0.5012,MEAN_CROSS,0.0027424102580096976,3.094525,13
2022-05-09 00:00:00+00:00,2022-05-09 12:00:00+00:00,1,-0.0016432266110318894,0.0008340068185254124,-2.4628,1.6535,MEAN_CROSS,0.0024772334295573017,2.7953,12
2022-05-10 00:00:00+00:00,2022-05-10 17:00:00+00:00,1,-0.0021051200992919794,0.000748236972175742,-2.7948,1.3101,MEAN_CROSS,0.0028533570714677214,3.219717,17
2022-05-11 12:00:00+00:00,2022-05-12 12:00:00+00:00,1,-0.0027642473422241354,0.0006520723117648952,-4.0118,0.8989,MEAN_CROSS,0.0034163196539890306,3.854962,24
2022-05-13 14:00:00+00:00,2022-05-16 02:00:00+00:00,-1,0.0013964632688765466,-0.0022144225913339755,2.52,-3.8994,MEAN_CROSS,0.003610885860210522,4.074509,12
2022-05-16 03:00:00+00:00,2022-05-16 17:00:00+00:00,1,-0.0016401753409589492,0.0007584413281442881,-2.3547,0.5397,MEAN_CROSS,0.0023986166691032373,2.70659,14
2022-05-17 13:00:00+00:00,2022-05-18 05:00:00+00:00,1,-0.00048747467466270233,0.001011844345888857,-2.1664,1.5166,MEAN_CROSS,0.0014993190205515594,1.691826,16
2022-05-18 13:00:00+00:00,2022-05-19 01:00:00+00:00,1,-0.0011452780513531158,-3.907981484863043e-06,-2.368,0.5188,MEAN_CROSS,0.0011413700698682527,1.287918,12
2022-05-19 02:00:00+00:00,2022-05-19 16:00:00+00:00,-1,0.0017171631407201238,0.00047692515487218756,2.8391,0.4578,MEAN_CROSS,0.0012402379858479362,1.39948,14
2022-05-23 00:00:00+00:00,2022-05-23 12:00:00+00:00,-1,0.0022839435830604993,-0.0006299368756402801,2.949,-1.5176,MEAN_CROSS,0.0029138804587007794,3.546012,12
2022-05-24 19:00:00+00:00,2022-05-25 07:00:00+00:00,-1,0.0010170652742449438,-0.0009318723830622488,2.3155,-1.076,MEAN_CROSS,0.0019489376573071926,2.371737,12
2022-05-27 01:00:00+00:00,2022-05-27 14:00:00+00:00,-1,0.0015684889167977278,0.00019904173296458882,2.602,-0.2222,MEAN_CROSS,0.001369447183833139,1.666533,13
2022-05-30 12:00:00+00:00,2022-05-31 12:00:00+00:00,1,-0.0006135329356204977,-0.0020610942360919093,-2.225,-3.9834,STOP_LOSS,-0.0014475613004714116,-1.761593,24
2022-06-01 12:00:00+00:00,2022-06-02 00:00:00+00:00,-1,0.0015173269143540224,-2.8668294265843386e-05,2.772,0.1836,MEAN_CROSS,0.0015459952086198658,1.881381,12
2022-06-03 10:00:00+00:00,2022-06-06 02:00:00+00:00,1,-0.0007661331450822262,-5.3812887314763636e-05,-2.0314,0.5036,MEAN_CROSS,0.0007123202577674626,0.86685,16
2022-06-06 07:00:00+00:00,2022-06-06 19:00:00+00:00,-1,0.0009637336469502378,-0.00016568990108833948,3.3103,-0.0667,MEAN_CROSS,0.0011294235480385773,1.374439,12
2022-06-07 05:00:00+00:00,2022-06-07 17:00:00+00:00,1,-0.0015340657489115728,0.00024146284435799803,-2.4668,0.6171,MEAN_CROSS,0.0017755285932695708,2.160709,12
2022-06-07 18:00:00+00:00,2022-06-08 06:00:00+00:00,-1,0.0013569007491838203,-0.000470590784097058,2.1588,-0.4366,MEAN_CROSS,0.0018274915332808783,2.223944,12
2022-06-10 05:00:00+00:00,2022-06-10 17:00:00+00:00,-1,0.0012821198586135951,-0.0007993686360084906,2.5136,-0.4566,MEAN_CROSS,0.0020814884946220857,3.408138,12
2022-06-14 05:00:00+00:00,2022-06-14 17:00:00+00:00,-1,0.001050631685732828,-0.0005677767950624801,2.1144,-0.1928,MEAN_CROSS,0.001618408480795308,2.649911,12
2022-06-15 19:00:00+00:00,2022-06-16 07:00:00+00:00,-1,0.0020838304618761017,-0.003675166703291488,3.426,-5.9427,MEAN_CROSS,0.00575899716516759,9.42953,12
2022-06-16 15:00:00+00:00,2022-06-17 03:00:00+00:00,-1,0.0027434326584384605,-0.0007610410350660235,2.5413,-0.6373,MEAN_CROSS,0.003504473693504484,5.738072,12
2022-06-21 07:00:00+00:00,2022-06-21 19:00:00+00:00,-1,0.001210501306308509,-0.0005174223444687209,2.355,-0.8583,MEAN_CROSS,0.00172792365077723,2.829227,12
2022-06-21 23:00:00+00:00,2022-06-22 12:00:00+00:00,1,-0.0012091981236634908,0.0002112587776773589,-2.2539,0.9068,MEAN_CROSS,0.0014204569013408497,2.325794,13
2022-06-22 13:00:00+00:00,2022-06-23 01:00:00+00:00,-1,0.0014943024464741939,-0.0010916384174853855,2.5156,-0.7696,MEAN_CROSS,0.0025859408639595793,4.234107,12
2022-06-23 13:00:00+00:00,2022-06-24 02:00:00+00:00,-1,0.0014584046076382418,5.409472304840346e-05,2.049,0.0922,MEAN_CROSS,0.0014043098845898383,2.299356,13
2022-06-24 11:00:00+00:00,2022-06-27 05:00:00+00:00,1,-0.0011056991184861253,0.0005828857405699717,-2.3827,0.788,MEAN_CROSS,0.001688584859056097,2.764815,18
2022-06-28 06:00:00+00:00,2022-06-28 18:00:00+00:00,-1,0.0007287261349741003,-0.0009554572887793267,2.0704,-1.3277,MEAN_CROSS,0.001684183423753427,2.757608,12
2022-06-29 01:00:00+00:00,2022-06-29 13:00:00+00:00,-1,0.0005779491243991242,-0.0010604395813273992,2.1054,-1.012,MEAN_CROSS,0.0016383887057265234,2.682626,12
2022-06-30 08:00:00+00:00,2022-06-30 20:00:00+00:00,-1,0.0009808972503166924,1.0374094951970392e-06,2.0012,-0.3202,MEAN_CROSS,0.0009798598408214954,1.583953,12
2022-07-01 02:00:00+00:00,2022-07-01 14:00:00+00:00,1,-0.0010757928183259269,0.0005786424685393365,-2.3727,0.9198,MEAN_CROSS,0.0016544352868652634,2.674412,12
2022-07-04 13:00:00+00:00,2022-07-05 01:00:00+00:00,1,-0.0010667938858518466,0.0005845284078099811,-2.0347,0.6986,MEAN_CROSS,0.0016513222936618277,2.669379,12
2022-07-05 07:00:00+00:00,2022-07-05 19:00:00+00:00,1,-0.0019329794146126789,0.001232145467154666,-2.8959,1.9984,MEAN_CROSS,0.003165124881767345,5.116457,12
2022-07-06 14:00:00+00:00,2022-07-07 02:00:00+00:00,1,-0.0020218896811458054,0.0014021891908284623,-2.2034,2.1951,MEAN_CROSS,0.0034240788719742676,5.535058,12
2022-07-08 12:00:00+00:00,2022-07-11 15:00:00+00:00,1,-0.0012335827734594185,0.0004616464752128513,-3.2597,0.7477,MEAN_CROSS,0.0016952292486722698,2.740355,27
2022-07-12 12:00:00+00:00,2022-07-13 00:00:00+00:00,-1,0.0009520031188063882,-0.00024439358298555813,2.038,-0.6604,MEAN_CROSS,0.0011963967017919463,1.933987,12
2022-07-13 12:00:00+00:00,2022-07-14 02:00:00+00:00,1,-0.002377838282507372,0.00042380900756333606,-6.5053,0.6989,MEAN_CROSS,0.002801647290070708,4.528891,14
2022-07-14 15:00:00+00:00,2022-07-15 03:00:00+00:00,-1,0.0020077498022101903,-2.1353778723032235e-06,2.5399,-0.0221,MEAN_CROSS,0.0020098851800824935,3.249,12
2022-07-17 23:00:00+00:00,2022-07-18 11:00:00+00:00,-1,0.0017805110316508888,-0.00033449056970136226,3.1585,-0.7906,MEAN_CROSS,0.002115001601352251,3.418922,12
2022-07-20 17:00:00+00:00,2022-07-21 12:00:00+00:00,1,-0.001037893786090538,0.0010088063185339502,-2.0574,2.4529,MEAN_CROSS,0.002046700104624488,2.825142,19
2022-07-21 19:00:00+00:00,2022-07-22 07:00:00+00:00,-1,0.001083367839450844,0.00017594535263310007,2.1419,0.2731,MEAN_CROSS,0.0009074224868177438,1.252552,12
2022-07-22 13:00:00+00:00,2022-07-25 01:00:00+00:00,-1,0.001968625336121632,-0.00021320331315299867,2.3446,-0.2744,MEAN_CROSS,0.002181828649274631,3.011665,12
2022-07-26 09:00:00+00:00,2022-07-26 21:00:00+00:00,1,-0.0011259591254206835,6.113064128465684e-05,-2.4948,0.6641,MEAN_CROSS,0.0011870897667053404,1.638588,12
2022-07-27 18:00:00+00:00,2022-07-28 08:00:00+00:00,-1,0.002963712271684904,0.0005732654295589334,8.1619,0.4381,MEAN_CROSS,0.0023904468421259706,3.299629,14
2022-07-29 08:00:00+00:00,2022-08-01 02:00:00+00:00,1,-0.0007250584525385628,0.0007073335074302411,-2.2565,0.8688,MEAN_CROSS,0.001432391959968804,1.977188,18
2022-08-02 04:00:00+00:00,2022-08-02 16:00:00+00:00,1,-0.0009916267039952187,0.00026215003531715464,-2.4616,0.6239,MEAN_CROSS,0.0012537767393123733,1.730638,12
2022-08-02 22:00:00+00:00,2022-08-03 11:00:00+00:00,1,-0.002178763245075044,0.0008067513631828671,-3.5131,1.3524,MEAN_CROSS,0.002985514608257911,4.121025,13
2022-08-04 11:00:00+00:00,2022-08-05 05:00:00+00:00,1,-0.0008303731432969252,0.0004158405137785204,-3.2204,0.7007,MEAN_CROSS,0.0012462136570754456,1.720199,18
2022-08-05 12:00:00+00:00,2022-08-08 01:00:00+00:00,1,-0.0034138891036664676,0.0006453779760567935,-6.9088,1.2623,MEAN_CROSS,0.004059267079723261,5.603169,13
2022-08-10 08:00:00+00:00,2022-08-10 20:00:00+00:00,-1,0.0010076887860088757,-0.0004559165702803236,3.0868,-1.0135,MEAN_CROSS,0.0014636053562891993,1.608001,12
2022-08-12 03:00:00+00:00,2022-08-12 15:00:00+00:00,-1,0.001283578258437723,4.349206054432564e-05,2.0525,-0.1699,MEAN_CROSS,0.0012400861978933975,1.36243,12
2022-08-15 02:00:00+00:00,2022-08-15 14:00:00+00:00,1,-0.0012596646238842713,0.0003964297914560433,-2.5171,1.2272,MEAN_CROSS,0.0016560944153403145,1.81948,12
2022-08-17 04:00:00+00:00,2022-08-17 16:00:00+00:00,-1,0.0009856518485080734,-0.00015804164971522372,2.0164,0.1718,MEAN_CROSS,0.0011436934982232971,1.256527,12
2022-08-18 09:00:00+00:00,2022-08-18 21:00:00+00:00,-1,0.0015445846933612728,-0.00015556589121790143,2.597,-0.0817,MEAN_CROSS,0.0017001505845791742,1.867883,12
2022-08-22 02:00:00+00:00,2022-08-22 14:00:00+00:00,-1,0.0011924038715676044,-0.0005717402811035166,2.9146,-0.4717,MEAN_CROSS,0.001764144152671121,1.93819,12
2022-08-23 13:00:00+00:00,2022-08-24 01:00:00+00:00,-1,0.0016421842418975485,-0.0010311358970674922,3.4184,-2.0071,MEAN_CROSS,0.0026733201389650407,2.937063,12
2022-08-25 08:00:00+00:00,2022-08-25 21:00:00+00:00,-1,0.0014307923727757688,-0.0002487865855702598,2.3696,-0.9788,MEAN_CROSS,0.0016795789583460285,1.845282,13
2022-08-26 00:00:00+00:00,2022-08-26 12:00:00+00:00,1,-0.0009203685924659144,0.00056012159237806,-2.098,1.1044,MEAN_CROSS,0.0014804901848439744,1.626551,12
2022-08-29 12:00:00+00:00,2022-08-30 00:00:00+00:00,-1,0.0017665757918993163,-0.0002818325221972673,2.5699,-0.3686,MEAN_CROSS,0.0020484083140965836,2.556549,12
2022-08-30 08:00:00+00:00,2022-08-30 20:00:00+00:00,-1,0.0025060744432334747,-0.0003910475698557514,3.4336,-0.5892,MEAN_CROSS,0.002897122013089226,3.615799,12
2022-09-01 11:00:00+00:00,2022-09-02 00:00:00+00:00,-1,0.0007211211688525898,-0.00024952743416739587,2.129,-0.102,MEAN_CROSS,0.0009706486030199857,1.211433,13
2022-09-02 08:00:00+00:00,2022-09-02 20:00:00+00:00,-1,0.001126882610422597,-0.00013849517718467208,2.7134,-0.3082,MEAN_CROSS,0.0012653777876072692,1.579275,12
2022-09-06 00:00:00+00:00,2022-09-06 12:00:00+00:00,-1,0.0012996763785996235,-0.0006562199755798526,3.4645,-1.1361,MEAN_CROSS,0.001955896354179476,2.441088,12
2022-09-07 08:00:00+00:00,2022-09-07 22:00:00+00:00,-1,0.0005593598571739244,6.291561651361466e-05,2.0352,0.1493,MEAN_CROSS,0.0004964442406603098,0.619595,14
2022-09-09 11:00:00+00:00,2022-09-12 05:00:00+00:00,1,-0.0013371014093780387,0.0004825319112314874,-2.2133,0.5953,MEAN_CROSS,0.001819633320609526,2.271022,18
2022-09-13 12:00:00+00:00,2022-09-14 00:00:00+00:00,1,-0.004767468787447049,0.000355617849397194,-9.0315,0.8661,MEAN_CROSS,0.005123086636844243,6.39395,12
2022-09-16 03:00:00+00:00,2022-09-18 21:00:00+00:00,-1,0.0008887803500551295,-0.0002148920350381056,2.0379,-0.3423,MEAN_CROSS,0.001103672385093235,1.673158,18
2022-09-20 09:00:00+00:00,2022-09-20 22:00:00+00:00,1,-0.0015156638623866625,2.6907649614438256e-05,-2.4602,0.6108,MEAN_CROSS,0.0015425715120011008,2.338525,13
2022-09-21 07:00:00+00:00,2022-09-21 19:00:00+00:00,-1,0.0006665982898677036,-0.001714544199469037,2.4752,-3.6342,MEAN_CROSS,0.0023811424893367406,3.609792,12
2022-09-21 20:00:00+00:00,2022-09-22 08:00:00+00:00,1,-0.001461548299671711,0.0038013871920768993,-2.4711,4.4722,MEAN_CROSS,0.00526293549174861,7.978566,12
2022-09-22 10:00:00+00:00,2022-09-22 22:00:00+00:00,-1,0.00232948170893843,-0.0002633901052127019,2.02,-0.1809,MEAN_CROSS,0.002592871814151132,3.930772,12
2022-09-26 00:00:00+00:00,2022-09-26 12:00:00+00:00,1,-0.002704649259780645,0.00046071507799538836,-3.633,1.2435,MEAN_CROSS,0.003165364337776033,4.798666,12
2022-09-26 15:00:00+00:00,2022-09-27 04:00:00+00:00,1,-0.002767381602636787,0.0004474831734366802,-2.7679,0.6253,MEAN_CROSS,0.003214864776073467,4.873708,13
2022-09-28 02:00:00+00:00,2022-09-28 14:00:00+00:00,1,-0.002343651035368599,0.0005418012222800916,-2.3019,0.9735,MEAN_CROSS,0.0028854522576486907,4.374321,12
2022-09-28 15:00:00+00:00,2022-09-29 03:00:00+00:00,-1,0.0018284207998768842,-0.0004124768545870072,2.2413,-0.4855,MEAN_CROSS,0.0022408976544638914,3.397182,12
2022-09-30 10:00:00+00:00,2022-10-02 22:00:00+00:00,1,-0.0015462622345461252,0.0002751515770765822,-2.3736,0.7706,MEAN_CROSS,0.0018214138116227074,2.761248,12
2022-10-03 01:00:00+00:00,2022-10-03 19:00:00+00:00,-1,0.0015617901655249344,0.000678291729903413,2.0936,0.244,MEAN_CROSS,0.0008834984356215214,1.339376,18
2022-10-04 04:00:00+00:00,2022-10-05 01:00:00+00:00,1,-0.00101843673105384,0.002465234282788109,-2.0725,3.1419,MEAN_CROSS,0.003483671013841949,5.281216,21
2022-10-05 18:00:00+00:00,2022-10-06 06:00:00+00:00,-1,0.0019233191550794837,-0.0015972983590175627,2.3689,-1.8789,MEAN_CROSS,0.0035206175140970464,4.150936,12
2022-10-06 07:00:00+00:00,2022-10-07 01:00:00+00:00,1,-0.0020391635424670262,0.0008762420743790855,-2.1339,0.8768,MEAN_CROSS,0.0029154056168461118,3.437369,18
2022-10-10 14:00:00+00:00,2022-10-11 05:00:00+00:00,1,-0.0016102684967943537,0.00022509216217747596,-2.2058,0.6391,MEAN_CROSS,0.0018353606589718297,2.163957,15
2022-10-11 10:00:00+00:00,2022-10-11 22:00:00+00:00,-1,0.0011802935665029546,-0.00014136855872748377,2.1706,-0.2351,MEAN_CROSS,0.0013216621252304384,1.558288,12
2022-10-13 09:00:00+00:00,2022-10-13 21:00:00+00:00,-1,0.0011682270285788832,0.0002648166663538065,2.0912,-0.0191,MEAN_CROSS,0.0009034103622250766,1.065154,12
2022-10-14 14:00:00+00:00,2022-10-17 02:00:00+00:00,1,-0.002521253826489711,0.0006661979000702756,-2.1129,0.9008,MEAN_CROSS,0.0031874517265599867,3.758121,12
2022-10-18 04:00:00+00:00,2022-10-18 16:00:00+00:00,-1,0.0019593650281436448,8.082082383553679e-05,3.0358,-0.3345,MEAN_CROSS,0.001878544204308108,2.214872,12
2022-10-20 01:00:00+00:00,2022-10-20 13:00:00+00:00,1,-0.0014143469129178632,0.0010116453598161268,-3.062,1.0542,MEAN_CROSS,0.00242599227273399,2.860333,12
2022-10-20 14:00:00+00:00,2022-10-21 02:00:00+00:00,-1,0.002183314275248982,4.899460191998273e-07,2.4249,-0.0028,MEAN_CROSS,0.002182824329229782,2.573629,12
2022-10-21 13:00:00+00:00,2022-10-24 01:00:00+00:00,-1,0.0027829008136524003,-0.0005773376805339181,3.2007,-0.8952,MEAN_CROSS,0.0033602384941863184,3.961843,12
2022-10-27 04:00:00+00:00,2022-10-27 16:00:00+00:00,-1,0.0015887667715474008,0.00044047993008111685,2.1889,0.2207,MEAN_CROSS,0.001148286841466284,1.41469,12
2022-10-28 02:00:00+00:00,2022-10-28 14:00:00+00:00,-1,0.001823351996187661,0.00033701093386917513,2.0358,0.3905,MEAN_CROSS,0.0014863410623184858,1.831173,12
2022-11-01 02:00:00+00:00,2022-11-01 14:00:00+00:00,-1,0.0013039699955269546,-0.0018852858955172858,2.1638,-3.8877,MEAN_CROSS,0.0031892558910442403,3.929166,12
2022-11-02 19:00:00+00:00,2022-11-03 13:00:00+00:00,1,-0.0013438637845264445,6.896025433844599e-05,-2.4324,0.6667,MEAN_CROSS,0.0014128240388648905,1.7406,18
2022-11-03 14:00:00+00:00,2022-11-04 06:00:00+00:00,-1,0.0016217568611440747,0.0003742845857724886,3.5341,0.4623,MEAN_CROSS,0.0012474722753715861,1.536887,16
2022-11-04 12:00:00+00:00,2022-11-07 01:00:00+00:00,-1,0.0018608754125325477,-0.0006140873842707117,2.5516,-1.194,MEAN_CROSS,0.0024749627968032595,3.049156,12
2022-11-08 07:00:00+00:00,2022-11-09 23:00:00+00:00,1,-0.0010089729028411876,-8.46359890926962e-05,-2.5471,0.839,MEAN_CROSS,0.0009243369137484914,1.138784,40
2022-11-10 13:00:00+00:00,2022-11-11 01:00:00+00:00,-1,0.003620514297732358,-0.0005288964910834526,7.0543,-0.7062,MEAN_CROSS,0.0041494107888158105,5.112078,12
2022-11-13 22:00:00+00:00,2022-11-14 13:00:00+00:00,1,-0.002156240052665015,0.0004976000778436074,-3.8263,1.1129,MEAN_CROSS,0.0026538401305086223,3.269533,15
2022-11-15 07:00:00+00:00,2022-11-15 19:00:00+00:00,-1,0.0017326085125377588,0.0004862067760361688,2.8488,0.0699,MEAN_CROSS,0.00124640173650159,1.991495,12
2022-11-16 00:00:00+00:00,2022-11-17 06:00:00+00:00,1,-0.0013355164651334128,0.0006424463561480742,-2.4514,1.5516,MEAN_CROSS,0.001977962821281487,3.160379,30
2022-11-17 10:00:00+00:00,2022-11-17 23:00:00+00:00,1,-0.0017064520919630732,0.0004856708518135022,-3.2558,0.562,MEAN_CROSS,0.0021921229437765755,3.502563,13
2022-11-22 01:00:00+00:00,2022-11-22 13:00:00+00:00,-1,0.0008171817004614113,-0.000916934174341244,2.4424,-1.9429,MEAN_CROSS,0.0017341158748026553,2.770762,12
2022-11-23 01:00:00+00:00,2022-11-23 13:00:00+00:00,-1,0.0014136147497749718,0.0003237516375295124,2.834,0.2279,MEAN_CROSS,0.0010898631122454594,1.741378,12
2022-11-23 14:00:00+00:00,2022-11-24 02:00:00+00:00,-1,0.001934006196305127,0.0004532297033564836,3.0241,0.1534,MEAN_CROSS,0.0014807764929486433,2.365977,12
2022-11-25 08:00:00+00:00,2022-11-25 20:00:00+00:00,1,-0.0010569142050397273,0.0003042108137909505,-2.3741,0.7072,MEAN_CROSS,0.0013611250188306778,2.174799,12
2022-11-27 22:00:00+00:00,2022-11-28 10:00:00+00:00,1,-0.0016224490948967274,0.00028735979658678357,-3.4174,0.8194,MEAN_CROSS,0.001909808891483511,3.051483,12
2022-11-28 19:00:00+00:00,2022-11-29 07:00:00+00:00,1,-0.0015952373958642019,0.001707971794897345,-2.22,2.382,MEAN_CROSS,0.003303209190761547,5.277852,12
2022-11-29 08:00:00+00:00,2022-11-29 20:00:00+00:00,-1,0.0023631789991885865,0.0002076612893089358,3.0944,0.1174,MEAN_CROSS,0.0021555177098796507,3.444076,12
2022-11-30 18:00:00+00:00,2022-12-01 06:00:00+00:00,-1,0.0022630018467514335,0.00042453725506597095,4.1771,-0.1457,MEAN_CROSS,0.0018384645916854625,2.93749,12
2022-12-01 18:00:00+00:00,2022-12-02 06:00:00+00:00,1,-0.0010562947925210064,0.000815688976369966,-2.0553,0.8663,MEAN_CROSS,0.0018719837688909724,2.991047,12
2022-12-04 22:00:00+00:00,2022-12-05 12:00:00+00:00,1,-0.001202142435118847,0.0006457653946527753,-2.3847,0.7309,MEAN_CROSS,0.0018479078297716223,3.244294,14
2022-12-05 14:00:00+00:00,2022-12-06 02:00:00+00:00,1,-0.001916067210056327,0.0008733880622904255,-2.7894,1.0894,MEAN_CROSS,0.0027894552723467525,4.897329,12
2022-12-07 08:00:00+00:00,2022-12-07 20:00:00+00:00,-1,0.0009268117976605206,-0.00014858621085345192,2.6842,-0.5506,MEAN_CROSS,0.0010753980085139725,1.888031,12
2022-12-09 01:00:00+00:00,2022-12-09 13:00:00+00:00,-1,0.0012208417114085712,0.00024718798426182076,3.6039,0.3808,MEAN_CROSS,0.0009736537271467505,1.709403,12
2022-12-11 23:00:00+00:00,2022-12-12 19:00:00+00:00,1,-0.0010339522906462895,0.0003014949017523527,-2.1327,0.5876,MEAN_CROSS,0.0013354471923986422,2.344588,20
2022-12-13 13:00:00+00:00,2022-12-14 01:00:00+00:00,-1,0.002842835363607854,-0.0006180132330633192,5.6427,-1.0398,MEAN_CROSS,0.0034608485966711733,6.076066,12
2022-12-14 21:00:00+00:00,2022-12-15 09:00:00+00:00,-1,0.0008831326129552508,-0.0020861330943919842,2.5533,-3.4456,MEAN_CROSS,0.002969265707347235,5.213015,12
2022-12-15 10:00:00+00:00,2022-12-16 00:00:00+00:00,1,-0.0017398817144096412,0.00032928196193360293,-2.2901,1.1305,MEAN_CROSS,0.002069163676343244,3.632743,14
2022-12-16 18:00:00+00:00,2022-12-19 06:00:00+00:00,-1,0.0015194045552828772,-3.121474544598435e-05,2.0083,-0.7607,MEAN_CROSS,0.0015506193007288616,2.722357,12
2022-12-19 11:00:00+00:00,2022-12-20 06:00:00+00:00,1,-0.0008851153197746431,0.00011263171500552893,-2.3326,0.9455,MEAN_CROSS,0.000997747034780172,1.751702,19
2022-12-20 08:00:00+00:00,2022-12-20 22:00:00+00:00,-1,0.0016985213609375105,-5.770360586732082e-05,3.9975,0.316,MEAN_CROSS,0.0017562249668048313,3.08333,14
2022-12-23 02:00:00+00:00,2022-12-23 17:00:00+00:00,-1,0.0014857511319726902,0.0002646023087413685,2.5334,0.2407,MEAN_CROSS,0.0012211488232313217,1.989066,15
2022-12-25 22:00:00+00:00,2022-12-26 16:00:00+00:00,1,-0.0009801117667869175,0.0011867298667636028,-2.0637,2.2661,MEAN_CROSS,0.0021668416335505203,3.529456,18
2022-12-26 23:00:00+00:00,2022-12-27 11:00:00+00:00,-1,0.0010974114623971687,-0.0010225428736280184,2.1595,-2.2273,MEAN_CROSS,0.002119954336025187,3.453083,12
2022-12-27 12:00:00+00:00,2022-12-28 01:00:00+00:00,1,-0.001502115666570214,0.00023649202471887065,-2.8857,0.7543,MEAN_CROSS,0.0017386076912890847,2.831928,13
2022-12-28 07:00:00+00:00,2022-12-28 19:00:00+00:00,-1,0.0016574097345241068,0.00010842486055784306,3.3913,0.0025,MEAN_CROSS,0.0015489848739662637,2.523061,12
2022-12-29 07:00:00+00:00,2022-12-30 07:00:00+00:00,1,-0.0010963209057988088,0.000436558994222902,-2.0445,0.6504,MEAN_CROSS,0.0015328799000217108,2.496828,24
2023-01-02 02:00:00+00:00,2023-01-02 14:00:00+00:00,1,-0.0015943762141592543,0.0008453321351404863,-3.0874,1.4254,MEAN_CROSS,0.0024397083492997407,3.973914,12
2023-01-03 01:00:00+00:00,2023-01-03 13:00:00+00:00,1,-0.001212794724987809,0.0011432985383530436,-2.1625,1.4087,MEAN_CROSS,0.0023560932633408527,3.837718,12
2023-01-05 13:00:00+00:00,2023-01-06 02:00:00+00:00,1,-0.001982904924641815,0.00016414878582882153,-2.4652,0.654,MEAN_CROSS,0.0021470537104706366,3.497224,13
2023-01-06 13:00:00+00:00,2023-01-09 03:00:00+00:00,-1,0.002197254273914817,0.0005701303466512098,3.6498,-0.0244,MEAN_CROSS,0.0016271239272636073,2.650338,14
2023-01-10 12:00:00+00:00,2023-01-11 04:00:00+00:00,1,-0.0010119290020951244,0.0004863954810745419,-2.1104,1.3257,MEAN_CROSS,0.0014983244831696663,2.440543,16
2023-01-12 06:00:00+00:00,2023-01-12 18:00:00+00:00,1,-0.0007805527398752066,0.0014732561993151538,-2.1445,1.4553,MEAN_CROSS,0.0022538089391903604,4.844488,12
2023-01-17 10:00:00+00:00,2023-01-18 01:00:00+00:00,1,-0.001718951290021531,0.0013766355457680568,-3.7454,1.9874,MEAN_CROSS,0.0030955868357895877,6.653862,15
2023-01-18 15:00:00+00:00,2023-01-19 13:00:00+00:00,1,-0.00154082331225891,0.0009759752713618397,-2.7478,2.2207,MEAN_CROSS,0.0025167985836207496,5.409775,22
2023-01-20 08:00:00+00:00,2023-01-20 20:00:00+00:00,-1,0.0016408927183166888,0.00048396186506716177,2.5242,-0.1309,MEAN_CROSS,0.001156930853249527,2.486785,12
2023-01-23 03:00:00+00:00,2023-01-23 15:00:00+00:00,1,-0.0007447485141387489,0.0016000280980823511,-2.2774,1.6139,MEAN_CROSS,0.0023447766122211,5.04002,12
2023-01-25 00:00:00+00:00,2023-01-25 18:00:00+00:00,1,-0.0013200258422463307,0.0004896660025586197,-2.9115,1.1722,MEAN_CROSS,0.0018096918448049504,3.889873,18
2023-01-27 00:00:00+00:00,2023-01-27 12:00:00+00:00,-1,0.0010138197544755645,-0.00028864285376495324,2.9126,-0.9434,MEAN_CROSS,0.0013024626082405177,2.7996,12
2023-01-31 02:00:00+00:00,2023-01-31 14:00:00+00:00,1,-0.000903670569973869,0.00014595964337060785,-2.4375,0.7595,MEAN_CROSS,0.0010496302133444768,2.256145,12
2023-01-31 22:00:00+00:00,2023-02-01 10:00:00+00:00,1,-0.0016910962181951872,1.577549671805123e-05,-2.6822,0.5595,MEAN_CROSS,0.0017068717149132384,3.385723,12
2023-02-01 19:00:00+00:00,2023-02-02 07:00:00+00:00,-1,0.0015156585025845049,-0.00020692861514826077,2.7518,-0.8073,MEAN_CROSS,0.0017225871177327656,3.416895,12
2023-02-02 14:00:00+00:00,2023-02-03 05:00:00+00:00,1,-0.0014296788588119558,0.00038140265306219057,-2.6899,0.6351,MEAN_CROSS,0.0018110815118741463,3.592432,15
2023-02-03 13:00:00+00:00,2023-02-06 01:00:00+00:00,1,-0.0027056610454267993,-0.00011068202308561759,-6.5904,0.6203,MEAN_CROSS,0.0025949790223411817,5.147358,12
2023-02-07 12:00:00+00:00,2023-02-08 03:00:00+00:00,1,-0.0012815101037120247,0.0003762389112884623,-2.1092,0.5143,MEAN_CROSS,0.001657749015000487,3.288284,15
2023-02-09 01:00:00+00:00,2023-02-09 14:00:00+00:00,-1,0.0007521210217835694,4.956975030445676e-06,2.2595,-0.3229,MEAN_CROSS,0.0007471640467531238,1.482062,13
2023-02-13 08:00:00+00:00,2023-02-13 20:00:00+00:00,-1,0.0015983977087110635,-0.00020553847698856487,3.3054,-0.6952,MEAN_CROSS,0.0018039361856996283,3.578258,12
2023-02-14 01:00:00+00:00,2023-02-14 13:00:00+00:00,1,-0.0006463338929549867,0.00051210211238506,-2.0514,0.8587,MEAN_CROSS,0.0011584360053400466,2.297855,12
2023-02-16 02:00:00+00:00,2023-02-16 14:00:00+00:00,-1,0.0009669738419542107,-0.0012324573977924302,2.2789,-1.8534,MEAN_CROSS,0.002199431239746641,4.362756,12
2023-02-21 06:00:00+00:00,2023-02-21 21:00:00+00:00,1,-0.0013646276678997982,0.00013732691028056632,-3.534,0.6198,MEAN_CROSS,0.0015019545781803645,3.841896,15
2023-02-22 02:00:00+00:00,2023-02-22 16:00:00+00:00,-1,0.0008507631198945154,0.00024156903209038294,2.1841,0.3265,MEAN_CROSS,0.0006091940878041324,1.558277,14
2023-02-22 19:00:00+00:00,2023-02-23 14:00:00+00:00,1,-0.0008334968917812491,0.0006649815536106107,-2.1726,1.2374,MEAN_CROSS,0.0014984784453918598,3.833005,19
2023-02-23 16:00:00+00:00,2023-02-24 12:00:00+00:00,1,-0.0009317257836279902,-0.0018976213879449144,-2.4693,-3.7177,STOP_LOSS,-0.0009658956043169242,-2.470695,20
2023-02-28 10:00:00+00:00,2023-02-28 22:00:00+00:00,-1,0.000840180794178802,0.0002943856368949893,2.5655,0.1111,MEAN_CROSS,0.0005457951572838127,1.396106,12
2023-03-03 14:00:00+00:00,2023-03-06 02:00:00+00:00,1,-0.0009010942002887212,0.00011304512518861554,-2.2394,0.6073,MEAN_CROSS,0.0010141393254773368,2.594099,12
2023-03-06 08:00:00+00:00,2023-03-06 20:00:00+00:00,1,-0.0013962190173277822,0.0001645369806795305,-3.3909,1.1852,MEAN_CROSS,0.0015607559980073127,3.992306,12
2023-03-07 02:00:00+00:00,2023-03-07 15:00:00+00:00,-1,0.0008287940105241587,-0.001773840415240202,2.3402,-3.4813,MEAN_CROSS,0.0026026344257643608,6.65736,13
2023-03-07 16:00:00+00:00,2023-03-08 04:00:00+00:00,1,-0.0018161971454792036,8.065066812723565e-05,-3.2121,0.5277,MEAN_CROSS,0.0018968478136064393,4.852006,12
2023-03-09 04:00:00+00:00,2023-03-09 16:00:00+00:00,-1,0.000860871909698635,-0.0004892535355945915,2.0218,-1.1045,MEAN_CROSS,0.0013501254452932265,3.453528,12
2023-03-09 19:00:00+00:00,2023-03-10 07:00:00+00:00,1,-0.0012909804611589415,0.0005705712718493405,-2.5752,1.3681,MEAN_CROSS,0.001861551733008282,4.761721,12
2023-03-13 02:00:00+00:00,2023-03-13 16:00:00+00:00,-1,0.0023654697198371988,0.0003952924346176667,3.7557,0.0268,MEAN_CROSS,0.001970177285219532,2.833208,14
2023-03-15 18:00:00+00:00,2023-03-16 06:00:00+00:00,-1,0.0016804413652465877,0.00013236453885678845,3.0547,0.3393,MEAN_CROSS,0.0015480768263897993,2.226208,12
2023-03-20 01:00:00+00:00,2023-03-20 13:00:00+00:00,1,-0.0010747656807161832,0.0005675840496536244,-3.723,0.8894,MEAN_CROSS,0.0016423497303698076,2.361777,12
2023-03-21 02:00:00+00:00,2023-03-21 18:00:00+00:00,1,-0.0011055656960029525,1.227902478428966e-05,-2.1617,0.927,MEAN_CROSS,0.0011178447207872422,1.607514,16
2023-03-22 03:00:00+00:00,2023-03-22 16:00:00+00:00,-1,0.000821441271188994,-4.186268428607587e-05,2.1048,-0.0613,MEAN_CROSS,0.0008633039554750699,1.241472,13
2023-03-22 18:00:00+00:00,2023-03-23 06:00:00+00:00,-1,0.0012439471586197515,0.0005142294557451965,2.079,0.2227,MEAN_CROSS,0.000729717702874555,1.049369,12
2023-03-23 12:00:00+00:00,2023-03-24 15:00:00+00:00,1,-0.0010944896626876588,4.8495324674879825e-06,-2.2065,0.8793,MEAN_CROSS,0.0010993391951551468,1.580902,27
2023-03-27 09:00:00+00:00,2023-03-27 21:00:00+00:00,1,-0.0013622353473459192,0.00028112557456150267,-2.8294,1.0721,MEAN_CROSS,0.0016433609219074219,2.363231,12
2023-03-28 00:00:00+00:00,2023-03-28 16:00:00+00:00,-1,0.000698523117023675,0.0005225768386184493,2.0388,0.42,MEAN_CROSS,0.0001759462784052257,0.253019,16
2023-03-29 05:00:00+00:00,2023-03-30 03:00:00+00:00,1,-0.0006570534494630964,8.29060392347758e-05,-3.4264,0.6888,MEAN_CROSS,0.0007399594886978722,1.064097,22
2023-03-30 06:00:00+00:00,2023-03-30 20:00:00+00:00,-1,0.0009353878223089529,0.0001814898103477125,2.4399,0.2533,MEAN_CROSS,0.0007538980119612404,1.084141,14
2023-03-31 01:00:00+00:00,2023-03-31 13:00:00+00:00,-1,0.0013479493564850786,-0.00023102149502818303,2.3596,-0.6586,MEAN_CROSS,0.0015789708515132617,3.078326,12
2023-04-03 09:00:00+00:00,2023-04-03 21:00:00+00:00,-1,0.0009922404768843984,-1.7464572498182562e-05,2.2898,-0.2452,MEAN_CROSS,0.001009705049382581,1.968498,12
2023-04-04 12:00:00+00:00,2023-04-05 02:00:00+00:00,1,-0.0011535886742967127,0.0027821823847588023,-2.4877,6.5862,MEAN_CROSS,0.003935771059055515,7.673091,14
2023-04-05 03:00:00+00:00,2023-04-05 16:00:00+00:00,-1,0.001731329336992049,-0.0002156085532074581,2.5173,-0.2399,MEAN_CROSS,0.0019469378901995071,3.795707,13
2023-04-06 12:00:00+00:00,2023-04-07 00:00:00+00:00,1,-0.0016396299337544384,0.00022337473225686466,-2.031,1.26,MEAN_CROSS,0.001863004666011303,3.632072,12
2023-04-10 11:00:00+00:00,2023-04-10 23:00:00+00:00,1,-0.0008559267346022192,0.0003328670996664007,-2.2841,0.8071,MEAN_CROSS,0.00118879383426862,2.317646,12
2023-04-12 04:00:00+00:00,2023-04-12 16:00:00+00:00,-1,0.0005867982487449686,-0.00011006471841645826,2.2122,0.1813,MEAN_CROSS,0.0006968629671614268,1.358588,12
2023-04-13 12:00:00+00:00,2023-04-14 00:00:00+00:00,-1,0.001613302881444456,0.00022650631411058608,4.4214,-0.2856,MEAN_CROSS,0.00138679656733387,2.703668,12
2023-04-14 08:00:00+00:00,2023-04-17 02:00:00+00:00,1,-0.0011532578900848023,-6.450161787874276e-05,-2.4181,0.5504,MEAN_CROSS,0.0010887562722060595,2.122615,18
2023-04-18 06:00:00+00:00,2023-04-18 18:00:00+00:00,-1,0.0008654831609008484,3.832265247227795e-05,2.7409,-0.1988,MEAN_CROSS,0.0008271605084285705,1.612614,12
2023-04-19 22:00:00+00:00,2023-04-20 10:00:00+00:00,1,-0.0021920472979691796,0.0006192523524867211,-4.7232,1.18,MEAN_CROSS,0.0028112996504559007,6.056372,12
2023-04-24 17:00:00+00:00,2023-04-25 05:00:00+00:00,-1,0.0006208307566802906,-7.047824730299634e-05,2.0514,-0.5552,MEAN_CROSS,0.000691309003983287,1.489284,12
2023-04-25 07:00:00+00:00,2023-04-25 22:00:00+00:00,1,-0.0008513206053212263,0.0004581362447129145,-2.8323,1.0975,MEAN_CROSS,0.0013094568500341408,2.820958,15
2023-04-26 02:00:00+00:00,2023-04-26 14:00:00+00:00,1,-0.0008292874819768592,6.310144830035114e-05,-2.2247,0.7114,MEAN_CROSS,0.0008923889302772103,1.92247,12
2023-04-27 01:00:00+00:00,2023-04-27 13:00:00+00:00,-1,0.0006952125286374677,-0.00026261243076664,2.2048,-0.7403,MEAN_CROSS,0.0009578249594041077,2.063439,12
2023-04-28 06:00:00+00:00,2023-04-28 18:00:00+00:00,1,-0.0006575251428719842,0.0008408968793612859,-2.243,1.2036,MEAN_CROSS,0.00149842202223327,3.228045,12
2023-05-02 05:00:00+00:00,2023-05-02 17:00:00+00:00,-1,0.001097980031909973,4.24547688626653e-06,2.7196,-0.3282,MEAN_CROSS,0.0010937345550237065,2.356228,12
2023-05-03 01:00:00+00:00,2023-05-03 13:00:00+00:00,-1,0.001372394950504674,-0.0002000059806009924,2.441,-0.6344,MEAN_CROSS,0.0015724009311056664,3.387417,12
2023-05-03 22:00:00+00:00,2023-05-04 10:00:00+00:00,1,-0.0014100381705413056,0.0008067304383757579,-2.8742,1.314,MEAN_CROSS,0.0022167686089170635,4.775576,12
2023-05-05 12:00:00+00:00,2023-05-08 04:00:00+00:00,1,-0.0009022083016604343,0.0006397582914180466,-3.1306,1.2076,MEAN_CROSS,0.001541966593078481,3.321853,16
2023-05-08 09:00:00+00:00,2023-05-08 21:00:00+00:00,-1,0.000943613919592079,-6.706301068237774e-05,2.0562,-0.7902,MEAN_CROSS,0.0010106769302744567,2.177297,12
2023-05-10 03:00:00+00:00,2023-05-10 15:00:00+00:00,-1,0.0005854683163596386,0.0002908377837017584,2.1133,0.3383,MEAN_CROSS,0.0002946305326578802,1.063124,12
2023-05-11 06:00:00+00:00,2023-05-12 12:00:00+00:00,1,-0.0013074000088206805,-0.0005228793722011904,-2.7738,0.5278,MEAN_CROSS,0.0007845206366194901,2.830809,30
2023-05-15 04:00:00+00:00,2023-05-15 21:00:00+00:00,-1,0.0007006557012095849,0.0003054468718535208,2.0119,0.3565,MEAN_CROSS,0.00039520882935606405,1.426044,17
2023-05-16 05:00:00+00:00,2023-05-16 23:00:00+00:00,1,-0.0008506241342394194,0.00038773323375407287,-3.3922,0.7878,MEAN_CROSS,0.0012383573679934923,4.468401,18
2023-05-17 09:00:00+00:00,2023-05-17 21:00:00+00:00,-1,0.0009657230979651654,-0.0005576660902850694,2.5338,-1.2837,MEAN_CROSS,0.0015233891882502348,5.49689,12
2023-05-18 12:00:00+00:00,2023-05-19 00:00:00+00:00,1,-0.001114874431023094,0.000603171071599018,-2.1185,1.2761,MEAN_CROSS,0.001718045502622112,6.199274,12
2023-05-22 07:00:00+00:00,2023-05-22 20:00:00+00:00,1,-0.0008630610754146728,0.00028730194121684427,-2.2167,0.8817,MEAN_CROSS,0.001150363016631517,4.150889,13
2023-05-23 00:00:00+00:00,2023-05-23 12:00:00+00:00,-1,0.0007646210200961123,-0.0010558500024087092,2.3738,-2.1075,MEAN_CROSS,0.0018204710225048215,6.568859,12
2023-05-24 02:00:00+00:00,2023-05-24 19:00:00+00:00,1,-0.004577971291609528,-2.7012060929143544e-05,-10.121,0.7067,MEAN_CROSS,0.004550959230680385,16.421359,17
2023-05-25 17:00:00+00:00,2023-05-26 07:00:00+00:00,-1,0.000446243589670936,-0.0005780495938796371,2.1526,-0.7196,MEAN_CROSS,0.001024293183550573,3.695987,14
2023-05-26 13:00:00+00:00,2023-05-29 01:00:00+00:00,1,-0.0016917368878690553,0.00041777939920828455,-2.7566,0.6761,MEAN_CROSS,0.00210951628707734,7.611829,12
2023-05-30 03:00:00+00:00,2023-05-30 18:00:00+00:00,1,-0.0011274942748557004,0.00023474894745301178,-3.4295,0.8301,MEAN_CROSS,0.0013622432223087122,3.498386,15
2023-05-31 01:00:00+00:00,2023-05-31 13:00:00+00:00,1,-0.0018018018097479827,0.0005234042026506236,-4.3254,1.1697,MEAN_CROSS,0.0023252060123986062,5.971377,12
2023-05-31 19:00:00+00:00,2023-06-01 07:00:00+00:00,-1,0.0010245757805853462,-0.0007010492582528727,2.2123,-0.8423,MEAN_CROSS,0.0017256250388382188,4.431589,12
2023-06-01 13:00:00+00:00,2023-06-02 01:00:00+00:00,-1,0.0010962779518833843,0.000443670028180132,2.2397,0.188,MEAN_CROSS,0.0006526079237032523,1.675967,12
2023-06-02 03:00:00+00:00,2023-06-02 15:00:00+00:00,-1,0.0018802535243226393,-0.0007244894745681574,2.2569,-1.5298,MEAN_CROSS,0.0026047429988907966,6.689257,12
2023-06-05 15:00:00+00:00,2023-06-06 03:00:00+00:00,-1,0.0009830073296385189,-2.4251318385459797e-05,2.8483,-0.1916,MEAN_CROSS,0.0010072586480239787,2.586747,12
2023-06-06 12:00:00+00:00,2023-06-07 00:00:00+00:00,1,-0.0007802850145217644,0.00034193833346407576,-2.5432,0.7716,MEAN_CROSS,0.0011222233479858401,2.881989,12
2023-06-07 13:00:00+00:00,2023-06-08 01:00:00+00:00,-1,0.0010370185683192812,6.92808550954993e-05,2.535,0.4062,MEAN_CROSS,0.0009677377132237819,2.485253,12
2023-06-08 07:00:00+00:00,2023-06-08 19:00:00+00:00,-1,0.0015288337127384866,0.0001181827502058086,3.0729,0.1082,MEAN_CROSS,0.001410650962532678,3.622702,12
2023-06-09 11:00:00+00:00,2023-06-11 23:00:00+00:00,-1,0.0014243726115263922,0.00015582869351982165,3.0947,-0.2331,MEAN_CROSS,0.0012685439180065705,3.257756,12
2023-06-12 13:00:00+00:00,2023-06-13 03:00:00+00:00,1,-0.0010206656517035562,0.0006045498840472341,-2.5171,1.2748,MEAN_CROSS,0.0016252155357507903,4.173726,14
2023-06-13 12:00:00+00:00,2023-06-14 00:00:00+00:00,-1,0.001610439018338905,-3.6080359658408057e-05,2.9062,-0.4545,MEAN_CROSS,0.001646519377997313,4.228437,12
2023-06-14 12:00:00+00:00,2023-06-15 00:00:00+00:00,-1,0.0014205352525686887,-0.0006550067687867145,2.2359,-1.2477,MEAN_CROSS,0.0020755420213554032,5.330213,12
2023-06-15 01:00:00+00:00,2023-06-15 13:00:00+00:00,1,-0.0018750003693490669,0.0019768484881964588,-2.8348,2.0931,MEAN_CROSS,0.0038518488575455256,9.891958,12
2023-06-19 00:00:00+00:00,2023-06-19 15:00:00+00:00,1,-0.0010349091160076762,0.00011936353870678484,-3.0621,0.549,MEAN_CROSS,0.001154272654714461,2.378742,15
2023-06-20 07:00:00+00:00,2023-06-20 23:00:00+00:00,-1,0.0009080127009256644,3.664592542107492e-05,2.5517,0.492,MEAN_CROSS,0.0008713667755045895,1.795725,16
2023-06-21 04:00:00+00:00,2023-06-21 20:00:00+00:00,-1,0.0009639960573483153,-4.1915984870355416e-05,2.125,-0.4761,MEAN_CROSS,0.0010059120422186707,2.072998,16
2023-06-22 04:00:00+00:00,2023-06-23 00:00:00+00:00,1,-0.0012107492785315976,0.00055924900467752,-3.0688,1.0956,MEAN_CROSS,0.0017699982832091177,3.647638,20
2023-06-23 02:00:00+00:00,2023-06-23 14:00:00+00:00,1,-0.001577151376145003,0.00023266160534152203,-2.5165,1.026,MEAN_CROSS,0.001809812981486525,3.729689,12
2023-06-23 15:00:00+00:00,2023-06-26 05:00:00+00:00,-1,0.0009515863673084102,-0.0003675479958248351,2.3449,-0.4193,MEAN_CROSS,0.0013191343631332453,2.718491,14
2023-06-27 15:00:00+00:00,2023-06-28 13:00:00+00:00,1,-0.0009610749873195656,-0.0002843641506997674,-2.1377,0.5963,MEAN_CROSS,0.0006767108366197983,1.394575,22
2023-06-29 01:00:00+00:00,2023-06-29 13:00:00+00:00,-1,0.0005743002503763028,-0.001450826355211099,2.053,-2.5348,MEAN_CROSS,0.0020251266055874018,4.17341,12
2023-06-30 12:00:00+00:00,2023-07-03 00:00:00+00:00,-1,0.0012691466757641656,-0.0002893855981697113,2.4119,-1.2559,MEAN_CROSS,0.001558532273933877,3.211846,12
2023-07-04 04:00:00+00:00,2023-07-06 00:00:00+00:00,1,-0.000725200601926046,0.0002323334627780671,-2.3636,1.3269,MEAN_CROSS,0.0009575340647041131,1.9733,44
2023-07-06 02:00:00+00:00,2023-07-06 14:00:00+00:00,-1,0.0004939256205918063,-0.002489440203508164,2.2144,-3.3694,MEAN_CROSS,0.0029833658240999705,6.148163,12
2023-07-10 03:00:00+00:00,2023-07-10 15:00:00+00:00,1,-0.0010072894408156285,0.0009676995772466279,-2.4805,1.5142,MEAN_CROSS,0.0019749890180622565,2.243051,12
2023-07-11 07:00:00+00:00,2023-07-11 19:00:00+00:00,1,-0.0014232597871350894,0.0004276916138232778,-2.6184,0.6879,MEAN_CROSS,0.0018509514009583672,2.102178,12
2023-07-12 00:00:00+00:00,2023-07-12 13:00:00+00:00,-1,0.0012857396662134812,0.004308258207618709,2.5397,5.731,STOP_LOSS,-0.003022518541405228,-3.43276,12
2023-07-12 14:00:00+00:00,2023-07-13 02:00:00+00:00,-1,0.003905244534307406,0.0010763122530439428,3.4713,0.3505,MEAN_CROSS,0.002828932281263463,3.212899,12
2023-07-14 06:00:00+00:00,2023-07-17 11:00:00+00:00,1,-0.001527018048241291,-0.00012923958418520343,-4.1555,0.5601,MEAN_CROSS,0.0013977784640560875,1.587497,29
2023-07-18 02:00:00+00:00,2023-07-18 16:00:00+00:00,-1,0.0007572814985211673,-0.000756947421194254,3.4253,-0.6218,MEAN_CROSS,0.0015142289197154213,1.719753,14
2023-07-18 22:00:00+00:00,2023-07-19 10:00:00+00:00,-1,0.002056145558022471,-0.0006783743212173121,3.8581,-0.1533,MEAN_CROSS,0.002734519879239783,3.105672,12
2023-07-20 01:00:00+00:00,2023-07-20 13:00:00+00:00,-1,0.002108787731300743,-0.000938567532187351,2.9703,-1.4117,MEAN_CROSS,0.003047355263488094,3.460968,12
2023-07-20 14:00:00+00:00,2023-07-21 06:00:00+00:00,1,-0.0017473325788325278,0.00042412045324868863,-2.3481,0.6497,MEAN_CROSS,0.0021714530320812164,2.466181,16
2023-07-21 08:00:00+00:00,2023-07-23 21:00:00+00:00,1,-0.0019209496939712745,-6.664991246929652e-05,-2.1472,0.7806,MEAN_CROSS,0.001854299781501978,2.105981,13
2023-07-24 06:00:00+00:00,2023-07-24 18:00:00+00:00,-1,0.0007155652912117505,1.1035386363267286e-05,2.1229,-0.0686,MEAN_CROSS,0.0007045299048484832,0.800155,12
2023-07-26 01:00:00+00:00,2023-07-26 18:00:00+00:00,1,-0.0009397522449204887,0.0014942186843222016,-2.4151,4.1265,MEAN_CROSS,0.0024339709292426903,2.76433,17
2023-07-27 00:00:00+00:00,2023-07-27 12:00:00+00:00,-1,0.001114864700087148,-0.0004151601462862864,2.5658,-0.8253,MEAN_CROSS,0.0015300248463734345,3.256034,12
2023-07-27 14:00:00+00:00,2023-07-28 09:00:00+00:00,1,-0.0017326023084927034,0.0003881074191699474,-2.4786,1.1447,MEAN_CROSS,0.0021207097276626508,4.513066,19
2023-08-01 02:00:00+00:00,2023-08-01 18:00:00+00:00,1,-0.0008367651550472699,5.857692511668233e-05,-2.5349,0.633,MEAN_CROSS,0.0008953420801639522,1.905371,16
2023-08-02 08:00:00+00:00,2023-08-02 20:00:00+00:00,-1,0.00044863427259467237,-0.0003487111030996415,2.0801,0.1208,MEAN_CROSS,0.0007973453756943139,1.696825,12
2023-08-04 00:00:00+00:00,2023-08-04 17:00:00+00:00,-1,0.0008686086564203555,-6.289808563575416e-05,2.5676,-0.4548,MEAN_CROSS,0.0009315067420561096,1.982332,17
2023-08-04 18:00:00+00:00,2023-08-07 11:00:00+00:00,1,-0.001266518681341755,0.0006331331068053503,-2.4694,0.8903,MEAN_CROSS,0.0018996517881471053,4.042634,17
2023-08-08 01:00:00+00:00,2023-08-08 14:00:00+00:00,1,-0.0017223996688608967,-5.085311272357007e-05,-4.0304,0.5397,MEAN_CROSS,0.0016715465561373266,3.557205,13
2023-08-08 17:00:00+00:00,2023-08-09 08:00:00+00:00,-1,0.0008518209805952193,-3.9082486358310575e-06,2.0889,0.1216,MEAN_CROSS,0.0008557292292310503,1.821071,15
2023-08-10 12:00:00+00:00,2023-08-11 00:00:00+00:00,-1,0.0012497048049101567,-0.0003822389936463111,2.8866,-0.2298,MEAN_CROSS,0.0016319437985564678,3.472927,12
2023-08-14 07:00:00+00:00,2023-08-14 19:00:00+00:00,-1,0.0012556017021745358,0.0001553490012260461,3.553,0.4925,MEAN_CROSS,0.0011002527009484897,2.341439,12
2023-08-16 02:00:00+00:00,2023-08-16 14:00:00+00:00,-1,0.0008310612750964674,-0.0004887453684223608,2.2029,-0.6522,MEAN_CROSS,0.0013198066435188283,3.04178,12
2023-08-21 01:00:00+00:00,2023-08-21 16:00:00+00:00,1,-0.0009290251358725632,0.00037511379078802864,-2.2656,1.0713,MEAN_CROSS,0.0013041389266605918,3.00567,15
2023-08-22 06:00:00+00:00,2023-08-22 18:00:00+00:00,-1,0.0015584915811681643,0.00014720316345162576,3.8403,-0.0294,MEAN_CROSS,0.0014112884177165386,3.25262,12
2023-08-23 13:00:00+00:00,2023-08-24 01:00:00+00:00,-1,0.0015574410299448171,-0.0007958168047680347,2.7548,-1.5556,MEAN_CROSS,0.002353257834712852,5.423592,12
2023-08-25 10:00:00+00:00,2023-08-27 22:00:00+00:00,-1,0.0005934678183803221,7.579127512491457e-05,2.5584,0.4914,MEAN_CROSS,0.0005176765432554076,1.193098,12
2023-08-28 07:00:00+00:00,2023-08-28 19:00:00+00:00,1,-0.001216103862535789,0.0002526622623859609,-2.779,0.7372,MEAN_CROSS,0.0014687661249217498,3.385089,12
2023-08-29 02:00:00+00:00,2023-08-29 21:00:00+00:00,-1,0.0007611162919360925,0.0004383449037960174,2.2108,0.2135,MEAN_CROSS,0.0003227713881400751,0.743897,19
2023-08-30 12:00:00+00:00,2023-08-31 00:00:00+00:00,-1,0.0024018945366319766,-9.7086734423657e-05,2.7354,-0.205,MEAN_CROSS,0.0024989812710556336,5.759443,12
2023-09-01 12:00:00+00:00,2023-09-04 00:00:00+00:00,-1,0.0021573122227338537,0.00012185548264431745,4.5837,0.2239,MEAN_CROSS,0.0020354567400895363,4.691151,12
2023-09-05 01:00:00+00:00,2023-09-05 13:00:00+00:00,1,-0.0008858306240797642,-9.258109359222555e-05,-3.3626,0.6691,MEAN_CROSS,0.0007932495304875387,2.585598,12
2023-09-06 05:00:00+00:00,2023-09-06 17:00:00+00:00,-1,0.0012068657649734194,-0.0005116708489540933,2.3459,-1.0195,MEAN_CROSS,0.0017185366139275127,5.601573,12
2023-09-08 16:00:00+00:00,2023-09-11 04:00:00+00:00,1,-0.0007806928511217004,0.0013303169291712935,-2.4983,2.6475,MEAN_CROSS,0.002111009780292994,6.880839,12
2023-09-13 02:00:00+00:00,2023-09-13 14:00:00+00:00,1,-0.0008487106358781027,0.00035482083641991125,-2.9564,1.0208,MEAN_CROSS,0.001203531472298014,3.922913,12
2023-09-14 00:00:00+00:00,2023-09-14 12:00:00+00:00,-1,0.0009845387345110979,-0.0002765258883584698,2.5838,-1.393,MEAN_CROSS,0.0012610646228695677,4.110442,12
2023-09-15 02:00:00+00:00,2023-09-15 14:00:00+00:00,-1,0.0009039009762650263,-0.00033607165423843455,2.4003,-0.5212,MEAN_CROSS,0.0012399726305034608,4.041693,12
2023-09-18 15:00:00+00:00,2023-09-19 03:00:00+00:00,-1,0.0007415567018588254,6.208129807705465e-05,2.3551,-0.1826,MEAN_CROSS,0.0006794754037817707,2.214751,12
2023-09-19 07:00:00+00:00,2023-09-19 19:00:00+00:00,-1,0.0007969252249143688,6.952033627016796e-05,2.7111,-0.3642,MEAN_CROSS,0.0007274048886442008,2.370977,12
2023-09-19 23:00:00+00:00,2023-09-20 12:00:00+00:00,-1,0.0007751499734872658,0.00038413044686669284,2.0657,0.3693,MEAN_CROSS,0.00039101952662057293,1.274529,13
2023-09-20 18:00:00+00:00,2023-09-21 07:00:00+00:00,1,-0.001883744352073502,0.0013720689256279117,-5.2287,1.9585,MEAN_CROSS,0.0032558132777014137,10.612328,13
2023-09-26 06:00:00+00:00,2023-09-27 01:00:00+00:00,1,-0.0008199782007868306,0.0005224749632980474,-2.3733,2.0581,MEAN_CROSS,0.001342453164084878,2.56826,19
2023-09-27 02:00:00+00:00,2023-09-27 14:00:00+00:00,1,-0.0006946815315994614,0.0006889496905805315,-2.0808,2.2302,MEAN_CROSS,0.001383631222179993,2.647038,12
2023-09-28 00:00:00+00:00,2023-09-28 12:00:00+00:00,-1,0.000694851085102921,-0.0007567500264459293,2.2013,-1.8919,MEAN_CROSS,0.0014516011115488503,2.777072,12
2023-09-29 01:00:00+00:00,2023-09-29 13:00:00+00:00,-1,0.0015614643930247363,-0.0004162531818068249,3.1602,-1.4111,MEAN_CROSS,0.001977717574831561,3.78359,12
2023-09-29 14:00:00+00:00,2023-10-02 06:00:00+00:00,1,-0.0009556733419504582,0.0006442102310368902,-2.209,0.5925,MEAN_CROSS,0.0015998835729873484,3.060753,16
2023-10-03 01:00:00+00:00,2023-10-03 13:00:00+00:00,1,-0.0011585762322223747,0.0008180529680600346,-2.3267,3.5348,MEAN_CROSS,0.0019766292002824093,3.781508,12
2023-10-04 00:00:00+00:00,2023-10-04 13:00:00+00:00,-1,0.0008013750624006333,7.714174807993412e-05,2.1421,0.2922,MEAN_CROSS,0.0007242333143206992,1.385538,13
2023-10-04 15:00:00+00:00,2023-10-05 05:00:00+00:00,-1,0.0011569544372705964,0.00014659434699471063,2.1239,-0.0004,MEAN_CROSS,0.0010103600902758858,1.93293,14
2023-10-06 12:00:00+00:00,2023-10-09 00:00:00+00:00,1,-0.0013073702820016742,0.0005077108837686639,-4.0166,0.6076,MEAN_CROSS,0.001815081165770338,3.472449,12
2023-10-10 07:00:00+00:00,2023-10-10 19:00:00+00:00,1,-0.0009200684398903425,0.000672633767885733,-2.2348,0.6833,MEAN_CROSS,0.0015927022077760755,3.047014,12
2023-10-11 03:00:00+00:00,2023-10-12 01:00:00+00:00,1,-0.0008771301357838324,5.589591064147914e-05,-2.0076,0.5497,MEAN_CROSS,0.0009330260464253115,1.784981,22
2023-10-12 02:00:00+00:00,2023-10-12 21:00:00+00:00,1,-0.0007988829462062252,-0.00023881508204803836,-2.0701,0.5336,MEAN_CROSS,0.0005600678641581869,1.071471,19
2023-10-15 21:00:00+00:00,2023-10-16 09:00:00+00:00,-1,0.0011119501040350865,-0.00027459205760238525,3.5806,-0.3321,MEAN_CROSS,0.0013865421616374718,2.480084,12
2023-10-16 21:00:00+00:00,2023-10-17 11:00:00+00:00,1,-0.0011825212047733569,0.0004223184928497936,-2.2614,1.4238,MEAN_CROSS,0.0016048396976231505,2.870549,14
2023-10-17 14:00:00+00:00,2023-10-18 07:00:00+00:00,-1,0.000738250936948126,-0.00020068087162450343,2.3183,-0.373,MEAN_CROSS,0.0009389318085726295,1.679451,17
2023-10-18 14:00:00+00:00,2023-10-19 06:00:00+00:00,1,-0.0015533986834692648,-9.578171027624371e-05,-2.5347,0.542,MEAN_CROSS,0.001457616973193021,2.607214,16
2023-10-19 13:00:00+00:00,2023-10-20 01:00:00+00:00,-1,0.000497603695977622,-0.0006658270881270134,2.2104,-0.8548,MEAN_CROSS,0.0011634307841046354,2.081008,12
2023-10-23 08:00:00+00:00,2023-10-24 02:00:00+00:00,1,-0.0006562577237368972,0.0005990431330222812,-2.049,1.0068,MEAN_CROSS,0.0012553008567591784,2.245335,18
2023-10-25 00:00:00+00:00,2023-10-25 12:00:00+00:00,-1,0.0009673206363268738,-0.0005127259700755671,2.6295,-0.7943,MEAN_CROSS,0.001480046606402441,2.647334,12
2023-10-26 07:00:00+00:00,2023-10-26 19:00:00+00:00,-1,0.0008629177487260442,-4.294051707876001e-05,2.7771,-0.0845,MEAN_CROSS,0.0009058582658048042,1.620293,12
2023-10-27 17:00:00+00:00,2023-10-30 06:00:00+00:00,1,-0.0007535968959060391,0.0005060342747567059,-2.3106,1.105,MEAN_CROSS,0.001259631170662745,2.25308,13
2023-10-31 04:00:00+00:00,2023-10-31 18:00:00+00:00,1,-0.000536324352939932,0.00032227978491894405,-2.0825,0.7623,MEAN_CROSS,0.000858604137858876,1.53577,14
2023-10-31 21:00:00+00:00,2023-11-01 09:00:00+00:00,1,-0.0012083511604865649,0.0003707733719482409,-2.6478,0.7329,MEAN_CROSS,0.0015791245324348058,2.824553,12
2023-11-01 23:00:00+00:00,2023-11-02 11:00:00+00:00,-1,0.0016558557368796523,3.1813365414801176e-05,2.5942,-0.9116,MEAN_CROSS,0.001624042371464851,2.922493,12
2023-11-02 14:00:00+00:00,2023-11-03 06:00:00+00:00,1,-0.0007338945547766818,0.0005545613300639296,-2.186,0.551,MEAN_CROSS,0.0012884558848406114,2.318599,16
2023-11-03 12:00:00+00:00,2023-11-06 01:00:00+00:00,-1,0.002925023102381852,-0.00039494882609691917,5.5602,-1.2804,MEAN_CROSS,0.003319971928478771,5.974348,12
2023-11-07 04:00:00+00:00,2023-11-07 16:00:00+00:00,1,-0.001286151812679437,0.0004102013114416492,-3.0975,1.8525,MEAN_CROSS,0.001696353124121086,3.052617,12
2023-11-07 18:00:00+00:00,2023-11-08 06:00:00+00:00,-1,0.0008284078137948958,-4.1858319163701196e-05,2.6592,0.253,MEAN_CROSS,0.000870266132958597,1.566059,12
2023-11-08 19:00:00+00:00,2023-11-09 07:00:00+00:00,1,-0.0007889560319671585,0.0003084580533129211,-2.151,0.8314,MEAN_CROSS,0.0010974140852800796,1.974816,12
2023-11-09 14:00:00+00:00,2023-11-10 02:00:00+00:00,-1,0.0012409862790294657,-0.0002471059492238359,3.053,-0.2198,MEAN_CROSS,0.0014880922282533016,2.677848,12
2023-11-13 08:00:00+00:00,2023-11-13 23:00:00+00:00,1,-0.000599620661585254,0.00011711157113003523,-2.2358,0.666,MEAN_CROSS,0.0007167322327152892,1.289772,15
2023-11-14 09:00:00+00:00,2023-11-14 21:00:00+00:00,-1,0.00048582112352257845,0.0006801357917332052,2.3251,0.0858,MEAN_CROSS,-0.0001943146682106267,-0.349673,12
2023-11-16 00:00:00+00:00,2023-11-16 13:00:00+00:00,1,-0.0012755949043254944,0.0013637878048124996,-2.4458,2.1578,MEAN_CROSS,0.002639382709137994,4.749616,13
2023-11-17 10:00:00+00:00,2023-11-20 05:00:00+00:00,-1,0.0018487911396407597,0.0004103950405682788,3.5321,0.289,MEAN_CROSS,0.001438396099072481,2.588419,19
2023-11-20 14:00:00+00:00,2023-11-21 02:00:00+00:00,1,-0.0009754597341559146,0.001386601468072901,-2.4754,2.0656,MEAN_CROSS,0.0023620612022288157,4.250571,12
2023-11-23 01:00:00+00:00,2023-11-23 13:00:00+00:00,-1,0.0010244612311951506,-0.0001303555451837024,2.7956,-0.3426,MEAN_CROSS,0.001154816776378853,1.885405,12
2023-11-24 14:00:00+00:00,2023-11-27 02:00:00+00:00,-1,0.0007270450760520353,-0.001014629354920915,2.5848,-4.2785,MEAN_CROSS,0.0017416744309729504,2.843536,12
2023-11-27 03:00:00+00:00,2023-11-27 18:00:00+00:00,1,-0.0006972083689230635,0.0006134433493258928,-2.404,0.9453,MEAN_CROSS,0.0013106517182489563,2.139829,15
2023-11-28 15:00:00+00:00,2023-11-29 05:00:00+00:00,-1,0.0019876631972721714,0.00051108149565815,4.5819,-0.0202,MEAN_CROSS,0.0014765817016140215,2.410733,14
2023-11-29 07:00:00+00:00,2023-11-30 00:00:00+00:00,1,-0.0015399907875667251,0.0008494985983256154,-2.2899,0.7168,MEAN_CROSS,0.0023894893858923405,3.901187,17
2023-11-30 15:00:00+00:00,2023-12-01 03:00:00+00:00,-1,0.0014370749295787855,-0.0007773562634960651,2.7876,-1.3466,MEAN_CROSS,0.0022144311930748506,3.615379,12
2023-12-04 14:00:00+00:00,2023-12-05 06:00:00+00:00,1,-0.000992438484626934,-1.7001961115314934e-05,-2.014,0.5708,MEAN_CROSS,0.0009754365235116191,1.592541,16
2023-12-06 00:00:00+00:00,2023-12-06 12:00:00+00:00,-1,0.0009885406537254449,0.00011941437545359701,3.3446,0.1485,MEAN_CROSS,0.0008691262782718479,1.418974,12
2023-12-07 09:00:00+00:00,2023-12-07 21:00:00+00:00,-1,0.001159020209830719,-8.69700314709565e-06,2.3524,-0.1258,MEAN_CROSS,0.0011677172129778146,1.906467,12
2023-12-11 10:00:00+00:00,2023-12-11 22:00:00+00:00,-1,0.0004365125232250744,-0.00019282950195087523,2.349,-0.4221,MEAN_CROSS,0.0006293420251759496,1.027492,12
2023-12-12 01:00:00+00:00,2023-12-12 13:00:00+00:00,-1,0.0006303988337589272,-0.001676882074569619,2.0835,-4.252,MEAN_CROSS,0.002307280908328546,7.474826,12
2023-12-12 14:00:00+00:00,2023-12-13 09:00:00+00:00,1,-0.0015594719706442106,0.00012292657007428875,-3.1453,0.5024,MEAN_CROSS,0.0016823985407184994,5.450414,19
2023-12-13 13:00:00+00:00,2023-12-14 04:00:00+00:00,-1,0.001307471539199856,0.0007454891234019989,2.9141,0.1635,MEAN_CROSS,0.000561982415797857,1.820637,15
2023-12-14 08:00:00+00:00,2023-12-15 08:00:00+00:00,1,-0.0022931513591293307,0.0007869969404810107,-2.0906,0.9449,MEAN_CROSS,0.0030801482996103413,9.978661,24
2023-12-15 13:00:00+00:00,2023-12-18 01:00:00+00:00,1,-0.001715699403931903,0.0006267091285029336,-2.5084,0.9475,MEAN_CROSS,0.0023424085324348365,7.588628,12
2023-12-18 15:00:00+00:00,2023-12-19 03:00:00+00:00,1,-0.0017742950268314628,0.000495571608507106,-3.1523,0.7478,MEAN_CROSS,0.002269866635338569,7.353617,12
2023-12-20 16:00:00+00:00,2023-12-21 09:00:00+00:00,1,-0.000601690172279401,0.0002549836918672721,-2.658,0.5649,MEAN_CROSS,0.0008566738641466731,2.77534,17
2023-12-21 13:00:00+00:00,2023-12-22 01:00:00+00:00,-1,0.0014826152672196002,-0.00023766843519246184,2.7252,-0.3275,MEAN_CROSS,0.001720283702412062,5.57315,12
2023-12-26 00:00:00+00:00,2023-12-26 12:00:00+00:00,-1,0.000983758779466437,0.0002222358592358642,2.2443,0.0928,MEAN_CROSS,0.0007615229202305729,2.467082,12
2023-12-27 08:00:00+00:00,2023-12-27 23:00:00+00:00,1,-0.0009328710934486395,0.0005112692140981645,-3.2878,1.6472,MEAN_CROSS,0.001444140307546804,4.678537,15
2023-12-28 00:00:00+00:00,2023-12-28 12:00:00+00:00,-1,0.0008644122843485258,-0.00029716066294227517,2.627,-0.2946,MEAN_CROSS,0.001161572947290801,3.763112,12
2023-12-29 09:00:00+00:00,2024-01-02 05:00:00+00:00,1,-0.0023277467954478936,0.0007315902513480577,-3.7807,1.1359,MEAN_CROSS,0.0030593370467959513,9.911239,20
2024-01-03 03:00:00+00:00,2024-01-03 15:00:00+00:00,-1,0.0007870286199586074,-0.0008118969617605387,2.1506,-0.655,MEAN_CROSS,0.0015989255817191461,2.773929,12
2024-01-04 03:00:00+00:00,2024-01-04 15:00:00+00:00,-1,0.0011612195135236592,-0.0007113715632648399,2.2904,-0.8258,MEAN_CROSS,0.001872591076788499,3.248703,12
2024-01-05 14:00:00+00:00,2024-01-08 02:00:00+00:00,-1,0.0007055598056944223,-0.0002808038505947019,2.4472,-0.7069,MEAN_CROSS,0.0009863636562891243,1.711213,12
2024-01-10 08:00:00+00:00,2024-01-10 20:00:00+00:00,-1,0.0006252492945350019,-0.00042852910554436185,2.178,-1.0464,MEAN_CROSS,0.0010537784000793637,1.828169,12
2024-01-11 03:00:00+00:00,2024-01-11 15:00:00+00:00,-1,0.000861857467800986,-0.0008675721380280166,2.5482,-1.28,MEAN_CROSS,0.0017294296058290026,3.000336,12
2024-01-15 07:00:00+00:00,2024-01-15 21:00:00+00:00,1,-0.0012816148390281112,0.0002502889285707077,-2.5244,1.1813,MEAN_CROSS,0.001531903767598819,2.657655,14
2024-01-16 00:00:00+00:00,2024-01-16 12:00:00+00:00,1,-0.0016668180569847646,-5.7031132802531914e-05,-2.6633,0.5909,MEAN_CROSS,0.0016097869241822327,2.792772,12
2024-01-17 01:00:00+00:00,2024-01-17 13:00:00+00:00,-1,0.0005988150408422488,-0.0006428964958634653,2.2509,-1.0098,MEAN_CROSS,0.001241711536705714,2.154209,12
2024-01-17 14:00:00+00:00,2024-01-18 06:00:00+00:00,1,-0.0012229226811137917,0.0002491559269720556,-2.4884,0.6848,MEAN_CROSS,0.0014720786080858472,2.553866,16
2024-01-18 13:00:00+00:00,2024-01-19 07:00:00+00:00,1,-0.0010708580791467526,0.00023506791471405997,-2.2987,0.6479,MEAN_CROSS,0.0013059259938608125,2.265612,18
2024-01-19 09:00:00+00:00,2024-01-19 21:00:00+00:00,-1,0.001095293356565441,0.0001991036855051309,2.8028,0.3586,MEAN_CROSS,0.0008961896710603101,1.554773,12
2024-01-22 00:00:00+00:00,2024-01-22 13:00:00+00:00,-1,0.0010993185052989851,-3.3199412072137946e-05,2.1462,-0.2618,MEAN_CROSS,0.001132517917371123,1.964772,13
2024-01-23 21:00:00+00:00,2024-01-24 10:00:00+00:00,-1,0.0013619641278431738,0.0004438657126395462,2.5577,0.4129,MEAN_CROSS,0.0009180984152036276,1.60282,13
2024-01-29 00:00:00+00:00,2024-01-29 12:00:00+00:00,-1,0.00026598499720742463,0.00016440208439816306,2.0264,0.4887,MEAN_CROSS,0.00010158291280926157,0.177344,12
2024-01-29 20:00:00+00:00,2024-01-30 08:00:00+00:00,-1,0.0013346111054731713,-0.00047187328914444215,3.8943,-2.0378,MEAN_CROSS,0.0018064843946176135,3.153768,12
2024-01-30 15:00:00+00:00,2024-01-31 07:00:00+00:00,1,-0.0007603216514544542,0.0005922878844275559,-2.0107,1.7797,MEAN_CROSS,0.00135260953588201,2.361391,16
2024-01-31 13:00:00+00:00,2024-02-01 04:00:00+00:00,-1,0.0010681530561310604,-0.00030318479966295886,2.8261,-0.4125,MEAN_CROSS,0.0013713378557940192,2.394087,15
2024-02-02 13:00:00+00:00,2024-02-05 02:00:00+00:00,1,-0.003073441724450676,0.00019278275714440518,-5.1573,0.5497,MEAN_CROSS,0.0032662244815950814,5.702188,13
2024-02-06 01:00:00+00:00,2024-02-06 13:00:00+00:00,-1,0.0007473639247250752,-0.0001190055873951934,2.2471,-0.2136,MEAN_CROSS,0.0008663695121202686,1.512511,12
2024-02-06 17:00:00+00:00,2024-02-07 05:00:00+00:00,-1,0.0007989629313643887,5.156153453422796e-06,2.0505,-0.6473,MEAN_CROSS,0.0007938067779109659,1.385831,12
2024-02-08 08:00:00+00:00,2024-02-08 21:00:00+00:00,1,-0.0004274738907689146,0.0002495734057584853,-2.388,1.2029,MEAN_CROSS,0.0006770472965273999,1.181992,13
2024-02-08 23:00:00+00:00,2024-02-09 11:00:00+00:00,-1,0.001166005439505291,0.0002697470897434773,4.2695,0.1778,MEAN_CROSS,0.0008962583497618137,1.564691,12
2024-02-12 01:00:00+00:00,2024-02-12 14:00:00+00:00,1,-0.0008149806316725128,0.0002933432742409092,-2.8689,0.5591,MEAN_CROSS,0.001108323905913422,2.712379,13
2024-02-13 02:00:00+00:00,2024-02-13 20:00:00+00:00,1,-0.0016707618965418058,0.00018786640817469724,-4.4434,0.6793,MEAN_CROSS,0.001858628304716503,4.548585,18
2024-02-15 13:00:00+00:00,2024-02-16 01:00:00+00:00,-1,0.0013249249848941158,-0.0003792095586274691,5.6248,-1.0802,MEAN_CROSS,0.0017041345435215849,4.170495,12
2024-02-16 17:00:00+00:00,2024-02-19 05:00:00+00:00,-1,0.001108560243409551,0.00022273826329721746,2.1113,0.0521,MEAN_CROSS,0.0008858219801123335,2.167855,12
2024-02-19 11:00:00+00:00,2024-02-20 08:00:00+00:00,1,-0.0005038029737725047,0.0008429957573220515,-2.1665,2.4851,MEAN_CROSS,0.0013467987310945562,3.295994,21
2024-02-20 09:00:00+00:00,2024-02-20 21:00:00+00:00,-1,0.0012613776415670852,-0.0003578688263341512,3.4432,-1.1197,MEAN_CROSS,0.0016192464679012364,3.96275,12
2024-02-22 00:00:00+00:00,2024-02-22 12:00:00+00:00,-1,0.0010152000503563796,-0.0002750836614221486,2.5943,-0.9227,MEAN_CROSS,0.0012902837117785282,3.157686,12
2024-02-22 13:00:00+00:00,2024-02-23 02:00:00+00:00,1,-0.0010221519653218492,0.00038735942408285595,-2.7401,0.6293,MEAN_CROSS,0.001409511389404705,3.44947,13
2024-02-23 09:00:00+00:00,2024-02-26 00:00:00+00:00,1,-0.0008738612844336746,-0.0016740537362166519,-2.4487,-4.9307,STOP_LOSS,-0.0008001924517829773,-1.958295,15
2024-02-26 01:00:00+00:00,2024-02-26 13:00:00+00:00,1,-0.0009754974997620014,0.0004261822720663666,-2.0238,1.3059,MEAN_CROSS,0.001401679771828368,3.430303,12
2024-02-28 01:00:00+00:00,2024-02-28 18:00:00+00:00,1,-0.0031950668821256745,9.127729645663774e-05,-12.5279,0.6783,MEAN_CROSS,0.003286344178582312,8.042606,17
2024-03-01 15:00:00+00:00,2024-03-04 03:00:00+00:00,-1,0.0012269230092566419,-0.00021977011679952252,3.0523,-0.9271,MEAN_CROSS,0.0014466931260561644,3.708802,12
2024-03-05 02:00:00+00:00,2024-03-05 14:00:00+00:00,1,-0.0005508253376913519,0.0003996531474587117,-2.0645,1.5602,MEAN_CROSS,0.0009504784851500636,2.436686,12
2024-03-05 15:00:00+00:00,2024-03-06 10:00:00+00:00,-1,0.0009266623568656707,0.00012486904001296484,3.1503,0.2343,MEAN_CROSS,0.0008017933168527058,2.05551,19
2024-03-06 13:00:00+00:00,2024-03-07 01:00:00+00:00,-1,0.0008433727064124374,9.412841173317421e-05,2.0313,-0.3629,MEAN_CROSS,0.0007492442946792632,1.920793,12
2024-03-08 01:00:00+00:00,2024-03-08 13:00:00+00:00,1,-0.0005765896326730413,0.0007500084635992943,-3.7981,2.2327,MEAN_CROSS,0.0013265980962723356,3.400921,12
2024-03-08 14:00:00+00:00,2024-03-11 01:00:00+00:00,-1,0.0008378272359786942,-1.323143044784647e-05,2.4227,-0.0982,MEAN_CROSS,0.0008510586664265407,2.181809,12
2024-03-12 08:00:00+00:00,2024-03-13 02:00:00+00:00,1,-0.0005430490098913276,0.0006491933560733854,-2.1078,2.8697,MEAN_CROSS,0.001192242365964713,3.056481,18
2024-03-13 03:00:00+00:00,2024-03-13 15:00:00+00:00,-1,0.0006755963772948625,-1.7054049184950237e-05,2.5986,0.1138,MEAN_CROSS,0.0006926504264798128,1.775707,12
2024-03-14 01:00:00+00:00,2024-03-14 13:00:00+00:00,-1,0.0008017561348611091,-0.0008060512249367102,2.3541,-2.6167,MEAN_CROSS,0.0016078073597978193,4.121841,12
2024-03-14 14:00:00+00:00,2024-03-15 06:00:00+00:00,1,-0.0013258807517377846,1.349763639468815e-05,-3.7538,0.5963,MEAN_CROSS,0.0013393783881324728,3.433685,16
2024-03-18 02:00:00+00:00,2024-03-18 14:00:00+00:00,-1,0.00044000301171842615,-7.385641466284287e-05,2.2352,-0.014,MEAN_CROSS,0.000513859426381269,1.317351,12
2024-03-19 00:00:00+00:00,2024-03-19 12:00:00+00:00,1,-0.0004608314936188629,5.124348360363573e-05,-2.3564,0.6908,MEAN_CROSS,0.0005120749772224986,1.312776,12
2024-03-20 22:00:00+00:00,2024-03-21 10:00:00+00:00,-1,0.0015126537737896184,9.22035573042157e-05,2.137,-0.2426,MEAN_CROSS,0.0014204502164854027,2.15812,12
2024-03-22 02:00:00+00:00,2024-03-22 17:00:00+00:00,1,-0.0013908199079659678,-0.0002674620717070253,-2.0848,0.5166,MEAN_CROSS,0.0011233578362589425,1.706742,15
2024-03-25 01:00:00+00:00,2024-03-25 14:00:00+00:00,-1,0.0007276197153524011,4.0977058631153085e-05,2.6663,0.2768,MEAN_CROSS,0.000686642656721248,1.043231,13
2024-03-26 09:00:00+00:00,2024-03-26 21:00:00+00:00,-1,0.0008494918717788513,-1.2842988711403436e-06,3.175,-0.1644,MEAN_CROSS,0.0008507761706499917,1.292602,12
2024-03-27 22:00:00+00:00,2024-03-28 12:00:00+00:00,1,-0.0007256578961327698,0.00021362971747385107,-2.3956,0.8721,MEAN_CROSS,0.0009392876136066208,1.42708,14
2024-04-01 05:00:00+00:00,2024-04-01 19:00:00+00:00,1,-0.0003800964893451164,8.311047665832128e-05,-2.0901,0.5945,MEAN_CROSS,0.0004632069660034377,0.70376,14
2024-04-02 08:00:00+00:00,2024-04-02 22:00:00+00:00,-1,0.0006086516896126604,9.067140761642722e-05,2.1211,-0.0894,MEAN_CROSS,0.0005179802819962331,0.786979,14
2024-04-03 00:00:00+00:00,2024-04-03 14:00:00+00:00,1,-0.0005895304831090575,0.0010979563735105113,-3.3027,3.0359,MEAN_CROSS,0.0016874868566195689,2.563835,14
2024-04-03 15:00:00+00:00,2024-04-04 03:00:00+00:00,-1,0.0012112537678511393,0.0005026470524491788,3.0025,0.4668,MEAN_CROSS,0.0007086067154019604,1.076601,12
2024-04-04 18:00:00+00:00,2024-04-05 07:00:00+00:00,1,-0.0005135580888064872,0.0006965426114555751,-2.3687,1.3299,MEAN_CROSS,0.0012101007002620623,1.838532,13
2024-04-05 12:00:00+00:00,2024-04-08 01:00:00+00:00,1,-0.0013461808156381982,0.0002659681466620212,-2.4863,0.9362,MEAN_CROSS,0.0016121489623002194,2.449373,13
2024-04-08 13:00:00+00:00,2024-04-09 02:00:00+00:00,-1,0.0009655045270705598,0.00013434295626679749,2.0522,-0.1915,MEAN_CROSS,0.0008311615708037623,1.262802,13
2024-04-10 12:00:00+00:00,2024-04-11 01:00:00+00:00,1,-0.0035065322360796625,0.00030658973470232276,-10.1682,0.6274,MEAN_CROSS,0.0038131219707819852,10.745152,13
2024-04-12 06:00:00+00:00,2024-04-12 20:00:00+00:00,1,-0.00116037496521737,-2.279875816868504e-05,-3.0711,0.5365,MEAN_CROSS,0.001137576207048685,3.205622,14
2024-04-15 03:00:00+00:00,2024-04-15 15:00:00+00:00,-1,0.0007332737285262736,-0.00017912175113055095,2.0193,0.2883,MEAN_CROSS,0.0009123954796568245,2.571076,12
2024-04-16 22:00:00+00:00,2024-04-17 10:00:00+00:00,-1,0.0006534285983078592,0.00015451115591402775,2.2391,0.1081,MEAN_CROSS,0.0004989174423938314,1.40592,12
2024-04-18 13:00:00+00:00,2024-04-19 01:00:00+00:00,1,-0.0006155291443369348,-0.0026930291625534286,-2.5781,-7.913,STOP_LOSS,-0.0020775000182164938,-5.854272,12
2024-04-19 02:00:00+00:00,2024-04-19 14:00:00+00:00,1,-0.0022004448880860172,0.0004642903923157693,-3.5303,0.9861,MEAN_CROSS,0.0026647352804017865,7.509066,12
2024-04-22 01:00:00+00:00,2024-04-22 13:00:00+00:00,-1,0.0017492460686759914,-0.00048272067907129124,2.4667,-1.4687,MEAN_CROSS,0.0022319667477472827,6.28955,12
2024-04-23 13:00:00+00:00,2024-04-24 01:00:00+00:00,-1,0.0015592069432177613,0.00030062880744408105,5.1109,0.3652,MEAN_CROSS,0.0012585781357736803,3.546599,12
2024-04-25 06:00:00+00:00,2024-04-25 18:00:00+00:00,-1,0.0006443414444320394,9.10135545995061e-06,2.0228,-0.0708,MEAN_CROSS,0.0006352400889720888,1.790069,12
2024-04-29 01:00:00+00:00,2024-04-29 13:00:00+00:00,-1,0.0008452757284005408,-0.0003528945276217721,2.1374,-0.8852,MEAN_CROSS,0.0011981702560223129,3.376373,12
2024-04-30 01:00:00+00:00,2024-05-01 00:00:00+00:00,1,-0.0007495860508698327,1.579230251114172e-05,-2.3538,1.0234,MEAN_CROSS,0.0007653783533809744,2.12339,23
2024-05-01 18:00:00+00:00,2024-05-02 06:00:00+00:00,-1,0.002107537159830586,7.207238115636283e-05,4.1098,-0.4229,MEAN_CROSS,0.002035464778674223,5.646993,12
2024-05-02 10:00:00+00:00,2024-05-03 01:00:00+00:00,1,-0.0006806522523051806,0.0006207057739141542,-2.0987,0.7586,MEAN_CROSS,0.0013013580262193347,3.610359,15
2024-05-03 12:00:00+00:00,2024-05-06 00:00:00+00:00,-1,0.003432246845967213,-0.00030948648385498156,7.0191,-0.9311,MEAN_CROSS,0.0037417333298221944,10.380696,12
2024-05-07 00:00:00+00:00,2024-05-07 13:00:00+00:00,-1,0.0008258209820060092,0.0001662390717246387,2.7117,0.3785,MEAN_CROSS,0.0006595819102813705,1.829879,13
2024-05-08 01:00:00+00:00,2024-05-08 13:00:00+00:00,1,-0.0007351948178567769,0.00028200602685057863,-2.2264,1.5181,MEAN_CROSS,0.0010172008447073555,2.822022,12
2024-05-08 14:00:00+00:00,2024-05-09 02:00:00+00:00,-1,0.0004503490186381631,8.207009105543062e-05,2.0209,0.2909,MEAN_CROSS,0.0003682789275827325,1.021717,12
2024-05-09 12:00:00+00:00,2024-05-10 00:00:00+00:00,-1,0.0008714793039173996,-0.00030671372959956145,2.8905,-1.5387,MEAN_CROSS,0.001178193033516961,3.268663,12
2024-05-10 02:00:00+00:00,2024-05-13 02:00:00+00:00,1,-0.0008076571636612684,9.365368167324473e-05,-2.7306,0.5198,MEAN_CROSS,0.0009013108453345131,2.500508,24
2024-05-13 11:00:00+00:00,2024-05-14 00:00:00+00:00,-1,0.0005831672852965042,-0.0002036213958459543,2.3685,-0.8198,MEAN_CROSS,0.0007867886811424585,2.182789,13
2024-05-14 07:00:00+00:00,2024-05-14 21:00:00+00:00,-1,0.0005539433208662237,5.283515525089655e-05,2.0053,-0.2206,MEAN_CROSS,0.0005011081656153271,1.390225,14
2024-05-15 12:00:00+00:00,2024-05-16 00:00:00+00:00,-1,0.0013191038534470234,0.0007749582802227817,4.4443,0.4247,MEAN_CROSS,0.0005441455732242417,1.509624,12
2024-05-20 12:00:00+00:00,2024-05-21 00:00:00+00:00,1,-0.001042985973069288,5.888212278326588e-05,-2.5241,0.6109,MEAN_CROSS,0.001101868095852554,2.788469,12
2024-05-22 00:00:00+00:00,2024-05-22 12:00:00+00:00,-1,0.0003831668050426895,-0.00013835739912082534,2.6047,-0.4547,MEAN_CROSS,0.0005215242041635149,1.319808,12
2024-05-22 18:00:00+00:00,2024-05-23 09:00:00+00:00,1,-0.0012778388258523066,0.0009848370915643834,-2.2389,1.9619,MEAN_CROSS,0.00226267591741669,5.726095,15
2024-05-23 13:00:00+00:00,2024-05-24 07:00:00+00:00,1,-0.0009949402350954983,0.0004664288452328469,-2.1285,1.0544,MEAN_CROSS,0.0014613690803283452,3.698249,18
2024-05-28 13:00:00+00:00,2024-05-29 06:00:00+00:00,1,-0.0005626607209815448,0.0002368392660925256,-3.4176,1.1063,MEAN_CROSS,0.0007994999870740704,2.023274,17
2024-05-30 05:00:00+00:00,2024-05-31 00:00:00+00:00,1,-0.0008503928513006187,0.00048703702045072017,-2.5227,1.5685,MEAN_CROSS,0.0013374298717513389,3.384599,19
2024-05-31 12:00:00+00:00,2024-06-03 02:00:00+00:00,-1,0.0014739914684895883,5.880382463874234e-05,3.8247,-0.2682,MEAN_CROSS,0.001415187643850846,3.581379,14
2024-06-04 08:00:00+00:00,2024-06-05 00:00:00+00:00,1,-0.0008762535904099922,0.0003560675857200435,-2.1253,0.8245,MEAN_CROSS,0.0012323211761300357,3.118603,16
2024-06-06 05:00:00+00:00,2024-06-06 17:00:00+00:00,1,-0.0005636847830934322,0.0007674889556420483,-2.1856,1.8164,MEAN_CROSS,0.0013311737387354805,3.368767,12
2024-06-07 12:00:00+00:00,2024-06-10 01:00:00+00:00,1,-0.0033180388106622827,5.989041279585994e-05,-9.6083,0.6812,MEAN_CROSS,0.0033779292234581426,8.280115,13
2024-06-12 12:00:00+00:00,2024-06-13 00:00:00+00:00,-1,0.004065547598336217,-0.0003718275099962032,13.8672,-0.6359,MEAN_CROSS,0.00443737510833242,10.877071,12
2024-06-14 15:00:00+00:00,2024-06-17 03:00:00+00:00,-1,0.0006106628513202761,-0.00028464094706992515,2.5874,-0.0719,MEAN_CROSS,0.0008953037983902012,2.194604,12
2024-06-17 17:00:00+00:00,2024-06-18 05:00:00+00:00,-1,0.0007078164328319092,-0.00012827460054087858,2.1894,-0.0333,MEAN_CROSS,0.0008360910333727878,2.04946,12
2024-06-18 07:00:00+00:00,2024-06-18 19:00:00+00:00,1,-0.001377619060256241,0.00044979796073474354,-3.1994,0.5609,MEAN_CROSS,0.0018274170209909846,4.479437,12
2024-06-19 22:00:00+00:00,2024-06-20 10:00:00+00:00,-1,0.0007212957129213438,-6.335478353769464e-05,2.075,-0.1509,MEAN_CROSS,0.0007846504964590384,1.923367,12
2024-06-20 15:00:00+00:00,2024-06-21 03:00:00+00:00,1,-0.0004255675130118153,0.0002200264595074719,-2.0262,1.0535,MEAN_CROSS,0.0006455939725192872,1.582506,12
2024-06-21 11:00:00+00:00,2024-06-23 23:00:00+00:00,-1,0.0004408938615994007,-0.00042714939624277637,2.2178,-1.6236,MEAN_CROSS,0.0008680432578421771,2.127782,12
2024-06-24 07:00:00+00:00,2024-06-24 19:00:00+00:00,-1,0.0005650963722428903,-4.195596441369798e-05,2.222,-0.1018,MEAN_CROSS,0.0006070523366565883,1.488031,12
2024-06-26 08:00:00+00:00,2024-06-26 20:00:00+00:00,1,-0.0005700554947905001,2.195526167880768e-05,-2.1358,0.6536,MEAN_CROSS,0.0005920107564693078,1.45116,12
2024-06-27 06:00:00+00:00,2024-06-27 18:00:00+00:00,-1,0.0006321210872017868,-0.00037190560012012597,2.1188,-0.6607,MEAN_CROSS,0.0010040266873219128,2.693507,12
2024-06-28 01:00:00+00:00,2024-06-28 13:00:00+00:00,1,-0.0010510043459541762,0.0006170163550086594,-2.6187,1.2859,MEAN_CROSS,0.0016680207009628356,4.474807,12
2024-07-01 12:00:00+00:00,2024-07-02 08:00:00+00:00,1,-0.0006911273974972154,0.00023672533747320923,-2.8338,1.2701,MEAN_CROSS,0.0009278527349704246,2.489155,20
2024-07-02 13:00:00+00:00,2024-07-03 01:00:00+00:00,-1,0.0011251878160294382,5.410290072616064e-07,3.2167,-0.1027,MEAN_CROSS,0.0011246467870221766,3.017095,12
2024-07-03 13:00:00+00:00,2024-07-04 01:00:00+00:00,-1,0.0011344969951549988,0.0003629718814152083,3.0301,0.2899,MEAN_CROSS,0.0007715251137397905,2.069774,12
2024-07-05 06:00:00+00:00,2024-07-05 18:00:00+00:00,1,-0.0003141992243184122,0.0006952654577602191,-2.0976,2.5616,MEAN_CROSS,0.0010094646820786313,2.708096,12
2024-07-08 06:00:00+00:00,2024-07-08 23:00:00+00:00,1,-0.00043523671823375576,0.00018217880871673753,-2.0587,0.6342,MEAN_CROSS,0.0006174155269504933,1.656343,17
2024-07-09 13:00:00+00:00,2024-07-10 02:00:00+00:00,-1,0.0006544692590948475,-0.0030487971240283906,3.4911,-12.7904,MEAN_CROSS,0.003703266383123238,9.93477,13
2024-07-11 12:00:00+00:00,2024-07-12 00:00:00+00:00,-1,0.0021566093739586734,-0.0008468763175605298,5.0767,-1.6291,MEAN_CROSS,0.003003485691519203,8.057465,12
2024-07-14 22:00:00+00:00,2024-07-15 13:00:00+00:00,1,-0.0012962980721017425,0.00034179683900903424,-3.0302,0.8686,MEAN_CROSS,0.0016380949111107768,4.394525,15
2024-07-15 17:00:00+00:00,2024-07-16 06:00:00+00:00,1,-0.0010102146180672733,2.870593289738821e-07,-2.2569,0.9824,MEAN_CROSS,0.0010105016773962472,2.710877,13
2024-07-16 22:00:00+00:00,2024-07-17 10:00:00+00:00,-1,0.0010858228725528773,0.00029943603007276387,3.0236,0.2792,MEAN_CROSS,0.0007863868424801135,1.746479,12
2024-07-18 18:00:00+00:00,2024-07-19 06:00:00+00:00,1,-0.0010127801883386134,0.0003475443473019979,-2.8483,1.9561,MEAN_CROSS,0.0013603245356406113,3.021132,12
2024-07-21 22:00:00+00:00,2024-07-22 10:00:00+00:00,-1,0.0008730842508978265,-7.761166027608901e-05,4.0094,0.3418,MEAN_CROSS,0.0009506959111739155,2.111392,12
2024-07-24 00:00:00+00:00,2024-07-24 12:00:00+00:00,1,-0.0006132733822996617,0.0007627509643737262,-2.4252,2.6158,MEAN_CROSS,0.001376024346673388,3.056,12
2024-07-25 11:00:00+00:00,2024-07-25 23:00:00+00:00,1,-0.0009852378418991892,2.423810006824123e-05,-2.1452,1.2796,MEAN_CROSS,0.0010094759419674304,2.241936,12
2024-07-26 07:00:00+00:00,2024-07-26 19:00:00+00:00,-1,0.0006526544402144507,-0.0003190863964340762,2.7253,-0.8814,MEAN_CROSS,0.000971740836648527,2.15813,12
2024-07-29 04:00:00+00:00,2024-07-29 16:00:00+00:00,1,-0.0006817150054136967,0.0002919296961167994,-2.5405,1.3694,MEAN_CROSS,0.0009736447015304961,2.162359,12
2024-07-30 03:00:00+00:00,2024-07-30 15:00:00+00:00,-1,0.000673953481921119,0.00019079941807920164,2.0556,0.3139,MEAN_CROSS,0.0004831540638419174,1.073032,12
2024-07-31 06:00:00+00:00,2024-07-31 19:00:00+00:00,-1,0.0013322024617560269,0.00027257247417322716,3.9399,-0.1825,MEAN_CROSS,0.0010596299875827997,2.353323,13
2024-08-01 08:00:00+00:00,2024-08-02 01:00:00+00:00,1,-0.0008127648097540074,0.00020836902049126138,-2.454,0.5434,MEAN_CROSS,0.0010211338302452688,2.267827,17
2024-08-02 13:00:00+00:00,2024-08-05 01:00:00+00:00,-1,0.001337405904673017,-0.0003059431377490096,2.4318,-0.4865,MEAN_CROSS,0.0016433490424220265,3.649699,12
2024-08-05 05:00:00+00:00,2024-08-05 19:00:00+00:00,1,-0.003190341067313529,0.00031887946413711177,-6.1976,0.6109,MEAN_CROSS,0.003509220531450641,7.793596,14
2024-08-06 00:00:00+00:00,2024-08-06 12:00:00+00:00,-1,0.0021418527034730017,-0.0005985786235271906,2.5196,-0.5891,MEAN_CROSS,0.0027404313270001923,3.097178,12
2024-08-06 22:00:00+00:00,2024-08-07 10:00:00+00:00,-1,0.002135192106474171,0.0006331873714123804,2.4796,0.246,MEAN_CROSS,0.0015020047350617904,1.697534,12
2024-08-07 17:00:00+00:00,2024-08-08 14:00:00+00:00,1,-0.0008670689401317766,0.0006905226504643203,-2.0296,1.842,MEAN_CROSS,0.0015575915905960969,1.760357,21
2024-08-09 01:00:00+00:00,2024-08-09 13:00:00+00:00,-1,0.0009108153941205233,-0.00039971109604486355,2.0781,-0.9345,MEAN_CROSS,0.0013105264901653868,1.48113,12
2024-08-13 12:00:00+00:00,2024-08-14 00:00:00+00:00,-1,0.0009151663635657004,0.00027176265788453335,2.1452,-0.2565,MEAN_CROSS,0.000643403705681167,0.727161,12
2024-08-14 02:00:00+00:00,2024-08-14 14:00:00+00:00,1,-0.002834000987977925,0.0007566318813244655,-9.342,0.8286,MEAN_CROSS,0.0035906328693023903,4.058058,12
2024-08-15 12:00:00+00:00,2024-08-16 00:00:00+00:00,1,-0.0014162959871799607,0.00022633805170002574,-2.8823,0.8536,MEAN_CROSS,0.0016426340388799865,1.856471,12
2024-08-16 01:00:00+00:00,2024-08-16 14:00:00+00:00,-1,0.0010099726216193927,-0.00022834927120085613,2.523,-0.6098,MEAN_CROSS,0.0012383218928202488,1.399525,13
2024-08-19 07:00:00+00:00,2024-08-20 06:00:00+00:00,1,-0.00018567215244336133,0.0006590878863003136,-2.0908,0.549,MEAN_CROSS,0.0008447600387436749,0.95473,23
2024-08-21 01:00:00+00:00,2024-08-21 15:00:00+00:00,1,-0.000403028188192156,0.0010064068749289223,-3.0432,2.448,MEAN_CROSS,0.0014094350631210784,1.592914,14
2024-08-22 13:00:00+00:00,2024-08-23 01:00:00+00:00,1,-0.0009488201185375855,0.0007618388023404865,-2.4833,2.3507,MEAN_CROSS,0.001710658920878072,1.933351,12
2024-08-27 17:00:00+00:00,2024-08-28 05:00:00+00:00,-1,0.0010009238288167799,-0.0009089000455443363,2.3622,-2.9394,MEAN_CROSS,0.0019098238743611162,2.206606,12
2024-08-29 00:00:00+00:00,2024-08-29 12:00:00+00:00,-1,0.001070316492102652,-0.0014100156127462293,2.3546,-2.5114,MEAN_CROSS,0.0024803321048488813,2.86577,12
2024-09-03 03:00:00+00:00,2024-09-03 20:00:00+00:00,1,-0.0015890881756264186,3.0904679947707514e-05,-5.046,0.5831,MEAN_CROSS,0.001619992855574126,1.871736,17
2024-09-04 13:00:00+00:00,2024-09-05 06:00:00+00:00,-1,0.0007835236650567401,0.0002259681746809017,2.3793,0.3281,MEAN_CROSS,0.0005575554903758384,0.644198,17
2024-09-05 13:00:00+00:00,2024-09-06 01:00:00+00:00,-1,0.0010565437766023589,-0.000106407848853185,2.2328,-0.7452,MEAN_CROSS,0.0011629516254555439,1.343672,12
2024-09-06 13:00:00+00:00,2024-09-09 01:00:00+00:00,1,-0.0019087211407222693,0.0007352350395705143,-5.355,1.3002,MEAN_CROSS,0.0026439561802927836,3.054821,12
2024-09-11 12:00:00+00:00,2024-09-12 03:00:00+00:00,1,-0.0013233688702797286,0.0007705813644193205,-4.3329,1.8719,MEAN_CROSS,0.002093950234699049,2.419345,15
2024-09-13 11:00:00+00:00,2024-09-16 03:00:00+00:00,1,-0.000962827290677204,0.0012594917798798289,-2.1237,3.383,MEAN_CROSS,0.002222319070557033,4.032581,16
2024-09-16 08:00:00+00:00,2024-09-16 22:00:00+00:00,-1,0.0009177267344734341,2.5537553277055203e-05,2.141,-0.3439,MEAN_CROSS,0.0008921891811963789,1.618951,14
2024-09-17 00:00:00+00:00,2024-09-17 18:00:00+00:00,1,-0.0008416467606660039,0.00030597677989252503,-2.5007,0.6944,MEAN_CROSS,0.0011476235405585289,2.082457,18
2024-09-18 18:00:00+00:00,2024-09-19 11:00:00+00:00,-1,0.0014274348832331585,-0.00022443880762978985,2.3191,-0.6304,MEAN_CROSS,0.0016518736908629483,2.997461,17
2024-09-19 12:00:00+00:00,2024-09-20 12:00:00+00:00,1,-0.001636032930243836,0.0006367301394186731,-2.1192,0.6372,MEAN_CROSS,0.002272763069662509,4.124116,24
2024-09-20 16:00:00+00:00,2024-09-23 06:00:00+00:00,-1,0.0012473705624513887,7.552464049553897e-05,2.3287,0.1323,MEAN_CROSS,0.0011718459219558497,2.126411,14
2024-09-24 12:00:00+00:00,2024-09-25 00:00:00+00:00,-1,0.001604434181843084,0.0006942408417538459,2.9498,0.3104,MEAN_CROSS,0.0009101933400892381,1.651621,12
2024-09-25 15:00:00+00:00,2024-09-26 03:00:00+00:00,1,-0.002149955643377499,0.00026909171101330287,-2.8887,1.0273,MEAN_CROSS,0.002419047354390802,4.389561,12
2024-09-26 05:00:00+00:00,2024-09-26 19:00:00+00:00,-1,0.0009419555819046854,0.0004208691976079759,2.1442,0.4087,MEAN_CROSS,0.0005210863842967095,0.945554,14
2024-09-27 01:00:00+00:00,2024-09-27 13:00:00+00:00,1,-0.001036468739214924,0.0018848327787308605,-2.1884,2.0301,MEAN_CROSS,0.0029213015179457846,5.300942,12
2024-10-01 02:00:00+00:00,2024-10-01 18:00:00+00:00,1,-0.001272677239070541,0.0005502915047643775,-2.2752,1.5717,MEAN_CROSS,0.0018229687438349185,3.307927,16
2024-10-02 01:00:00+00:00,2024-10-02 13:00:00+00:00,-1,0.001153074016396527,-0.0008229871405640576,3.1141,-0.7592,MEAN_CROSS,0.0019760611569605846,3.585726,12
2024-10-03 13:00:00+00:00,2024-10-04 03:00:00+00:00,-1,0.00040427897301043014,-0.00024768019772669625,2.7242,0.2355,MEAN_CROSS,0.0006519591707371264,1.130058,14
2024-10-04 12:00:00+00:00,2024-10-07 00:00:00+00:00,1,-0.003259823662642436,3.2937722571513284e-05,-10.0755,0.5912,MEAN_CROSS,0.0032927613852139492,5.707428,12
2024-10-08 00:00:00+00:00,2024-10-08 12:00:00+00:00,-1,0.0010901489578277745,-6.512241017564424e-05,3.1266,0.3598,MEAN_CROSS,0.0011552713680034188,2.002461,12
2024-10-08 19:00:00+00:00,2024-10-09 07:00:00+00:00,-1,0.0009936183926457787,-0.0006634519185310106,2.3379,-0.5808,MEAN_CROSS,0.0016570703111767893,2.872242,12
2024-10-11 15:00:00+00:00,2024-10-14 03:00:00+00:00,-1,0.0009424524559817904,-0.00010663876923311388,2.4239,-0.3341,MEAN_CROSS,0.0010490912252149043,1.818417,12
2024-10-14 13:00:00+00:00,2024-10-15 01:00:00+00:00,-1,0.0008958230772475595,-0.0002794980751461562,2.1652,-0.418,MEAN_CROSS,0.0011753211523937157,2.037214,12
2024-10-15 17:00:00+00:00,2024-10-16 05:00:00+00:00,1,-0.0007505840393978724,9.341909439009033e-05,-2.0505,0.616,MEAN_CROSS,0.0008440031337879628,1.462932,12
2024-10-17 07:00:00+00:00,2024-10-18 01:00:00+00:00,1,-0.0006734047896846951,0.000220884948564537,-2.2416,0.7264,MEAN_CROSS,0.0008942897382492321,1.550095,18
2024-10-18 15:00:00+00:00,2024-10-21 03:00:00+00:00,1,-0.0004840275057907961,0.0003457245855211788,-2.4561,1.101,MEAN_CROSS,0.0008297520913119749,1.438231,12
2024-10-21 04:00:00+00:00,2024-10-22 01:00:00+00:00,1,-0.00037166677034317086,0.0007085888007527519,-2.1604,2.1926,MEAN_CROSS,0.0010802555710959227,1.872435,21
2024-10-22 03:00:00+00:00,2024-10-22 15:00:00+00:00,-1,0.0010806190057418563,-0.00048385661908811883,2.653,-0.7125,MEAN_CROSS,0.0015644756248299752,2.711746,12
2024-10-23 11:00:00+00:00,2024-10-23 23:00:00+00:00,1,-0.0011433543570217308,0.00022718493772311277,-3.1142,1.4375,MEAN_CROSS,0.0013705392947448436,2.956848,12
2024-10-24 00:00:00+00:00,2024-10-24 12:00:00+00:00,-1,0.0005159749894958487,-0.0001279469236274977,2.2798,-0.0723,MEAN_CROSS,0.0006439219131233465,1.389219,12
2024-10-25 03:00:00+00:00,2024-10-27 21:00:00+00:00,1,-0.0009011753418269874,5.842386449894654e-05,-2.3256,0.6524,MEAN_CROSS,0.000959599206325934,2.070272,18
2024-10-28 10:00:00+00:00,2024-10-28 22:00:00+00:00,-1,0.0007666861928316004,-1.0327036983559523e-05,2.1077,0.2393,MEAN_CROSS,0.00077701322981516,1.676355,12
2024-10-29 12:00:00+00:00,2024-10-30 00:00:00+00:00,1,-0.0009450285678781478,0.00011516145223811058,-2.3338,0.5389,MEAN_CROSS,0.0010601900201162584,2.28729,12
2024-10-30 03:00:00+00:00,2024-10-31 05:00:00+00:00,1,-0.000926890102659117,0.0003664817308622892,-2.4462,0.6192,MEAN_CROSS,0.0012933718335214062,2.790364,26
2024-10-31 13:00:00+00:00,2024-11-01 03:00:00+00:00,1,-0.0018729263785411954,0.00030735956202354586,-3.7574,0.6292,MEAN_CROSS,0.0021802859405647412,4.703823,14
2024-11-01 12:00:00+00:00,2024-11-04 05:00:00+00:00,-1,0.0014476683504229815,0.00018231229121012937,2.6303,-0.002,MEAN_CROSS,0.001265356059212852,2.729922,16
2024-11-05 23:00:00+00:00,2024-11-06 11:00:00+00:00,-1,0.0010066558228942757,-0.0010446009555410418,2.2382,-0.7865,MEAN_CROSS,0.0020512567784353175,4.425451,12
2024-11-08 13:00:00+00:00,2024-11-11 01:00:00+00:00,1,-0.0014018303140487243,0.00017654105455400249,-2.3768,1.0846,MEAN_CROSS,0.0015783713686027268,3.405232,12
2024-11-12 15:00:00+00:00,2024-11-13 03:00:00+00:00,1,-0.0008701322072584006,6.890023836947368e-05,-2.5317,0.6047,MEAN_CROSS,0.0009390324456278742,2.549158,12
2024-11-13 14:00:00+00:00,2024-11-14 07:00:00+00:00,1,-0.0017617952186266272,0.00024069295608397656,-3.3777,0.9669,MEAN_CROSS,0.002002488174710604,5.436084,17
2024-11-15 02:00:00+00:00,2024-11-15 14:00:00+00:00,-1,0.0007447884987703546,-0.0010534403001787318,2.1124,-2.2383,MEAN_CROSS,0.0017982287989490864,4.881588,12
2024-11-18 07:00:00+00:00,2024-11-18 19:00:00+00:00,1,-0.0008384447498388514,0.0006291867096200887,-2.2067,0.8534,MEAN_CROSS,0.0014676314594589401,3.984127,12
2024-11-20 07:00:00+00:00,2024-11-20 21:00:00+00:00,1,-0.0007277376952719017,0.0002624048040793525,-2.1041,0.7591,MEAN_CROSS,0.0009901424993512542,2.687905,14
2024-11-21 16:00:00+00:00,2024-11-22 07:00:00+00:00,1,-0.001252101867132538,0.00010710756846776803,-2.805,0.8218,MEAN_CROSS,0.001359209435600306,3.689798,15
2024-11-24 22:00:00+00:00,2024-11-25 10:00:00+00:00,-1,0.0017883536365780328,3.95361423274343e-05,4.9138,0.0181,MEAN_CROSS,0.0017488174942505985,4.747453,12
2024-11-25 23:00:00+00:00,2024-11-26 11:00:00+00:00,1,-0.0021648570821994895,0.0005156320128182346,-3.8685,0.8689,MEAN_CROSS,0.002680489095017724,7.276629,12
2024-11-27 01:00:00+00:00,2024-11-27 14:00:00+00:00,-1,0.0027103104730268335,0.0007113478328966139,3.8749,0.4796,MEAN_CROSS,0.0019989626401302196,5.426513,13
2024-11-28 23:00:00+00:00,2024-11-29 11:00:00+00:00,-1,0.0004230368219141356,0.00016337657666265493,2.308,0.1636,MEAN_CROSS,0.0002596602452514807,0.704891,12
2024-12-01 23:00:00+00:00,2024-12-02 18:00:00+00:00,1,-0.0009060085470125046,0.0002929201481745025,-2.8862,0.8612,MEAN_CROSS,0.001198928695187007,3.143482,19
2024-12-03 08:00:00+00:00,2024-12-03 20:00:00+00:00,-1,0.0013500676267060863,-0.00022396184626449767,2.8964,-0.2942,MEAN_CROSS,0.001574029472970584,4.126962,12
2024-12-04 02:00:00+00:00,2024-12-04 15:00:00+00:00,1,-0.001596371865318691,0.001294478978529856,-3.2974,3.2009,MEAN_CROSS,0.002890850843848547,7.579548,13
2024-12-04 16:00:00+00:00,2024-12-05 04:00:00+00:00,-1,0.0009859713123985259,9.201434065775338e-05,2.2477,0.3231,MEAN_CROSS,0.0008939569717407725,2.343874,12
2024-12-06 01:00:00+00:00,2024-12-06 13:00:00+00:00,1,-0.0010362220792144994,0.0012692622005159304,-3.2924,3.3045,MEAN_CROSS,0.00230548427973043,6.04477,12
2024-12-06 15:00:00+00:00,2024-12-09 07:00:00+00:00,1,-0.0013552040010775812,0.0017184615104844925,-2.4797,4.0407,MEAN_CROSS,0.0030736655115620737,8.058872,16
2024-12-09 08:00:00+00:00,2024-12-09 20:00:00+00:00,-1,0.0023495577792759237,-0.0005286374870773214,4.1531,-0.7058,MEAN_CROSS,0.002878195266353245,7.546366,12
2024-12-11 07:00:00+00:00,2024-12-11 19:00:00+00:00,1,-0.001717806925311871,9.09260194597028e-05,-3.1039,0.5895,MEAN_CROSS,0.0018087329447715739,4.742333,12
2024-12-12 01:00:00+00:00,2024-12-12 13:00:00+00:00,-1,0.0009447050800881485,5.348439939001359e-05,2.0274,0.0245,MEAN_CROSS,0.0008912206806981349,2.3367,12
2024-12-12 15:00:00+00:00,2024-12-13 04:00:00+00:00,1,-0.0010295194295307786,0.00024477549792423225,-2.6435,0.6911,MEAN_CROSS,0.0012742949274550108,3.341085,13
2024-12-13 12:00:00+00:00,2024-12-16 06:00:00+00:00,-1,0.000534204681989614,-8.577188623792864e-07,2.04,-0.1391,MEAN_CROSS,0.0005350624008519933,1.402885,18
2024-12-16 10:00:00+00:00,2024-12-16 23:00:00+00:00,1,-0.0007115147262084509,0.0007568033950550168,-2.5721,1.9923,MEAN_CROSS,0.0014683181212634677,3.849797,13
2024-12-18 03:00:00+00:00,2024-12-18 19:00:00+00:00,1,-0.0008184152797693356,-0.003207249436562698,-2.1645,-8.7616,STOP_LOSS,-0.0023888341567933624,-6.263306,16
2024-12-18 20:00:00+00:00,2024-12-19 08:00:00+00:00,1,-0.0025287225563564997,0.000873005283004824,-3.4251,1.4579,MEAN_CROSS,0.0034017278393613237,8.919021,12
