entry_time,exit_time,direction,entry_spread,exit_spread,entry_z,exit_z,exit_reason,pnl_spread,pnl_norm,bars_held
2015-04-30 07:00:00+00:00,2015-04-30 19:00:00+00:00,-1,0.006440010880782054,0.0005508902314765862,3.5068,-0.2261,MEAN_CROSS,0.005889120649305468,3.78591,12
2015-05-01 14:00:00+00:00,2015-05-04 05:00:00+00:00,1,-0.002390341817969155,0.0007113875605353481,-2.3158,0.7554,MEAN_CROSS,0.003101729378504503,1.993993,15
2015-05-05 06:00:00+00:00,2015-05-05 18:00:00+00:00,1,-0.0025822304402762786,0.00067709875440225,-2.6376,0.5337,MEAN_CROSS,0.0032593291946785286,2.095309,12
2015-05-06 13:00:00+00:00,2015-05-07 01:00:00+00:00,-1,0.004878497204781063,-0.0005440700736996096,4.2987,-0.9685,MEAN_CROSS,0.005422567278480672,3.485979,12
2015-05-07 11:00:00+00:00,2015-05-08 07:00:00+00:00,1,-0.0032422289407501026,0.0004506734952389735,-2.7513,1.103,MEAN_CROSS,0.003692902435989076,2.374038,20
2015-05-08 12:00:00+00:00,2015-05-11 00:00:00+00:00,-1,0.0028426971535131518,-0.00201853778609129,3.2878,-1.8201,MEAN_CROSS,0.004861234939604442,3.125118,12
2015-05-11 06:00:00+00:00,2015-05-11 18:00:00+00:00,-1,0.0020227182020124967,1.965273277848567e-05,2.3334,0.2414,MEAN_CROSS,0.002003065469234011,1.287701,12
2015-05-12 07:00:00+00:00,2015-05-12 19:00:00+00:00,-1,0.002760100006447219,-0.0006276075742457365,3.5781,-1.0764,MEAN_CROSS,0.0033877075806929557,2.177839,12
2015-05-13 12:00:00+00:00,2015-05-14 00:00:00+00:00,-1,0.0038937177775895115,-7.37716423939716e-05,3.5742,-0.4619,MEAN_CROSS,0.003967489419983483,2.55056,12
2015-05-15 08:00:00+00:00,2015-05-18 23:00:00+00:00,1,-0.001788170567167846,0.000538448166272687,-2.222,0.9554,MEAN_CROSS,0.002326618733440533,1.495702,40
2015-05-21 07:00:00+00:00,2015-05-21 19:00:00+00:00,-1,0.0012845523493201227,-0.0003190838475051194,2.1756,-0.4426,MEAN_CROSS,0.0016036361968252422,1.147438,12
2015-05-22 12:00:00+00:00,2015-05-25 06:00:00+00:00,1,-0.002721743567214885,0.00048067477164015493,-4.8498,0.8166,MEAN_CROSS,0.00320241833885504,2.291404,18
2015-05-26 06:00:00+00:00,2015-05-26 19:00:00+00:00,1,-0.001861654266355428,0.0003085392143531429,-2.9457,0.9094,MEAN_CROSS,0.002170193480708571,1.552823,13
2015-05-27 10:00:00+00:00,2015-05-28 06:00:00+00:00,1,-0.0015068260413975132,0.0005756067268785081,-2.048,0.7083,MEAN_CROSS,0.0020824327682760213,1.490028,20
2015-05-28 11:00:00+00:00,2015-05-29 07:00:00+00:00,1,-0.0017487886203306768,0.00110602053618436,-2.4827,1.7128,MEAN_CROSS,0.002854809156515037,2.042681,20
2015-06-01 00:00:00+00:00,2015-06-01 12:00:00+00:00,1,-0.0012552784968336006,0.0007877185238174267,-2.2752,1.2299,MEAN_CROSS,0.0020429970206510273,1.461811,12
2015-06-01 14:00:00+00:00,2015-06-02 04:00:00+00:00,1,-0.002134638207742068,0.00028129411652733083,-2.838,0.617,MEAN_CROSS,0.0024159323242693986,1.728655,14
2015-06-02 08:00:00+00:00,2015-06-02 20:00:00+00:00,-1,0.0015684868958014686,-3.700913163462438e-05,2.2719,-0.6403,MEAN_CROSS,0.001605496027436093,1.148769,12
2015-06-03 13:00:00+00:00,2015-06-04 01:00:00+00:00,-1,0.0041592034400765865,-5.6432899176339646e-05,2.1918,-0.4404,MEAN_CROSS,0.004215636339252926,3.016384,12
2015-06-05 12:00:00+00:00,2015-06-08 01:00:00+00:00,1,-0.004077597111452391,-1.1050681124835648e-05,-2.5931,0.5391,MEAN_CROSS,0.004066546430327556,2.909707,14
2015-06-09 06:00:00+00:00,2015-06-09 23:00:00+00:00,1,-0.0011277171884684911,0.00085577195624853,-2.2381,0.5832,MEAN_CROSS,0.001983489144717021,1.39164,17
2015-06-10 07:00:00+00:00,2015-06-10 20:00:00+00:00,-1,0.0022187845756689306,0.000639263665569878,2.0887,0.2547,MEAN_CROSS,0.0015795209100990526,1.108211,13
2015-06-11 07:00:00+00:00,2015-06-11 19:00:00+00:00,1,-0.0019991411316058194,0.0004803285549903613,-2.8351,0.6724,MEAN_CROSS,0.0024794696865961807,1.739626,12
2015-06-12 08:00:00+00:00,2015-06-12 20:00:00+00:00,1,-0.0027977557595995073,0.0005335450595909119,-3.7214,0.8278,MEAN_CROSS,0.003331300819190419,2.337281,12
2015-06-14 21:00:00+00:00,2015-06-15 10:00:00+00:00,1,-0.0026347148223837547,0.0003501766659927963,-2.7537,0.5977,MEAN_CROSS,0.002984891488376551,2.094236,13
2015-06-16 08:00:00+00:00,2015-06-17 01:00:00+00:00,1,-0.001361019207706926,0.00032400254802089634,-2.0843,0.8467,MEAN_CROSS,0.0016850217557278224,1.182232,17
2015-06-17 18:00:00+00:00,2015-06-18 06:00:00+00:00,-1,0.0029783393351345833,-0.00039303930420442335,6.0887,-0.6918,MEAN_CROSS,0.0033713786393390066,2.3654,12
2015-06-19 04:00:00+00:00,2015-06-19 16:00:00+00:00,1,-0.0010883296096428907,0.00025370357789200604,-2.2128,0.5898,MEAN_CROSS,0.0013420331875348968,0.941587,12
2015-06-22 07:00:00+00:00,2015-06-23 21:00:00+00:00,1,-0.0033196996588409355,-0.00013814642084164497,-3.8385,0.8524,MEAN_CROSS,0.0031815532379992906,2.232216,38
2015-06-24 02:00:00+00:00,2015-06-24 15:00:00+00:00,-1,0.0008108892229798936,6.433025251162405e-05,2.39,0.3611,MEAN_CROSS,0.0007465589704682696,0.523795,13
2015-06-25 10:00:00+00:00,2015-06-25 22:00:00+00:00,-1,0.0020852171733283242,-0.00016825383990792808,4.7776,-0.5878,MEAN_CROSS,0.0022534710132362523,1.581063,12
2015-06-28 21:00:00+00:00,2015-06-29 09:00:00+00:00,1,-0.008694066571276693,0.0007950051500451583,-13.54,0.5991,MEAN_CROSS,0.009489071721321851,13.494039,12
2015-07-01 08:00:00+00:00,2015-07-01 20:00:00+00:00,-1,0.0017851871022549481,-0.0001585579152110217,2.3536,-0.0973,MEAN_CROSS,0.0019437450174659698,2.764124,12
2015-07-02 09:00:00+00:00,2015-07-02 21:00:00+00:00,-1,0.0018868432562408888,-8.619775423368559e-05,2.603,-0.067,MEAN_CROSS,0.0019730410104745744,2.805785,12
2015-07-05 21:00:00+00:00,2015-07-06 13:00:00+00:00,1,-0.0066160652736435566,0.0005965664063309895,-15.7241,0.5441,MEAN_CROSS,0.007212631679974546,10.256802,16
2015-07-07 08:00:00+00:00,2015-07-07 20:00:00+00:00,1,-0.002522992326115192,0.0018097298045842702,-3.0456,2.0799,MEAN_CROSS,0.004332722130699462,6.161395,12
2015-07-08 11:00:00+00:00,2015-07-08 23:00:00+00:00,-1,0.00223966050689528,1.126385142247166e-05,2.1343,-0.669,MEAN_CROSS,0.0022283966554728085,3.168916,12
2015-07-09 07:00:00+00:00,2015-07-09 20:00:00+00:00,1,-0.0016674084678327539,0.0007779128455986939,-2.5944,0.8499,MEAN_CROSS,0.0024453213134314478,3.477396,13
2015-07-09 22:00:00+00:00,2015-07-10 11:00:00+00:00,-1,0.0024079634206308764,0.0006143211081932609,2.953,0.3218,MEAN_CROSS,0.0017936423124376155,2.550669,13
2015-07-13 06:00:00+00:00,2015-07-13 18:00:00+00:00,-1,0.0021333196442312463,-0.0009909300448962544,2.1003,-0.6012,MEAN_CROSS,0.0031242496891275007,4.442874,12
2015-07-15 07:00:00+00:00,2015-07-15 19:00:00+00:00,-1,0.0009481923001586345,-0.00025555455993453435,2.0999,-0.1102,MEAN_CROSS,0.0012037468600931689,1.711801,12
2015-07-20 07:00:00+00:00,2015-07-20 19:00:00+00:00,-1,0.001027207830420096,-0.0001862520863848971,2.4978,-0.3324,MEAN_CROSS,0.001213459916804993,1.920591,12
2015-07-21 11:00:00+00:00,2015-07-21 23:00:00+00:00,-1,0.0011822519894586492,-0.00013873469174141562,2.4028,-0.5679,MEAN_CROSS,0.0013209866812000648,2.090778,12
2015-07-23 07:00:00+00:00,2015-07-23 20:00:00+00:00,-1,0.0011848719435849642,-7.011549246627169e-05,2.0788,-0.7651,MEAN_CROSS,0.0012549874360512359,1.986319,13
2015-07-24 07:00:00+00:00,2015-07-27 02:00:00+00:00,1,-0.0017493564478316959,0.0009256803625630194,-3.4791,1.0235,MEAN_CROSS,0.0026750368103947153,4.233888,20
2015-07-27 07:00:00+00:00,2015-07-27 19:00:00+00:00,-1,0.0028204145483456955,0.00025300693793384177,3.1405,-0.8124,MEAN_CROSS,0.0025674076104118537,4.063539,12
2015-07-29 19:00:00+00:00,2015-07-30 07:00:00+00:00,1,-0.0012874902164443647,0.0003484158774262891,-2.3364,1.2413,MEAN_CROSS,0.0016359060938706538,2.589214,12
2015-07-30 13:00:00+00:00,2015-07-31 01:00:00+00:00,1,-0.0020599461143397946,1.9213431987852303e-05,-3.2527,0.572,MEAN_CROSS,0.002079159546327647,3.290769,12
2015-07-31 09:00:00+00:00,2015-08-02 21:00:00+00:00,-1,0.0010781280551426242,-4.9920264595382235e-06,2.048,-0.1044,MEAN_CROSS,0.0010831200816021624,1.714297,12
2015-08-04 07:00:00+00:00,2015-08-04 19:00:00+00:00,-1,0.0008000207362595102,-0.001132378781901977,2.0274,-1.984,MEAN_CROSS,0.0019323995181614873,3.058486,12
2015-08-07 03:00:00+00:00,2015-08-07 15:00:00+00:00,1,-0.0005102850147100657,0.0023258609420460097,-2.4709,3.0453,MEAN_CROSS,0.0028361459567560754,3.348904,12
2015-08-10 13:00:00+00:00,2015-08-11 01:00:00+00:00,-1,0.0024312668505805934,-0.0015529925868673633,2.1857,-2.4252,MEAN_CROSS,0.003984259437447957,4.704589,12
2015-08-11 02:00:00+00:00,2015-08-12 01:00:00+00:00,1,-0.0019492540726047114,0.0009973393121287533,-2.5951,0.5785,MEAN_CROSS,0.0029465933847334647,3.47932,23
2015-08-13 15:00:00+00:00,2015-08-14 03:00:00+00:00,-1,0.0015989520186225903,0.000186183512139948,2.8753,0.3463,MEAN_CROSS,0.0014127685064826423,1.668188,12
2015-08-14 14:00:00+00:00,2015-08-17 05:00:00+00:00,1,-0.0018542531339347246,7.976825572320045e-05,-2.687,0.6228,MEAN_CROSS,0.001934021389657925,2.283681,16
2015-08-18 04:00:00+00:00,2015-08-18 19:00:00+00:00,1,-0.0009847449234985373,0.000151225894845064,-2.199,1.0505,MEAN_CROSS,0.0011359708183436013,1.341347,15
2015-08-19 17:00:00+00:00,2015-08-20 05:00:00+00:00,-1,0.002246472640209163,-1.1410104183706693e-05,3.7319,-0.295,MEAN_CROSS,0.0022578827443928695,2.666094,12
2015-08-21 07:00:00+00:00,2015-08-21 20:00:00+00:00,1,-0.001152534305161046,0.0010556437095390336,-2.7067,0.6464,MEAN_CROSS,0.0022081780147000796,2.607403,13
2015-08-24 01:00:00+00:00,2015-08-24 13:00:00+00:00,-1,0.0020887315609132706,0.007166460426937027,2.2571,7.1243,STOP_LOSS,-0.005077728866023756,-5.995751,12
2015-08-25 20:00:00+00:00,2015-08-26 08:00:00+00:00,-1,0.002467796884584983,-0.0017306143374391514,2.3273,-1.1112,MEAN_CROSS,0.004198411222024134,2.406041,12
2015-08-26 10:00:00+00:00,2015-08-27 02:00:00+00:00,1,-0.003248878827636803,0.0005715009759055256,-2.028,0.6804,MEAN_CROSS,0.0038203798035423286,2.189397,16
2015-08-27 17:00:00+00:00,2015-08-28 05:00:00+00:00,-1,0.0021571836799503252,-0.0006476746145760437,2.5251,-0.5688,MEAN_CROSS,0.002804858294526369,1.607418,12
2015-08-28 14:00:00+00:00,2015-08-31 02:00:00+00:00,1,-0.0028448986379348007,0.001251492105653229,-2.4143,1.3433,MEAN_CROSS,0.00409639074358803,2.347575,12
2015-09-01 09:00:00+00:00,2015-09-02 08:00:00+00:00,1,-0.0009753767479743214,0.0007391053529859359,-2.0554,0.771,MEAN_CROSS,0.0017144821009602573,0.982542,23
2015-09-03 12:00:00+00:00,2015-09-04 00:00:00+00:00,1,-0.00491924426744883,0.00023854397894429447,-10.8817,0.6477,MEAN_CROSS,0.005157788246393125,2.955844,12
2015-09-09 02:00:00+00:00,2015-09-09 14:00:00+00:00,1,-0.001158126638504564,0.0007243000274801403,-2.9943,0.9741,MEAN_CROSS,0.0018824266659847044,1.078788,12
2015-09-09 19:00:00+00:00,2015-09-10 07:00:00+00:00,-1,0.0017908833316171435,-0.001083982919626969,2.1568,-1.1735,MEAN_CROSS,0.0028748662512441125,1.647539,12
2015-09-10 15:00:00+00:00,2015-09-11 03:00:00+00:00,-1,0.0023726557897720824,0.0001799724394229152,2.6476,-0.3588,MEAN_CROSS,0.002192683350349167,1.256591,12
2015-09-11 15:00:00+00:00,2015-09-14 03:00:00+00:00,-1,0.0024736419495983153,0.00022981325664517271,3.1114,-0.042,MEAN_CROSS,0.0022438286929531426,1.285902,12
2015-09-14 12:00:00+00:00,2015-09-15 01:00:00+00:00,1,-0.0014166618496742611,0.0001074928892366156,-2.0075,0.6116,MEAN_CROSS,0.0015241547389108767,1.947915,13
2015-09-16 07:00:00+00:00,2015-09-16 20:00:00+00:00,1,-0.0011178875649322517,0.0005933499505479389,-2.1575,0.8804,MEAN_CROSS,0.0017112375154801907,2.187012,13
2015-09-17 17:00:00+00:00,2015-09-18 06:00:00+00:00,-1,0.0019896970886370546,-0.000596068584389986,3.2102,-1.1717,MEAN_CROSS,0.0025857656730270406,3.304685,13
2015-09-18 10:00:00+00:00,2015-09-21 02:00:00+00:00,1,-0.0018188566315109345,0.000431022941757897,-2.5077,0.7891,MEAN_CROSS,0.0022498795732688315,2.875413,16
2015-09-21 14:00:00+00:00,2015-09-22 02:00:00+00:00,1,-0.0032776572782546864,0.0002722753717809834,-2.8566,0.9015,MEAN_CROSS,0.00354993265003567,4.536919,12
2015-09-23 10:00:00+00:00,2015-09-23 22:00:00+00:00,-1,0.0020065488933938003,0.000145907776123666,3.4513,-0.361,MEAN_CROSS,0.0018606411172701343,2.377954,12
2015-09-24 21:00:00+00:00,2015-09-25 11:00:00+00:00,1,-0.0024770202363155747,0.00034943296912648414,-3.9483,0.6481,MEAN_CROSS,0.002826453205442059,3.612291,14
2015-09-28 06:00:00+00:00,2015-09-28 18:00:00+00:00,1,-0.0012126598409984979,0.0006388448812630898,-2.1657,0.5524,MEAN_CROSS,0.0018515047222615877,2.366278,12
2015-09-29 08:00:00+00:00,2015-09-30 03:00:00+00:00,1,-0.002189155508576679,0.0003938087902681797,-3.7706,0.5475,MEAN_CROSS,0.0025829642988448587,3.301105,19
2015-10-01 08:00:00+00:00,2015-10-01 21:00:00+00:00,-1,0.0013182362889616606,-0.00024225453909054728,3.7975,-0.499,MEAN_CROSS,0.0015604908280522078,1.994353,13
2015-10-02 12:00:00+00:00,2015-10-04 23:00:00+00:00,-1,0.004143354827695234,8.342561892327183e-05,6.547,0.0641,MEAN_CROSS,0.004059929208771962,6.626865,12
2015-10-07 06:00:00+00:00,2015-10-07 18:00:00+00:00,1,-0.0009246255357107103,0.0005441167533213331,-2.2214,0.7531,MEAN_CROSS,0.0014687422890320434,2.397371,12
2015-10-08 12:00:00+00:00,2015-10-09 05:00:00+00:00,1,-0.0009738946358543998,0.00047842488014948614,-2.0144,0.8503,MEAN_CROSS,0.001452319516003886,2.370565,17
2015-10-09 07:00:00+00:00,2015-10-09 19:00:00+00:00,-1,0.002287495950816343,-0.0003850313009814421,4.2085,-0.8934,MEAN_CROSS,0.002672527251797785,4.362263,12
2015-10-13 07:00:00+00:00,2015-10-13 19:00:00+00:00,-1,0.001264656659809349,-0.000395686572096432,3.7539,-0.9483,MEAN_CROSS,0.001660343231905781,2.710114,12
2015-10-14 07:00:00+00:00,2015-10-14 20:00:00+00:00,-1,0.0008987910966526957,0.00040442484571756587,2.0384,0.3186,MEAN_CROSS,0.0004943662509351299,0.806935,13
2015-10-15 07:00:00+00:00,2015-10-16 02:00:00+00:00,1,-0.002538921138096617,0.00041834478179714196,-5.7135,1.0825,MEAN_CROSS,0.002957265919893759,4.82703,19
2015-10-19 09:00:00+00:00,2015-10-19 21:00:00+00:00,1,-0.0017120614271044499,0.00024320112159403884,-2.7391,0.5919,MEAN_CROSS,0.0019552625486984887,3.191499,12
2015-10-20 10:00:00+00:00,2015-10-21 01:00:00+00:00,-1,0.0010647226344639993,0.00014773157039860152,2.1958,-0.0718,MEAN_CROSS,0.0009169910640653978,1.496769,15
2015-10-22 12:00:00+00:00,2015-10-23 01:00:00+00:00,1,-0.005335115047327976,0.00043614749733045244,-11.8333,0.9327,MEAN_CROSS,0.005771262544658429,13.068609,13
2015-10-28 07:00:00+00:00,2015-10-28 19:00:00+00:00,-1,0.0008702947939980277,-0.0033016009637953925,2.1627,-2.2871,MEAN_CROSS,0.00417189575779342,9.446958,12
2015-10-30 11:00:00+00:00,2015-11-02 00:00:00+00:00,-1,0.001440659921035925,0.0001301440305436774,2.7507,-0.1233,MEAN_CROSS,0.0013105158904922476,2.967569,12
2015-11-03 08:00:00+00:00,2015-11-03 20:00:00+00:00,1,-0.001040742483406687,0.0001616946411391318,-2.2152,0.9573,MEAN_CROSS,0.0012024371245458187,2.722832,12
2015-11-04 08:00:00+00:00,2015-11-04 21:00:00+00:00,1,-0.0012943263194618027,0.00010305934073517875,-2.0097,0.8717,MEAN_CROSS,0.0013973856601969814,3.164279,13
2015-11-05 08:00:00+00:00,2015-11-05 20:00:00+00:00,-1,0.0016954568676790238,-0.00013909260210276386,3.0221,-0.0669,MEAN_CROSS,0.0018345494697817877,4.154205,12
2015-11-06 06:00:00+00:00,2015-11-09 01:00:00+00:00,1,-0.0007495835635136228,0.0007697334858367544,-2.3752,1.0555,MEAN_CROSS,0.0015193170493503771,3.440384,20
2015-11-10 12:00:00+00:00,2015-11-11 00:00:00+00:00,1,-0.0015850843441120865,0.00030952679758589063,-2.607,0.6675,MEAN_CROSS,0.0018946111416979772,4.290211,12
2015-11-12 08:00:00+00:00,2015-11-12 20:00:00+00:00,1,-0.0017968412589588478,0.0018170578604017606,-3.2233,1.92,MEAN_CROSS,0.0036138991193606085,4.895026,12
2015-11-15 23:00:00+00:00,2015-11-16 11:00:00+00:00,1,-0.0025221289618073683,0.00043541300876692723,-3.02,0.8049,MEAN_CROSS,0.0029575419705742956,4.00599,12
2015-11-18 08:00:00+00:00,2015-11-19 02:00:00+00:00,-1,0.001096181495886528,0.00045993932932320014,2.7756,0.2991,MEAN_CROSS,0.0006362421665633278,0.86179,18
2015-11-19 07:00:00+00:00,2015-11-23 04:00:00+00:00,1,-0.0010816642188886672,-0.00018864919664829394,-2.8151,0.6347,MEAN_CROSS,0.0008930150222403732,1.209589,45
2015-11-23 13:00:00+00:00,2015-11-24 02:00:00+00:00,-1,0.0010058574838771595,9.02918817005105e-05,2.6709,0.4029,MEAN_CROSS,0.000915565602176649,1.240134,13
2015-11-24 08:00:00+00:00,2015-11-24 20:00:00+00:00,-1,0.0013196167986915253,-0.0002753375285640125,2.5916,-0.4593,MEAN_CROSS,0.0015949543272555378,2.160365,12
2015-11-25 01:00:00+00:00,2015-11-25 13:00:00+00:00,-1,0.001007575697166363,-0.00035146171252020686,2.3959,-0.3297,MEAN_CROSS,0.0013590374096865698,1.840816,12
2015-11-27 06:00:00+00:00,2015-11-27 18:00:00+00:00,-1,0.001113889424625203,-6.291959559234783e-05,4.1136,-0.3705,MEAN_CROSS,0.0011768090202175507,1.593988,12
2015-11-30 15:00:00+00:00,2015-12-01 06:00:00+00:00,1,-0.0019155118078437727,0.00034008811121966076,-5.5882,0.9871,MEAN_CROSS,0.0022555999190634335,3.05521,15
2015-12-02 10:00:00+00:00,2015-12-03 06:00:00+00:00,1,-0.0017396292230882349,8.576287344785882e-05,-3.4925,1.1185,MEAN_CROSS,0.0018253920965360937,2.897498,20
2015-12-03 12:00:00+00:00,2015-12-04 00:00:00+00:00,-1,0.0047038501070753025,-0.000441638601851313,11.3144,-0.5909,MEAN_CROSS,0.0051454887089266155,8.167584,12
2015-12-07 15:00:00+00:00,2015-12-08 04:00:00+00:00,-1,0.0016784812605736832,1.6068126237778202e-05,2.2017,0.1814,MEAN_CROSS,0.001662413134335905,2.638797,13
2015-12-09 13:00:00+00:00,2015-12-10 01:00:00+00:00,-1,0.001323058473977845,-0.0002769278535079689,2.411,-1.5305,MEAN_CROSS,0.001599986327485814,2.539705,12
2015-12-10 10:00:00+00:00,2015-12-10 23:00:00+00:00,1,-0.0018961315071130969,0.0003305692359003576,-3.4916,0.6446,MEAN_CROSS,0.0022267007430134544,3.534507,13
2015-12-11 08:00:00+00:00,2015-12-11 20:00:00+00:00,-1,0.0009037594579919261,0.00010656970302025393,2.2474,0.0792,MEAN_CROSS,0.0007971897549716722,1.265402,12
2015-12-13 22:00:00+00:00,2015-12-14 13:00:00+00:00,1,-0.0009545784005711155,0.0006865249752987523,-2.1474,1.2587,MEAN_CROSS,0.0016411033758698679,2.604971,15
2015-12-14 14:00:00+00:00,2015-12-15 02:00:00+00:00,-1,0.001528060424390132,9.382755872255899e-06,2.7481,-0.1401,MEAN_CROSS,0.001518677668517876,2.410641,12
2015-12-15 14:00:00+00:00,2015-12-16 02:00:00+00:00,1,-0.0016926788791364888,0.0003120577402546676,-2.2954,0.6547,MEAN_CROSS,0.0020047366193911564,3.182177,12
2015-12-16 19:00:00+00:00,2015-12-17 07:00:00+00:00,-1,0.0017701466198509763,3.1587261476673234e-05,2.9794,0.4687,MEAN_CROSS,0.001738559358374303,2.759666,12
2015-12-18 08:00:00+00:00,2015-12-18 20:00:00+00:00,1,-0.0015787172448855635,0.0007684330098607361,-2.4143,1.2486,MEAN_CROSS,0.0023471502547462997,3.7257,12
2015-12-21 13:00:00+00:00,2015-12-22 01:00:00+00:00,-1,0.0014550814783469423,0.00036216506604680454,2.4088,-0.0133,MEAN_CROSS,0.0010929164123001378,1.922019,12
2015-12-22 19:00:00+00:00,2015-12-23 18:00:00+00:00,1,-0.0007456326403119107,0.0006063814372712084,-2.2572,1.7711,MEAN_CROSS,0.001352014077583119,2.377672,23
2015-12-23 20:00:00+00:00,2015-12-24 11:00:00+00:00,-1,0.0007654681982227629,-0.0003385819430270498,2.0503,-0.6737,MEAN_CROSS,0.0011040501412498127,1.941599,15
2015-12-25 00:00:00+00:00,2015-12-28 03:00:00+00:00,1,-0.0006164452262424902,0.00037577907128549803,-2.5999,0.5971,MEAN_CROSS,0.0009922242975279882,1.74494,13
2015-12-28 09:00:00+00:00,2015-12-28 21:00:00+00:00,-1,0.0009504709709393655,-0.00024387064575637218,2.3959,-0.9838,MEAN_CROSS,0.0011943416166957377,2.100386,12
2015-12-29 13:00:00+00:00,2015-12-30 03:00:00+00:00,1,-0.0017125315820669673,0.00032062144353361965,-5.1438,0.8871,MEAN_CROSS,0.002033153025600587,3.575532,14
2015-12-30 21:00:00+00:00,2015-12-31 09:00:00+00:00,-1,0.0009080424159864098,8.838481782280638e-05,2.351,0.3948,MEAN_CROSS,0.0008196575981636034,1.441462,12
2015-12-31 14:00:00+00:00,2016-01-04 03:00:00+00:00,-1,0.0008507055789328533,0.00023864798336337145,2.0641,0.4448,MEAN_CROSS,0.0006120575955694818,1.076373,13
2016-01-04 07:00:00+00:00,2016-01-04 19:00:00+00:00,-1,0.0011894041373365916,-8.054670194335145e-05,2.6394,0.0382,MEAN_CROSS,0.001269950839279943,2.233354,12
2016-01-06 01:00:00+00:00,2016-01-06 15:00:00+00:00,-1,0.0006519365426782553,-0.00019246285324903134,2.0533,-0.0136,MEAN_CROSS,0.0008443993959272866,1.484973,14
2016-01-06 19:00:00+00:00,2016-01-07 07:00:00+00:00,-1,0.0011454357257478787,-0.001133837654543779,2.3638,-2.8538,MEAN_CROSS,0.0022792733802916576,4.008363,12
2016-01-07 09:00:00+00:00,2016-01-07 21:00:00+00:00,-1,0.0018543818597729356,0.000680863224203021,3.147,0.2629,MEAN_CROSS,0.0011735186355699145,2.063767,12
2016-01-08 01:00:00+00:00,2016-01-08 15:00:00+00:00,1,-0.0013561654756386599,0.00128897804780026,-2.8365,1.3628,MEAN_CROSS,0.00264514352343892,4.651788,14
2016-01-12 09:00:00+00:00,2016-01-12 21:00:00+00:00,1,-0.0011857314337964109,0.0004088824821524284,-2.0173,0.8591,MEAN_CROSS,0.0015946139159488393,2.454842,12
2016-01-13 13:00:00+00:00,2016-01-14 01:00:00+00:00,-1,0.0011512137998803684,0.0003218753412210784,2.4324,-0.0212,MEAN_CROSS,0.00082933845865929,1.276732,12
2016-01-14 08:00:00+00:00,2016-01-14 20:00:00+00:00,-1,0.0019514514118035287,-0.00015537221513084454,2.7817,-0.3424,MEAN_CROSS,0.002106823626934373,3.243368,12
2016-01-19 06:00:00+00:00,2016-01-19 18:00:00+00:00,1,-0.0005959689128651746,0.0008015742573925788,-2.0264,1.4389,MEAN_CROSS,0.0013975431702577534,2.15146,12
2016-01-20 09:00:00+00:00,2016-01-21 03:00:00+00:00,1,-0.0014084693239999613,0.000384831246942996,-2.6322,0.8529,MEAN_CROSS,0.0017933005709429573,2.760712,18
2016-01-21 13:00:00+00:00,2016-01-22 08:00:00+00:00,1,-0.003986010885569602,0.00042815809388940806,-6.4985,0.5836,MEAN_CROSS,0.00441416897945901,6.79543,19
2016-01-25 15:00:00+00:00,2016-01-26 03:00:00+00:00,-1,0.0009179218458499339,-4.137150584138105e-05,2.1008,-0.832,MEAN_CROSS,0.0009592933516913149,1.476792,12
2016-01-26 08:00:00+00:00,2016-01-26 21:00:00+00:00,1,-0.00038842635288882654,0.0009154833003470753,-2.2237,1.3911,MEAN_CROSS,0.0013039096532359018,2.007315,13
2016-01-28 06:00:00+00:00,2016-01-28 18:00:00+00:00,1,-0.000859040840599512,0.0014016647106607216,-2.749,1.7072,MEAN_CROSS,0.0022607055512602336,3.480263,12
2016-02-02 11:00:00+00:00,2016-02-02 23:00:00+00:00,-1,0.0010586378398633745,-5.0081836871607166e-05,2.2493,-0.4445,MEAN_CROSS,0.0011087196767349816,1.157728,12
2016-02-03 13:00:00+00:00,2016-02-04 01:00:00+00:00,-1,0.0015035838875085972,-0.0006065156950290085,2.6365,-1.1028,MEAN_CROSS,0.0021100995825376057,2.203372,12
2016-02-04 15:00:00+00:00,2016-02-05 20:00:00+00:00,1,-0.0015274915244147813,0.0006041872003526016,-2.0388,1.551,MEAN_CROSS,0.002131678724767383,2.225905,29
2016-02-08 09:00:00+00:00,2016-02-08 23:00:00+00:00,-1,0.0015995315685197742,-0.00014152123640820413,2.8041,-0.256,MEAN_CROSS,0.0017410528049279783,1.818012,14
2016-02-09 13:00:00+00:00,2016-02-10 01:00:00+00:00,-1,0.0022177125186548796,0.0003695428139989243,2.4873,0.1354,MEAN_CROSS,0.0018481697046559553,1.929864,12
2016-02-10 15:00:00+00:00,2016-02-11 08:00:00+00:00,1,-0.0017374858154950434,0.0009409026213595961,-2.0447,1.1773,MEAN_CROSS,0.0026783884368546396,2.796781,17
2016-02-11 11:00:00+00:00,2016-02-11 23:00:00+00:00,-1,0.0018340617732859332,-0.0004488526895107814,2.0983,-1.0644,MEAN_CROSS,0.0022829144627967146,2.383826,12
2016-02-12 13:00:00+00:00,2016-02-15 04:00:00+00:00,1,-0.001708347464445037,0.0003812823136601917,-2.0683,1.5707,MEAN_CROSS,0.0020896297781052287,2.181997,15
2016-02-15 23:00:00+00:00,2016-02-16 11:00:00+00:00,-1,0.000866032654986304,-0.0006176196126315148,2.264,-1.0318,MEAN_CROSS,0.0014836522676178188,1.549234,12
2016-02-22 07:00:00+00:00,2016-02-22 19:00:00+00:00,1,-0.0011995046906341233,0.00033216638742383786,-2.8946,0.9428,MEAN_CROSS,0.0015316710780579612,2.836966,12
2016-02-23 09:00:00+00:00,2016-02-23 21:00:00+00:00,1,-0.0018087889799422996,0.00011819496758014303,-2.1696,0.607,MEAN_CROSS,0.0019269839475224426,3.569165,12
2016-02-24 09:00:00+00:00,2016-02-24 21:00:00+00:00,1,-0.0017174292136434843,0.00023765006668408084,-2.3986,0.6186,MEAN_CROSS,0.001955079280327565,3.621204,12
2016-02-26 08:00:00+00:00,2016-02-29 02:00:00+00:00,1,-0.0012851879409034872,0.000296993479361074,-3.3848,0.7942,MEAN_CROSS,0.0015821814202645612,2.930521,18
2016-02-29 15:00:00+00:00,2016-03-01 17:00:00+00:00,1,-0.003456213878410219,0.00026027401820494234,-3.4346,0.7597,MEAN_CROSS,0.0037164878966151615,6.88369,26
2016-03-03 12:00:00+00:00,2016-03-04 00:00:00+00:00,-1,0.00120658915122962,3.1737420842281594e-05,2.6234,-0.7982,MEAN_CROSS,0.0011748517303873385,2.176064,12
2016-03-04 14:00:00+00:00,2016-03-07 02:00:00+00:00,-1,0.0022282018071042575,-9.83160192211674e-05,3.0274,-0.6592,MEAN_CROSS,0.002326517826325425,4.309183,12
2016-03-07 16:00:00+00:00,2016-03-08 04:00:00+00:00,-1,0.0017420730319410715,-0.00017730662060855273,2.0139,-0.5259,MEAN_CROSS,0.0019193796525496243,3.555081,12
2016-03-10 12:00:00+00:00,2016-03-13 23:00:00+00:00,1,-0.0054452615113902425,0.000792676036931006,-7.6455,0.61,MEAN_CROSS,0.0062379375483212485,8.719674,36
2016-03-15 09:00:00+00:00,2016-03-16 09:00:00+00:00,1,-0.0016408934824188037,0.00022315385384508168,-2.9605,0.5816,MEAN_CROSS,0.0018640473362638854,2.60565,24
2016-03-16 13:00:00+00:00,2016-03-17 07:00:00+00:00,1,-0.0011983144783578314,0.0016065384093342239,-2.5462,0.9936,MEAN_CROSS,0.0028048528876920553,3.920751,18
2016-03-21 10:00:00+00:00,2016-03-21 23:00:00+00:00,-1,0.0008992342314275703,-0.0002662522544896184,2.2133,-0.2154,MEAN_CROSS,0.0011654864859171887,1.62917,13
2016-03-22 03:00:00+00:00,2016-03-22 16:00:00+00:00,-1,0.0007963360164482403,-0.00037919383429052544,2.4903,-0.2793,MEAN_CROSS,0.0011755298507387657,1.643209,12
2016-03-24 17:00:00+00:00,2016-03-25 05:00:00+00:00,-1,0.0009894462794171055,0.00011846855089525654,2.6747,0.4673,MEAN_CROSS,0.000870977728521849,1.217492,12
2016-03-28 12:00:00+00:00,2016-03-29 00:00:00+00:00,-1,0.0005989000317545567,-2.703082550703506e-05,3.2797,-0.2826,MEAN_CROSS,0.0006259308572615918,0.874955,12
2016-03-29 10:00:00+00:00,2016-03-29 22:00:00+00:00,-1,0.0010564785953159905,0.00010803120301927649,2.5636,-0.2391,MEAN_CROSS,0.000948447392296714,1.325783,12
2016-03-31 02:00:00+00:00,2016-04-01 08:00:00+00:00,1,-0.0007255161206820571,0.0011273625927248343,-2.1099,1.7373,MEAN_CROSS,0.0018528787134068914,2.373956,30
2016-04-01 13:00:00+00:00,2016-04-04 12:00:00+00:00,1,-0.0014706923574483444,0.0008879275430850875,-3.1694,1.3722,MEAN_CROSS,0.002358619900533432,3.021925,23
2016-04-05 07:00:00+00:00,2016-04-06 07:00:00+00:00,1,-0.0017228605023278387,0.00025517318641132825,-4.1414,0.9149,MEAN_CROSS,0.001978033688739167,2.534308,24
2016-04-06 13:00:00+00:00,2016-04-07 01:00:00+00:00,-1,0.0013152375466978228,-0.00023833447300192212,3.0151,-0.5471,MEAN_CROSS,0.001553572019699745,1.990477,12
2016-04-07 06:00:00+00:00,2016-04-07 18:00:00+00:00,-1,0.0017247677332072886,8.269502231117443e-05,2.5833,0.0692,MEAN_CROSS,0.0016420727108961142,2.103866,12
2016-04-08 14:00:00+00:00,2016-04-11 02:00:00+00:00,-1,0.0011313350920569842,0.00018762062025001747,2.4206,0.2195,MEAN_CROSS,0.0009437144718069668,1.209111,12
2016-04-11 07:00:00+00:00,2016-04-12 08:00:00+00:00,1,-0.0013754282941684792,0.00035899576397779853,-3.7477,0.5592,MEAN_CROSS,0.0017344240581462778,2.222189,24
2016-04-12 12:00:00+00:00,2016-04-13 12:00:00+00:00,1,-0.0011961746499198345,5.192805388043453e-05,-2.4984,0.7715,MEAN_CROSS,0.001248102703800269,1.599101,24
2016-04-14 12:00:00+00:00,2016-04-15 00:00:00+00:00,-1,0.0006814256317388967,-0.00028265227193768894,2.5114,-0.5533,MEAN_CROSS,0.0009640779036765856,1.235202,12
2016-04-15 10:00:00+00:00,2016-04-17 22:00:00+00:00,-1,0.001079829912029595,0.00018334998464419883,3.4848,0.0492,MEAN_CROSS,0.0008964799273853963,1.148593,12
2016-04-19 13:00:00+00:00,2016-04-20 01:00:00+00:00,-1,0.0017108829196745834,0.00037917425323086285,5.0691,0.3948,MEAN_CROSS,0.0013317086664437205,4.511058,12
2016-04-20 13:00:00+00:00,2016-04-21 09:00:00+00:00,1,-0.0011139634804595566,0.0006263805701898217,-2.901,2.1535,MEAN_CROSS,0.0017403440506493784,5.895278,20
2016-04-21 10:00:00+00:00,2016-04-21 22:00:00+00:00,-1,0.0010133986871569967,7.502519722302203e-05,2.9089,0.1925,MEAN_CROSS,0.0009383734899339746,3.178666,12
2016-04-26 07:00:00+00:00,2016-04-26 19:00:00+00:00,-1,0.0009402472723740729,-0.00032131696352699635,2.978,-1.0948,MEAN_CROSS,0.0012615642359010693,4.273449,12
2016-04-28 14:00:00+00:00,2016-04-29 02:00:00+00:00,1,-0.0013221852943776646,0.0006217930577046005,-2.9281,0.978,MEAN_CROSS,0.001943978352082265,6.585073,12
2016-04-29 12:00:00+00:00,2016-05-02 01:00:00+00:00,-1,0.0012935177938557807,0.0006481075324147323,2.0929,0.2686,MEAN_CROSS,0.0006454102614410484,2.186276,13
2016-05-02 13:00:00+00:00,2016-05-03 01:00:00+00:00,-1,0.0018491200105636985,0.00036436803761019654,2.6323,-0.0613,MEAN_CROSS,0.001484751972953502,5.02948,12
2016-05-03 11:00:00+00:00,2016-05-04 04:00:00+00:00,1,-0.0007183448913294921,0.00021180400527920362,-2.5925,0.6099,MEAN_CROSS,0.0009301488966086957,3.150806,17
2016-05-05 07:00:00+00:00,2016-05-06 01:00:00+00:00,1,-0.0013229178813034537,0.00016387042616194947,-4.1188,0.9266,MEAN_CROSS,0.0014867883074654031,5.036378,18
2016-05-06 06:00:00+00:00,2016-05-06 18:00:00+00:00,-1,0.0007125474881992666,-0.0006567603204665762,2.0096,-1.8018,MEAN_CROSS,0.0013693078086658428,4.638422,12
2016-05-09 07:00:00+00:00,2016-05-10 05:00:00+00:00,1,-0.001118198612503063,0.00031262854082392266,-2.6899,0.998,MEAN_CROSS,0.0014308271533269856,3.440222,22
2016-05-10 14:00:00+00:00,2016-05-11 03:00:00+00:00,-1,0.0008287266700444107,5.148256433362697e-05,2.0031,-0.0293,MEAN_CROSS,0.0007772441057107837,1.868774,13
2016-05-11 13:00:00+00:00,2016-05-12 01:00:00+00:00,-1,0.001312535986471186,-2.24668402302175e-05,3.1325,-0.5668,MEAN_CROSS,0.0013350028267014036,3.209826,12
2016-05-12 07:00:00+00:00,2016-05-12 22:00:00+00:00,1,-0.0009106412059884939,0.00010638021789466379,-2.5835,1.0986,MEAN_CROSS,0.0010170214238831576,2.445285,15
2016-05-13 06:00:00+00:00,2016-05-13 18:00:00+00:00,1,-0.0015148020818367414,0.00013866630331116347,-3.0467,1.2168,MEAN_CROSS,0.0016534683851479048,3.975532,12
2016-05-17 07:00:00+00:00,2016-05-17 19:00:00+00:00,-1,0.0009371219153202492,-3.4094932954475965e-05,2.6842,-0.2531,MEAN_CROSS,0.0009712168482747252,2.335154,12
2016-05-18 01:00:00+00:00,2016-05-18 15:00:00+00:00,1,-0.0009624264090488666,0.00011650799916895771,-3.1269,0.7753,MEAN_CROSS,0.0010789344082178243,2.594146,14
2016-05-18 18:00:00+00:00,2016-05-19 06:00:00+00:00,1,-0.0022025377304888405,8.145966223449541e-05,-4.7802,0.7644,MEAN_CROSS,0.002283997392723336,5.49155,12
2016-05-20 06:00:00+00:00,2016-05-20 18:00:00+00:00,-1,0.0009556224334867913,0.0001431710345047854,2.7384,0.0754,MEAN_CROSS,0.0008124513989820059,1.953425,12
2016-05-23 07:00:00+00:00,2016-05-23 20:00:00+00:00,1,-0.0005030948995727869,0.0003020152548613986,-2.1733,0.9233,MEAN_CROSS,0.0008051101544341854,1.935774,13
2016-05-24 07:00:00+00:00,2016-05-25 00:00:00+00:00,1,-0.0012903905973218333,-8.056613866092022e-05,-2.9905,0.5785,MEAN_CROSS,0.001209824458660913,2.908853,17
2016-05-25 16:00:00+00:00,2016-05-26 06:00:00+00:00,-1,0.0006570306376409984,-0.0002236233851276026,2.2764,-1.2574,MEAN_CROSS,0.000880654022768601,2.117409,14
2016-05-27 07:00:00+00:00,2016-05-30 02:00:00+00:00,1,-0.0006420243829354799,-0.00014134741814575413,-2.26,0.5203,MEAN_CROSS,0.0005006769647897258,1.407477,19
2016-05-30 06:00:00+00:00,2016-05-30 18:00:00+00:00,-1,0.0008161268136357425,-4.3137900304079935e-05,3.0267,0.2443,MEAN_CROSS,0.0008592647139398224,2.41552,12
2016-05-31 04:00:00+00:00,2016-06-01 07:00:00+00:00,1,-0.0006721652190504468,0.001380621292378148,-2.2306,3.2854,MEAN_CROSS,0.002052786511428595,5.770686,27
2016-06-01 08:00:00+00:00,2016-06-01 20:00:00+00:00,-1,0.0010428412292753375,0.0002713217726839634,2.0794,0.3192,MEAN_CROSS,0.0007715194565913741,2.168855,12
2016-06-02 11:00:00+00:00,2016-06-03 03:00:00+00:00,1,-0.0007699636011950783,0.0003077898423644587,-2.3537,0.8801,MEAN_CROSS,0.001077753443559537,3.029724,16
2016-06-03 12:00:00+00:00,2016-06-06 00:00:00+00:00,-1,0.006548019382073056,-0.00039369747822926016,15.282,-0.6804,MEAN_CROSS,0.006941716860302316,19.514191,12
2016-06-07 11:00:00+00:00,2016-06-08 00:00:00+00:00,1,-0.0010375587664326336,0.00025371584154498805,-2.322,1.4208,MEAN_CROSS,0.0012912746079776216,3.629964,13
2016-06-08 01:00:00+00:00,2016-06-08 16:00:00+00:00,-1,0.0005530861203602022,-0.0001400194940119892,2.3213,-0.3344,MEAN_CROSS,0.0006931056143721914,1.948422,15
2016-06-09 07:00:00+00:00,2016-06-10 05:00:00+00:00,1,-0.0009798491444528157,0.00010371814665566248,-3.438,0.9613,MEAN_CROSS,0.0010835672911084782,3.046068,22
2016-06-10 07:00:00+00:00,2016-06-10 19:00:00+00:00,-1,0.0007889609032165623,-0.0008924276983104384,2.155,-0.9952,MEAN_CROSS,0.0016813886015270008,4.726632,12
2016-06-13 07:00:00+00:00,2016-06-13 19:00:00+00:00,-1,0.0009543320200784411,0.00010934819702623777,2.4233,0.1899,MEAN_CROSS,0.0008449838230522033,2.375374,12
2016-06-14 06:00:00+00:00,2016-06-14 21:00:00+00:00,1,-0.0015306297508148603,-3.516833841210598e-05,-3.0383,0.6124,MEAN_CROSS,0.0014954614124027543,4.203963,15
2016-06-15 06:00:00+00:00,2016-06-15 18:00:00+00:00,-1,0.0013030530889519554,0.0003399152301832853,2.4062,0.3865,MEAN_CROSS,0.0009631378587686701,2.707523,12
2016-06-16 08:00:00+00:00,2016-06-16 23:00:00+00:00,1,-0.0006116253439762964,0.002683240561208722,-2.0136,1.8411,MEAN_CROSS,0.003294865905185018,6.13863,15
2016-06-19 21:00:00+00:00,2016-06-20 09:00:00+00:00,-1,0.003636634829163876,-0.0007622092035810546,3.0018,-1.0171,MEAN_CROSS,0.004398844032744931,8.19544,12
2016-06-21 11:00:00+00:00,2016-06-22 02:00:00+00:00,1,-0.0014570805392335462,0.000475585920549193,-2.278,0.9243,MEAN_CROSS,0.0019326664597827392,3.600731,15
2016-06-22 12:00:00+00:00,2016-06-23 01:00:00+00:00,-1,0.0018156286281634237,0.00025844813693520763,2.1914,-0.1099,MEAN_CROSS,0.0015571804912282161,2.901167,13
2016-06-23 07:00:00+00:00,2016-06-23 19:00:00+00:00,1,-0.0014848234466944277,0.0016345587048600674,-3.112,1.2764,MEAN_CROSS,0.003119382151554495,5.811688,12
2016-06-23 21:00:00+00:00,2016-06-24 09:00:00+00:00,-1,0.004496010765049574,0.0011694927052992021,4.0229,0.4654,MEAN_CROSS,0.003326518059750372,6.197601,12
2016-06-29 13:00:00+00:00,2016-06-30 01:00:00+00:00,-1,0.002013650696251368,-0.0004961597903845316,2.4717,-1.1983,MEAN_CROSS,0.0025098104866358995,4.676001,12
2016-06-30 11:00:00+00:00,2016-07-01 00:00:00+00:00,1,-0.0014422134936067366,0.0006655628296949878,-2.4642,0.7525,MEAN_CROSS,0.0021077763233017244,3.926976,13
2016-07-05 00:00:00+00:00,2016-07-05 12:00:00+00:00,1,-0.0008478116185268725,0.0008091269696084424,-2.3665,1.5083,MEAN_CROSS,0.001656938588135315,3.087025,12
2016-07-08 12:00:00+00:00,2016-07-11 03:00:00+00:00,1,-0.0012661572402381527,0.00037053290892452573,-2.7527,0.8587,MEAN_CROSS,0.0016366901491626784,2.073265,15
2016-07-11 13:00:00+00:00,2016-07-12 04:00:00+00:00,-1,0.0008267662575880408,0.0002562733345923274,2.034,0.2314,MEAN_CROSS,0.0005704929229957134,0.722668,15
2016-07-12 07:00:00+00:00,2016-07-12 19:00:00+00:00,-1,0.0012043503596297356,-0.00031735855502246224,2.2817,-1.304,MEAN_CROSS,0.0015217089146521978,1.927614,12
2016-07-13 14:00:00+00:00,2016-07-14 03:00:00+00:00,-1,0.001120643923069986,-4.3824625799659955e-05,2.9674,-0.3564,MEAN_CROSS,0.001164468548869646,1.475082,13
2016-07-14 11:00:00+00:00,2016-07-14 23:00:00+00:00,-1,0.0018205471773307114,-0.0003466889741066126,3.6868,-0.7557,MEAN_CROSS,0.002167236151437324,2.745331,12
2016-07-15 13:00:00+00:00,2016-07-18 01:00:00+00:00,1,-0.0016725672845352424,0.0007137041777109943,-3.131,1.2085,MEAN_CROSS,0.0023862714622462367,3.022792,12
2016-07-19 07:00:00+00:00,2016-07-19 19:00:00+00:00,1,-0.0007785697474309572,0.00022066473320636604,-2.3078,0.6808,MEAN_CROSS,0.0009992344806373232,1.265773,12
2016-07-20 06:00:00+00:00,2016-07-20 19:00:00+00:00,1,-0.0012897798267814675,0.0007849916707571847,-2.1288,1.925,MEAN_CROSS,0.002074771497538652,2.628202,13
2016-07-21 12:00:00+00:00,2016-07-22 00:00:00+00:00,-1,0.0011139117612677385,5.765310343575081e-05,2.2651,-0.0414,MEAN_CROSS,0.0010562586578319877,1.338008,12
2016-07-22 14:00:00+00:00,2016-07-25 02:00:00+00:00,1,-0.0016785542040320678,0.0002478778030490236,-3.6685,0.9225,MEAN_CROSS,0.0019264320070810914,2.440294,12
2016-07-26 04:00:00+00:00,2016-07-26 16:00:00+00:00,-1,0.0008336880603043717,0.0001996962821573245,2.3497,0.1425,MEAN_CROSS,0.0006339917781470472,1.779196,12
2016-07-27 14:00:00+00:00,2016-07-28 02:00:00+00:00,1,-0.0007638379564645081,0.0007259965569101912,-3.3114,0.7542,MEAN_CROSS,0.0014898345133746993,4.18098,12
2016-07-28 16:00:00+00:00,2016-07-29 08:00:00+00:00,1,-0.0012311039815853242,0.0005930960752995595,-2.3131,1.0526,MEAN_CROSS,0.0018242000568848837,5.119323,16
2016-07-29 12:00:00+00:00,2016-08-01 00:00:00+00:00,-1,0.002138546753169601,0.00020910440199894964,3.7011,-0.153,MEAN_CROSS,0.0019294423511706515,5.414668,12
2016-08-01 08:00:00+00:00,2016-08-02 00:00:00+00:00,1,-0.0008803648845279177,0.00024960816908414785,-2.019,0.6326,MEAN_CROSS,0.0011299730536120656,3.171087,16
2016-08-02 07:00:00+00:00,2016-08-02 19:00:00+00:00,-1,0.0011483825123610458,-3.608549639322334e-05,3.5432,-0.8246,MEAN_CROSS,0.0011844680087542692,3.324018,12
2016-08-03 17:00:00+00:00,2016-08-04 08:00:00+00:00,1,-0.0015342984684054706,-6.235709139112977e-05,-3.5019,0.6472,MEAN_CROSS,0.0014719413770143408,4.130766,15
2016-08-04 12:00:00+00:00,2016-08-05 09:00:00+00:00,-1,0.0007937944521403395,0.0001270856788768704,2.9894,0.4179,MEAN_CROSS,0.0006667087732634691,1.871011,21
2016-08-05 12:00:00+00:00,2016-08-08 02:00:00+00:00,1,-0.0026882837774440116,0.000432232389401932,-7.7531,0.6556,MEAN_CROSS,0.0031205161668459436,8.757225,14
2016-08-09 08:00:00+00:00,2016-08-09 20:00:00+00:00,-1,0.0009103553536577991,0.00034483958391473557,3.0084,0.4781,MEAN_CROSS,0.0005655157697430635,1.587029,12
2016-08-10 00:00:00+00:00,2016-08-10 13:00:00+00:00,-1,0.0011673375716889645,-0.00016575272069441205,2.5274,-1.2455,MEAN_CROSS,0.0013330902923833765,3.741103,13
2016-08-10 14:00:00+00:00,2016-08-11 13:00:00+00:00,1,-0.0006427875706425112,0.0005735309952825673,-2.149,1.1672,MEAN_CROSS,0.0012163185659250786,3.413402,23
2016-08-12 08:00:00+00:00,2016-08-12 20:00:00+00:00,-1,0.0008009474737511457,-5.734600431916981e-05,2.5048,-0.1894,MEAN_CROSS,0.0008582934780703155,2.408662,12
2016-08-16 05:00:00+00:00,2016-08-16 17:00:00+00:00,-1,0.0011241952564371438,0.0004441087644311281,2.9058,0.0779,MEAN_CROSS,0.0006800864920060157,1.026523,12
2016-08-17 18:00:00+00:00,2016-08-18 06:00:00+00:00,-1,0.0010751708491072431,0.0002552831171507286,3.4857,0.1817,MEAN_CROSS,0.0008198877319565145,1.237539,12
2016-08-19 02:00:00+00:00,2016-08-19 14:00:00+00:00,1,-0.0006631438208901663,0.0006177787938168589,-2.0694,1.2823,MEAN_CROSS,0.0012809226147070252,1.933425,12
2016-08-21 23:00:00+00:00,2016-08-22 11:00:00+00:00,1,-0.0010535289078914545,0.0007217381810205037,-2.322,1.6808,MEAN_CROSS,0.0017752670889119582,2.679589,12
2016-08-22 14:00:00+00:00,2016-08-23 03:00:00+00:00,-1,0.0013914576898932385,0.0001931426323107388,2.7544,0.2256,MEAN_CROSS,0.0011983150575824997,1.808738,13
2016-08-23 13:00:00+00:00,2016-08-24 07:00:00+00:00,1,-0.0006781849062631462,0.00015281875875028383,-2.8162,0.6963,MEAN_CROSS,0.00083100366501343,1.254318,18
2016-08-24 14:00:00+00:00,2016-08-25 02:00:00+00:00,1,-0.0010373837649078066,0.0002927047378520342,-2.0211,1.3225,MEAN_CROSS,0.0013300885027598408,2.007637,12
2016-08-25 09:00:00+00:00,2016-08-25 21:00:00+00:00,-1,0.0008041197174009085,9.20968398006039e-05,2.2801,-0.1931,MEAN_CROSS,0.0007120228776003046,1.074728,12
2016-08-26 08:00:00+00:00,2016-08-29 02:00:00+00:00,1,-0.00041199342267517203,0.0002827965374490038,-2.0146,0.7756,MEAN_CROSS,0.0006947899601241758,1.048716,19
2016-08-31 02:00:00+00:00,2016-08-31 14:00:00+00:00,-1,0.0006015751782535439,-0.0005025648087784162,2.4808,-1.151,MEAN_CROSS,0.0011041399870319601,1.66659,12
2016-08-31 16:00:00+00:00,2016-09-01 04:00:00+00:00,-1,0.0009471014130510991,-0.00016130579345241536,2.855,-0.5857,MEAN_CROSS,0.0011084072065035144,1.673031,12
2016-09-02 14:00:00+00:00,2016-09-05 02:00:00+00:00,1,-0.002109159549203099,0.00030894069010845016,-3.6062,0.8751,MEAN_CROSS,0.002418100239311549,4.092212,12
2016-09-06 07:00:00+00:00,2016-09-06 19:00:00+00:00,-1,0.0006779875648956768,0.00014203903762410874,2.1586,-0.2087,MEAN_CROSS,0.000535948527271568,0.906999,12
2016-09-08 06:00:00+00:00,2016-09-08 18:00:00+00:00,-1,0.0007102561322687162,0.00013498935580358307,2.4572,-0.038,MEAN_CROSS,0.0005752667764651331,0.973539,12
2016-09-09 12:00:00+00:00,2016-09-12 00:00:00+00:00,1,-0.0016021059944872906,0.0007482234442157676,-3.0848,1.2004,MEAN_CROSS,0.002350329438703058,3.977522,12
2016-09-13 14:00:00+00:00,2016-09-14 02:00:00+00:00,-1,0.0008411986915359826,0.00012945818848342228,2.3352,0.4529,MEAN_CROSS,0.0007117405030525603,1.204496,12
2016-09-14 15:00:00+00:00,2016-09-15 03:00:00+00:00,-1,0.001736734604611323,-0.00013487431458369947,4.349,-0.5385,MEAN_CROSS,0.0018716089191950225,3.167371,12
2016-09-16 12:00:00+00:00,2016-09-19 00:00:00+00:00,1,-0.0020291561702330263,-3.18505545995329e-05,-7.8378,0.5649,MEAN_CROSS,0.0019973056156334934,3.380091,12
2016-09-20 06:00:00+00:00,2016-09-20 18:00:00+00:00,-1,0.0013258596269631884,-0.0006398759360937145,5.1673,-1.4257,MEAN_CROSS,0.001965735563056903,3.326664,12
2016-09-22 06:00:00+00:00,2016-09-22 18:00:00+00:00,-1,0.0014943491740748716,-0.0013240960583280614,2.7038,-2.8064,MEAN_CROSS,0.002818445232402933,5.216328,12
2016-09-26 11:00:00+00:00,2016-09-26 23:00:00+00:00,-1,0.0013951946752299715,-0.00020238113574144734,4.0427,-0.8912,MEAN_CROSS,0.0015975758109714189,2.956765,12
2016-09-27 11:00:00+00:00,2016-09-28 03:00:00+00:00,1,-0.0011865874204550764,0.00013374584345804408,-3.0628,0.7858,MEAN_CROSS,0.0013203332639131204,2.443649,16
2016-09-29 12:00:00+00:00,2016-09-30 12:00:00+00:00,1,-0.0009939293802339044,0.00016124418318508305,-2.2868,0.8913,MEAN_CROSS,0.0011551735634189875,2.137975,24
2016-09-30 13:00:00+00:00,2016-10-03 01:00:00+00:00,-1,0.00190394726361931,0.00021877777220136174,4.1974,0.0338,MEAN_CROSS,0.0016851694914179483,3.118881,12
2016-10-04 06:00:00+00:00,2016-10-04 18:00:00+00:00,1,-0.0009408672259223483,0.0003905474994017055,-3.1302,0.7352,MEAN_CROSS,0.0013314147253240538,2.464158,12
2016-10-06 15:00:00+00:00,2016-10-07 05:00:00+00:00,1,-0.0011430709674005168,-0.00017393897719819584,-2.9003,0.5279,MEAN_CROSS,0.000969131990202321,1.793652,14
2016-10-07 08:00:00+00:00,2016-10-09 21:00:00+00:00,-1,0.0006088310475995673,-0.00021544706529330604,2.94,-0.3825,MEAN_CROSS,0.0008242781128928733,1.525559,14
2016-10-12 07:00:00+00:00,2016-10-12 19:00:00+00:00,-1,0.000577407788568518,-0.00023229160500548574,2.0221,0.2663,MEAN_CROSS,0.0008096993935740038,1.647125,12
2016-10-13 02:00:00+00:00,2016-10-13 14:00:00+00:00,-1,0.0010911138261284758,1.609199364915881e-05,2.7855,0.2327,MEAN_CROSS,0.001075021832479317,2.186855,12
2016-10-14 03:00:00+00:00,2016-10-17 00:00:00+00:00,1,-0.0009104529083259205,-0.00017775462356883764,-2.0056,0.5792,MEAN_CROSS,0.0007326982847570829,1.490486,22
2016-10-17 02:00:00+00:00,2016-10-17 14:00:00+00:00,-1,0.0004284844700845891,-6.383908962015461e-05,2.5071,0.1644,MEAN_CROSS,0.0004923235597047437,1.001505,12
2016-10-18 10:00:00+00:00,2016-10-19 00:00:00+00:00,1,-0.0003928484782662611,0.0006978248296427569,-2.3947,1.6408,MEAN_CROSS,0.001090673307909018,2.218694,14
2016-10-20 13:00:00+00:00,2016-10-21 06:00:00+00:00,1,-0.0012449388274873296,-1.2849321865182617e-05,-2.8661,0.5609,MEAN_CROSS,0.001232089505622147,2.506368,17
2016-10-21 07:00:00+00:00,2016-10-21 19:00:00+00:00,1,-0.0015280184998314184,0.00034489640545953826,-2.3219,1.5599,MEAN_CROSS,0.0018729149052909566,3.809963,12
2016-10-25 15:00:00+00:00,2016-10-26 03:00:00+00:00,-1,0.0010617729132689213,0.00021401355800088062,3.5086,0.3693,MEAN_CROSS,0.0008477593552680407,1.724548,12
2016-10-26 06:00:00+00:00,2016-10-26 18:00:00+00:00,-1,0.0009002734430190173,-0.00027166146790658097,2.0802,-0.8737,MEAN_CROSS,0.0011719349109255983,2.383999,12
2016-10-27 15:00:00+00:00,2016-10-28 03:00:00+00:00,1,-0.0007905805995309656,0.00036767385248626105,-2.4092,0.9734,MEAN_CROSS,0.0011582544520172267,2.35617,12
2016-10-28 17:00:00+00:00,2016-10-31 04:00:00+00:00,-1,0.0022060233276131047,-0.00016367883840473496,4.6384,-0.8873,MEAN_CROSS,0.0023697021660178397,4.820548,12
2016-11-01 07:00:00+00:00,2016-11-01 19:00:00+00:00,-1,0.0011802468861996651,-7.884402609636965e-05,2.5456,-0.9157,MEAN_CROSS,0.0012590909122960348,1.543111,12
2016-11-02 18:00:00+00:00,2016-11-03 15:00:00+00:00,1,-0.0005692429721768644,0.0010551179041526915,-2.2624,1.3358,MEAN_CROSS,0.0016243608763295558,1.990777,21
2016-11-04 19:00:00+00:00,2016-11-07 07:00:00+00:00,-1,0.001314758953118611,-0.0008522727196622615,2.3828,-0.9192,MEAN_CROSS,0.0021670316727808725,2.655861,12
2016-11-08 07:00:00+00:00,2016-11-08 20:00:00+00:00,-1,0.000837854374473368,-0.000747301364152797,2.5364,-1.0744,MEAN_CROSS,0.001585155738626165,1.942728,13
2016-11-09 00:00:00+00:00,2016-11-10 13:00:00+00:00,1,-0.0011376114253143221,-8.573542397494194e-05,-2.1915,0.7912,MEAN_CROSS,0.0010518760013393802,1.289153,37
2016-11-11 02:00:00+00:00,2016-11-11 14:00:00+00:00,-1,0.001116555438501976,-0.0004910473890353817,2.0884,-0.3077,MEAN_CROSS,0.0016076028275373577,1.970239,12
2016-11-11 16:00:00+00:00,2016-11-14 10:00:00+00:00,1,-0.0018855025716419949,0.00016990119340665188,-2.1409,0.962,MEAN_CROSS,0.0020554037650486467,2.519052,18
2016-11-14 11:00:00+00:00,2016-11-15 04:00:00+00:00,-1,0.001547114547710171,-9.065465012669804e-05,2.6595,0.3287,MEAN_CROSS,0.0016377691978368691,2.00721,17
2016-11-15 08:00:00+00:00,2016-11-15 20:00:00+00:00,-1,0.0022903179829862896,0.00025865588963003283,2.638,0.4202,MEAN_CROSS,0.002031662093356257,2.489955,12
2016-11-16 07:00:00+00:00,2016-11-16 21:00:00+00:00,1,-0.001990093675511062,0.00028524870315616013,-2.5792,0.9053,MEAN_CROSS,0.0022753423786672222,2.788604,14
2016-11-17 08:00:00+00:00,2016-11-17 20:00:00+00:00,-1,0.001661449726087616,-0.0008689059984441361,2.6288,-0.5574,MEAN_CROSS,0.002530355724531752,3.101142,12
2016-11-21 07:00:00+00:00,2016-11-21 19:00:00+00:00,-1,0.0016304087942324852,2.4681929952752313e-05,2.6222,0.0595,MEAN_CROSS,0.0016057268642797329,1.876457,12
2016-11-22 15:00:00+00:00,2016-11-23 06:00:00+00:00,1,-0.0017755803009644744,0.0004056246590287138,-3.1017,0.6114,MEAN_CROSS,0.002181204959993188,2.548962,14
2016-11-23 13:00:00+00:00,2016-11-24 04:00:00+00:00,1,-0.0028940862557060854,0.0004060845918909539,-4.7739,1.0118,MEAN_CROSS,0.0033001708475970393,3.856589,15
2016-11-25 19:00:00+00:00,2016-11-28 20:00:00+00:00,1,-0.0007277713826092658,0.0008365697747927392,-2.5451,0.9121,MEAN_CROSS,0.001564341157402005,1.828093,25
2016-11-30 08:00:00+00:00,2016-11-30 20:00:00+00:00,-1,0.001500649204644322,-0.0001660284217239738,2.3943,-0.3101,MEAN_CROSS,0.0016666776263682959,1.947684,12
2016-12-02 08:00:00+00:00,2016-12-04 22:00:00+00:00,1,-0.0006589406048933544,-0.006760258252318296,-2.0524,-9.6251,STOP_LOSS,-0.006101317647424942,-7.130016,14
2016-12-05 08:00:00+00:00,2016-12-05 20:00:00+00:00,-1,0.003430866211372452,0.00029657061919730054,2.481,-0.145,MEAN_CROSS,0.0031342955921751514,3.662746,12
2016-12-07 15:00:00+00:00,2016-12-08 04:00:00+00:00,-1,0.0012458979196228182,0.0002555989406924919,2.6135,0.1405,MEAN_CROSS,0.0009902989789303263,1.157266,13
2016-12-08 08:00:00+00:00,2016-12-08 20:00:00+00:00,-1,0.0011907721588571007,-0.00028799866969198007,2.47,0.1149,MEAN_CROSS,0.0014787708285490808,1.728096,12
2016-12-12 09:00:00+00:00,2016-12-12 21:00:00+00:00,-1,0.0015212528397714475,9.243795051316894e-05,2.0901,-0.3102,MEAN_CROSS,0.0014288148892582786,0.841155,12
2016-12-13 08:00:00+00:00,2016-12-14 00:00:00+00:00,1,-0.0008810443700457693,0.00028428632108590257,-2.5713,0.5464,MEAN_CROSS,0.0011653306911316719,0.68604,16
2016-12-14 08:00:00+00:00,2016-12-14 20:00:00+00:00,1,-0.0012775096918342665,-0.003632915545293436,-2.3299,-4.3645,STOP_LOSS,-0.0023554058534591693,-1.386647,12
2016-12-15 11:00:00+00:00,2016-12-15 23:00:00+00:00,1,-0.003276069499302814,-0.00013833968724585866,-2.3508,0.5597,MEAN_CROSS,0.0031377298120569552,1.847208,12
2016-12-19 11:00:00+00:00,2016-12-20 01:00:00+00:00,1,-0.0012934809755202892,0.0002237096893635826,-2.1589,0.8495,MEAN_CROSS,0.0015171906648838718,0.893183,14
2016-12-20 16:00:00+00:00,2016-12-21 05:00:00+00:00,-1,0.0004983977314068078,-3.438948721190549e-05,2.0045,-0.1372,MEAN_CROSS,0.0005327872186187133,0.313656,13
2016-12-21 13:00:00+00:00,2016-12-22 02:00:00+00:00,-1,0.0011514282082081273,0.00017118045867170473,2.6668,-0.0533,MEAN_CROSS,0.0009802477495364226,0.57708,13
2016-12-22 17:00:00+00:00,2016-12-23 08:00:00+00:00,1,-0.0006797889921954514,0.0006119649632621016,-2.4568,1.7073,MEAN_CROSS,0.001291753955457553,0.760466,15
2016-12-23 15:00:00+00:00,2016-12-26 04:00:00+00:00,-1,0.0010565053202113983,0.00012101755123516966,2.7186,-0.0132,MEAN_CROSS,0.0009354877689762287,0.55073,13
2016-12-27 00:00:00+00:00,2016-12-27 14:00:00+00:00,1,-0.0004451536546425938,0.000306799975690053,-2.0917,1.0508,MEAN_CROSS,0.0007519536303326468,0.442681,14
2016-12-29 15:00:00+00:00,2016-12-30 03:00:00+00:00,-1,0.001661938946356356,-7.092258469154622e-05,2.1425,-0.8413,MEAN_CROSS,0.0017328615310479023,2.442705,12
2016-12-30 09:00:00+00:00,2016-12-30 21:00:00+00:00,-1,0.0026437750322998443,-0.0007615585013016624,2.7665,-1.0838,MEAN_CROSS,0.0034053335336015067,4.800282,12
2017-01-03 03:00:00+00:00,2017-01-03 15:00:00+00:00,-1,0.0006866788057851014,-0.0009102397523446104,2.353,-0.6796,MEAN_CROSS,0.0015969185581297118,2.251074,12
2017-01-05 00:00:00+00:00,2017-01-05 12:00:00+00:00,-1,0.002326824279981432,-0.0005614585373796555,4.1808,-1.0599,MEAN_CROSS,0.0028882828173610875,4.071428,12
2017-01-05 15:00:00+00:00,2017-01-06 03:00:00+00:00,-1,0.0027646658855653428,-9.553677448925768e-05,2.6268,-0.4539,MEAN_CROSS,0.0028602026600546004,4.031846,12
2017-01-09 15:00:00+00:00,2017-01-10 04:00:00+00:00,-1,0.0012447414962402092,0.00037012217744125664,2.6134,0.2023,MEAN_CROSS,0.0008746193187989526,1.232895,13
2017-01-10 11:00:00+00:00,2017-01-11 06:00:00+00:00,1,-0.0008730802712009211,0.00040994442800501574,-2.056,1.0898,MEAN_CROSS,0.0012830246992059369,1.808598,19
2017-01-11 12:00:00+00:00,2017-01-12 02:00:00+00:00,1,-0.0013448258195736251,0.0005846282460637564,-2.8813,0.5511,MEAN_CROSS,0.0019294540656373815,2.719829,14
2017-01-13 14:00:00+00:00,2017-01-16 14:00:00+00:00,1,-0.0013615177160719583,0.000460077149033733,-2.6053,1.1638,MEAN_CROSS,0.0018215948651056912,2.567786,24
2017-01-17 02:00:00+00:00,2017-01-17 15:00:00+00:00,-1,0.0007813370020657295,0.0002069821654278048,2.5275,-0.1035,MEAN_CROSS,0.0005743548366379247,0.809631,13
2017-01-18 12:00:00+00:00,2017-01-19 02:00:00+00:00,1,-0.0009604405192009668,0.00022275189974063636,-2.2763,1.0971,MEAN_CROSS,0.0011831924189416032,2.811258,14
2017-01-19 08:00:00+00:00,2017-01-19 22:00:00+00:00,-1,0.0006994094034322718,4.871990260557624e-06,2.0604,0.0701,MEAN_CROSS,0.0006945374131717141,1.650217,14
2017-01-24 14:00:00+00:00,2017-01-25 02:00:00+00:00,-1,0.000944075069398087,1.68231209141112e-06,2.4152,-0.0134,MEAN_CROSS,0.0009423927573066759,2.23912,12
2017-01-25 09:00:00+00:00,2017-01-26 01:00:00+00:00,-1,0.0007268178366266476,0.00014609236790907865,2.2504,0.3381,MEAN_CROSS,0.0005807254687175689,1.3798,16
2017-01-26 07:00:00+00:00,2017-01-26 19:00:00+00:00,1,-0.0011066188309709624,0.0004731917593747692,-3.4244,1.1636,MEAN_CROSS,0.0015798105903457316,3.753621,12
2017-01-30 01:00:00+00:00,2017-01-30 13:00:00+00:00,-1,0.0010750446146541304,-0.0012816249791391954,2.4833,-1.621,MEAN_CROSS,0.0023566695937933257,5.599433,12
2017-01-31 11:00:00+00:00,2017-01-31 23:00:00+00:00,-1,0.002132753545524224,0.0002467778963113343,3.3098,-0.3454,MEAN_CROSS,0.0018859756492128898,4.481067,12
2017-02-01 13:00:00+00:00,2017-02-02 01:00:00+00:00,1,-0.0013770997749955605,0.00046201155453728937,-2.763,0.9117,MEAN_CROSS,0.0018391113295328498,4.369718,12
2017-02-02 08:00:00+00:00,2017-02-02 20:00:00+00:00,-1,0.0009873161948050768,-0.0008468895260811404,2.0312,-1.6934,MEAN_CROSS,0.0018342057208862173,4.358062,12
2017-02-03 13:00:00+00:00,2017-02-06 01:00:00+00:00,-1,0.0007270784692898768,-0.00012660109618400917,2.0393,-0.2491,MEAN_CROSS,0.000853679565473886,2.028338,12
2017-02-08 14:00:00+00:00,2017-02-09 02:00:00+00:00,-1,0.0013707057768110875,-0.00010493061453908936,3.8326,-0.0953,MEAN_CROSS,0.0014756363913501769,2.533942,12
2017-02-10 07:00:00+00:00,2017-02-10 20:00:00+00:00,1,-0.0008247390928055598,6.182498885820564e-05,-2.6112,0.5435,MEAN_CROSS,0.0008865640816637654,1.522395,13
2017-02-13 07:00:00+00:00,2017-02-13 19:00:00+00:00,-1,0.0007101271833300782,-0.0003213854125698745,2.1309,-0.4003,MEAN_CROSS,0.0010315125958999527,1.771299,12
2017-02-14 15:00:00+00:00,2017-02-15 03:00:00+00:00,1,-0.002140596528775518,0.00035190610856994375,-4.5996,0.8664,MEAN_CROSS,0.0024925026373454617,4.28009,12
2017-02-15 15:00:00+00:00,2017-02-16 03:00:00+00:00,-1,0.0011549289197771984,-2.4179053999651146e-05,2.7198,-0.3285,MEAN_CROSS,0.0011791079737768495,2.024748,12
2017-02-17 07:00:00+00:00,2017-02-17 21:00:00+00:00,1,-0.000601217299897705,9.42049985754867e-05,-2.3348,0.5109,MEAN_CROSS,0.0006954222984731917,1.194169,14
2017-02-21 00:00:00+00:00,2017-02-21 16:00:00+00:00,1,-0.0007870263868166028,0.00037207047179732555,-2.8882,1.9151,MEAN_CROSS,0.0011590968586139283,1.990385,16
2017-02-22 07:00:00+00:00,2017-02-22 19:00:00+00:00,1,-0.001115747060588257,0.0012660352657216656,-2.4038,1.9408,MEAN_CROSS,0.0023817823263099225,4.089963,12
2017-02-27 16:00:00+00:00,2017-02-28 04:00:00+00:00,-1,0.0012546851210071264,-3.135241945484424e-05,2.168,-0.4868,MEAN_CROSS,0.0012860375404619706,2.584004,12
2017-02-28 08:00:00+00:00,2017-03-01 01:00:00+00:00,1,-0.0006658089983078153,0.00013180799499457052,-2.0704,0.9443,MEAN_CROSS,0.0007976169933023858,1.602632,17
2017-03-01 15:00:00+00:00,2017-03-02 03:00:00+00:00,-1,0.0007193415458646157,-0.00017804672796106757,2.4025,0.0435,MEAN_CROSS,0.0008973882738256833,1.8031,12
2017-03-03 02:00:00+00:00,2017-03-03 14:00:00+00:00,-1,0.0004351658932071345,0.00028060745118585473,2.0666,0.3761,MEAN_CROSS,0.00015455844202127977,0.310551,12
2017-03-03 18:00:00+00:00,2017-03-06 06:00:00+00:00,-1,0.001476558895190383,-0.00023016561896405108,3.1385,-1.1417,MEAN_CROSS,0.001706724514154434,3.42928,12
2017-03-06 11:00:00+00:00,2017-03-07 07:00:00+00:00,1,-0.0010352464876544065,0.0006104977572214398,-2.1266,1.6487,MEAN_CROSS,0.0016457442448758464,3.306754,20
2017-03-08 15:00:00+00:00,2017-03-09 03:00:00+00:00,-1,0.00032102299485514685,-0.00039627310224732426,2.0185,-1.1794,MEAN_CROSS,0.0007172960971024711,1.441246,12
2017-03-09 08:00:00+00:00,2017-03-09 20:00:00+00:00,-1,0.0012108841926701253,-0.00024858279356587687,5.9511,-0.6437,MEAN_CROSS,0.0014594669862360021,2.932472,12
2017-03-10 13:00:00+00:00,2017-03-13 00:00:00+00:00,-1,0.0018011936518829152,1.6705730552235565e-05,2.7902,-0.8076,MEAN_CROSS,0.0017844879213306797,3.585528,12
2017-03-13 08:00:00+00:00,2017-03-14 01:00:00+00:00,1,-0.0010930731961236173,0.00012370498072988845,-2.777,0.5161,MEAN_CROSS,0.0012167781768535058,2.444843,17
2017-03-14 17:00:00+00:00,2017-03-15 05:00:00+00:00,1,-0.0008870754776011402,0.00023128046994957963,-2.1033,1.2552,MEAN_CROSS,0.0011183559475507199,2.247085,12
2017-03-15 07:00:00+00:00,2017-03-15 20:00:00+00:00,-1,0.0006670573106242195,0.0027215401631155434,2.3409,4.2145,STOP_LOSS,-0.002054482852491324,-4.128022,13
2017-03-15 21:00:00+00:00,2017-03-16 09:00:00+00:00,-1,0.0020023318908442,-0.0006959736512865966,2.3155,-1.2638,MEAN_CROSS,0.0026983055421307967,5.42164,12
2017-03-17 07:00:00+00:00,2017-03-20 01:00:00+00:00,1,-0.0012132685135022303,0.0005638191813768234,-2.167,0.6696,MEAN_CROSS,0.0017770876948790537,1.723236,18
2017-03-21 00:00:00+00:00,2017-03-21 12:00:00+00:00,-1,0.0011892038846257336,-0.00013142758673523325,2.9862,-0.5608,MEAN_CROSS,0.0013206314713609668,1.280612,12
2017-03-22 08:00:00+00:00,2017-03-23 03:00:00+00:00,1,-0.0011119162257844373,0.00016292432564490866,-2.7015,0.8232,MEAN_CROSS,0.001274840551429346,1.236209,19
2017-03-23 08:00:00+00:00,2017-03-24 03:00:00+00:00,1,-0.0009486530079796385,7.74559839340494e-05,-2.1012,0.5737,MEAN_CROSS,0.0010261089919136879,0.995015,19
2017-03-24 08:00:00+00:00,2017-03-24 20:00:00+00:00,-1,0.0013847850074895085,1.424665033411543e-05,4.6098,-0.0892,MEAN_CROSS,0.001370538357155393,1.329007,12
2017-03-26 21:00:00+00:00,2017-03-27 09:00:00+00:00,-1,0.0017602545913941725,0.00034437465537551226,4.0035,0.0076,MEAN_CROSS,0.0014158799360186602,1.372974,12
2017-03-28 16:00:00+00:00,2017-03-29 11:00:00+00:00,1,-0.0009449668074763551,-0.0016595014531637364,-2.62,-3.5924,STOP_LOSS,-0.0007145346456873813,-0.692882,19
2017-03-29 19:00:00+00:00,2017-03-30 07:00:00+00:00,-1,0.0007600147805606472,-0.00140489667113175,2.2515,-2.2638,MEAN_CROSS,0.0021649114516923973,2.099308,12
2017-03-31 07:00:00+00:00,2017-03-31 19:00:00+00:00,-1,0.0006354364855971628,-0.0009693939780603955,2.0678,-1.4861,MEAN_CROSS,0.0016048304636575583,1.556199,12
2017-04-04 07:00:00+00:00,2017-04-04 19:00:00+00:00,1,-0.0006202319140058421,0.0002436381421746514,-2.3214,0.7677,MEAN_CROSS,0.0008638700561804935,0.837692,12
2017-04-05 19:00:00+00:00,2017-04-06 07:00:00+00:00,-1,0.0009745137619803224,-0.0015110907255186934,2.4946,-4.5393,MEAN_CROSS,0.0024856044874990157,7.027119,12
2017-04-07 16:00:00+00:00,2017-04-10 04:00:00+00:00,1,-0.0011811853251366689,0.0002395458944031148,-3.6043,1.3779,MEAN_CROSS,0.0014207312195397837,4.016587,12
2017-04-10 05:00:00+00:00,2017-04-10 18:00:00+00:00,-1,0.0005812154053668195,-0.0001605493717939943,2.1566,-0.0049,MEAN_CROSS,0.0007417647771608138,2.097063,13
2017-04-11 14:00:00+00:00,2017-04-12 02:00:00+00:00,-1,0.0009312838042945248,-0.0004191665657322652,2.0234,-1.2662,MEAN_CROSS,0.00135045037002679,3.817895,12
2017-04-12 19:00:00+00:00,2017-04-13 07:00:00+00:00,-1,0.0029970198440303353,-0.0010419569683450813,8.3031,-1.577,MEAN_CROSS,0.004038976812375417,11.4187,12
2017-04-17 00:00:00+00:00,2017-04-17 16:00:00+00:00,-1,0.0004886093398182023,8.339732179618586e-05,2.8658,-0.1873,MEAN_CROSS,0.00040521201802201645,1.145586,16
2017-04-18 11:00:00+00:00,2017-04-18 23:00:00+00:00,-1,0.0010298294641417627,-4.850815935375508e-06,2.1516,-0.6542,MEAN_CROSS,0.0010346802800771382,2.925172,12
2017-04-19 13:00:00+00:00,2017-04-20 02:00:00+00:00,1,-0.0007127625636846879,0.00015373731143997205,-2.0084,0.7266,MEAN_CROSS,0.00086649987512466,2.449705,13
2017-04-20 04:00:00+00:00,2017-04-20 16:00:00+00:00,-1,0.0005184507256783544,-0.0006792484330884196,2.2861,-1.722,MEAN_CROSS,0.001197699158766774,3.386047,12
2017-04-20 17:00:00+00:00,2017-04-21 06:00:00+00:00,1,-0.0018855095232439556,0.000429104337520414,-3.8394,0.5677,MEAN_CROSS,0.0023146138607643696,6.543707,13
2017-04-21 20:00:00+00:00,2017-04-24 08:00:00+00:00,-1,0.0014534795170930703,0.00018336751517589178,3.4395,-0.2389,MEAN_CROSS,0.0012701120019171785,3.590768,12
2017-04-26 07:00:00+00:00,2017-04-26 19:00:00+00:00,1,-0.001206200255870371,0.0008611174841552938,-2.2851,0.8929,MEAN_CROSS,0.002067317740025665,2.979971,12
2017-04-27 13:00:00+00:00,2017-04-28 06:00:00+00:00,1,-0.0018322895451032828,0.0008267053700956595,-2.5458,2.264,MEAN_CROSS,0.0026589949151989423,3.832855,17
2017-04-28 07:00:00+00:00,2017-04-28 19:00:00+00:00,-1,0.0008212261357203321,-0.00021585454797778958,2.054,-0.257,MEAN_CROSS,0.0010370806836981217,1.494918,12
2017-05-02 07:00:00+00:00,2017-05-02 19:00:00+00:00,1,-0.0005434000457811283,0.0004489866676160581,-2.0634,1.0707,MEAN_CROSS,0.0009923867133971864,1.430493,12
2017-05-03 08:00:00+00:00,2017-05-04 01:00:00+00:00,1,-0.0008115132113297729,0.00024131645223057774,-2.1132,0.9193,MEAN_CROSS,0.0010528296635603507,1.51762,17
2017-05-04 07:00:00+00:00,2017-05-04 20:00:00+00:00,-1,0.001186501500486159,0.00048583756503162157,3.4994,0.2555,MEAN_CROSS,0.0007006639354545374,1.009984,13
2017-05-05 08:00:00+00:00,2017-05-07 21:00:00+00:00,1,-0.0009577039534642839,0.0014371025511217272,-2.5236,2.0434,MEAN_CROSS,0.002394806504586011,3.452036,13
2017-05-07 23:00:00+00:00,2017-05-09 03:00:00+00:00,1,-0.0017963588793310503,0.00017529764944290704,-3.7637,0.6022,MEAN_CROSS,0.0019716565287739574,2.842079,28
2017-05-09 16:00:00+00:00,2017-05-10 04:00:00+00:00,-1,0.0009570370390388216,-2.2637094767574695e-05,3.1421,0.1015,MEAN_CROSS,0.0009796741338063963,1.412168,12
2017-05-10 08:00:00+00:00,2017-05-10 20:00:00+00:00,1,-0.0012260107813106824,0.00018774752994454857,-2.38,0.5653,MEAN_CROSS,0.001413758311255231,2.037887,12
2017-05-11 11:00:00+00:00,2017-05-12 01:00:00+00:00,1,-0.0010390160969249163,0.00034902170520023645,-2.3829,1.0818,MEAN_CROSS,0.0013880378021251527,2.000811,14
2017-05-12 12:00:00+00:00,2017-05-15 00:00:00+00:00,-1,0.00186385385928034,-0.00014845277085528963,5.1321,-0.7487,MEAN_CROSS,0.0020123066301356296,2.900674,12
2017-05-16 06:00:00+00:00,2017-05-16 18:00:00+00:00,-1,0.0014694863354050014,0.0008594901320257975,3.0846,0.41,MEAN_CROSS,0.0006099962033792039,1.119414,12
2017-05-17 07:00:00+00:00,2017-05-17 20:00:00+00:00,1,-0.0010411646748578196,0.0007122661545282405,-2.8079,0.513,MEAN_CROSS,0.00175343082938606,3.217749,13
2017-05-18 04:00:00+00:00,2017-05-18 23:00:00+00:00,1,-0.0008004737420423957,0.00025077855009314476,-2.1454,0.6067,MEAN_CROSS,0.0010512522921355405,1.92917,19
2017-05-19 07:00:00+00:00,2017-05-19 19:00:00+00:00,-1,0.0014258783154867949,0.00025960405722291746,2.8425,-0.1999,MEAN_CROSS,0.0011662742582638774,2.140248,12
2017-05-22 00:00:00+00:00,2017-05-22 12:00:00+00:00,1,-0.0009697094958511787,0.0018705663302449604,-2.3247,1.482,MEAN_CROSS,0.002840275826096139,5.212235,12
2017-05-23 11:00:00+00:00,2017-05-24 00:00:00+00:00,1,-0.001736788892724661,0.00010916809754313306,-2.3266,0.591,MEAN_CROSS,0.0018459569902677941,3.387545,13
2017-05-24 19:00:00+00:00,2017-05-25 07:00:00+00:00,-1,0.0014640841116830838,0.00038640739091233556,2.8113,0.2303,MEAN_CROSS,0.0010776767207707483,1.977662,12
2017-05-25 09:00:00+00:00,2017-05-26 06:00:00+00:00,1,-0.0008148800312235416,0.0006893757182342419,-2.0491,1.4938,MEAN_CROSS,0.0015042557494577835,2.760484,21
2017-05-26 11:00:00+00:00,2017-05-29 06:00:00+00:00,1,-0.0014421422083092938,0.0002514998229679044,-2.4979,0.8217,MEAN_CROSS,0.0016936420312771983,3.108029,19
2017-05-29 21:00:00+00:00,2017-05-30 09:00:00+00:00,1,-0.0009118225641837618,0.0016530373981873403,-2.3146,3.1294,MEAN_CROSS,0.002564859962371102,4.706815,12
2017-05-30 11:00:00+00:00,2017-05-30 23:00:00+00:00,-1,0.0013909142123622598,-0.00035619210391901746,2.1753,-0.4622,MEAN_CROSS,0.0017471063162812772,3.206143,12
2017-05-31 10:00:00+00:00,2017-05-31 22:00:00+00:00,-1,0.0015092108320633457,-0.00011575988457579456,2.0549,-0.7054,MEAN_CROSS,0.0016249707166391403,2.98201,12
2017-06-05 10:00:00+00:00,2017-06-05 22:00:00+00:00,1,-0.0014446271384700449,0.00022024971928158443,-2.138,0.6427,MEAN_CROSS,0.0016648768577516293,2.132138,12
2017-06-06 01:00:00+00:00,2017-06-06 18:00:00+00:00,-1,0.0007734376291599343,-0.00013446338891265341,2.1631,-0.4777,MEAN_CROSS,0.0009079010180725877,1.162711,17
2017-06-07 10:00:00+00:00,2017-06-08 02:00:00+00:00,1,-0.0030573941213887235,0.0003656527935138598,-6.4479,0.5348,MEAN_CROSS,0.0034230469149025833,4.383753,16
2017-06-08 23:00:00+00:00,2017-06-09 14:00:00+00:00,1,-0.0011952659796796716,0.00034162949550298194,-2.0335,1.6869,MEAN_CROSS,0.0015368954751826536,1.968238,15
2017-06-09 15:00:00+00:00,2017-06-12 03:00:00+00:00,-1,0.0005861185696189875,0.00015378341941141294,2.0706,0.3953,MEAN_CROSS,0.0004323351502075745,0.553674,12
2017-06-13 07:00:00+00:00,2017-06-13 19:00:00+00:00,-1,0.0013428591047099925,0.00012832713927513062,4.1355,0.4367,MEAN_CROSS,0.0012145319654348619,1.5554,12
2017-06-14 12:00:00+00:00,2017-06-15 00:00:00+00:00,-1,0.0033838478407717254,5.185580598876527e-05,8.2724,-0.0577,MEAN_CROSS,0.00333199203478296,4.267143,12
2017-06-16 07:00:00+00:00,2017-06-16 20:00:00+00:00,-1,0.001044055285695844,0.00018588925500639952,2.2736,-0.0295,MEAN_CROSS,0.0008581660306894445,1.099017,13
2017-06-19 12:00:00+00:00,2017-06-20 01:00:00+00:00,1,-0.0007873173292662905,0.00043509834066357556,-2.0133,1.458,MEAN_CROSS,0.001222415669929866,1.565497,13
2017-06-21 10:00:00+00:00,2017-06-21 22:00:00+00:00,-1,0.0006990061765876909,0.00016871497936943314,2.0115,0.0564,MEAN_CROSS,0.0005302911972182578,0.679122,12
2017-06-23 06:00:00+00:00,2017-06-23 18:00:00+00:00,-1,0.0006999451473659324,0.00012001436065345317,2.2281,-0.0513,MEAN_CROSS,0.0005799307867124792,1.406799,12
2017-06-26 08:00:00+00:00,2017-06-27 02:00:00+00:00,1,-0.0005175586376258146,0.00027930739913117897,-2.0533,0.7574,MEAN_CROSS,0.0007968660367569935,1.933042,18
2017-06-27 08:00:00+00:00,2017-06-27 20:00:00+00:00,-1,0.003383510455315264,0.00041165555073474636,7.3875,-0.2951,MEAN_CROSS,0.0029718549045805176,7.209141,12
2017-06-28 12:00:00+00:00,2017-06-29 01:00:00+00:00,1,-0.002036920170389145,0.0014342457360614347,-3.0303,1.7582,MEAN_CROSS,0.0034711659064505795,8.420372,13
2017-06-30 07:00:00+00:00,2017-06-30 19:00:00+00:00,1,-0.001154320522539054,0.000439103734444668,-2.372,0.6189,MEAN_CROSS,0.001593424256983722,3.865337,12
2017-07-03 08:00:00+00:00,2017-07-03 20:00:00+00:00,1,-0.0016005381089359005,0.00013871743648063983,-2.7873,0.7393,MEAN_CROSS,0.0017392555454165404,4.219095,12
2017-07-04 05:00:00+00:00,2017-07-04 17:00:00+00:00,1,-0.0013691599762071238,0.00011574465765740172,-2.195,0.6658,MEAN_CROSS,0.0014849046338645255,3.602089,12
2017-07-05 08:00:00+00:00,2017-07-05 20:00:00+00:00,1,-0.000958966226099589,0.000668833161493021,-2.1807,1.3875,MEAN_CROSS,0.00162779938759261,3.948724,12
2017-07-06 09:00:00+00:00,2017-07-06 21:00:00+00:00,-1,0.0011302132119710429,0.00010144231106457013,2.2138,-0.6514,MEAN_CROSS,0.0010287709009064727,2.495598,12
2017-07-10 07:00:00+00:00,2017-07-10 19:00:00+00:00,-1,0.0007206948536893076,-3.939510939687807e-10,2.3809,0.0612,MEAN_CROSS,0.0007206952476404016,1.748266,12
2017-07-11 14:00:00+00:00,2017-07-12 02:00:00+00:00,-1,0.0012142352738699902,0.0005856415438394436,3.3055,0.257,MEAN_CROSS,0.0006285937300305466,1.524846,12
2017-07-14 12:00:00+00:00,2017-07-17 00:00:00+00:00,-1,0.002678008613471894,-0.0003294176514652136,3.879,-1.3022,MEAN_CROSS,0.0030074262649371075,2.674225,12
2017-07-17 07:00:00+00:00,2017-07-18 00:00:00+00:00,1,-0.001196039100983981,0.0005488695960240708,-2.4278,1.0859,MEAN_CROSS,0.0017449086970080518,1.551585,17
2017-07-18 01:00:00+00:00,2017-07-18 15:00:00+00:00,-1,0.0029701333113467676,0.0006068601315365463,7.0039,-0.0322,MEAN_CROSS,0.0023632731798102213,2.101439,14
2017-07-19 22:00:00+00:00,2017-07-20 11:00:00+00:00,-1,0.0006113598244783525,-0.0010534529315466834,4.0962,-2.2411,MEAN_CROSS,0.0016648127560250359,1.480363,13
2017-07-20 12:00:00+00:00,2017-07-21 00:00:00+00:00,-1,0.003918448797641361,-7.651759004057013e-05,10.057,-0.4551,MEAN_CROSS,0.003994966387681931,3.552352,12
2017-07-24 06:00:00+00:00,2017-07-25 01:00:00+00:00,1,-0.0014793528679515333,0.0001724634022353122,-3.4191,0.7548,MEAN_CROSS,0.0016518162701868455,1.468807,19
2017-07-25 02:00:00+00:00,2017-07-25 14:00:00+00:00,-1,0.0008163045905615895,-0.0009603766461749874,2.1539,-1.8288,MEAN_CROSS,0.001776681236736577,1.579837,12
2017-07-26 18:00:00+00:00,2017-07-27 06:00:00+00:00,-1,0.0038215374791916723,-0.0008584273131486686,5.539,-1.199,MEAN_CROSS,0.004679964792340341,4.161458,12
2017-07-27 14:00:00+00:00,2017-07-28 02:00:00+00:00,1,-0.002129958924655062,0.0009663334452090222,-2.0591,0.7687,MEAN_CROSS,0.0030962923698640843,2.753245,12
2017-07-28 14:00:00+00:00,2017-07-31 02:00:00+00:00,-1,0.0017520357065576864,-0.0006751754547895672,2.056,-1.882,MEAN_CROSS,0.0024272111613472536,2.158293,12
2017-07-31 14:00:00+00:00,2017-08-01 02:00:00+00:00,-1,0.002727730058351696,-5.9567097616231024e-05,3.3537,-0.4277,MEAN_CROSS,0.002787297155967927,2.478484,12
2017-08-02 04:00:00+00:00,2017-08-02 18:00:00+00:00,-1,0.001049427665882341,-0.00022094362952129742,3.0713,-0.7206,MEAN_CROSS,0.0012703712954036384,1.066038,14
2017-08-04 10:00:00+00:00,2017-08-06 22:00:00+00:00,1,-0.0006967410950082797,0.0007662676100410604,-2.0731,0.8809,MEAN_CROSS,0.00146300870504934,1.227691,12
2017-08-08 14:00:00+00:00,2017-08-09 06:00:00+00:00,1,-0.0043375529833433735,0.00043757360819940416,-13.0287,0.7446,MEAN_CROSS,0.004775126591542778,4.007071,16
2017-08-11 12:00:00+00:00,2017-08-14 00:00:00+00:00,-1,0.003574391792829701,-0.00014503324091075243,5.8859,-0.652,MEAN_CROSS,0.0037194250337404533,3.121174,12
2017-08-15 05:00:00+00:00,2017-08-15 17:00:00+00:00,1,-0.0011174893447876144,0.0005567395587837698,-2.2894,1.1722,MEAN_CROSS,0.0016742289035713842,1.404937,12
2017-08-16 17:00:00+00:00,2017-08-17 05:00:00+00:00,-1,0.0016334323719735533,2.10901028849797e-05,2.3766,-0.1685,MEAN_CROSS,0.0016123422690885736,1.353005,12
2017-08-17 08:00:00+00:00,2017-08-18 01:00:00+00:00,1,-0.002117473644063006,0.00047450578597696413,-2.3441,0.5522,MEAN_CROSS,0.00259197943003997,2.175072,17
2017-08-22 08:00:00+00:00,2017-08-22 21:00:00+00:00,1,-0.0015911552138905272,0.00037911052413086566,-2.2664,0.6778,MEAN_CROSS,0.001970265738021393,2.596344,13
2017-08-23 07:00:00+00:00,2017-08-23 19:00:00+00:00,-1,0.0015027523904780349,0.0004487448629009183,3.0717,0.3126,MEAN_CROSS,0.0010540075275771166,1.388932,12
2017-08-25 07:00:00+00:00,2017-08-25 19:00:00+00:00,1,-0.000936733781364385,0.003236812808177225,-2.3159,2.8355,MEAN_CROSS,0.00417354658954161,5.499746,12
2017-08-29 06:00:00+00:00,2017-08-29 18:00:00+00:00,-1,0.002502681780901961,-0.0011331817003730205,3.3754,-1.5093,MEAN_CROSS,0.0036358634812749813,4.791207,12
2017-08-29 19:00:00+00:00,2017-08-30 15:00:00+00:00,1,-0.002004144852681744,0.00026318457058938094,-2.1977,1.3299,MEAN_CROSS,0.002267329423271125,2.987803,20
2017-08-31 06:00:00+00:00,2017-08-31 23:00:00+00:00,-1,0.0007705097367232128,1.1333944887281788e-05,2.4801,0.0651,MEAN_CROSS,0.000759175791835931,1.000414,17
2017-09-01 13:00:00+00:00,2017-09-04 05:00:00+00:00,1,-0.0023536863146387255,0.00022285455679549315,-2.8261,0.5824,MEAN_CROSS,0.0025765408714342186,3.395271,16
2017-09-05 07:00:00+00:00,2017-09-05 19:00:00+00:00,1,-0.0011914761252727057,0.00044372688855376374,-2.8278,0.8293,MEAN_CROSS,0.0016352030138264695,2.15481,12
2017-09-06 18:00:00+00:00,2017-09-07 07:00:00+00:00,1,-0.000840754204862959,0.001646491587907084,-2.0009,3.7002,MEAN_CROSS,0.002487245792770043,3.277601,13
2017-09-07 08:00:00+00:00,2017-09-07 20:00:00+00:00,-1,0.0012174668600728467,0.0007686546964011942,2.1629,0.3043,MEAN_CROSS,0.00044881216367165244,0.591428,12
2017-09-11 15:00:00+00:00,2017-09-12 03:00:00+00:00,1,-0.0015804857909289538,-8.556392991532213e-05,-2.0487,0.5468,MEAN_CROSS,0.0014949218610136317,1.507722,12
2017-09-12 06:00:00+00:00,2017-09-12 20:00:00+00:00,-1,0.0009962755781565136,0.0001611891876103222,2.6935,0.3577,MEAN_CROSS,0.0008350863905461914,0.842237,14
2017-09-13 13:00:00+00:00,2017-09-14 06:00:00+00:00,1,-0.0024765613454038604,0.0005213075483170293,-4.3092,1.004,MEAN_CROSS,0.0029978688937208897,3.023539,17
2017-09-14 07:00:00+00:00,2017-09-14 19:00:00+00:00,-1,0.0017556000806204786,0.00010932850208567046,2.1693,0.4277,MEAN_CROSS,0.001646271578534808,1.660368,12
2017-09-15 12:00:00+00:00,2017-09-18 00:00:00+00:00,-1,0.0018146562735195104,0.0002648659592381364,2.1725,0.0816,MEAN_CROSS,0.001549790314281374,1.563061,12
2017-09-18 07:00:00+00:00,2017-09-18 19:00:00+00:00,1,-0.0013205938971216913,0.0005355977539838186,-2.339,0.9396,MEAN_CROSS,0.0018561916511055099,1.872086,12
2017-09-19 06:00:00+00:00,2017-09-19 20:00:00+00:00,-1,0.0012369077098373094,0.0001829964389170602,2.0676,-0.1612,MEAN_CROSS,0.0010539112709202492,1.062936,14
2017-09-20 01:00:00+00:00,2017-09-20 13:00:00+00:00,-1,0.0011815160223247467,-0.0001862553526006394,2.0408,-0.6526,MEAN_CROSS,0.0013677713749253861,1.379483,12
2017-09-20 18:00:00+00:00,2017-09-21 06:00:00+00:00,1,-0.006158250316211866,0.001094199477495117,-14.3719,1.1258,MEAN_CROSS,0.007252449793706983,7.31455,12
2017-09-22 07:00:00+00:00,2017-09-22 19:00:00+00:00,-1,0.0019233488795558085,-0.00035433544892171653,3.2954,-0.7641,MEAN_CROSS,0.002277684328477525,2.297187,12
2017-09-24 21:00:00+00:00,2017-09-25 19:00:00+00:00,1,-0.001980208617800905,-0.0002190665234820255,-2.8509,0.7837,MEAN_CROSS,0.0017611420943188794,1.776222,22
2017-09-26 17:00:00+00:00,2017-09-27 05:00:00+00:00,-1,0.0015713776586199213,-0.0005047337522372519,2.8815,-0.2047,MEAN_CROSS,0.002076111410857173,2.093888,12
2017-09-29 13:00:00+00:00,2017-10-02 12:00:00+00:00,1,-0.000979154313000663,0.0007407183272283291,-2.3542,1.1575,MEAN_CROSS,0.0017198726402289921,2.665331,23
2017-10-03 06:00:00+00:00,2017-10-03 18:00:00+00:00,-1,0.0007483850039948781,-0.0001262379154958193,2.112,-0.3322,MEAN_CROSS,0.0008746229194906974,1.355425,12
2017-10-04 00:00:00+00:00,2017-10-04 12:00:00+00:00,-1,0.0016741507292656888,6.821184702765493e-05,2.6572,-0.4008,MEAN_CROSS,0.0016059388822380338,2.488764,12
2017-10-05 08:00:00+00:00,2017-10-06 01:00:00+00:00,-1,0.0008017356165295197,-9.878619163572466e-05,2.2445,0.2963,MEAN_CROSS,0.0009005218081652444,1.395562,17
2017-10-06 14:00:00+00:00,2017-10-09 02:00:00+00:00,-1,0.0017401183007035304,0.00022892194606849436,3.4578,0.1209,MEAN_CROSS,0.001511196354635036,2.34194,12
2017-10-10 01:00:00+00:00,2017-10-10 15:00:00+00:00,-1,0.0018380553360306529,-2.7821602349265007e-05,4.8307,-0.7225,MEAN_CROSS,0.0018658769383799179,2.891597,14
2017-10-11 09:00:00+00:00,2017-10-13 00:00:00+00:00,1,-0.0010461764874971635,0.0006362910583652681,-3.0068,1.4,MEAN_CROSS,0.0016824675458624316,2.607363,39
2017-10-13 11:00:00+00:00,2017-10-16 10:00:00+00:00,1,-0.0012962683627617544,0.0005683560214115868,-2.5445,1.3208,MEAN_CROSS,0.0018646243841733412,2.889656,23
2017-10-17 17:00:00+00:00,2017-10-18 05:00:00+00:00,-1,0.0007681237655690065,-0.0001321934052171958,2.46,-0.0066,MEAN_CROSS,0.0009003171707862023,1.395245,12
2017-10-20 01:00:00+00:00,2017-10-20 20:00:00+00:00,1,-0.0011009845124638762,0.0001889350407193735,-2.9689,0.6507,MEAN_CROSS,0.0012899195531832497,2.116111,19
2017-10-23 15:00:00+00:00,2017-10-24 04:00:00+00:00,-1,0.0010794760460097752,9.159107290201973e-05,2.8087,0.3612,MEAN_CROSS,0.0009878849731077555,1.620624,13
2017-10-24 18:00:00+00:00,2017-10-25 06:00:00+00:00,-1,0.0014540338646042983,8.49195926855284e-05,3.6666,-0.108,MEAN_CROSS,0.0013691142719187699,2.24603,12
2017-10-25 13:00:00+00:00,2017-10-26 02:00:00+00:00,-1,0.0013418390106034739,0.00023567162512971862,3.0476,-0.184,MEAN_CROSS,0.0011061673854737553,1.814666,13
2017-10-26 09:00:00+00:00,2017-10-27 02:00:00+00:00,1,-0.0005712978644865085,-0.00013864851232403552,-2.0111,0.5772,MEAN_CROSS,0.000432649352162473,0.709761,17
2017-10-31 01:00:00+00:00,2017-10-31 15:00:00+00:00,1,-0.0006742692268753014,0.0005154316523048319,-2.0829,0.865,MEAN_CROSS,0.0011897008791801333,1.951702,14
2017-10-31 16:00:00+00:00,2017-11-01 04:00:00+00:00,-1,0.001013117096866134,-0.00029953979498187344,2.0433,-0.7331,MEAN_CROSS,0.0013126568918480075,2.153411,12
2017-11-01 07:00:00+00:00,2017-11-01 19:00:00+00:00,-1,0.001091760745005832,3.947546115790068e-05,2.7807,0.1394,MEAN_CROSS,0.0010522852838479313,1.726272,12
2017-11-02 01:00:00+00:00,2017-11-02 16:00:00+00:00,-1,0.0017135799538181562,0.00033907855962933553,3.8251,0.377,MEAN_CROSS,0.0013745013941888207,2.254867,13
2017-11-03 14:00:00+00:00,2017-11-06 03:00:00+00:00,1,-0.002095998840434099,8.646192631234229e-05,-4.8946,0.6462,MEAN_CROSS,0.0021824607667464413,3.580323,12
2017-11-06 17:00:00+00:00,2017-11-07 05:00:00+00:00,-1,0.0010023873205253775,-0.00023422479781221028,2.3202,-0.4408,MEAN_CROSS,0.0012366121183375878,2.02866,12
2017-11-07 08:00:00+00:00,2017-11-07 20:00:00+00:00,1,-0.0018859133374906634,0.000631102780395354,-3.9255,1.1805,MEAN_CROSS,0.0025170161178860173,4.129161,12
2017-11-09 10:00:00+00:00,2017-11-09 22:00:00+00:00,-1,0.0006552442761993404,7.745101318179515e-05,2.0299,-0.3214,MEAN_CROSS,0.0005777932630175453,0.908491,12
2017-11-10 07:00:00+00:00,2017-11-10 19:00:00+00:00,1,-0.0008503475152210616,0.0005396586142154547,-2.181,0.661,MEAN_CROSS,0.0013900061294365162,2.185571,12
2017-11-13 00:00:00+00:00,2017-11-13 13:00:00+00:00,1,-0.0007570982478177779,0.0011714470093679985,-2.2247,2.3761,MEAN_CROSS,0.0019285452571857764,3.032341,13
2017-11-14 07:00:00+00:00,2017-11-14 20:00:00+00:00,-1,0.0012226990462502751,0.0006385257010652623,3.279,-0.0856,MEAN_CROSS,0.0005841733451850128,0.918523,13
2017-11-15 08:00:00+00:00,2017-11-15 20:00:00+00:00,-1,0.0024352807113934283,-0.0005779511311805319,2.3499,-0.9366,MEAN_CROSS,0.00301323184257396,4.737843,12
2017-11-17 00:00:00+00:00,2017-11-17 12:00:00+00:00,-1,0.0009643590606323027,-0.000276108658453289,2.1424,-0.5686,MEAN_CROSS,0.0012404677190855917,1.950445,12
2017-11-19 22:00:00+00:00,2017-11-20 10:00:00+00:00,1,-0.0016243798645456664,0.0009371656942775974,-2.6299,0.9889,MEAN_CROSS,0.002561545558823264,4.027636,12
2017-11-22 08:00:00+00:00,2017-11-22 22:00:00+00:00,-1,0.001186641159664159,0.00030944069427762955,2.7973,-0.1381,MEAN_CROSS,0.0008772004653865295,1.379263,14
2017-11-24 09:00:00+00:00,2017-11-24 21:00:00+00:00,-1,0.0009760151996696109,0.00030551015093305267,2.4652,-0.2195,MEAN_CROSS,0.0006705050487365583,1.054266,12
2017-11-28 19:00:00+00:00,2017-11-29 07:00:00+00:00,1,-0.0019515489480710357,0.0009356141355205683,-2.4441,2.104,MEAN_CROSS,0.002887163083591604,3.696505,12
2017-11-30 08:00:00+00:00,2017-12-01 05:00:00+00:00,1,-0.0010907985706931633,0.001164002404971498,-2.2996,0.821,MEAN_CROSS,0.0022548009756646614,2.886876,21
2017-12-05 08:00:00+00:00,2017-12-05 20:00:00+00:00,1,-0.001004306275123934,0.0004678717149146916,-2.189,1.035,MEAN_CROSS,0.0014721779900386256,1.884865,12
2017-12-07 13:00:00+00:00,2017-12-08 01:00:00+00:00,-1,0.0008641400457241044,-0.0005539227732813679,2.5448,-1.1444,MEAN_CROSS,0.0014180628190054723,1.81558,12
2017-12-08 08:00:00+00:00,2017-12-08 20:00:00+00:00,1,-0.0013677890383891889,0.00016621713762465795,-2.84,0.6013,MEAN_CROSS,0.0015340061760138468,1.964025,12
2017-12-11 20:00:00+00:00,2017-12-12 08:00:00+00:00,1,-0.001050976568038875,0.0009077643003285729,-3.6589,2.0457,MEAN_CROSS,0.001958740868367448,2.507823,12
2017-12-12 13:00:00+00:00,2017-12-13 02:00:00+00:00,1,-0.001510420659855738,0.00028752457090508443,-3.154,0.8597,MEAN_CROSS,0.0017979452307608224,2.301953,13
2017-12-13 19:00:00+00:00,2017-12-14 07:00:00+00:00,-1,0.0031857662507079887,-0.0005651839086990851,4.5281,-1.1768,MEAN_CROSS,0.0037509501594070738,4.802432,12
2017-12-14 14:00:00+00:00,2017-12-15 07:00:00+00:00,1,-0.0014300973244143478,0.0005162460882583986,-2.1588,1.1027,MEAN_CROSS,0.0019463434126727464,2.491951,17
2017-12-19 12:00:00+00:00,2017-12-20 00:00:00+00:00,-1,0.0014146324458645942,0.00032618094804481856,2.1711,0.1645,MEAN_CROSS,0.0010884514978197757,1.609812,12
2017-12-20 06:00:00+00:00,2017-12-21 08:00:00+00:00,1,-0.0009041171074970489,0.0005680590322121315,-2.8344,0.6865,MEAN_CROSS,0.0014721761397091804,2.177339,26
2017-12-21 23:00:00+00:00,2017-12-22 13:00:00+00:00,1,-0.0011394478585839973,0.0003158160690981404,-3.4063,0.9146,MEAN_CROSS,0.0014552639276821377,2.152326,14
2017-12-22 15:00:00+00:00,2017-12-25 04:00:00+00:00,1,-0.0010878967118188587,0.00023259772008876745,-2.3286,0.7046,MEAN_CROSS,0.0013204944319076262,1.953002,12
2017-12-25 07:00:00+00:00,2017-12-26 09:00:00+00:00,-1,0.0009830796557903643,-0.0005217417404066449,2.2099,-1.614,MEAN_CROSS,0.0015048213961970092,2.225621,12
2017-12-26 12:00:00+00:00,2017-12-27 04:00:00+00:00,1,-0.000829446768361386,0.0007343368665095884,-2.0027,1.9348,MEAN_CROSS,0.0015637836348709744,2.312825,16
2017-12-27 09:00:00+00:00,2017-12-27 21:00:00+00:00,-1,0.0010374179308649811,-0.0006059197125374283,2.3746,-1.8701,MEAN_CROSS,0.0016433376434024094,2.430485,12
2017-12-28 05:00:00+00:00,2017-12-28 19:00:00+00:00,-1,0.0011686675619455578,7.170267949963005e-05,2.1866,-0.5355,MEAN_CROSS,0.0010969648824459277,1.622404,14
2017-12-28 20:00:00+00:00,2017-12-29 08:00:00+00:00,1,-0.0006678669625135303,0.0009434685788991537,-2.3072,1.6781,MEAN_CROSS,0.001611335541412684,2.383154,12
2017-12-29 09:00:00+00:00,2017-12-29 21:00:00+00:00,-1,0.0014964948594429206,-0.00020847779357024976,2.8202,-0.8754,MEAN_CROSS,0.0017049726530131704,2.521643,12
2018-01-02 09:00:00+00:00,2018-01-02 21:00:00+00:00,-1,0.0022566623823019327,0.0003654256899825459,3.0962,0.0028,MEAN_CROSS,0.0018912366923193868,2.797126,12
2018-01-03 10:00:00+00:00,2018-01-04 02:00:00+00:00,1,-0.0013776561998140036,0.0004674732152367689,-2.2563,1.3848,MEAN_CROSS,0.0018451294150507724,2.728934,16
2018-01-04 09:00:00+00:00,2018-01-04 21:00:00+00:00,-1,0.0011474392560799629,-8.070117276415267e-05,2.6581,-0.567,MEAN_CROSS,0.0012281404288441156,1.816411,12
2018-01-05 06:00:00+00:00,2018-01-05 19:00:00+00:00,1,-0.0008971546654035212,0.00021377479984563408,-2.3265,0.5435,MEAN_CROSS,0.0011109294652491553,1.643057,13
2018-01-10 10:00:00+00:00,2018-01-10 22:00:00+00:00,-1,0.003377527176661177,-0.0004146923582284412,6.2715,-0.5518,MEAN_CROSS,0.003792219534889618,6.26894,12
2018-01-11 12:00:00+00:00,2018-01-12 01:00:00+00:00,-1,0.003719975198993808,5.97236348942598e-05,3.5364,-0.3091,MEAN_CROSS,0.003660251564099548,6.050783,13
2018-01-12 08:00:00+00:00,2018-01-14 23:00:00+00:00,-1,0.0036069406505303547,0.00025209055555608373,2.4044,-0.6818,MEAN_CROSS,0.003354850094974271,5.545922,15
2018-01-16 07:00:00+00:00,2018-01-16 19:00:00+00:00,1,-0.0011704258190479155,0.0014671444142433376,-2.0799,1.8136,MEAN_CROSS,0.002637570233291253,4.360183,12
2018-01-17 00:00:00+00:00,2018-01-17 12:00:00+00:00,-1,0.0025116229092994047,-0.0008795102797849452,2.9966,-0.535,MEAN_CROSS,0.00339113318908435,5.605902,12
2018-01-17 18:00:00+00:00,2018-01-18 08:00:00+00:00,-1,0.002414664839032188,-6.628662931440488e-06,2.0805,0.3526,MEAN_CROSS,0.0024212935019636284,4.002654,14
2018-01-19 12:00:00+00:00,2018-01-22 07:00:00+00:00,1,-0.0008893437077135413,0.0006245448221335881,-2.1058,0.7564,MEAN_CROSS,0.0015138885298471294,2.502618,19
2018-01-23 14:00:00+00:00,2018-01-24 02:00:00+00:00,-1,0.0016493196218267947,0.0004007437115245427,2.61,0.2012,MEAN_CROSS,0.001248575910302252,2.064028,12
2018-01-24 13:00:00+00:00,2018-01-25 01:00:00+00:00,-1,0.001743094732626238,0.000694998288791604,2.1114,0.1083,MEAN_CROSS,0.001048096443834634,1.732614,12
2018-01-25 07:00:00+00:00,2018-01-25 19:00:00+00:00,1,-0.0009934180063337905,-0.005186130831443592,-2.4992,-4.3883,STOP_LOSS,-0.004192712825109801,-6.930998,12
2018-01-29 13:00:00+00:00,2018-01-30 01:00:00+00:00,1,-0.002181000797552901,0.0003306771855902113,-2.3509,0.8073,MEAN_CROSS,0.0025116779831431124,1.220096,12
2018-01-30 09:00:00+00:00,2018-01-30 21:00:00+00:00,-1,0.0016838649886912194,7.92991733014059e-05,2.2713,-0.0742,MEAN_CROSS,0.0016045658153898135,0.779449,12
2018-01-31 16:00:00+00:00,2018-02-01 08:00:00+00:00,1,-0.001834185912173547,0.0011935028717142693,-2.3557,1.4299,MEAN_CROSS,0.0030276887838878164,1.470758,16
2018-02-01 09:00:00+00:00,2018-02-01 21:00:00+00:00,-1,0.0019214483049883047,0.0007046960423169324,2.1741,0.4556,MEAN_CROSS,0.0012167522626713723,0.591061,12
2018-02-02 13:00:00+00:00,2018-02-05 02:00:00+00:00,1,-0.0027155065960258185,0.0005014838988450787,-3.9617,0.7087,MEAN_CROSS,0.003216990494870897,1.562715,13
2018-02-05 21:00:00+00:00,2018-02-06 09:00:00+00:00,1,-0.0029091439497819227,0.0007340824328243567,-3.2018,1.0196,MEAN_CROSS,0.0036432263826062794,1.769767,12
2018-02-06 12:00:00+00:00,2018-02-07 23:00:00+00:00,1,-0.0030066308695548827,0.0002434646076154845,-2.3167,0.6703,MEAN_CROSS,0.003250095477170367,1.578796,35
2018-02-08 13:00:00+00:00,2018-02-09 01:00:00+00:00,-1,0.0017508267678927325,-2.6119791977086138e-05,2.6894,0.2867,MEAN_CROSS,0.0017769465598698186,0.863186,12
2018-02-09 07:00:00+00:00,2018-02-09 19:00:00+00:00,-1,0.0016945291518015715,-0.00011397226886855627,2.2854,0.0044,MEAN_CROSS,0.0018085014206701278,0.878514,12
2018-02-13 10:00:00+00:00,2018-02-13 22:00:00+00:00,-1,0.0020185650954291923,-7.801790311656731e-05,2.8473,-1.0559,MEAN_CROSS,0.0020965829985457596,1.018455,12
2018-02-14 09:00:00+00:00,2018-02-14 23:00:00+00:00,1,-0.0009359112202558251,0.001357436876241902,-2.1985,0.5875,MEAN_CROSS,0.002293348096497727,1.114038,14
2018-02-16 10:00:00+00:00,2018-02-19 00:00:00+00:00,1,-0.0026507369407757775,0.000523294569695798,-4.0156,0.7163,MEAN_CROSS,0.0031740315104715755,2.08764,14
2018-02-21 19:00:00+00:00,2018-02-22 07:00:00+00:00,1,-0.0010958023962859276,0.00014707151525295004,-2.0729,0.8747,MEAN_CROSS,0.0012428739115388776,0.817469,12
2018-02-22 09:00:00+00:00,2018-02-22 21:00:00+00:00,-1,0.0009591940124344944,0.0002067040469990733,2.1605,0.2444,MEAN_CROSS,0.0007524899654354211,0.494931,12
2018-02-26 02:00:00+00:00,2018-02-26 14:00:00+00:00,-1,0.0011374480781265461,-0.0009177366003993992,3.4128,-1.7246,MEAN_CROSS,0.0020551846785259453,1.351746,12
2018-02-26 15:00:00+00:00,2018-02-27 07:00:00+00:00,1,-0.0013635399219722455,0.0008280354878531515,-2.3207,0.8658,MEAN_CROSS,0.002191575409825397,1.441454,16
2018-02-27 13:00:00+00:00,2018-02-28 05:00:00+00:00,1,-0.002007560067251335,0.00012686101770142955,-3.0685,0.6473,MEAN_CROSS,0.0021344210849527645,1.403862,16
2018-03-01 06:00:00+00:00,2018-03-01 18:00:00+00:00,-1,0.0007402746684688211,-5.444555216249647e-05,2.4997,0.0264,MEAN_CROSS,0.0007947202206313175,0.522707,12
2018-03-01 19:00:00+00:00,2018-03-02 07:00:00+00:00,-1,0.0030952591330035695,-0.0006338590295120738,4.8099,-1.0498,MEAN_CROSS,0.0037291181625156433,2.452734,12
2018-03-05 06:00:00+00:00,2018-03-05 20:00:00+00:00,1,-0.0019077085403211846,0.0008810134073149456,-3.5903,0.8133,MEAN_CROSS,0.0027887219476361302,1.834212,14
2018-03-06 11:00:00+00:00,2018-03-06 23:00:00+00:00,-1,0.0031664338099661737,0.00025694329462844223,3.993,-0.3678,MEAN_CROSS,0.0029094905153377315,1.913644,12
2018-03-08 09:00:00+00:00,2018-03-09 02:00:00+00:00,1,-0.001009104520891979,0.0002266767062975017,-2.1824,0.7039,MEAN_CROSS,0.0012357812271894808,1.411477,17
2018-03-12 09:00:00+00:00,2018-03-13 08:00:00+00:00,1,-0.0010893998848267028,0.0003903681748458343,-2.2636,0.5762,MEAN_CROSS,0.001479768059672537,1.690152,23
2018-03-13 12:00:00+00:00,2018-03-14 00:00:00+00:00,-1,0.0018916088120675134,0.00013768899419996927,3.2085,-0.3616,MEAN_CROSS,0.0017539198178675441,2.003281,12
2018-03-14 08:00:00+00:00,2018-03-14 23:00:00+00:00,1,-0.0011955740038829266,0.000325222619852239,-2.1441,0.8025,MEAN_CROSS,0.0015207966237351656,1.737014,15
2018-03-15 18:00:00+00:00,2018-03-16 06:00:00+00:00,1,-0.0014392644877252447,0.0004466966939682404,-2.3647,1.4379,MEAN_CROSS,0.0018859611816934851,2.154095,12
2018-03-16 13:00:00+00:00,2018-03-19 07:00:00+00:00,1,-0.0019469127895175298,0.00015946057476923237,-2.995,0.5681,MEAN_CROSS,0.002106373364286762,2.405845,18
2018-03-20 09:00:00+00:00,2018-03-21 00:00:00+00:00,1,-0.0017463047627954698,0.0004714195412429678,-3.4235,1.1014,MEAN_CROSS,0.0022177243040384376,2.533027,15
2018-03-21 18:00:00+00:00,2018-03-22 06:00:00+00:00,-1,0.0031052829126216874,-2.9386411024789894e-05,4.2607,-0.6625,MEAN_CROSS,0.0031346693236464773,3.580337,12
2018-03-22 09:00:00+00:00,2018-03-23 00:00:00+00:00,1,-0.001506013753152624,0.0009851261613307294,-2.2835,0.7058,MEAN_CROSS,0.0024911399144833535,2.845315,15
2018-03-26 09:00:00+00:00,2018-03-26 21:00:00+00:00,-1,0.0015041674974471952,0.00010464163404511062,2.392,-0.8509,MEAN_CROSS,0.0013995258634020846,1.598502,12
2018-03-28 13:00:00+00:00,2018-03-29 01:00:00+00:00,1,-0.002585752451160106,0.00030470935085080697,-2.8399,0.9207,MEAN_CROSS,0.002890461802010913,2.789371,12
2018-04-02 11:00:00+00:00,2018-04-02 23:00:00+00:00,-1,0.0007706606846347164,-0.0005591293797508889,2.329,-0.8577,MEAN_CROSS,0.0013297900643856053,1.283282,12
2018-04-03 10:00:00+00:00,2018-04-03 22:00:00+00:00,1,-0.0013012631894600002,0.00015629140425610366,-2.1821,0.5612,MEAN_CROSS,0.0014575545937161039,1.406578,12
2018-04-05 06:00:00+00:00,2018-04-05 20:00:00+00:00,1,-0.0009424078773021538,0.00023330227592555097,-2.4072,0.9704,MEAN_CROSS,0.0011757101532277048,1.134591,14
2018-04-06 13:00:00+00:00,2018-04-09 01:00:00+00:00,-1,0.0013161002085788631,-0.00019092025922384792,2.5394,-0.7137,MEAN_CROSS,0.001507020467802711,1.454314,12
2018-04-09 12:00:00+00:00,2018-04-10 00:00:00+00:00,-1,0.0019740275942197183,0.0002037188989574279,3.7282,-0.0748,MEAN_CROSS,0.0017703086952622904,1.708394,12
2018-04-10 11:00:00+00:00,2018-04-10 23:00:00+00:00,-1,0.0021252562286289134,0.00045776219061699486,3.4382,0.3936,MEAN_CROSS,0.0016674940380119185,1.609175,12
2018-04-11 18:00:00+00:00,2018-04-12 07:00:00+00:00,1,-0.0008338287209361805,0.0005454874815336019,-2.5964,1.2177,MEAN_CROSS,0.0013793162024697825,1.331076,13
2018-04-12 08:00:00+00:00,2018-04-12 22:00:00+00:00,1,-0.0009316792731888235,7.733640266938124e-05,-2.4755,0.6247,MEAN_CROSS,0.0010090156758582047,0.973726,14
2018-04-13 16:00:00+00:00,2018-04-16 04:00:00+00:00,-1,0.001055849621677707,-0.0003066784026857228,2.3041,-1.0225,MEAN_CROSS,0.0013625280243634297,1.314875,12
2018-04-17 09:00:00+00:00,2018-04-17 21:00:00+00:00,1,-0.0010299644103102246,0.0005188002769409561,-2.6007,0.8363,MEAN_CROSS,0.0015487646872511807,2.847041,12
2018-04-19 08:00:00+00:00,2018-04-20 00:00:00+00:00,1,-0.0009358505709498033,0.00015965712708676527,-2.3854,0.7277,MEAN_CROSS,0.0010955076980365686,2.013834,16
2018-04-20 07:00:00+00:00,2018-04-20 20:00:00+00:00,1,-0.0011203626870024408,0.00019254863901796426,-2.0118,1.0134,MEAN_CROSS,0.001312911326020405,2.41348,13
2018-04-23 08:00:00+00:00,2018-04-23 20:00:00+00:00,1,-0.0018228445721930608,-8.329912246485272e-05,-2.4473,0.6286,MEAN_CROSS,0.0017395454497282081,3.197747,12
2018-04-24 11:00:00+00:00,2018-04-24 23:00:00+00:00,-1,0.0007967755992901449,0.00025265065826185484,2.0161,0.308,MEAN_CROSS,0.00054412494102829,1.000246,12
2018-04-25 07:00:00+00:00,2018-04-25 22:00:00+00:00,1,-0.001757615370820309,5.64334391837118e-05,-3.611,0.5878,MEAN_CROSS,0.0018140488100040209,3.334704,15
2018-04-26 12:00:00+00:00,2018-04-27 00:00:00+00:00,-1,0.0016611341949281933,2.0618798122873372e-05,3.3811,0.4046,MEAN_CROSS,0.0016405153968053199,3.015703,12
2018-04-30 11:00:00+00:00,2018-05-01 16:00:00+00:00,1,-0.001767423570033344,0.0005300520861080127,-2.265,1.7535,MEAN_CROSS,0.0022974756561413567,4.223371,29
2018-05-02 01:00:00+00:00,2018-05-02 13:00:00+00:00,-1,0.0007630860193201805,-0.0016967580253341996,2.3953,-2.1074,MEAN_CROSS,0.00245984404465438,4.521847,12
2018-05-02 14:00:00+00:00,2018-05-03 02:00:00+00:00,1,-0.0021142189937461975,0.0006972987111548701,-2.5145,1.1137,MEAN_CROSS,0.0028115177049010676,5.168316,12
2018-05-04 13:00:00+00:00,2018-05-07 01:00:00+00:00,1,-0.002171091970139427,0.0002612133707851072,-3.5427,0.568,MEAN_CROSS,0.0024323053409245343,4.094104,12
2018-05-08 08:00:00+00:00,2018-05-08 20:00:00+00:00,1,-0.001748190218936685,3.812895129273741e-05,-2.8386,0.5078,MEAN_CROSS,0.0017863191702294223,3.006768,12
2018-05-09 10:00:00+00:00,2018-05-09 22:00:00+00:00,-1,0.0014005158742373958,1.1368818655599355e-05,2.4656,0.0346,MEAN_CROSS,0.0013891470555817964,2.33824,12
2018-05-10 12:00:00+00:00,2018-05-11 00:00:00+00:00,-1,0.002661263577809825,0.0003410326727768531,3.7226,0.0322,MEAN_CROSS,0.0023202309050329717,3.905458,12
2018-05-14 14:00:00+00:00,2018-05-15 06:00:00+00:00,1,-0.000997641791727677,0.00038379911338282113,-2.9797,0.7304,MEAN_CROSS,0.001381440905110498,2.325269,16
2018-05-15 11:00:00+00:00,2018-05-16 00:00:00+00:00,1,-0.002433658298438557,1.9023542918272796e-05,-3.2911,0.8574,MEAN_CROSS,0.0024526818413568297,4.128402,13
2018-05-16 16:00:00+00:00,2018-05-17 04:00:00+00:00,-1,0.001399396784419915,-0.00018106273750073676,2.0382,-0.0326,MEAN_CROSS,0.0015804595219206519,2.660261,12
2018-05-18 09:00:00+00:00,2018-05-21 08:00:00+00:00,1,-0.002015696848198134,0.0002947883409680774,-3.9361,1.1406,MEAN_CROSS,0.0023104851891662115,3.889054,23
2018-05-21 11:00:00+00:00,2018-05-21 23:00:00+00:00,-1,0.001000176569176059,3.228895399942644e-05,2.0813,-0.0386,MEAN_CROSS,0.0009678876151766325,1.629167,12
2018-05-22 07:00:00+00:00,2018-05-22 19:00:00+00:00,-1,0.002311576751204081,-7.124384262979788e-05,3.4131,-0.1277,MEAN_CROSS,0.0023828205938338787,4.01081,12
2018-05-23 07:00:00+00:00,2018-05-23 19:00:00+00:00,1,-0.003398645464504968,0.0005772305952402856,-3.7177,1.4998,MEAN_CROSS,0.003975876059745254,6.692273,12
2018-05-25 07:00:00+00:00,2018-05-27 21:00:00+00:00,1,-0.0011568523088614224,0.0020411238623438965,-2.3369,2.8457,MEAN_CROSS,0.003197976171205319,3.45773,14
2018-05-28 12:00:00+00:00,2018-05-29 05:00:00+00:00,1,-0.0032434052955723214,0.0002717665814664372,-2.2369,0.504,MEAN_CROSS,0.0035151718770387586,3.80069,17
2018-05-29 07:00:00+00:00,2018-05-29 20:00:00+00:00,1,-0.0031102140334506867,-8.287652831562298e-06,-2.4322,0.5469,MEAN_CROSS,0.0031019263806191244,3.353879,13
2018-05-30 06:00:00+00:00,2018-05-30 18:00:00+00:00,-1,0.002404922032187118,0.00041690852050280114,2.5507,-0.0424,MEAN_CROSS,0.0019880135116843167,2.149489,12
2018-05-31 10:00:00+00:00,2018-05-31 22:00:00+00:00,1,-0.0014427863169335087,0.000955904233074012,-2.3046,0.6479,MEAN_CROSS,0.0023986905500075206,2.593523,12
2018-06-04 09:00:00+00:00,2018-06-04 21:00:00+00:00,-1,0.0018476084565959283,-0.00010310767261967335,2.4462,-0.3654,MEAN_CROSS,0.0019507161292156017,2.109162,12
2018-06-05 10:00:00+00:00,2018-06-05 23:00:00+00:00,1,-0.0015053279147869691,0.0006036662471959886,-2.523,0.6417,MEAN_CROSS,0.0021089941619829577,2.280296,13
2018-06-06 07:00:00+00:00,2018-06-06 19:00:00+00:00,-1,0.002487895877706814,5.141610624659343e-05,2.8708,-0.5377,MEAN_CROSS,0.0024364797714602204,2.634382,12
2018-06-07 13:00:00+00:00,2018-06-08 13:00:00+00:00,1,-0.0009303402591980259,0.0005115192618392328,-2.254,1.0069,MEAN_CROSS,0.0014418595210372587,1.558974,24
2018-06-11 00:00:00+00:00,2018-06-11 15:00:00+00:00,-1,0.0014121436193739179,7.090327589187595e-05,2.1672,-0.1164,MEAN_CROSS,0.001341240343482042,1.450182,15
2018-06-12 00:00:00+00:00,2018-06-12 12:00:00+00:00,1,-0.0015536109841003398,0.0006130948947498105,-2.7209,1.0086,MEAN_CROSS,0.0021667058788501503,2.342696,12
2018-06-12 17:00:00+00:00,2018-06-13 05:00:00+00:00,1,-0.0019072953375511847,0.0003541240942366297,-2.9507,0.784,MEAN_CROSS,0.0022614194317878145,2.445102,12
2018-06-14 11:00:00+00:00,2018-06-15 04:00:00+00:00,1,-0.005072468118494822,0.0002306006834762453,-13.2983,0.6967,MEAN_CROSS,0.005303068801971067,7.195057,17
2018-06-18 10:00:00+00:00,2018-06-18 22:00:00+00:00,-1,0.001704812256639654,0.00023136899443931824,2.3813,0.3111,MEAN_CROSS,0.0014734432622003357,1.999127,12
2018-06-19 06:00:00+00:00,2018-06-19 19:00:00+00:00,1,-0.002737244384055204,0.0005573816052093505,-4.8752,0.7542,MEAN_CROSS,0.0032946259892645546,4.470057,13
2018-06-21 06:00:00+00:00,2018-06-21 18:00:00+00:00,1,-0.001415086627951423,0.0012126986197320555,-2.6667,0.97,MEAN_CROSS,0.0026277852476834784,3.565306,12
2018-06-25 11:00:00+00:00,2018-06-25 23:00:00+00:00,-1,0.0023197203305218572,1.680522537883533e-05,2.7229,-0.4572,MEAN_CROSS,0.002302915105143022,3.124532,12
2018-06-26 07:00:00+00:00,2018-06-27 00:00:00+00:00,1,-0.0011138454502097606,0.0002497576988160777,-2.0318,0.7258,MEAN_CROSS,0.0013636031490258382,1.850099,17
2018-06-27 08:00:00+00:00,2018-06-27 22:00:00+00:00,1,-0.0017314947120268265,-5.337958287543465e-05,-2.4559,0.7375,MEAN_CROSS,0.0016781151291513918,2.27682,14
2018-06-28 09:00:00+00:00,2018-06-28 21:00:00+00:00,-1,0.0012611702860565455,-0.00047673899164268896,2.3387,-0.3407,MEAN_CROSS,0.0017379092776992344,2.357947,12
2018-06-29 02:00:00+00:00,2018-06-29 16:00:00+00:00,-1,0.0043838170836383306,0.0007768501818907758,6.8136,0.1965,MEAN_CROSS,0.0036069669017475547,4.893833,14
2018-07-02 20:00:00+00:00,2018-07-03 09:00:00+00:00,-1,0.0016356367514507308,4.9500472711905275e-06,2.4392,0.0602,MEAN_CROSS,0.0016306867041795403,2.212471,13
2018-07-04 07:00:00+00:00,2018-07-05 05:00:00+00:00,1,-0.0012394593567079948,0.0021651578478447675,-3.0578,3.5175,MEAN_CROSS,0.0034046172045527623,4.372285,22
2018-07-05 06:00:00+00:00,2018-07-05 18:00:00+00:00,-1,0.0015711209736024578,-0.000723808738475773,2.0461,-1.5128,MEAN_CROSS,0.002294929712078231,2.9472,12
2018-07-06 06:00:00+00:00,2018-07-06 18:00:00+00:00,-1,0.001766661839705419,0.00019513571118712214,2.353,-0.0954,MEAN_CROSS,0.0015715261285182969,2.018189,12
2018-07-09 13:00:00+00:00,2018-07-10 14:00:00+00:00,1,-0.0009190682401261085,0.00036048187189363645,-2.4479,1.0858,MEAN_CROSS,0.001279550112019745,1.643227,25
2018-07-10 17:00:00+00:00,2018-07-11 05:00:00+00:00,-1,0.0012456569283914032,-4.15154486210767e-05,2.3812,0.1169,MEAN_CROSS,0.0012871723770124799,1.653016,12
2018-07-11 12:00:00+00:00,2018-07-12 00:00:00+00:00,-1,0.0023770064911119437,-0.0002166050316814161,3.7897,0.1035,MEAN_CROSS,0.00259361152279336,3.330774,12
2018-07-13 07:00:00+00:00,2018-07-13 19:00:00+00:00,1,-0.0015975741637943575,0.0006237943619142872,-2.9851,0.7508,MEAN_CROSS,0.0022213685257086446,2.852731,12
2018-07-17 06:00:00+00:00,2018-07-17 18:00:00+00:00,-1,0.0011967377130133183,-0.0003527081925178699,2.9247,-0.1661,MEAN_CROSS,0.0015494459055311882,1.989833,12
2018-07-18 13:00:00+00:00,2018-07-19 01:00:00+00:00,-1,0.0009094861628520245,7.538713666632724e-05,2.4209,0.3504,MEAN_CROSS,0.0008340990261856973,1.071169,12
2018-07-19 06:00:00+00:00,2018-07-19 18:00:00+00:00,1,-0.00124611106023087,0.0013131145895879381,-2.035,1.5062,MEAN_CROSS,0.002559225649818808,3.286615,12
2018-07-20 12:00:00+00:00,2018-07-23 00:00:00+00:00,-1,0.003255136355111654,0.000686973155420656,3.4778,0.1576,MEAN_CROSS,0.002568163199690998,3.298093,12
2018-07-24 06:00:00+00:00,2018-07-25 00:00:00+00:00,1,-0.0015103533984581752,0.0002436252647317616,-2.4082,0.5027,MEAN_CROSS,0.0017539786631899368,1.730498,18
2018-07-25 14:00:00+00:00,2018-07-27 02:00:00+00:00,1,-0.0013110709954058386,0.0005464247046937931,-2.5114,1.0865,MEAN_CROSS,0.0018574957000996317,1.832629,36
2018-07-27 13:00:00+00:00,2018-07-30 01:00:00+00:00,-1,0.0012735497900004944,-1.7163997609426218e-05,2.6376,-0.0545,MEAN_CROSS,0.0012907137876099206,1.273435,12
2018-07-30 13:00:00+00:00,2018-07-31 01:00:00+00:00,-1,0.001465932185540586,8.113104999973864e-05,2.3328,-0.4056,MEAN_CROSS,0.0013848011355408474,1.366262,12
2018-07-31 13:00:00+00:00,2018-08-01 07:00:00+00:00,1,-0.0012807077550121004,0.0003176887809159812,-3.5798,0.899,MEAN_CROSS,0.0015983965359280816,1.576998,18
2018-08-02 06:00:00+00:00,2018-08-02 22:00:00+00:00,1,-0.001291561232219074,-0.00024939140148827477,-3.6044,0.544,MEAN_CROSS,0.0010421698307307992,1.028218,16
2018-08-03 07:00:00+00:00,2018-08-06 01:00:00+00:00,1,-0.0014661851196779985,5.958069965505963e-05,-2.1703,0.5136,MEAN_CROSS,0.001525765819333058,1.50534,18
2018-08-06 10:00:00+00:00,2018-08-06 22:00:00+00:00,1,-0.0013191266762999643,0.00015966026597724614,-2.1812,0.7749,MEAN_CROSS,0.0014787869422772104,1.45899,12
2018-08-07 06:00:00+00:00,2018-08-07 18:00:00+00:00,-1,0.0014068901487220842,0.000182435406006487,3.7769,-0.1217,MEAN_CROSS,0.0012244547427155972,1.208063,12
2018-08-08 08:00:00+00:00,2018-08-09 02:00:00+00:00,1,-0.0014437779105367365,0.00034570939395917044,-3.6515,0.5113,MEAN_CROSS,0.001789487304495907,1.765531,18
2018-08-09 07:00:00+00:00,2018-08-10 00:00:00+00:00,1,-0.0014592018112489225,0.0003652922790700064,-2.7042,1.1668,MEAN_CROSS,0.0018244940903189288,1.800069,17
2018-08-13 11:00:00+00:00,2018-08-13 23:00:00+00:00,-1,0.0012539811265848133,-0.0002083036179247877,2.0436,-0.1393,MEAN_CROSS,0.001462284744509601,1.624175,12
2018-08-14 08:00:00+00:00,2018-08-14 22:00:00+00:00,1,-0.001951486488868337,0.0002115763043009089,-2.8939,0.7109,MEAN_CROSS,0.002163062793169246,2.402536,14
2018-08-15 15:00:00+00:00,2018-08-16 06:00:00+00:00,-1,0.0010304878642140025,-0.00036110825298929505,2.4664,-0.7046,MEAN_CROSS,0.0013915961172032976,1.54566,15
2018-08-16 13:00:00+00:00,2018-08-17 01:00:00+00:00,-1,0.002045383413261881,0.0005244726744702,2.4569,0.3662,MEAN_CROSS,0.001520910738791681,1.689291,12
2018-08-17 18:00:00+00:00,2018-08-20 06:00:00+00:00,-1,0.0022764520946494393,-0.0008404282058902535,3.2541,-2.0085,MEAN_CROSS,0.0031168803005396928,3.461951,12
2018-08-20 16:00:00+00:00,2018-08-21 05:00:00+00:00,-1,0.001751717935257302,0.0004638530488894066,2.2798,-0.013,MEAN_CROSS,0.0012878648863678954,1.430445,13
2018-08-21 12:00:00+00:00,2018-08-22 09:00:00+00:00,1,-0.0010871464226975824,0.0013887610189466937,-2.0652,1.2282,MEAN_CROSS,0.002475907441644276,2.750016,21
2018-08-23 00:00:00+00:00,2018-08-23 13:00:00+00:00,1,-0.001610093128449952,0.000442420102271468,-3.0497,0.5427,MEAN_CROSS,0.00205251323072142,2.279748,13
2018-08-24 11:00:00+00:00,2018-08-27 00:00:00+00:00,-1,0.0014103633458271148,0.0002790877980314299,2.0344,-0.2123,MEAN_CROSS,0.0011312755477956848,1.256519,13
2018-08-27 06:00:00+00:00,2018-08-28 06:00:00+00:00,1,-0.001354885999190758,0.0008789586641104741,-2.6802,0.77,MEAN_CROSS,0.002233844663301232,2.481154,24
2018-08-28 18:00:00+00:00,2018-08-29 13:00:00+00:00,1,-0.0011932918250561197,0.0010978878958494143,-2.383,1.7652,MEAN_CROSS,0.002291179720905534,2.544837,19
2018-08-30 13:00:00+00:00,2018-08-31 04:00:00+00:00,1,-0.0017449092628638585,0.0003195337464609871,-2.7348,0.97,MEAN_CROSS,0.0020644430093248456,3.149852,15
2018-08-31 15:00:00+00:00,2018-09-03 03:00:00+00:00,1,-0.0029710974686940617,7.75435964264215e-05,-3.7216,0.6691,MEAN_CROSS,0.003048641065120483,4.651505,12
2018-09-04 06:00:00+00:00,2018-09-04 18:00:00+00:00,1,-0.0015508157716210835,0.0006692134907644309,-3.7531,1.3146,MEAN_CROSS,0.0022200292623855145,3.38724,12
2018-09-05 06:00:00+00:00,2018-09-06 12:00:00+00:00,1,-0.0018886141047198546,0.0008125229947322232,-2.3977,0.6923,MEAN_CROSS,0.002701137099452078,4.121296,30
2018-09-07 06:00:00+00:00,2018-09-07 18:00:00+00:00,-1,0.0010029467722179053,-0.00035771070874623945,2.371,-0.0031,MEAN_CROSS,0.0013606574809641447,2.076041,12
2018-09-10 07:00:00+00:00,2018-09-10 19:00:00+00:00,-1,0.0014119344671199574,-4.6027615921095943e-05,2.0338,-0.0523,MEAN_CROSS,0.0014579620830410533,2.224505,12
2018-09-11 09:00:00+00:00,2018-09-12 07:00:00+00:00,1,-0.001317587268000242,0.0009892656863599303,-2.2393,1.4167,MEAN_CROSS,0.0023068529543601723,3.519712,22
2018-09-12 14:00:00+00:00,2018-09-13 02:00:00+00:00,-1,0.0020637641644678517,0.00011977331926327217,3.4392,-0.1904,MEAN_CROSS,0.0019439908452045795,2.96607,12
2018-09-13 12:00:00+00:00,2018-09-14 00:00:00+00:00,-1,0.003594290857395155,0.00010115699144463974,4.9186,-0.2811,MEAN_CROSS,0.003493133865950515,5.329696,12
2018-09-14 12:00:00+00:00,2018-09-17 00:00:00+00:00,1,-0.0018203148910158617,0.00019542878951406273,-2.3118,0.6158,MEAN_CROSS,0.0020157436805299245,3.075548,12
2018-09-17 12:00:00+00:00,2018-09-18 00:00:00+00:00,-1,0.0017311476668033787,-0.00011781519994036316,2.2634,-0.3558,MEAN_CROSS,0.0018489628667437419,2.82108,12
2018-09-18 07:00:00+00:00,2018-09-18 22:00:00+00:00,1,-0.0008476532531880299,0.0005354644395683117,-2.0158,0.809,MEAN_CROSS,0.0013831176927563416,2.11031,15
2018-09-20 10:00:00+00:00,2018-09-20 22:00:00+00:00,-1,0.0016610133092838097,0.00034445618149314683,2.4276,-0.2375,MEAN_CROSS,0.001316557127790663,1.598728,12
2018-09-21 10:00:00+00:00,2018-09-24 04:00:00+00:00,1,-0.0012845348567946946,8.413187601385985e-05,-2.1229,0.5108,MEAN_CROSS,0.0013686667328085544,1.662006,18
2018-09-24 08:00:00+00:00,2018-09-24 20:00:00+00:00,-1,0.0018217307566785745,-0.000583462230345777,3.902,-0.7651,MEAN_CROSS,0.0024051929870243516,2.920686,12
2018-09-26 10:00:00+00:00,2018-09-26 22:00:00+00:00,1,-0.0008784046652221544,0.00013754068978855116,-2.028,0.6391,MEAN_CROSS,0.0010159453550107056,1.233688,12
2018-09-27 05:00:00+00:00,2018-09-28 00:00:00+00:00,1,-0.0028271930431633674,8.435208786261583e-05,-5.3767,0.9803,MEAN_CROSS,0.0029115451310259832,3.535562,19
2018-09-28 14:00:00+00:00,2018-10-01 02:00:00+00:00,-1,0.0017275481522918135,-0.0005114645165755771,3.4396,-0.2132,MEAN_CROSS,0.0022390126688673906,2.718889,12
2018-10-01 15:00:00+00:00,2018-10-02 11:00:00+00:00,1,-0.0019919342053409395,0.00021792675969911635,-2.0589,0.7772,MEAN_CROSS,0.002209860965040056,2.683489,20
2018-10-02 14:00:00+00:00,2018-10-03 06:00:00+00:00,-1,0.001581453017788892,0.00033531638195638536,2.2975,0.3424,MEAN_CROSS,0.0012461366358325066,1.513215,16
2018-10-03 20:00:00+00:00,2018-10-04 08:00:00+00:00,1,-0.0025026674169488228,0.00038687056780717377,-2.7869,0.8739,MEAN_CROSS,0.0028895379847559965,3.508838,12
2018-10-05 08:00:00+00:00,2018-10-08 16:00:00+00:00,1,-0.0009096167164788227,0.0003198827580694896,-2.227,0.6361,MEAN_CROSS,0.0012294994745483123,1.493012,32
2018-10-09 15:00:00+00:00,2018-10-10 03:00:00+00:00,-1,0.0015146751317569596,0.0002795309915377686,2.3265,0.2226,MEAN_CROSS,0.001235144140219191,1.610217,12
2018-10-11 01:00:00+00:00,2018-10-11 13:00:00+00:00,-1,0.001894332522556219,-0.00021194317305783805,2.5261,-0.7013,MEAN_CROSS,0.002106275695614057,2.745883,12
2018-10-12 12:00:00+00:00,2018-10-15 05:00:00+00:00,1,-0.0015827265558163717,0.0001585432252708685,-2.8054,0.7774,MEAN_CROSS,0.0017412697810872402,2.270037,17
2018-10-15 06:00:00+00:00,2018-10-15 18:00:00+00:00,-1,0.0008686297199174131,-7.270066365383521e-05,2.1242,-0.0918,MEAN_CROSS,0.0009413303835712483,1.227182,12
2018-10-17 11:00:00+00:00,2018-10-17 23:00:00+00:00,1,-0.0016829014112296203,-0.0001587410405894385,-2.994,0.6112,MEAN_CROSS,0.0015241603706401818,1.986999,12
2018-10-18 07:00:00+00:00,2018-10-18 19:00:00+00:00,-1,0.0012363153472647603,-0.0011419012875695245,3.382,-1.0253,MEAN_CROSS,0.002378216634834285,3.100404,12
2018-10-19 13:00:00+00:00,2018-10-22 01:00:00+00:00,-1,0.0017800068515416712,-0.0001231243269526061,2.6617,-0.4499,MEAN_CROSS,0.0019031311784942773,2.48105,12
2018-10-22 06:00:00+00:00,2018-10-22 18:00:00+00:00,-1,0.002012692932203075,-0.0004786391635063225,2.538,-0.5601,MEAN_CROSS,0.0024913320957093976,3.247869,12
2018-10-23 09:00:00+00:00,2018-10-23 21:00:00+00:00,-1,0.0011688029783565312,1.367434118182409e-05,2.0773,0.2022,MEAN_CROSS,0.0011551286371747072,1.505904,12
2018-10-24 07:00:00+00:00,2018-10-24 19:00:00+00:00,1,-0.002111005968637114,0.0004855809447215087,-4.9177,1.329,MEAN_CROSS,0.002596586913358623,3.385086,12
2018-10-25 12:00:00+00:00,2018-10-26 00:00:00+00:00,-1,0.0013474777616284683,-0.00032241392079379594,2.1416,-0.3075,MEAN_CROSS,0.0016698916824222643,2.176984,12
2018-10-26 15:00:00+00:00,2018-10-29 03:00:00+00:00,-1,0.0016548166169942924,2.213835516018392e-05,2.4636,-0.1278,MEAN_CROSS,0.0016326782618341085,2.12847,12
2018-10-30 11:00:00+00:00,2018-10-31 01:00:00+00:00,1,-0.0012705727127046984,5.3344875113880974e-05,-2.1048,0.5954,MEAN_CROSS,0.0013239175878185794,1.534276,14
2018-10-31 12:00:00+00:00,2018-11-01 00:00:00+00:00,1,-0.001306874993167062,0.0007784940979111976,-2.0906,2.1181,MEAN_CROSS,0.0020853690910782596,2.416715,12
2018-11-01 01:00:00+00:00,2018-11-01 15:00:00+00:00,-1,0.001017292893501498,0.00015545177383846642,2.4239,-0.1391,MEAN_CROSS,0.0008618411196630316,0.99878,14
2018-11-02 12:00:00+00:00,2018-11-05 14:00:00+00:00,1,-0.0014408132176810806,0.0014127112362138927,-3.2121,1.9334,MEAN_CROSS,0.0028535244538949733,3.306923,25
2018-11-05 18:00:00+00:00,2018-11-06 07:00:00+00:00,-1,0.0018638300401923047,0.00036870898823559983,2.6625,0.4921,MEAN_CROSS,0.0014951210519567049,1.732682,13
2018-11-06 23:00:00+00:00,2018-11-07 11:00:00+00:00,-1,0.0013856869700472618,0.0007850423751554203,2.337,0.418,MEAN_CROSS,0.0006006445948918415,0.696081,12
2018-11-08 17:00:00+00:00,2018-11-09 09:00:00+00:00,1,-0.0018683787776982985,-0.00012253936486095185,-2.7015,0.5358,MEAN_CROSS,0.0017458394128373467,2.023237,16
2018-11-12 06:00:00+00:00,2018-11-13 00:00:00+00:00,1,-0.00292551593078616,5.428911358862365e-05,-5.2387,0.8766,MEAN_CROSS,0.0029798050443747837,3.453268,18
2018-11-14 09:00:00+00:00,2018-11-15 02:00:00+00:00,1,-0.0011711889271279752,0.0007608586180518628,-2.1721,0.5352,MEAN_CROSS,0.001932047545179838,2.239032,17
2018-11-15 09:00:00+00:00,2018-11-16 06:00:00+00:00,1,-0.0027839378276934834,0.0007249470423846827,-3.2767,0.6828,MEAN_CROSS,0.003508884870078166,4.066414,21
2018-11-16 13:00:00+00:00,2018-11-19 01:00:00+00:00,-1,0.0033872976178559444,-7.75048087549024e-05,3.8923,-0.6606,MEAN_CROSS,0.003464802426610847,3.989671,12
2018-11-20 08:00:00+00:00,2018-11-20 23:00:00+00:00,1,-0.0013744276445257775,6.662037169613555e-05,-3.0798,0.646,MEAN_CROSS,0.001441048016221913,1.659346,15
2018-11-21 06:00:00+00:00,2018-11-21 18:00:00+00:00,-1,0.0010537109818764545,-0.0003896942890730948,2.2194,-0.1842,MEAN_CROSS,0.0014434052709495493,1.662061,12
2018-11-23 08:00:00+00:00,2018-11-23 21:00:00+00:00,1,-0.0027034799837175605,0.0003633286969801919,-9.3125,1.0114,MEAN_CROSS,0.0030668086806977524,3.531387,13
2018-11-27 07:00:00+00:00,2018-11-27 19:00:00+00:00,1,-0.0014004838321761692,3.87197751499091e-05,-2.2219,0.7106,MEAN_CROSS,0.0014392036073260783,1.657223,12
2018-11-28 17:00:00+00:00,2018-11-29 05:00:00+00:00,-1,0.0038720380355101724,0.0005700290542505204,7.1674,0.0745,MEAN_CROSS,0.003302008981259652,3.802217,12
2018-11-30 09:00:00+00:00,2018-12-02 22:00:00+00:00,1,-0.0010973363413475656,0.0008105295338034502,-2.2028,1.6365,MEAN_CROSS,0.0019078658751510158,2.196881,13
2018-12-02 23:00:00+00:00,2018-12-03 11:00:00+00:00,-1,0.0011470333789949105,-0.0012842238382722027,2.0065,-1.165,MEAN_CROSS,0.002431257217267113,2.799558,12
2018-12-04 09:00:00+00:00,2018-12-04 21:00:00+00:00,-1,0.0019766303680690545,-8.299562740265998e-05,2.6221,-0.1093,MEAN_CROSS,0.0020596259954717144,2.37163,12
2018-12-06 13:00:00+00:00,2018-12-07 01:00:00+00:00,-1,0.001196887484408382,-1.6511280467534917e-05,2.0302,-0.2576,MEAN_CROSS,0.001213398764875917,2.176228,12
2018-12-07 21:00:00+00:00,2018-12-10 12:00:00+00:00,1,-0.0017788923720754024,0.0006588309006401172,-3.7433,0.5296,MEAN_CROSS,0.0024377232727155196,4.372051,15
2018-12-10 15:00:00+00:00,2018-12-11 03:00:00+00:00,1,-0.0023847751608232493,0.0002282808864568775,-3.1551,0.5169,MEAN_CROSS,0.0026130560472801267,4.68651,12
2018-12-11 14:00:00+00:00,2018-12-12 05:00:00+00:00,1,-0.0026971801727853073,0.0003465988591437874,-2.8719,0.5687,MEAN_CROSS,0.0030437790319290947,5.459011,15
2018-12-13 13:00:00+00:00,2018-12-14 08:00:00+00:00,1,-0.0017942784795792477,-0.0040485315089417995,-4.1505,-7.5735,STOP_LOSS,-0.002254253029362552,-4.042998,19
2018-12-14 09:00:00+00:00,2018-12-14 21:00:00+00:00,1,-0.0024696820433598443,0.0003729251683368684,-2.5248,0.678,MEAN_CROSS,0.0028426072116967127,5.09821,12
2018-12-18 08:00:00+00:00,2018-12-18 20:00:00+00:00,-1,0.001255897771149428,8.64139230529748e-05,2.2083,-0.0517,MEAN_CROSS,0.0011694838480964531,2.097467,12
2018-12-19 14:00:00+00:00,2018-12-20 02:00:00+00:00,-1,0.001724287456263962,-0.00021110277410385514,2.2639,-0.3816,MEAN_CROSS,0.0019353902303678172,3.471118,12
2018-12-20 09:00:00+00:00,2018-12-20 21:00:00+00:00,-1,0.003969732131112069,-0.0008946065794042113,3.8195,-0.8577,MEAN_CROSS,0.0048643387105162805,8.724181,12
2018-12-21 18:00:00+00:00,2018-12-24 08:00:00+00:00,1,-0.0021874606760801107,0.0011051404346837934,-2.2919,1.9067,MEAN_CROSS,0.003292601110763904,5.905273,14
2018-12-25 07:00:00+00:00,2018-12-26 13:00:00+00:00,1,-0.0008613397987573546,0.0002501734730218086,-2.1674,1.0892,MEAN_CROSS,0.0011115132717791631,1.993497,16
2018-12-27 14:00:00+00:00,2018-12-28 03:00:00+00:00,-1,0.0026413117177312984,0.0004305143702101333,3.1495,-0.0537,MEAN_CROSS,0.002210797347521165,2.925793,13
2018-12-31 04:00:00+00:00,2018-12-31 16:00:00+00:00,1,-0.0009881181646782533,0.0008446701495004039,-2.0326,1.7514,MEAN_CROSS,0.0018327883141786572,2.425532,12
2019-01-02 05:00:00+00:00,2019-01-02 17:00:00+00:00,-1,0.0018093624290922428,-0.00206816749939831,3.3956,-1.3391,MEAN_CROSS,0.003877529928490553,5.131565,12
2019-01-03 15:00:00+00:00,2019-01-04 03:00:00+00:00,-1,0.0021299705044590667,-3.568951835752898e-05,2.096,-0.3821,MEAN_CROSS,0.0021656600228165956,2.866058,12
2019-01-04 13:00:00+00:00,2019-01-07 01:00:00+00:00,1,-0.002051657316660016,0.0008264138531115517,-3.1658,0.9839,MEAN_CROSS,0.0028780711697715677,3.80887,12
2019-01-08 00:00:00+00:00,2019-01-08 17:00:00+00:00,1,-0.0005101510455649549,0.0007271300385987001,-2.3784,0.996,MEAN_CROSS,0.001237281084163655,1.637431,17
2019-01-09 14:00:00+00:00,2019-01-10 02:00:00+00:00,-1,0.0038689310428257073,0.00017324339424673596,8.0024,-0.4563,MEAN_CROSS,0.0036956876485789714,4.890913,12
2019-01-11 14:00:00+00:00,2019-01-14 04:00:00+00:00,1,-0.0035179346765545905,0.0004710986144926821,-6.448,0.7572,MEAN_CROSS,0.0039890332910472726,5.27913,14
2019-01-15 08:00:00+00:00,2019-01-15 20:00:00+00:00,1,-0.0008082374632805145,0.0006275928985426393,-2.1522,1.0606,MEAN_CROSS,0.0014358303618231538,1.900193,12
2019-01-18 10:00:00+00:00,2019-01-20 22:00:00+00:00,-1,0.0007207755415081785,-6.027592494017853e-07,2.17,0.2337,MEAN_CROSS,0.0007213783007575802,1.320518,12
2019-01-22 13:00:00+00:00,2019-01-23 01:00:00+00:00,1,-0.0007082382439687063,0.00021098684431297698,-2.2617,0.7438,MEAN_CROSS,0.0009192250882816833,1.682686,12
2019-01-23 15:00:00+00:00,2019-01-24 03:00:00+00:00,-1,0.0010025974255909453,0.00012125992300560107,3.0037,-0.0434,MEAN_CROSS,0.0008813375025853443,1.613331,12
2019-01-24 07:00:00+00:00,2019-01-24 23:00:00+00:00,1,-0.0008610145797767199,0.0003612579031397889,-2.4282,0.854,MEAN_CROSS,0.0012222724829165088,2.237429,16
2019-01-25 14:00:00+00:00,2019-01-28 02:00:00+00:00,-1,0.0020305562859173065,9.839887626839072e-05,2.1569,-0.6818,MEAN_CROSS,0.0019321574096489158,3.536908,12
2019-01-29 12:00:00+00:00,2019-01-30 01:00:00+00:00,1,-0.0007048922228032328,0.0003616116902562805,-2.2783,1.1147,MEAN_CROSS,0.0010665039130595133,1.952287,13
2019-01-30 14:00:00+00:00,2019-01-31 02:00:00+00:00,1,-0.0009109370037279074,0.0010706717729325188,-2.8922,0.7937,MEAN_CROSS,0.0019816087766604262,3.627432,12
2019-01-31 16:00:00+00:00,2019-02-01 06:00:00+00:00,1,-0.0017864533777347535,0.000177079982065953,-2.0183,0.592,MEAN_CROSS,0.0019635333598007065,3.594344,14
2019-02-01 09:00:00+00:00,2019-02-01 21:00:00+00:00,-1,0.0011983447357546417,-0.00034972704270130883,2.5212,-0.3405,MEAN_CROSS,0.0015480717784559506,2.833821,12
2019-02-04 14:00:00+00:00,2019-02-05 02:00:00+00:00,1,-0.0012354195130552803,0.0001814944216860237,-3.0264,0.957,MEAN_CROSS,0.001416913934741304,2.59373,12
2019-02-05 08:00:00+00:00,2019-02-05 20:00:00+00:00,1,-0.000968280343660588,8.808391560388706e-05,-2.4799,0.7277,MEAN_CROSS,0.001056364259264475,1.933726,12
2019-02-07 06:00:00+00:00,2019-02-07 19:00:00+00:00,-1,0.00028518832912971526,-7.437171401614151e-05,2.308,0.328,MEAN_CROSS,0.00035956004314585677,1.084507,13
2019-02-11 09:00:00+00:00,2019-02-11 21:00:00+00:00,1,-0.000883377709543387,-8.417629332591048e-05,-2.0237,0.5539,MEAN_CROSS,0.0007992014162174765,2.410557,12
2019-02-12 16:00:00+00:00,2019-02-13 04:00:00+00:00,-1,0.001362843698892835,4.744363402386931e-05,2.3552,-0.6623,MEAN_CROSS,0.0013154000648689657,3.967519,12
2019-02-13 07:00:00+00:00,2019-02-14 01:00:00+00:00,1,-0.0009325785986633583,0.00028571944149269335,-2.6596,0.9308,MEAN_CROSS,0.0012182980401560517,3.674639,18
2019-02-14 13:00:00+00:00,2019-02-15 01:00:00+00:00,-1,0.001959296829378232,-0.00037371689638598937,3.8442,-0.6336,MEAN_CROSS,0.0023330137257642214,7.036852,12
2019-02-15 18:00:00+00:00,2019-02-18 06:00:00+00:00,-1,0.0018492620908816537,-9.747366668277913e-05,3.2224,-0.2979,MEAN_CROSS,0.0019467357575644328,5.871757,12
2019-02-19 08:00:00+00:00,2019-02-19 20:00:00+00:00,-1,0.0013542161186206325,0.0002832659567995055,3.0066,0.2871,MEAN_CROSS,0.001070950161821127,3.230207,12
2019-02-20 16:00:00+00:00,2019-02-21 05:00:00+00:00,-1,0.0015609559033500364,-0.0005643684969711682,2.0165,-1.1247,MEAN_CROSS,0.0021253244003212046,6.410418,13
2019-02-21 08:00:00+00:00,2019-02-21 20:00:00+00:00,-1,0.0011636525624301175,0.00014023736174495482,2.3218,0.2304,MEAN_CROSS,0.0010234152006851627,3.086832,12
2019-02-25 07:00:00+00:00,2019-02-25 21:00:00+00:00,-1,0.0007733601917081501,-7.313140863551837e-06,2.6019,-0.3627,MEAN_CROSS,0.0007806733325717019,2.354672,14
2019-02-26 19:00:00+00:00,2019-02-27 07:00:00+00:00,-1,0.0013474094637990763,-4.450671937283879e-05,2.989,-0.3119,MEAN_CROSS,0.0013919161831719151,3.706265,12
2019-02-27 16:00:00+00:00,2019-02-28 07:00:00+00:00,1,-0.0008563527835963036,0.00036137832498295275,-2.0401,1.2372,MEAN_CROSS,0.0012177311085792564,3.242461,15
2019-02-28 10:00:00+00:00,2019-02-28 22:00:00+00:00,-1,0.0010298300705589014,-0.0003180077416102822,2.6655,-0.485,MEAN_CROSS,0.0013478378121691836,3.588897,12
2019-03-04 08:00:00+00:00,2019-03-04 20:00:00+00:00,1,-0.0011649020531605547,0.0007002046106756588,-2.2636,1.8749,MEAN_CROSS,0.0018651066638362135,4.966232,12
2019-03-05 15:00:00+00:00,2019-03-06 04:00:00+00:00,1,-0.0011771030630738366,8.14160885929116e-05,-2.4661,0.7273,MEAN_CROSS,0.0012585191516667482,3.351067,13
2019-03-06 15:00:00+00:00,2019-03-07 03:00:00+00:00,-1,0.0007235735239368157,-0.0002719044867984799,2.1295,-1.0627,MEAN_CROSS,0.0009954780107352956,2.650666,12
2019-03-07 12:00:00+00:00,2019-03-08 02:00:00+00:00,1,-0.0012294841646720567,0.0003338965733667987,-5.0344,0.9448,MEAN_CROSS,0.0015633807380388554,4.162824,14
2019-03-11 07:00:00+00:00,2019-03-11 20:00:00+00:00,-1,0.0009120406764369093,0.0001771161561234802,2.1791,0.0977,MEAN_CROSS,0.0007349245203134291,1.956888,13
2019-03-11 22:00:00+00:00,2019-03-12 10:00:00+00:00,-1,0.0011098458739156047,-6.36508631230992e-05,2.6826,-0.6637,MEAN_CROSS,0.001173496737038704,3.124678,12
2019-03-12 11:00:00+00:00,2019-03-13 08:00:00+00:00,1,-0.0009661264682199189,0.0005847223737573959,-2.6482,0.9236,MEAN_CROSS,0.0015508488419773148,4.129456,21
2019-03-13 18:00:00+00:00,2019-03-14 06:00:00+00:00,-1,0.0014738396557409938,-0.00021896891557293685,3.1107,-0.8607,MEAN_CROSS,0.0016928085713139307,4.507453,12
2019-03-14 10:00:00+00:00,2019-03-15 01:00:00+00:00,1,-0.0008318191975758005,0.00029343095060108126,-2.1358,0.8045,MEAN_CROSS,0.0011252501481768817,2.996211,15
2019-03-15 02:00:00+00:00,2019-03-15 15:00:00+00:00,-1,0.0009319356032906345,2.3330258909881607e-05,2.774,0.0381,MEAN_CROSS,0.0009086053443807529,2.41935,13
2019-03-18 16:00:00+00:00,2019-03-19 06:00:00+00:00,1,-0.0008664999117908856,0.0003507591153191214,-2.1083,0.5542,MEAN_CROSS,0.001217259027110007,3.007458,14
2019-03-20 00:00:00+00:00,2019-03-20 13:00:00+00:00,1,-0.00036739238218430614,0.0004074794203563492,-2.0433,1.5005,MEAN_CROSS,0.0007748718025406554,1.914461,13
2019-03-20 18:00:00+00:00,2019-03-21 06:00:00+00:00,-1,0.0055461460590096046,-2.052442587086034e-05,22.3574,-0.3629,MEAN_CROSS,0.005566670484880465,13.753466,12
2019-03-22 08:00:00+00:00,2019-03-22 20:00:00+00:00,1,-0.004857063333706613,0.0003858459260204228,-6.7945,0.7826,MEAN_CROSS,0.0052429092597270355,12.953555,12
2019-03-26 10:00:00+00:00,2019-03-27 00:00:00+00:00,-1,0.0007081767691452523,-0.000415787964937131,2.0025,-0.3387,MEAN_CROSS,0.0011239647340823833,2.776958,14
2019-03-27 08:00:00+00:00,2019-03-27 20:00:00+00:00,-1,0.0010398511550295808,-0.0008500630936252307,2.6122,-1.0617,MEAN_CROSS,0.0018899142486548115,4.669375,12
2019-03-28 11:00:00+00:00,2019-03-28 23:00:00+00:00,1,-0.0016518207609199642,0.0001794472901914812,-2.9786,0.6917,MEAN_CROSS,0.0018312680511114454,4.524479,12
2019-03-29 09:00:00+00:00,2019-03-31 21:00:00+00:00,1,-0.0012266528402169463,0.0005986233416821474,-2.1376,1.9074,MEAN_CROSS,0.0018252761818990937,4.509675,12
2019-04-01 15:00:00+00:00,2019-04-02 05:00:00+00:00,1,-0.0011113748416298197,0.00027182859291086103,-2.5736,0.8968,MEAN_CROSS,0.0013832034345406807,3.417454,14
2019-04-03 00:00:00+00:00,2019-04-03 12:00:00+00:00,-1,0.0008722801707565786,-0.0005344991188518389,3.2954,-1.7023,MEAN_CROSS,0.0014067792896084175,3.475703,12
2019-04-05 12:00:00+00:00,2019-04-08 00:00:00+00:00,-1,0.0005532319320524781,-1.5235439133620687e-05,2.108,-0.0401,MEAN_CROSS,0.0005684673711860988,1.732873,12
2019-04-08 09:00:00+00:00,2019-04-08 21:00:00+00:00,-1,0.0006452948953130644,-0.00011881930177848332,2.0935,-0.7086,MEAN_CROSS,0.0007641141970915477,2.329269,12
2019-04-10 09:00:00+00:00,2019-04-10 21:00:00+00:00,-1,0.0007129123730855724,0.00023319643351138453,2.0557,0.4655,MEAN_CROSS,0.0004797159395741879,1.46233,12
2019-04-12 00:00:00+00:00,2019-04-12 13:00:00+00:00,-1,0.0015899806079995304,0.00018546112525719138,4.6822,-0.0041,MEAN_CROSS,0.001404519482742339,4.281432,13
2019-04-16 01:00:00+00:00,2019-04-16 21:00:00+00:00,1,-0.000677514732160045,4.5781047581794354e-05,-2.9085,0.5192,MEAN_CROSS,0.0007232957797418393,2.204841,20
2019-04-17 02:00:00+00:00,2019-04-17 14:00:00+00:00,-1,0.0006479570065427431,-0.00012586661798374976,2.0466,-0.2745,MEAN_CROSS,0.0007738236245264929,2.358866,12
2019-04-18 07:00:00+00:00,2019-04-18 20:00:00+00:00,1,-0.0017292754439315328,-5.8638437813396393e-05,-4.9005,0.6265,MEAN_CROSS,0.0016706370061181364,5.092645,13
2019-04-22 03:00:00+00:00,2019-04-22 15:00:00+00:00,1,-0.0002866859518084741,0.00042970086760729664,-2.2306,2.3539,MEAN_CROSS,0.0007163868194157708,2.18378,12
2019-04-23 00:00:00+00:00,2019-04-23 12:00:00+00:00,1,-0.0008709886143134504,-0.001976731237591789,-5.2021,-7.4377,STOP_LOSS,-0.0011057426232783385,-3.370663,12
2019-04-23 13:00:00+00:00,2019-04-24 07:00:00+00:00,1,-0.0017155180087957689,0.00021379010459754433,-3.7,0.7791,MEAN_CROSS,0.0019293081133933132,5.881158,18
2019-04-26 12:00:00+00:00,2019-04-29 00:00:00+00:00,-1,0.0007437031884967027,-7.717242321136908e-05,2.0057,-0.3836,MEAN_CROSS,0.0008208756117080718,1.174371,12
2019-04-29 16:00:00+00:00,2019-04-30 04:00:00+00:00,-1,0.0013024404024459812,9.698250017220467e-05,2.7029,-0.3182,MEAN_CROSS,0.0012054579022737766,1.724567,12
2019-04-30 05:00:00+00:00,2019-05-01 07:00:00+00:00,1,-0.0005775748974039541,0.0006820259277067198,-2.0949,0.9576,MEAN_CROSS,0.0012596008251106738,1.802026,26
2019-05-01 18:00:00+00:00,2019-05-02 07:00:00+00:00,1,-0.0030953672937987786,0.0007788814726084059,-7.3526,1.0596,MEAN_CROSS,0.0038742487664071845,5.542626,13
2019-05-03 13:00:00+00:00,2019-05-06 01:00:00+00:00,-1,0.0005536259596599091,0.00026202212877235453,2.1295,0.3397,MEAN_CROSS,0.0002916038308875546,0.417178,12
2019-05-07 07:00:00+00:00,2019-05-07 19:00:00+00:00,1,-0.0009282882902776901,0.0003753464436004883,-3.5274,0.9792,MEAN_CROSS,0.0013036347338781784,1.865022,12
2019-05-08 16:00:00+00:00,2019-05-09 04:00:00+00:00,1,-0.0009318852073656458,0.0002119426009989933,-2.2301,0.6168,MEAN_CROSS,0.0011438278083646392,1.636397,12
2019-05-09 13:00:00+00:00,2019-05-10 02:00:00+00:00,-1,0.0027019563314025774,9.690213240887147e-05,9.2021,-0.1576,MEAN_CROSS,0.002605054198993706,3.726875,13
2019-05-13 09:00:00+00:00,2019-05-13 21:00:00+00:00,-1,0.0005424410904057986,-0.00020154000397343275,2.0089,-0.3102,MEAN_CROSS,0.0007439810943792313,1.064363,12
2019-05-14 12:00:00+00:00,2019-05-15 01:00:00+00:00,1,-0.0012336208387142555,0.00012638034203216186,-2.6627,0.7632,MEAN_CROSS,0.0013600011807464174,1.945662,13
2019-05-15 11:00:00+00:00,2019-05-16 08:00:00+00:00,1,-0.001530364489212399,0.0007747302574065973,-3.1016,1.5309,MEAN_CROSS,0.0023050947466189964,5.620604,21
2019-05-16 12:00:00+00:00,2019-05-17 01:00:00+00:00,1,-0.0014179376497056584,0.0003010884498998445,-2.688,1.0627,MEAN_CROSS,0.001719026099605503,4.19157,13
2019-05-20 07:00:00+00:00,2019-05-20 19:00:00+00:00,-1,0.0006036361524405232,-0.0001191695391367098,2.2379,-0.3183,MEAN_CROSS,0.000722805691577233,1.762446,12
2019-05-21 05:00:00+00:00,2019-05-22 08:00:00+00:00,1,-0.0007741441626046841,0.00037076991151308025,-2.9564,0.9599,MEAN_CROSS,0.0011449140741177644,2.79169,27
2019-05-23 14:00:00+00:00,2019-05-24 02:00:00+00:00,-1,0.0009360454767450843,-7.440118086288194e-06,2.9093,-0.2661,MEAN_CROSS,0.0009434855948313725,2.300539,12
2019-05-27 07:00:00+00:00,2019-05-27 21:00:00+00:00,1,-0.0008585882266991529,0.00018347035478671891,-2.8984,0.6429,MEAN_CROSS,0.0010420585814858718,2.540893,14
2019-05-28 08:00:00+00:00,2019-05-28 20:00:00+00:00,-1,0.0005171266548968934,-0.0005420596467302641,2.3886,-0.9617,MEAN_CROSS,0.0010591863016271574,2.582656,12
2019-05-30 09:00:00+00:00,2019-05-30 21:00:00+00:00,-1,0.00045833443064724477,-0.00022008753876212594,2.3381,-0.3943,MEAN_CROSS,0.0006784219694093707,1.654223,12
2019-05-31 07:00:00+00:00,2019-05-31 20:00:00+00:00,-1,0.0007483934595386987,0.00016915615477541834,2.6105,-0.1835,MEAN_CROSS,0.0005792373047632804,1.412377,13
2019-06-03 06:00:00+00:00,2019-06-03 18:00:00+00:00,1,-0.0010073015350706704,0.002824426644172373,-2.8994,3.3521,MEAN_CROSS,0.0038317281792430435,9.343056,12
2019-06-04 12:00:00+00:00,2019-06-05 01:00:00+00:00,1,-0.0013593615023297367,0.0006467374113640068,-2.1644,0.8473,MEAN_CROSS,0.0020060989136937435,2.451087,13
2019-06-05 12:00:00+00:00,2019-06-06 00:00:00+00:00,-1,0.002239687755065778,-0.00010853991407877572,3.335,0.0144,MEAN_CROSS,0.0023482276691445536,2.869106,12
2019-06-06 11:00:00+00:00,2019-06-06 23:00:00+00:00,-1,0.0020558191862478647,-0.00012633490460944863,2.5638,-0.2958,MEAN_CROSS,0.0021821540908573134,2.666194,12
2019-06-07 12:00:00+00:00,2019-06-10 00:00:00+00:00,-1,0.0037216678635103584,-0.0005365237085597219,3.9922,-0.6951,MEAN_CROSS,0.00425819157207008,5.202733,12
2019-06-11 16:00:00+00:00,2019-06-12 06:00:00+00:00,-1,0.0009436762298777879,5.506905084962099e-05,2.8616,-0.1408,MEAN_CROSS,0.0008886071790281669,1.085716,14
2019-06-12 10:00:00+00:00,2019-06-13 01:00:00+00:00,1,-0.0009248101725893854,0.00028055816811911605,-3.1782,1.0772,MEAN_CROSS,0.0012053683407085014,1.47274,15
2019-06-14 06:00:00+00:00,2019-06-14 18:00:00+00:00,-1,0.0006198567175361713,-0.0007947912053325457,2.1399,-0.4658,MEAN_CROSS,0.001414647922868717,1.728442,12
2019-06-18 08:00:00+00:00,2019-06-18 23:00:00+00:00,1,-0.0029813754111893687,0.00016864162729923748,-7.2221,0.5035,MEAN_CROSS,0.003150017038488606,3.848746,15
2019-06-19 18:00:00+00:00,2019-06-20 08:00:00+00:00,-1,0.002190490729446548,0.0007742787567464049,6.0522,0.3846,MEAN_CROSS,0.0014162119727001432,1.730353,14
2019-06-20 14:00:00+00:00,2019-06-21 07:00:00+00:00,1,-0.0006048961745450665,0.0011718872034709449,-2.0343,1.223,MEAN_CROSS,0.0017767833780160114,2.170905,17
2019-06-25 05:00:00+00:00,2019-06-26 05:00:00+00:00,1,-0.0008643206154008709,0.000333054407721578,-3.2826,1.1407,MEAN_CROSS,0.001197375023122449,1.751315,24
2019-06-26 14:00:00+00:00,2019-06-27 02:00:00+00:00,-1,0.001399321123149777,-0.0007274445234513038,3.6374,-1.3396,MEAN_CROSS,0.002126765646601081,3.110668,12
2019-06-28 06:00:00+00:00,2019-06-28 19:00:00+00:00,-1,0.0009083116216084264,-0.00013077544004991282,2.2219,-0.2966,MEAN_CROSS,0.0010390870616583392,1.519798,13
2019-07-01 05:00:00+00:00,2019-07-01 21:00:00+00:00,1,-0.0016578237104545313,-0.00015431152829181727,-2.7124,0.6109,MEAN_CROSS,0.001503512182162714,2.19908,16
2019-07-05 06:00:00+00:00,2019-07-05 18:00:00+00:00,1,-0.0005172296832216539,-5.528784176411783e-05,-2.3938,0.5657,MEAN_CROSS,0.00046194184145753603,0.675649,12
2019-07-09 08:00:00+00:00,2019-07-10 02:00:00+00:00,1,-0.0007643748656140925,0.00034605087309258487,-2.1833,1.7981,MEAN_CROSS,0.0011104257387066774,1.62414,18
2019-07-10 08:00:00+00:00,2019-07-10 20:00:00+00:00,-1,0.0009296833314844655,-0.00012067886651445647,3.9251,-0.7525,MEAN_CROSS,0.001050362197998922,1.53629,12
2019-07-11 13:00:00+00:00,2019-07-12 01:00:00+00:00,1,-0.0009473135209090433,0.0005879536260260387,-2.3034,1.2998,MEAN_CROSS,0.001535267146935082,2.245525,12
2019-07-12 16:00:00+00:00,2019-07-15 04:00:00+00:00,-1,0.0010721964677808948,6.524715206235321e-05,2.5411,-0.1393,MEAN_CROSS,0.0010069493157185416,2.074077,12
2019-07-15 11:00:00+00:00,2019-07-16 02:00:00+00:00,1,-0.0008426179310641047,0.0002233987224768974,-2.3274,0.9233,MEAN_CROSS,0.001066016653541002,2.195742,15
2019-07-16 09:00:00+00:00,2019-07-16 21:00:00+00:00,1,-0.001275288481159098,-1.1529909506480251e-05,-3.6998,0.8053,MEAN_CROSS,0.0012637585716526178,2.603044,12
2019-07-18 00:00:00+00:00,2019-07-18 12:00:00+00:00,-1,0.0007987393566901702,-0.0005314863301668638,2.3236,-1.2384,MEAN_CROSS,0.001330225686857034,2.73995,12
2019-07-18 18:00:00+00:00,2019-07-19 06:00:00+00:00,-1,0.00281031114476038,-0.00011180859106274532,5.5574,-0.3684,MEAN_CROSS,0.0029221197358231255,6.018876,12
2019-07-23 09:00:00+00:00,2019-07-23 21:00:00+00:00,1,-0.0008162276220020637,1.388872670804453e-05,-2.0318,1.3843,MEAN_CROSS,0.0008301163487101082,1.709843,12
2019-07-24 06:00:00+00:00,2019-07-24 18:00:00+00:00,-1,0.0003737151933631555,-0.00046868844576497537,2.244,-0.5688,MEAN_CROSS,0.0008424036391281309,1.735152,12
2019-07-25 10:00:00+00:00,2019-07-25 22:00:00+00:00,-1,0.0006480076570389848,-5.303776169807151e-06,2.4778,-0.0102,MEAN_CROSS,0.0006533114332087919,1.345667,12
2019-07-29 00:00:00+00:00,2019-07-29 15:00:00+00:00,-1,0.0005154804534572843,0.0010688785129864264,2.3078,3.7313,STOP_LOSS,-0.0005533980595291421,-1.139869,15
2019-07-30 14:00:00+00:00,2019-07-31 17:00:00+00:00,1,-0.0007668649821235274,0.00026278512307986723,-2.676,0.832,MEAN_CROSS,0.0010296501052033946,2.120836,27
2019-08-01 14:00:00+00:00,2019-08-02 02:00:00+00:00,-1,0.0013460705589061206,-0.0006269653440880152,2.1354,-0.543,MEAN_CROSS,0.0019730359029941358,1.988245,12
2019-08-02 07:00:00+00:00,2019-08-02 19:00:00+00:00,-1,0.0021738247469402783,0.0001134642358109339,2.5769,-0.5536,MEAN_CROSS,0.0020603605111293444,2.076243,12
2019-08-05 08:00:00+00:00,2019-08-05 20:00:00+00:00,-1,0.0015260712008533517,0.0003372801020118388,2.131,-0.5001,MEAN_CROSS,0.001188791098841513,1.197955,12
2019-08-06 03:00:00+00:00,2019-08-07 00:00:00+00:00,1,-0.001087092960492475,0.000483291563857291,-2.5734,0.5476,MEAN_CROSS,0.001570384524349766,1.58249,21
2019-08-07 13:00:00+00:00,2019-08-08 01:00:00+00:00,-1,0.002508839955160269,7.728528924166866e-06,3.9381,-0.0898,MEAN_CROSS,0.0025011114262361023,2.520392,12
2019-08-09 15:00:00+00:00,2019-08-12 03:00:00+00:00,-1,0.001500874351168635,-3.624684204694972e-05,3.1441,-0.3689,MEAN_CROSS,0.0015371211932155848,1.54897,12
2019-08-12 07:00:00+00:00,2019-08-13 09:00:00+00:00,1,-0.0025389679322120884,0.0008866022360949355,-6.3385,1.2588,MEAN_CROSS,0.003425570168307024,3.451977,26
2019-08-13 13:00:00+00:00,2019-08-14 06:00:00+00:00,1,-0.0017850975293840499,0.0004566076672152253,-2.1859,1.1356,MEAN_CROSS,0.002241705196599275,2.258986,17
2019-08-14 13:00:00+00:00,2019-08-15 01:00:00+00:00,1,-0.0014212999175167162,4.55173076983062e-05,-2.126,0.525,MEAN_CROSS,0.0014668172252150224,1.478124,12
2019-08-15 13:00:00+00:00,2019-08-16 05:00:00+00:00,1,-0.0023107718260046983,0.00010692194066885818,-3.9829,0.5394,MEAN_CROSS,0.0024176937666735565,2.436331,16
2019-08-16 14:00:00+00:00,2019-08-19 02:00:00+00:00,-1,0.0017345278186453594,4.932672467572452e-05,3.4209,0.3313,MEAN_CROSS,0.001685201093969635,1.698192,12
2019-08-19 19:00:00+00:00,2019-08-20 09:00:00+00:00,1,-0.0008548777072638902,0.000270578431675883,-2.0881,0.9979,MEAN_CROSS,0.0011254561389397733,1.134132,14
2019-08-21 18:00:00+00:00,2019-08-22 07:00:00+00:00,1,-0.0007897402442367252,0.0013998567861361888,-2.5158,5.2332,MEAN_CROSS,0.002189597030372914,5.936682,13
2019-08-22 10:00:00+00:00,2019-08-23 12:00:00+00:00,1,-0.0013709047942203068,0.00027649036009491645,-3.1064,0.8527,MEAN_CROSS,0.0016473951543152232,4.466603,26
2019-08-23 14:00:00+00:00,2019-08-26 02:00:00+00:00,-1,0.00310243309008551,-0.0003224819143878843,7.5558,-0.6029,MEAN_CROSS,0.0034249150044733945,9.286015,12
2019-08-29 13:00:00+00:00,2019-08-30 05:00:00+00:00,1,-0.0007333060916030476,7.350286871576905e-05,-2.6382,0.9754,MEAN_CROSS,0.0008068089603188167,2.187511,16
2019-08-30 13:00:00+00:00,2019-09-02 04:00:00+00:00,-1,0.00039354057284968214,-0.00014104092891686903,2.4428,0.3428,MEAN_CROSS,0.0005345815017665512,1.449418,15
2019-09-03 01:00:00+00:00,2019-09-03 13:00:00+00:00,1,-0.0014515530596779236,0.0004929102606692215,-3.7265,1.5975,MEAN_CROSS,0.001944463320347145,5.272048,12
2019-09-03 14:00:00+00:00,2019-09-04 02:00:00+00:00,-1,0.0010369295434382586,0.000128541537395499,2.5662,0.1859,MEAN_CROSS,0.0009083880060427596,2.462924,12
2019-09-04 08:00:00+00:00,2019-09-04 20:00:00+00:00,-1,0.0015842837373996055,0.00041777646902207977,2.6972,-0.1915,MEAN_CROSS,0.0011665072683775257,3.162766,12
2019-09-05 13:00:00+00:00,2019-09-06 01:00:00+00:00,-1,0.0017550065940337145,-0.0002019240816149015,2.2756,-0.368,MEAN_CROSS,0.001956930675648616,5.305851,12
2019-09-09 13:00:00+00:00,2019-09-10 01:00:00+00:00,-1,0.0012383711932599795,-0.00023376794936447176,2.6892,-0.6848,MEAN_CROSS,0.0014721391426244512,3.991429,12
2019-09-11 07:00:00+00:00,2019-09-11 19:00:00+00:00,1,-0.0009411724385184339,0.00030316698210786086,-4.3677,0.8825,MEAN_CROSS,0.0012443394206262948,2.87692,12
2019-09-12 11:00:00+00:00,2019-09-13 06:00:00+00:00,1,-0.0036881490232714143,0.0017580901612379574,-5.7113,0.9472,MEAN_CROSS,0.005446239184509372,12.591736,19
2019-09-16 10:00:00+00:00,2019-09-16 22:00:00+00:00,1,-0.0016932173494819125,0.000130092003728155,-2.7574,0.8993,MEAN_CROSS,0.0018233093532100675,4.215502,12
2019-09-17 14:00:00+00:00,2019-09-18 02:00:00+00:00,-1,0.001369388755817047,-0.00022740562544720788,2.0466,-1.0985,MEAN_CROSS,0.0015967943812642549,3.691798,12
2019-09-18 08:00:00+00:00,2019-09-19 02:00:00+00:00,1,-0.0011368445947248507,0.00012687775705821913,-2.4014,0.6001,MEAN_CROSS,0.0012637223517830698,2.921733,18
2019-09-20 11:00:00+00:00,2019-09-22 23:00:00+00:00,1,-0.000988522508203138,7.765856352559553e-05,-2.1374,0.5296,MEAN_CROSS,0.0010661810717287334,2.465017,12
2019-09-23 07:00:00+00:00,2019-09-23 19:00:00+00:00,1,-0.0032293109754395477,0.00027208802872924487,-5.8005,0.7051,MEAN_CROSS,0.0035013990041687926,8.095254,12
2019-09-24 16:00:00+00:00,2019-09-25 04:00:00+00:00,-1,0.000946246720806343,-0.0005876594228073628,3.2991,-1.6302,MEAN_CROSS,0.0015339061436137058,3.5464,12
2019-09-25 11:00:00+00:00,2019-09-25 23:00:00+00:00,1,-0.0011299779272275767,0.0002782720404403971,-2.7645,0.9928,MEAN_CROSS,0.0014082499676679738,3.255882,12
2019-09-26 13:00:00+00:00,2019-09-27 01:00:00+00:00,-1,0.001436014446136058,-0.00020201524090790457,2.7807,-0.0517,MEAN_CROSS,0.0016380296870439626,3.787134,12
2019-09-27 10:00:00+00:00,2019-09-29 23:00:00+00:00,-1,0.000997555087566937,3.780477284553996e-07,2.3032,-0.0689,MEAN_CROSS,0.0009971770398384816,2.305479,13
2019-09-30 09:00:00+00:00,2019-09-30 23:00:00+00:00,1,-0.0009394403902043269,-4.251533869403801e-07,-2.9608,0.5922,MEAN_CROSS,0.0009390152368173865,2.6909,14
2019-10-01 14:00:00+00:00,2019-10-02 02:00:00+00:00,-1,0.0014697883570833348,9.058284242269288e-05,3.8454,-0.1762,MEAN_CROSS,0.001379205514660642,3.952336,12
2019-10-02 08:00:00+00:00,2019-10-03 08:00:00+00:00,1,-0.0013203423297341033,0.0008820314665880513,-2.386,1.4017,MEAN_CROSS,0.0022023737963221546,6.311257,24
2019-10-03 14:00:00+00:00,2019-10-04 02:00:00+00:00,-1,0.0015561218064528148,0.00019583829692693122,2.5034,0.1398,MEAN_CROSS,0.0013602835095258836,3.898112,12
2019-10-07 08:00:00+00:00,2019-10-08 01:00:00+00:00,1,-0.0008848568701527171,0.00017942859621356,-2.3897,0.5435,MEAN_CROSS,0.001064285466366277,3.049882,17
2019-10-08 14:00:00+00:00,2019-10-09 02:00:00+00:00,1,-0.001675833873266086,0.0003967565127871442,-3.6485,1.0229,MEAN_CROSS,0.00207259038605323,5.939342,12
2019-10-09 07:00:00+00:00,2019-10-09 19:00:00+00:00,-1,0.0010468017479625669,1.2162588400865815e-06,2.193,0.0873,MEAN_CROSS,0.0010455854891224803,2.996294,12
2019-10-10 06:00:00+00:00,2019-10-10 18:00:00+00:00,-1,0.001204001152862899,-0.0005804782193787883,3.049,-1.6713,MEAN_CROSS,0.0017844793722416874,5.113713,12
2019-10-11 10:00:00+00:00,2019-10-13 22:00:00+00:00,-1,0.0012583772494547674,-0.000559151185991702,2.0841,-1.209,MEAN_CROSS,0.0018175284354464694,5.208421,12
2019-10-15 06:00:00+00:00,2019-10-15 20:00:00+00:00,-1,0.0006047359315357603,0.00012973591916387583,2.242,0.1582,MEAN_CROSS,0.0004750000123718845,1.361189,14
2019-10-16 15:00:00+00:00,2019-10-17 03:00:00+00:00,-1,0.001897292755844937,-4.234967213578855e-06,2.6437,-0.4769,MEAN_CROSS,0.001901527723058516,5.449134,12
2019-10-17 09:00:00+00:00,2019-10-17 21:00:00+00:00,-1,0.00246566509464885,0.00019497981291527466,3.7187,-0.3898,MEAN_CROSS,0.0022706852817335754,6.507015,12
2019-10-21 14:00:00+00:00,2019-10-22 04:00:00+00:00,1,-0.0009870623179497606,0.0001233750673739209,-2.767,0.5689,MEAN_CROSS,0.0011104373853236815,1.875594,14
2019-10-22 12:00:00+00:00,2019-10-23 05:00:00+00:00,1,-0.0009754203389089611,0.0002441311419381087,-2.6489,1.2318,MEAN_CROSS,0.0012195514808470698,2.059894,17
2019-10-24 07:00:00+00:00,2019-10-24 19:00:00+00:00,-1,0.0007966696516108485,-0.0005712123758112586,2.2717,-0.8262,MEAN_CROSS,0.001367882027422107,2.310433,12
2019-10-29 07:00:00+00:00,2019-10-30 06:00:00+00:00,1,-0.0005771492650052945,0.00035378417373688187,-2.6892,0.6576,MEAN_CROSS,0.0009309334387421764,1.572401,23
2019-10-30 19:00:00+00:00,2019-10-31 07:00:00+00:00,-1,0.0015333049472625593,-3.2325293976454006e-05,3.3476,-0.7041,MEAN_CROSS,0.0015656302412390133,2.644442,12
2019-10-31 10:00:00+00:00,2019-11-01 01:00:00+00:00,1,-0.0007356492610950394,0.0007537099780279277,-2.1464,0.9365,MEAN_CROSS,0.001489359239122967,2.515615,15
2019-11-01 09:00:00+00:00,2019-11-04 02:00:00+00:00,1,-0.0008101764390215926,0.00041007062325992827,-2.119,0.6116,MEAN_CROSS,0.001220247062281521,2.061069,16
2019-11-05 07:00:00+00:00,2019-11-05 19:00:00+00:00,-1,0.0005335258792629194,-0.000644121536987452,2.0171,-0.1966,MEAN_CROSS,0.0011776474162503714,1.989116,12
2019-11-07 07:00:00+00:00,2019-11-07 19:00:00+00:00,-1,0.000985653600209746,-9.216187629501604e-05,2.8773,0.2406,MEAN_CROSS,0.001077815476504762,2.934001,12
2019-11-11 12:00:00+00:00,2019-11-12 00:00:00+00:00,-1,0.0006573275578893867,3.9415449277768744e-05,2.3227,-0.1479,MEAN_CROSS,0.0006179121086116179,1.682064,12
2019-11-12 01:00:00+00:00,2019-11-12 19:00:00+00:00,1,-0.00038463222589979473,2.2284750065715286e-05,-2.156,0.5193,MEAN_CROSS,0.00040691697596551,1.107699,18
2019-11-14 07:00:00+00:00,2019-11-14 20:00:00+00:00,-1,0.0007698380233842617,0.0001817080185733122,3.4339,0.2818,MEAN_CROSS,0.0005881300048109495,1.600992,13
2019-11-18 15:00:00+00:00,2019-11-19 03:00:00+00:00,-1,0.0012882368057283156,0.0001937363659323399,3.2467,0.23,MEAN_CROSS,0.0010945004397959757,2.97942,12
2019-11-20 08:00:00+00:00,2019-11-20 20:00:00+00:00,1,-0.0007330197544623829,0.00035328682190027827,-3.0839,1.1821,MEAN_CROSS,0.0010863065763626611,2.957115,12
2019-11-21 08:00:00+00:00,2019-11-21 20:00:00+00:00,-1,0.0007650645895225239,-0.0004422731211037867,2.3453,-1.0136,MEAN_CROSS,0.0012073377106263106,3.286583,12
2019-11-22 15:00:00+00:00,2019-11-25 04:00:00+00:00,1,-0.001342752899317734,1.709824932927262e-05,-2.8947,0.5504,MEAN_CROSS,0.0013598511486470066,3.701751,13
2019-11-27 14:00:00+00:00,2019-11-28 02:00:00+00:00,1,-0.0007342170367068412,0.00010484029440527287,-2.7321,0.7946,MEAN_CROSS,0.0008390573311121141,3.879226,12
2019-11-28 08:00:00+00:00,2019-11-28 20:00:00+00:00,-1,0.000481547181804709,4.4351132405973104e-05,2.2919,0.1474,MEAN_CROSS,0.0004371960493987359,2.021295,12
2019-11-29 08:00:00+00:00,2019-12-01 22:00:00+00:00,1,-0.00035617360224238226,0.0002762693325832899,-2.1478,0.5024,MEAN_CROSS,0.0006324429348256722,2.923982,14
2019-12-02 13:00:00+00:00,2019-12-03 01:00:00+00:00,-1,0.0012408264023189286,-0.00022088334559566825,2.6428,-0.8001,MEAN_CROSS,0.0014617097479145968,6.757943,12
2019-12-04 13:00:00+00:00,2019-12-05 01:00:00+00:00,-1,0.002110721306541219,0.00023169686764656916,6.4138,0.479,MEAN_CROSS,0.0018790244388946498,8.68732,12
2019-12-06 09:00:00+00:00,2019-12-09 04:00:00+00:00,1,-0.0006692348358383615,7.053982324611852e-05,-3.775,0.6306,MEAN_CROSS,0.00073977465908448,3.420211,19
2019-12-10 15:00:00+00:00,2019-12-11 03:00:00+00:00,-1,0.0007228236916005937,-5.254963587986161e-05,2.0061,-1.0009,MEAN_CROSS,0.0007753733274804553,3.584794,12
2019-12-11 12:00:00+00:00,2019-12-12 20:00:00+00:00,1,-0.0007440597182997166,0.0011742554809939243,-2.8433,1.192,MEAN_CROSS,0.001918315199293641,8.868974,32
2019-12-12 22:00:00+00:00,2019-12-13 10:00:00+00:00,-1,0.0038539203284129186,0.00028758410952800517,4.3141,0.0816,MEAN_CROSS,0.0035663362188849135,16.488293,12
2019-12-13 15:00:00+00:00,2019-12-16 06:00:00+00:00,1,-0.0019365013321350766,0.0007107637486669649,-2.0685,1.1434,MEAN_CROSS,0.0026472650808020415,12.239138,15
2019-12-17 10:00:00+00:00,2019-12-17 22:00:00+00:00,-1,0.0010510069509337416,0.0002684859610253554,2.3382,0.4837,MEAN_CROSS,0.0007825209899083863,2.014666,12
2019-12-19 01:00:00+00:00,2019-12-19 13:00:00+00:00,-1,0.0005059490787708842,-0.0007116592588463089,2.2674,-1.4503,MEAN_CROSS,0.0012176083376171931,3.134834,12
2019-12-20 11:00:00+00:00,2019-12-22 23:00:00+00:00,1,-0.0013591688232990062,0.00018909156819924,-3.3725,0.9923,MEAN_CROSS,0.0015482603914982462,3.986126,12
2019-12-24 09:00:00+00:00,2019-12-24 21:00:00+00:00,1,-0.0007240694191836816,0.00019619886226718286,-3.5057,0.5823,MEAN_CROSS,0.0009202682814508645,2.369308,12
2019-12-26 10:00:00+00:00,2019-12-27 01:00:00+00:00,1,-0.00045341337159765516,0.0005910205086663289,-2.3686,1.7451,MEAN_CROSS,0.001044433880263984,2.688982,15
2019-12-27 02:00:00+00:00,2019-12-27 20:00:00+00:00,-1,0.0008891105589647896,-0.00022704567175857449,2.5835,-1.722,MEAN_CROSS,0.0011161562307233641,2.873637,18
2019-12-31 11:00:00+00:00,2020-01-01 23:00:00+00:00,-1,0.0010565554778345643,0.0001368616898271835,2.3398,0.1224,MEAN_CROSS,0.0009196937880073808,2.367828,12
2020-01-02 04:00:00+00:00,2020-01-02 21:00:00+00:00,1,-0.0011594644469168358,9.992589814000752e-05,-2.7983,0.7933,MEAN_CROSS,0.0012593903450568433,3.242406,17
2020-01-03 14:00:00+00:00,2020-01-06 02:00:00+00:00,-1,0.0008437786334751785,0.00022768644353443612,2.0463,0.436,MEAN_CROSS,0.0006160921899407423,1.586181,12
2020-01-06 09:00:00+00:00,2020-01-06 21:00:00+00:00,-1,0.001675399228293406,0.0003510150821610658,2.4837,0.0658,MEAN_CROSS,0.0013243841461323402,3.409738,12
2020-01-10 08:00:00+00:00,2020-01-13 02:00:00+00:00,1,-0.0006411667910606322,0.00044041989657350733,-2.1548,0.8339,MEAN_CROSS,0.0010815866876341396,1.675786,18
2020-01-14 12:00:00+00:00,2020-01-15 04:00:00+00:00,1,-0.0007692991607909372,0.00023965569558082045,-2.3865,0.6964,MEAN_CROSS,0.0010089548563717576,1.563252,16
2020-01-15 11:00:00+00:00,2020-01-15 23:00:00+00:00,-1,0.0010244935184557935,8.031827325205576e-05,2.6075,-0.3544,MEAN_CROSS,0.0009441752452037377,1.462884,12
2020-01-16 13:00:00+00:00,2020-01-17 05:00:00+00:00,1,-0.0005769963163955172,0.00019634774492749418,-2.1053,0.766,MEAN_CROSS,0.0007733440613230114,1.198202,16
2020-01-17 10:00:00+00:00,2020-01-19 22:00:00+00:00,1,-0.0011827349567653522,-0.00013985300746333085,-2.4753,0.5035,MEAN_CROSS,0.0010428819493020214,1.615817,12
2020-01-20 20:00:00+00:00,2020-01-21 08:00:00+00:00,-1,0.0006981110991970407,-0.0002826924726818669,2.5224,-0.9628,MEAN_CROSS,0.0009808035718789077,1.519635,12
2020-01-21 10:00:00+00:00,2020-01-21 22:00:00+00:00,-1,0.0008126371895504914,-0.0003900077842499128,2.7801,-1.0053,MEAN_CROSS,0.0012026449738004041,1.863351,12
2020-01-23 14:00:00+00:00,2020-01-24 07:00:00+00:00,1,-0.0011106028439832327,7.732293659890033e-05,-3.2799,0.5898,MEAN_CROSS,0.001187925780582133,1.840545,17
2020-01-28 11:00:00+00:00,2020-01-28 23:00:00+00:00,1,-0.0007048797382545047,0.0001896750000872638,-2.5578,0.6011,MEAN_CROSS,0.0008945547383417685,2.584384,12
2020-01-29 19:00:00+00:00,2020-01-30 07:00:00+00:00,-1,0.0013927861391144214,-4.2279748861173694e-05,3.6426,0.0072,MEAN_CROSS,0.001435065887975595,4.14593,12
2020-01-30 15:00:00+00:00,2020-01-31 03:00:00+00:00,-1,0.0010107748308607611,-0.00039787844122696203,2.1367,-1.8288,MEAN_CROSS,0.0014086532720877232,4.069624,12
2020-01-31 12:00:00+00:00,2020-02-03 00:00:00+00:00,-1,0.0011808354336956262,-0.0004813202700754138,2.6831,-1.2311,MEAN_CROSS,0.00166215570377104,4.801996,12
2020-02-03 14:00:00+00:00,2020-02-04 04:00:00+00:00,1,-0.0013700612742590934,5.254442525037817e-05,-2.1248,0.7148,MEAN_CROSS,0.0014226056995094716,4.109932,14
2020-02-05 09:00:00+00:00,2020-02-05 21:00:00+00:00,1,-0.0011486553341201189,-5.204645931367047e-05,-3.4489,0.6362,MEAN_CROSS,0.0010966088748064484,3.168122,12
2020-02-06 15:00:00+00:00,2020-02-07 12:00:00+00:00,1,-0.0013147550838172872,0.00044546902518782794,-2.2442,1.4487,MEAN_CROSS,0.0017602241090051152,5.085318,21
2020-02-07 14:00:00+00:00,2020-02-10 06:00:00+00:00,-1,0.0009466307470429314,-0.00024265087931518714,2.4711,-0.1178,MEAN_CROSS,0.0011892816263581185,3.435855,16
2020-02-11 14:00:00+00:00,2020-02-12 02:00:00+00:00,-1,0.0007813178609931137,-4.709854273465819e-05,2.5433,-0.2181,MEAN_CROSS,0.0008284164037277719,2.393309,12
2020-02-12 13:00:00+00:00,2020-02-13 05:00:00+00:00,1,-0.0006768726610582032,8.870081371914473e-05,-2.107,0.819,MEAN_CROSS,0.0007655734747773479,2.211755,16
2020-02-13 08:00:00+00:00,2020-02-13 20:00:00+00:00,-1,0.000887662244653642,-0.0003212147396007836,2.2812,0.1864,MEAN_CROSS,0.0012088769842544256,3.492466,12
2020-02-18 00:00:00+00:00,2020-02-18 13:00:00+00:00,1,-0.0007094314997896367,-0.0014930079947740316,-2.3781,-4.3112,STOP_LOSS,-0.0007835764949843949,-1.555227,13
2020-02-18 15:00:00+00:00,2020-02-19 03:00:00+00:00,-1,0.0007360456593660247,-1.9832333714830952e-05,2.291,0.4516,MEAN_CROSS,0.0007558779930808557,1.500252,12
2020-02-19 20:00:00+00:00,2020-02-20 10:00:00+00:00,-1,0.001001224692439906,-0.00025682456110465157,2.764,-0.5732,MEAN_CROSS,0.0012580492535445575,2.496951,14
2020-02-20 14:00:00+00:00,2020-02-21 02:00:00+00:00,-1,0.0014294340254000781,-1.9530311139104306e-05,3.1732,0.0091,MEAN_CROSS,0.0014489643365391824,2.875876,12
2020-02-21 08:00:00+00:00,2020-02-21 20:00:00+00:00,-1,0.0015806959346493787,-0.00019601740597618988,3.4947,-0.6534,MEAN_CROSS,0.0017767133406255686,3.526385,12
2020-02-24 14:00:00+00:00,2020-02-25 03:00:00+00:00,-1,0.0023529608453251027,0.0003749878653243055,2.1815,0.3889,MEAN_CROSS,0.0019779729800007972,3.925841,13
2020-02-27 08:00:00+00:00,2020-02-27 20:00:00+00:00,-1,0.0024697203373508225,0.0007665119690309918,3.0732,0.0744,MEAN_CROSS,0.0017032083683198307,3.380494,12
2020-02-28 08:00:00+00:00,2020-02-28 21:00:00+00:00,-1,0.0028398308476766942,0.0006542676585291618,3.0166,0.2341,MEAN_CROSS,0.0021855631891475324,4.337862,13
2020-03-02 11:00:00+00:00,2020-03-02 23:00:00+00:00,-1,0.003313355139309526,0.00013564704721746867,2.058,-0.7086,MEAN_CROSS,0.0031777080920920575,6.307052,12
2020-03-03 15:00:00+00:00,2020-03-04 03:00:00+00:00,-1,0.003944872967385882,-0.0005670613753423481,2.7304,-0.6407,MEAN_CROSS,0.00451193434272823,8.955198,12
2020-03-04 12:00:00+00:00,2020-03-05 02:00:00+00:00,1,-0.0026544903867611325,0.0003352291445857247,-2.464,0.7734,MEAN_CROSS,0.002989719531346857,5.933936,14
2020-03-06 08:00:00+00:00,2020-03-06 20:00:00+00:00,-1,0.0029915779861513503,-0.0005028807397440271,2.4666,-1.0443,MEAN_CROSS,0.0034944587258953774,3.376134,12
2020-03-08 22:00:00+00:00,2020-03-09 10:00:00+00:00,-1,0.004881198967965794,0.0014730388764394586,2.5169,0.1571,MEAN_CROSS,0.0034081600915263355,3.292758,12
2020-03-09 23:00:00+00:00,2020-03-10 12:00:00+00:00,1,-0.002999925945311066,0.001402297174389,-2.1384,0.9938,MEAN_CROSS,0.004402223119700066,4.253161,13
2020-03-10 16:00:00+00:00,2020-03-11 04:00:00+00:00,1,-0.00351637108777636,0.0009860930222496123,-2.0534,1.2252,MEAN_CROSS,0.004502464110025972,4.350008,12
2020-03-12 01:00:00+00:00,2020-03-12 13:00:00+00:00,-1,0.0032704992952423684,-1.301412260112933e-05,2.8809,0.4275,MEAN_CROSS,0.0032835134178434977,3.172332,12
2020-03-12 14:00:00+00:00,2020-03-13 02:00:00+00:00,1,-0.005782648500392673,0.001770602126800247,-3.4642,1.123,MEAN_CROSS,0.00755325062719292,7.297493,12
2020-03-15 21:00:00+00:00,2020-03-16 10:00:00+00:00,-1,0.00536386933412869,-0.0008502532289937914,3.1372,-0.3563,MEAN_CROSS,0.006214122563122482,6.003709,13
2020-03-17 08:00:00+00:00,2020-03-17 20:00:00+00:00,1,-0.00268561014602664,0.00024169329777601334,-2.0389,0.583,MEAN_CROSS,0.0029273034438026535,2.828183,12
2020-03-20 07:00:00+00:00,2020-03-20 19:00:00+00:00,-1,0.003348223882640111,-0.00032375884904678465,2.09,0.119,MEAN_CROSS,0.003671982731686896,3.547647,12
2020-03-23 12:00:00+00:00,2020-03-24 03:00:00+00:00,-1,0.004205344357099294,0.0005389565982769629,3.1085,0.0139,MEAN_CROSS,0.0036663877588223315,3.542242,15
2020-03-26 00:00:00+00:00,2020-03-26 12:00:00+00:00,-1,0.002173337247844964,0.0010361141715882205,2.0264,0.4969,MEAN_CROSS,0.0011372230762567437,1.064222,12
2020-03-27 07:00:00+00:00,2020-03-27 19:00:00+00:00,1,-0.0016758155462865965,0.0017215832276846754,-3.0771,0.9315,MEAN_CROSS,0.003397398773971272,3.179312,12
2020-03-31 10:00:00+00:00,2020-04-01 19:00:00+00:00,1,-0.0020459142443287615,0.0011516363352823689,-2.0711,1.2057,MEAN_CROSS,0.0031975505796111303,2.992292,33
2020-04-02 13:00:00+00:00,2020-04-03 01:00:00+00:00,1,-0.00242660275499218,0.00037301627892771805,-2.2425,0.7953,MEAN_CROSS,0.002799619033919898,2.619905,12
2020-04-03 07:00:00+00:00,2020-04-03 19:00:00+00:00,1,-0.002263750363606043,0.0004188879158661951,-2.4847,1.0663,MEAN_CROSS,0.002682638279472238,2.510433,12
2020-04-07 06:00:00+00:00,2020-04-07 18:00:00+00:00,-1,0.00182791714648034,2.8427274060049967e-05,3.6882,-0.4767,MEAN_CROSS,0.0017994898724202901,1.683976,12
2020-04-08 00:00:00+00:00,2020-04-08 22:00:00+00:00,1,-0.0011592762677112844,0.00015565154233998513,-2.194,0.7651,MEAN_CROSS,0.0013149278100512696,1.230519,22
2020-04-09 12:00:00+00:00,2020-04-10 00:00:00+00:00,-1,0.001781539221130668,-0.00011685480720702301,4.6001,-0.5186,MEAN_CROSS,0.001898394028337691,1.776532,12
2020-04-13 06:00:00+00:00,2020-04-13 19:00:00+00:00,-1,0.0010995347388169652,4.122888207858111e-05,4.1421,0.3248,MEAN_CROSS,0.001058305856738384,0.990371,13
2020-04-14 02:00:00+00:00,2020-04-14 14:00:00+00:00,-1,0.0008729549705090989,0.0002567516385127977,2.1026,0.4523,MEAN_CROSS,0.0006162033319963012,0.576648,12
2020-04-15 05:00:00+00:00,2020-04-15 17:00:00+00:00,1,-0.000689606411114152,0.00048307688588589137,-2.1664,0.7842,MEAN_CROSS,0.0011726832970000434,2.146021,12
2020-04-16 21:00:00+00:00,2020-04-17 09:00:00+00:00,-1,0.0008121527144835383,-0.0010214122767213674,2.1073,-1.3995,MEAN_CROSS,0.0018335649912049057,3.355441,12
2020-04-17 13:00:00+00:00,2020-04-20 01:00:00+00:00,-1,0.0015610405659436388,-6.415333897802356e-05,2.6071,-0.2407,MEAN_CROSS,0.0016251939049216624,2.97412,12
2020-04-21 02:00:00+00:00,2020-04-21 14:00:00+00:00,1,-0.00101217182106339,0.0005497157934275521,-3.0981,1.313,MEAN_CROSS,0.0015618876144909422,2.858269,12
2020-04-22 13:00:00+00:00,2020-04-23 04:00:00+00:00,1,-0.0007610511759585936,0.00014248112104264798,-2.4156,0.7328,MEAN_CROSS,0.0009035322970012416,1.653472,15
2020-04-23 09:00:00+00:00,2020-04-24 09:00:00+00:00,1,-0.0012538799373815745,0.00036161007611279494,-2.1399,0.8329,MEAN_CROSS,0.0016154900134943695,2.956362,24
2020-04-27 15:00:00+00:00,2020-04-28 06:00:00+00:00,1,-0.0007734133526970943,0.0004544439725695515,-3.3396,0.905,MEAN_CROSS,0.0012278573252666458,2.24699,15
2020-04-28 07:00:00+00:00,2020-04-28 19:00:00+00:00,-1,0.001491624937095093,-0.0002437925823570719,3.5417,-0.2624,MEAN_CROSS,0.0017354175194521648,3.17583,12
2020-04-30 09:00:00+00:00,2020-05-01 08:00:00+00:00,1,-0.0011726447890445524,0.0008935177678373041,-3.2241,0.7821,MEAN_CROSS,0.0020661625568818565,3.781097,23
2020-05-03 22:00:00+00:00,2020-05-04 11:00:00+00:00,1,-0.0008735895855842557,0.00018152206067423293,-2.0747,0.5246,MEAN_CROSS,0.0010551116462584886,1.930864,13
2020-05-05 08:00:00+00:00,2020-05-06 11:00:00+00:00,1,-0.0023076814769138476,0.0001441189142608046,-5.3067,0.6849,MEAN_CROSS,0.002451800391174652,4.959732,27
2020-05-07 15:00:00+00:00,2020-05-08 03:00:00+00:00,-1,0.0012646153291990814,3.951377407074297e-05,3.7085,-0.3947,MEAN_CROSS,0.0012251015551283384,2.47825,12
2020-05-08 07:00:00+00:00,2020-05-11 01:00:00+00:00,1,-0.0008276566199985069,0.0003460223712907773,-2.3245,0.6916,MEAN_CROSS,0.0011736789912892842,2.374228,18
2020-05-11 08:00:00+00:00,2020-05-11 22:00:00+00:00,1,-0.0009401323214222046,-1.2366389163354086e-05,-2.3665,0.5307,MEAN_CROSS,0.0009277659322588505,1.876772,14
2020-05-12 06:00:00+00:00,2020-05-12 18:00:00+00:00,-1,0.0005567079797983432,-0.00011645628888112824,2.1374,-0.4728,MEAN_CROSS,0.0006731642686794714,1.36174,12
2020-05-13 14:00:00+00:00,2020-05-14 08:00:00+00:00,1,-0.0011066712184666372,0.00010519952459397963,-2.7286,0.5354,MEAN_CROSS,0.0012118707430606168,2.451486,18
2020-05-14 19:00:00+00:00,2020-05-15 09:00:00+00:00,-1,0.0006588615395499708,0.00010422424967893029,2.6133,0.3378,MEAN_CROSS,0.0005546372898710406,1.121972,14
2020-05-15 12:00:00+00:00,2020-05-18 00:00:00+00:00,-1,0.0008329738661931874,-4.0862063451330144e-05,2.2625,-0.4521,MEAN_CROSS,0.0008738359296445175,1.767677,12
2020-05-18 12:00:00+00:00,2020-05-19 00:00:00+00:00,-1,0.0010317358384750452,0.00025831889171801237,2.9188,-0.2989,MEAN_CROSS,0.0007734169467570329,1.56454,12
2020-05-21 10:00:00+00:00,2020-05-21 22:00:00+00:00,-1,0.0010501269154341575,1.9985018119506037e-05,2.356,0.024,MEAN_CROSS,0.0010301418973146514,2.083868,12
2020-05-25 09:00:00+00:00,2020-05-25 21:00:00+00:00,-1,0.0007526724154629516,-9.347838188022983e-05,2.3169,-0.2172,MEAN_CROSS,0.0008461507973431814,1.154277,12
2020-05-26 08:00:00+00:00,2020-05-26 20:00:00+00:00,-1,0.001515133757211018,-5.793477879567632e-05,3.4833,-0.7848,MEAN_CROSS,0.0015730685360066943,2.145902,12
2020-05-27 09:00:00+00:00,2020-05-27 21:00:00+00:00,-1,0.0044122107639983366,0.0005403858836823261,6.7278,0.3261,MEAN_CROSS,0.0038718248803160105,5.281751,12
2020-05-29 14:00:00+00:00,2020-06-01 02:00:00+00:00,1,-0.0006848772403880155,0.0009259896062974171,-2.3405,1.1165,MEAN_CROSS,0.0016108668466854326,2.197465,12
2020-06-01 09:00:00+00:00,2020-06-02 05:00:00+00:00,1,-0.0012577619650622207,0.0004456399568300018,-2.1454,0.6201,MEAN_CROSS,0.0017034019218922225,2.323696,20
2020-06-02 08:00:00+00:00,2020-06-02 20:00:00+00:00,-1,0.001851741660851669,8.281767969231524e-05,3.5292,-0.3471,MEAN_CROSS,0.0017689239811593538,2.413078,12
2020-06-03 15:00:00+00:00,2020-06-04 03:00:00+00:00,-1,0.0019150925727975388,-0.0005017986389661555,2.1128,-1.2789,MEAN_CROSS,0.0024168912117636943,3.297003,12
2020-06-04 11:00:00+00:00,2020-06-04 23:00:00+00:00,-1,0.003243387208484938,3.4545579748579414e-05,4.852,-0.3015,MEAN_CROSS,0.0032088416287363586,4.377342,12
2020-06-08 10:00:00+00:00,2020-06-08 22:00:00+00:00,1,-0.0015244627128243593,0.0001128195831903156,-2.3435,0.6168,MEAN_CROSS,0.001637282296014675,2.233499,12
2020-06-09 06:00:00+00:00,2020-06-09 18:00:00+00:00,1,-0.0014909985856943475,0.0004652193393273052,-2.7744,0.5429,MEAN_CROSS,0.0019562179250216527,2.668575,12
2020-06-10 14:00:00+00:00,2020-06-11 08:00:00+00:00,1,-0.0014387102222745973,0.0009609574156288492,-2.0726,1.46,MEAN_CROSS,0.0023996676379034465,3.273507,18
2020-06-11 17:00:00+00:00,2020-06-12 05:00:00+00:00,1,-0.00259322079890123,0.001085187932658549,-2.989,1.7736,MEAN_CROSS,0.003678408731559779,4.636242,12
2020-06-12 08:00:00+00:00,2020-06-14 21:00:00+00:00,-1,0.0015404698714436282,-0.00010438369766041511,2.0519,0.2933,MEAN_CROSS,0.0016448535691040433,2.073163,13
2020-06-15 17:00:00+00:00,2020-06-16 05:00:00+00:00,-1,0.0014065505995133343,0.0001589568106132866,2.0076,-0.3766,MEAN_CROSS,0.0012475937889000477,1.572459,12
2020-06-16 07:00:00+00:00,2020-06-17 05:00:00+00:00,1,-0.001381536276302553,0.00028016907438255245,-2.6085,0.5863,MEAN_CROSS,0.0016617053506851054,2.094403,22
2020-06-17 09:00:00+00:00,2020-06-17 21:00:00+00:00,1,-0.002565617683862653,0.00016270678232954694,-2.4738,0.6185,MEAN_CROSS,0.0027283244661922,3.438762,12
2020-06-18 16:00:00+00:00,2020-06-19 05:00:00+00:00,1,-0.0015118059118310878,0.00020258725921618037,-2.5424,0.6666,MEAN_CROSS,0.0017143931710472682,2.16081,13
2020-06-19 12:00:00+00:00,2020-06-22 00:00:00+00:00,-1,0.0014087572623253664,4.350278567111232e-05,3.5477,0.3784,MEAN_CROSS,0.001365254476654254,1.720758,12
2020-06-22 08:00:00+00:00,2020-06-22 20:00:00+00:00,-1,0.0012097607424415013,0.0002915805404024585,2.2243,0.2092,MEAN_CROSS,0.0009181802020390428,1.157268,12
2020-06-23 07:00:00+00:00,2020-06-23 19:00:00+00:00,-1,0.001437714771781673,-0.0006061725461907752,2.2499,-1.6597,MEAN_CROSS,0.002043887317972448,2.576102,12
2020-06-25 10:00:00+00:00,2020-06-25 22:00:00+00:00,1,-0.001251091236257551,4.188554446726833e-05,-2.442,0.7937,MEAN_CROSS,0.0012929767807248194,1.629659,12
2020-06-26 08:00:00+00:00,2020-06-26 20:00:00+00:00,-1,0.0009021843393437479,-0.0003325425582634267,2.5522,-0.962,MEAN_CROSS,0.0012347268976071746,1.556242,12
2020-06-29 02:00:00+00:00,2020-06-29 14:00:00+00:00,-1,0.0008024156005885796,-0.0004475670186772085,2.0595,-1.4041,MEAN_CROSS,0.0012499826192657881,1.57547,12
2020-06-30 06:00:00+00:00,2020-07-01 01:00:00+00:00,1,-0.0013117607025150413,0.00019001382718886184,-3.1039,0.6443,MEAN_CROSS,0.0015017745297039031,1.892827,19
2020-07-02 14:00:00+00:00,2020-07-03 02:00:00+00:00,1,-0.002423571737303787,0.00028249929371093607,-3.8597,0.5495,MEAN_CROSS,0.002706071031014723,3.76674,12
2020-07-06 00:00:00+00:00,2020-07-06 14:00:00+00:00,-1,0.0008751275958394089,-0.0001511548404535823,2.8848,-1.0288,MEAN_CROSS,0.0010262824362929912,1.428543,14
2020-07-07 06:00:00+00:00,2020-07-08 02:00:00+00:00,1,-0.0010343624958271125,0.0003253168864807421,-3.1368,1.0421,MEAN_CROSS,0.0013596793823078546,1.892618,20
2020-07-08 13:00:00+00:00,2020-07-09 01:00:00+00:00,-1,0.0019593662588144323,0.00012695545433372146,4.3448,-0.0734,MEAN_CROSS,0.0018324108044807108,2.550641,12
2020-07-09 07:00:00+00:00,2020-07-10 07:00:00+00:00,1,-0.0011351957975769267,0.0006712567512068279,-3.0729,1.4924,MEAN_CROSS,0.0018064525487837546,2.514508,24
2020-07-13 13:00:00+00:00,2020-07-14 01:00:00+00:00,-1,0.0014033264444339721,-0.00013670745339311452,2.6928,-0.7384,MEAN_CROSS,0.0015400338978270867,2.143664,12
2020-07-14 07:00:00+00:00,2020-07-14 22:00:00+00:00,1,-0.0010989326035086844,0.0006851297506542675,-2.1975,0.7284,MEAN_CROSS,0.0017840623541629519,2.483342,15
2020-07-15 15:00:00+00:00,2020-07-16 11:00:00+00:00,1,-0.0008343892197575364,0.001171180632695057,-2.3223,1.6632,MEAN_CROSS,0.0020055698524525933,2.791671,20
2020-07-16 16:00:00+00:00,2020-07-17 07:00:00+00:00,1,-0.0011548008484161265,0.0004094656921205253,-2.0667,0.816,MEAN_CROSS,0.0015642665405366518,2.177395,15
2020-07-20 04:00:00+00:00,2020-07-20 16:00:00+00:00,-1,0.0009925159592900634,0.00022500338188824465,2.2291,0.205,MEAN_CROSS,0.0007675125774018188,1.068346,12
2020-07-21 16:00:00+00:00,2020-07-22 04:00:00+00:00,-1,0.002387172968304263,1.8818201465098383e-05,2.7607,-0.5364,MEAN_CROSS,0.0023683547668391647,2.834829,12
2020-07-23 12:00:00+00:00,2020-07-24 00:00:00+00:00,1,-0.002455927898924015,0.0008399284846640764,-3.1063,0.9189,MEAN_CROSS,0.0032958563835880916,3.945012,12
2020-07-27 00:00:00+00:00,2020-07-27 15:00:00+00:00,-1,0.0024140245643600178,-0.00010888269573516851,3.6091,-1.0581,MEAN_CROSS,0.0025229072600951863,3.019822,15
2020-07-28 03:00:00+00:00,2020-07-29 00:00:00+00:00,1,-0.001765222715137016,0.0001820036391273483,-2.5994,0.6481,MEAN_CROSS,0.0019472263542643642,2.330755,21
2020-07-29 06:00:00+00:00,2020-07-29 18:00:00+00:00,-1,0.0010615929178972028,-0.0004982149537855474,2.0697,-1.2637,MEAN_CROSS,0.0015598078716827501,1.86703,12
2020-07-30 08:00:00+00:00,2020-07-30 20:00:00+00:00,1,-0.001198498550301963,0.0012069001522585499,-2.0112,0.8354,MEAN_CROSS,0.002405398702560513,2.879169,12
2020-07-31 08:00:00+00:00,2020-08-03 04:00:00+00:00,1,-0.0018047484891734467,0.00035255436843706356,-2.4797,0.6189,MEAN_CROSS,0.00215730285761051,2.582208,20
2020-08-03 14:00:00+00:00,2020-08-04 05:00:00+00:00,-1,0.0008532406911581081,-5.7863436929483925e-05,2.0176,-0.0016,MEAN_CROSS,0.000911104128087592,1.090556,15
2020-08-04 12:00:00+00:00,2020-08-05 02:00:00+00:00,1,-0.002885698619950805,0.0007760357063328893,-3.2849,0.5705,MEAN_CROSS,0.0036617343262836943,4.382954,14
2020-08-06 07:00:00+00:00,2020-08-06 22:00:00+00:00,1,-0.0019985010682475046,0.0004109636711542297,-3.3363,0.5203,MEAN_CROSS,0.0024094647394017343,2.884036,15
2020-08-07 02:00:00+00:00,2020-08-07 19:00:00+00:00,1,-0.0019464531568440524,0.0003054882410900017,-2.7647,0.6381,MEAN_CROSS,0.002251941397934054,2.695487,17
2020-08-11 08:00:00+00:00,2020-08-11 20:00:00+00:00,-1,0.001804190466544453,-0.0007567645184582972,3.0297,-0.7277,MEAN_CROSS,0.00256095498500275,2.753972,12
2020-08-13 15:00:00+00:00,2020-08-14 05:00:00+00:00,1,-0.0016483546863201859,0.0005294636560491117,-3.6937,0.5212,MEAN_CROSS,0.0021778183423692976,2.341959,14
2020-08-17 08:00:00+00:00,2020-08-18 00:00:00+00:00,1,-0.0011962906575575527,0.0010913386133335479,-2.7792,2.2782,MEAN_CROSS,0.0022876292708911006,2.460046,16
2020-08-18 08:00:00+00:00,2020-08-18 20:00:00+00:00,-1,0.001329783525608308,-6.477714776931265e-05,2.557,-0.7561,MEAN_CROSS,0.0013945606733776206,1.499668,12
2020-08-19 14:00:00+00:00,2020-08-20 03:00:00+00:00,1,-0.0019286788568242397,3.0078700331781505e-05,-3.3345,0.5168,MEAN_CROSS,0.001958757557156021,2.106388,13
2020-08-20 15:00:00+00:00,2020-08-21 06:00:00+00:00,-1,0.0011250442853507625,-0.00023837137860627244,2.0692,-0.6576,MEAN_CROSS,0.001363415663957035,1.466175,15
2020-08-21 07:00:00+00:00,2020-08-21 19:00:00+00:00,1,-0.0020081733687165038,0.0006222052066506834,-4.3927,0.8799,MEAN_CROSS,0.002630378575367187,2.828628,12
2020-08-26 02:00:00+00:00,2020-08-26 14:00:00+00:00,1,-0.000716423976997449,0.0005628337755341217,-2.0815,1.2031,MEAN_CROSS,0.0012792577525315707,1.375674,12
2020-08-26 16:00:00+00:00,2020-08-27 04:00:00+00:00,-1,0.0011694414128211594,-1.5971212841137117e-05,2.4803,-0.0507,MEAN_CROSS,0.0011854126256622965,1.274756,12
2020-08-27 10:00:00+00:00,2020-08-28 01:00:00+00:00,1,-0.00138310976388345,0.0005719077647419191,-2.7507,0.8725,MEAN_CROSS,0.001955017528625369,2.102366,15
2020-08-28 03:00:00+00:00,2020-08-28 15:00:00+00:00,-1,0.0018050436334344777,0.0004891280637251416,2.7609,0.1694,MEAN_CROSS,0.001315915569709336,1.415095,12
2020-08-31 14:00:00+00:00,2020-09-01 06:00:00+00:00,-1,0.0020334179299819066,-0.0004819258715869079,2.4178,-1.1496,MEAN_CROSS,0.0025153438015688145,2.446501,16
2020-09-01 14:00:00+00:00,2020-09-02 16:00:00+00:00,1,-0.001054176557172326,0.00019468767918473517,-2.0019,1.1279,MEAN_CROSS,0.0012488642363570612,1.214684,26
2020-09-02 20:00:00+00:00,2020-09-03 10:00:00+00:00,-1,0.0008923092656403231,-0.0005482688988656115,2.1897,-0.0207,MEAN_CROSS,0.0014405781645059346,1.401151,14
2020-09-03 13:00:00+00:00,2020-09-04 01:00:00+00:00,-1,0.0012783896188617305,0.000243498031706757,2.0649,0.2556,MEAN_CROSS,0.0010348915871549735,1.006567,12
2020-09-04 12:00:00+00:00,2020-09-07 23:00:00+00:00,1,-0.0020737097755616496,0.00023598785773204511,-3.8454,0.6085,MEAN_CROSS,0.0023096976332936947,2.246483,35
2020-09-08 01:00:00+00:00,2020-09-08 16:00:00+00:00,1,-0.0009258965378233786,0.00020302522440229787,-3.3792,1.0018,MEAN_CROSS,0.0011289217622256764,1.098024,15
2020-09-09 12:00:00+00:00,2020-09-10 00:00:00+00:00,-1,0.0018938346497374692,0.0002963243353959477,4.7037,0.3928,MEAN_CROSS,0.0015975103143415215,1.553788,12
2020-09-10 12:00:00+00:00,2020-09-11 00:00:00+00:00,-1,0.0029511867709111073,0.0005436329072932011,4.0551,0.4142,MEAN_CROSS,0.002407553863617906,2.341661,12
2020-09-15 12:00:00+00:00,2020-09-16 06:00:00+00:00,1,-0.0008737173750770211,0.00020105157109995275,-2.4156,0.5318,MEAN_CROSS,0.0010747689461769738,1.045353,18
2020-09-16 14:00:00+00:00,2020-09-17 05:00:00+00:00,1,-0.0016294618015819662,0.00014606273440209705,-2.2487,0.7044,MEAN_CROSS,0.0017755245359840632,1.72693,15
2020-09-18 10:00:00+00:00,2020-09-21 00:00:00+00:00,1,-0.0007780613481049858,0.0007701787969094376,-2.3782,1.0302,MEAN_CROSS,0.0015482401450144234,1.489958,14
2020-09-21 07:00:00+00:00,2020-09-21 19:00:00+00:00,1,-0.0017552571426064922,0.0007384871783255864,-3.6436,1.0944,MEAN_CROSS,0.0024937443209320787,2.39987,12
2020-09-24 15:00:00+00:00,2020-09-25 03:00:00+00:00,-1,0.0015501392150127913,-0.00019846210345431103,3.4856,-0.4331,MEAN_CROSS,0.0017486013184671023,1.682777,12
2020-09-25 09:00:00+00:00,2020-09-27 22:00:00+00:00,1,-0.0013188289592696023,0.00033309794213542965,-2.346,0.6954,MEAN_CROSS,0.001651926901405032,1.589742,13
2020-09-28 10:00:00+00:00,2020-09-28 22:00:00+00:00,-1,0.001207371910458832,0.0002635448280445818,2.353,0.1422,MEAN_CROSS,0.0009438270824142503,0.908298,12
2020-09-29 13:00:00+00:00,2020-09-30 01:00:00+00:00,-1,0.0014388492201071745,0.00036335684999944107,2.0255,-0.1451,MEAN_CROSS,0.0010754923701077335,1.035007,12
2020-09-30 03:00:00+00:00,2020-09-30 22:00:00+00:00,1,-0.0007344633410888424,0.0005377489488931353,-2.6152,0.8993,MEAN_CROSS,0.0012722122899819777,1.224321,19
2020-10-01 08:00:00+00:00,2020-10-02 06:00:00+00:00,1,-0.0012110228506767573,0.0009509039416881748,-2.1169,1.568,MEAN_CROSS,0.002161926792364932,2.080544,22
2020-10-05 08:00:00+00:00,2020-10-05 20:00:00+00:00,-1,0.0010885152456319158,0.0002043618629927746,2.3446,-0.2527,MEAN_CROSS,0.0008841533826391412,0.85087,12
2020-10-06 07:00:00+00:00,2020-10-07 04:00:00+00:00,1,-0.000679664357578158,0.0001134656391954536,-2.0546,0.6704,MEAN_CROSS,0.0007931299967736116,0.763274,21
2020-10-08 13:00:00+00:00,2020-10-09 01:00:00+00:00,1,-0.000883964628999534,0.0005590285954166774,-2.1262,1.7996,MEAN_CROSS,0.0014429932244162114,1.811659,12
2020-10-09 02:00:00+00:00,2020-10-09 17:00:00+00:00,-1,0.0007325324979130521,0.00042528409798747724,2.1653,0.3473,MEAN_CROSS,0.00030724839992557484,0.385746,15
2020-10-11 21:00:00+00:00,2020-10-12 13:00:00+00:00,1,-0.0006087447336642349,0.0005264037702286117,-2.9522,0.6959,MEAN_CROSS,0.0011351485038928466,1.425164,16
2020-10-13 13:00:00+00:00,2020-10-14 03:00:00+00:00,1,-0.002106952735228429,2.5951348136654673e-05,-4.6729,0.6401,MEAN_CROSS,0.0021329040833650836,2.677833,14
2020-10-14 12:00:00+00:00,2020-10-15 00:00:00+00:00,-1,0.0011716012587483782,0.00010489820767056734,2.3197,0.2962,MEAN_CROSS,0.0010667030510778108,1.339232,12
2020-10-15 06:00:00+00:00,2020-10-15 19:00:00+00:00,1,-0.0008498355618509201,0.00041662952833632083,-2.3134,1.257,MEAN_CROSS,0.001266465090187241,1.59003,13
2020-10-16 11:00:00+00:00,2020-10-18 23:00:00+00:00,-1,0.0011615136618201571,-4.9415614868930646e-05,2.2346,-0.4231,MEAN_CROSS,0.0012109292766890878,1.520306,12
2020-10-19 08:00:00+00:00,2020-10-19 20:00:00+00:00,-1,0.0013270864488479361,-0.0002626702923671509,3.1218,-0.6701,MEAN_CROSS,0.001589756741215087,1.995919,12
2020-10-21 09:00:00+00:00,2020-10-22 07:00:00+00:00,1,-0.0005493280901061048,0.0009180554806620389,-2.0278,1.6706,MEAN_CROSS,0.0014673835707681437,1.842281,22
2020-10-22 09:00:00+00:00,2020-10-22 21:00:00+00:00,1,-0.0010220164083765138,9.679338100565538e-05,-2.1893,0.8051,MEAN_CROSS,0.0011188097893821691,1.404651,12
2020-10-23 00:00:00+00:00,2020-10-23 12:00:00+00:00,1,-0.001165697931010845,0.000764031368322593,-2.383,1.1476,MEAN_CROSS,0.001929729299333438,2.42275,12
2020-10-27 18:00:00+00:00,2020-10-28 15:00:00+00:00,1,-0.0009446499507248518,0.0008093801642909959,-2.2304,2.0248,MEAN_CROSS,0.0017540301150158477,4.012836,21
2020-10-29 15:00:00+00:00,2020-10-30 03:00:00+00:00,1,-0.0023924510208099825,0.0005692665172507549,-2.7232,1.241,MEAN_CROSS,0.0029617175380607375,6.77576,12
2020-10-30 12:00:00+00:00,2020-11-02 01:00:00+00:00,-1,0.001540359850911166,-0.0001604046520198299,2.6973,-0.018,MEAN_CROSS,0.001700764502930996,3.890976,12
2020-11-03 07:00:00+00:00,2020-11-03 19:00:00+00:00,-1,0.0010793279586418514,-0.00032410403670257715,2.5615,-1.0437,MEAN_CROSS,0.0014034319953444285,3.210744,12
2020-11-03 23:00:00+00:00,2020-11-04 13:00:00+00:00,-1,0.002785044990735619,0.0007184625129277311,3.6367,0.3125,MEAN_CROSS,0.002066582477807888,4.727887,14
2020-11-05 09:00:00+00:00,2020-11-05 21:00:00+00:00,-1,0.0027947005504875833,0.00017334265376600655,3.0476,-0.4821,MEAN_CROSS,0.0026213578967215767,5.997091,12
2020-11-09 08:00:00+00:00,2020-11-09 23:00:00+00:00,1,-0.0009730496805271382,0.0002736706688015733,-2.3572,0.5034,MEAN_CROSS,0.0012467203493287116,2.852222,15
2020-11-10 10:00:00+00:00,2020-11-10 22:00:00+00:00,1,-0.0021751675550676364,0.0003018494806015237,-2.0612,0.6265,MEAN_CROSS,0.00247701703566916,5.666871,12
2020-11-11 08:00:00+00:00,2020-11-11 20:00:00+00:00,1,-0.0016556979075084133,0.0005347596587410575,-2.8052,1.0841,MEAN_CROSS,0.0021904575662494707,5.011286,12
2020-11-12 08:00:00+00:00,2020-11-12 20:00:00+00:00,-1,0.0010157052440100678,0.00011235949576393622,2.0156,-0.0969,MEAN_CROSS,0.0009033457482461316,2.066657,12
2020-11-17 08:00:00+00:00,2020-11-17 20:00:00+00:00,-1,0.0010823439740694774,-3.530975950893911e-05,2.0803,-0.4614,MEAN_CROSS,0.0011176537335784165,2.529266,12
2020-11-19 08:00:00+00:00,2020-11-19 20:00:00+00:00,1,-0.0010909148826809822,0.0013897953002308672,-2.2213,2.606,MEAN_CROSS,0.0024807101829118494,5.613882,12
2020-11-20 09:00:00+00:00,2020-11-23 00:00:00+00:00,1,-0.000997184855311195,0.0006514511506761078,-2.0093,0.8701,MEAN_CROSS,0.0016486360059873029,3.730887,15
2020-11-23 10:00:00+00:00,2020-11-23 22:00:00+00:00,-1,0.001214500822110054,-0.00013705466405133926,2.6518,-0.0163,MEAN_CROSS,0.0013515554861613932,3.058589,12
2020-11-25 11:00:00+00:00,2020-11-26 01:00:00+00:00,1,-0.001123560592114048,0.0004767386894746206,-2.7722,0.6084,MEAN_CROSS,0.0016002992815886685,3.6215,14
2020-11-26 08:00:00+00:00,2020-11-27 03:00:00+00:00,1,-0.0006716963818444999,0.0005941163351896872,-2.151,1.5473,MEAN_CROSS,0.001265812717034187,2.864552,19
2020-11-27 16:00:00+00:00,2020-11-30 04:00:00+00:00,-1,0.0009474754927822904,-6.856048877468268e-05,2.0911,-1.2523,MEAN_CROSS,0.001016035981556973,2.299304,12
2020-11-30 06:00:00+00:00,2020-12-01 00:00:00+00:00,1,-0.0004596645612116035,0.0004240793907084317,-2.6275,0.6569,MEAN_CROSS,0.0008837439519200352,1.999925,18
2020-12-01 15:00:00+00:00,2020-12-02 03:00:00+00:00,-1,0.002702114356393448,0.0007689241434329919,3.2073,0.097,MEAN_CROSS,0.0019331902129604561,4.374837,12
2020-12-02 08:00:00+00:00,2020-12-02 21:00:00+00:00,1,-0.0012491263603042757,0.001117624153148311,-2.5157,0.5796,MEAN_CROSS,0.002366750513452587,5.35599,13
2020-12-03 12:00:00+00:00,2020-12-04 00:00:00+00:00,-1,0.001951487738527602,0.00024994832117597454,2.9275,-0.1194,MEAN_CROSS,0.0017015394173516274,3.850608,12
2020-12-07 08:00:00+00:00,2020-12-08 03:00:00+00:00,1,-0.0018489088607773763,0.0002548837065370346,-3.1289,0.5881,MEAN_CROSS,0.002103792567314411,3.001932,19
2020-12-09 04:00:00+00:00,2020-12-09 16:00:00+00:00,-1,0.0008052356183554377,-0.0013635616530307537,2.0617,-1.9838,MEAN_CROSS,0.0021687972713861914,3.094688,12
2020-12-10 13:00:00+00:00,2020-12-11 02:00:00+00:00,-1,0.0015417852146970557,0.0007097164644498388,2.3451,0.4776,MEAN_CROSS,0.0008320687502472168,1.187291,13
2020-12-11 07:00:00+00:00,2020-12-13 22:00:00+00:00,1,-0.0014619383622709314,0.0011089473048542242,-3.0647,1.8784,MEAN_CROSS,0.0025708856671251556,3.668433,15
2020-12-14 15:00:00+00:00,2020-12-15 09:00:00+00:00,1,-0.0021297274533789157,0.000740702577705532,-4.1075,1.0668,MEAN_CROSS,0.0028704300310844477,4.095858,18
2020-12-15 12:00:00+00:00,2020-12-16 03:00:00+00:00,1,-0.0018119384869990096,0.0004905125969705271,-3.0994,0.8826,MEAN_CROSS,0.0023024510839695367,3.2854,15
2020-12-16 08:00:00+00:00,2020-12-16 23:00:00+00:00,-1,0.0029941399844948258,0.0004601596385684914,5.6319,0.2757,MEAN_CROSS,0.0025339803459263344,3.615773,15
2020-12-18 00:00:00+00:00,2020-12-18 20:00:00+00:00,1,-0.0005351269789730662,0.0003104970191416534,-2.1505,0.5579,MEAN_CROSS,0.0008456239981147196,1.206633,20
2020-12-20 23:00:00+00:00,2020-12-21 13:00:00+00:00,1,-0.001823749296929078,0.001372585549279437,-3.3949,2.1261,MEAN_CROSS,0.003196334846208515,4.560896,14
2020-12-21 14:00:00+00:00,2020-12-22 02:00:00+00:00,-1,0.0021458202106485746,-6.256502535073594e-05,2.7665,-0.0252,MEAN_CROSS,0.0022083852359993106,3.151176,12
2020-12-22 15:00:00+00:00,2020-12-23 03:00:00+00:00,1,-0.0029246620184930627,0.00099188427739616,-2.7709,1.4686,MEAN_CROSS,0.003916546295889223,5.588576,12
2020-12-25 03:00:00+00:00,2020-12-28 10:00:00+00:00,-1,0.0009323561212317699,-0.0013122390584836552,2.2815,-3.0776,MEAN_CROSS,0.002244595179715425,4.416032,17
2020-12-28 11:00:00+00:00,2020-12-29 00:00:00+00:00,1,-0.0020212197840112633,0.0006845203245418041,-3.8413,0.7584,MEAN_CROSS,0.0027057401085530675,5.323292,13
2020-12-30 00:00:00+00:00,2020-12-30 16:00:00+00:00,-1,0.0010885255841883712,-0.000844603641606323,2.0476,-1.6934,MEAN_CROSS,0.0019331292257946942,3.803252,16
2020-12-31 09:00:00+00:00,2021-01-03 22:00:00+00:00,1,-0.0010941461310394196,0.0008478898402282109,-2.2591,1.6752,MEAN_CROSS,0.0019420359712676305,3.820775,13
2021-01-03 23:00:00+00:00,2021-01-04 13:00:00+00:00,-1,0.00153395166028103,0.0004589139814152876,2.3942,0.4429,MEAN_CROSS,0.0010750376788657423,2.115037,14
2021-01-06 02:00:00+00:00,2021-01-06 20:00:00+00:00,1,-0.0010805540515592682,0.0010962407224714976,-2.3513,0.9141,MEAN_CROSS,0.002176794774030766,4.282641,18
2021-01-07 09:00:00+00:00,2021-01-07 21:00:00+00:00,1,-0.002385711779614441,0.00033776362775750357,-2.6171,0.6501,MEAN_CROSS,0.0027234754073719447,5.358185,12
2021-01-08 13:00:00+00:00,2021-01-11 01:00:00+00:00,-1,0.0014637915808404234,-0.0014059365909302457,2.3008,-1.1677,MEAN_CROSS,0.002869728171770669,5.645923,12
2021-01-12 16:00:00+00:00,2021-01-13 04:00:00+00:00,-1,0.0009535025706797207,-0.00021170852181429112,2.0157,-0.8504,MEAN_CROSS,0.0011652110924940118,2.292444,12
2021-01-13 08:00:00+00:00,2021-01-14 01:00:00+00:00,1,-0.0010482493858672282,0.0002980029964843034,-2.1724,0.5114,MEAN_CROSS,0.0013462523823515316,2.648626,17
2021-01-14 09:00:00+00:00,2021-01-14 21:00:00+00:00,-1,0.0009017387034717661,6.66278974013057e-05,2.4472,0.2187,MEAN_CROSS,0.0008351108060704604,1.643003,12
2021-01-19 01:00:00+00:00,2021-01-19 14:00:00+00:00,-1,0.0008331460166712823,-4.9614947597032e-06,2.1033,-0.7028,MEAN_CROSS,0.0008381075114309855,1.119191,13
2021-01-20 08:00:00+00:00,2021-01-20 23:00:00+00:00,1,-0.0008345227500528019,0.0004329003776271101,-3.5694,0.7929,MEAN_CROSS,0.001267423127679912,1.69249,15
2021-01-22 06:00:00+00:00,2021-01-25 03:00:00+00:00,1,-0.0004250841813724371,0.00043391767747413823,-2.5381,1.0611,MEAN_CROSS,0.0008590018588465753,1.147093,21
2021-01-25 09:00:00+00:00,2021-01-25 22:00:00+00:00,1,-0.0016989167572325492,0.0001618777669003535,-4.9713,0.5952,MEAN_CROSS,0.0018607945241329027,2.484865,13
2021-01-26 13:00:00+00:00,2021-01-27 01:00:00+00:00,-1,0.0012814036921806604,-0.000100436747084931,2.3386,-0.3968,MEAN_CROSS,0.0013818404392655914,1.84528,12
2021-01-27 09:00:00+00:00,2021-01-27 21:00:00+00:00,1,-0.0020005317200741946,0.0002912396439005427,-3.5567,0.6206,MEAN_CROSS,0.0022917713639747372,3.060382,12
2021-01-28 13:00:00+00:00,2021-01-29 01:00:00+00:00,-1,0.0016614986694478695,-0.0005682879483999148,2.2781,-1.0706,MEAN_CROSS,0.0022297866178477843,2.977609,12
2021-01-29 10:00:00+00:00,2021-01-31 22:00:00+00:00,-1,0.0014465384726627395,-0.00031805470184886886,2.309,-0.7112,MEAN_CROSS,0.0017645931745116084,2.3564,12
2021-02-01 08:00:00+00:00,2021-02-01 22:00:00+00:00,1,-0.00226909900849126,-0.0001092131700375365,-4.3402,0.5318,MEAN_CROSS,0.0021598858384537234,2.884265,14
2021-02-02 01:00:00+00:00,2021-02-02 14:00:00+00:00,-1,0.0010827738496523853,-0.0012938909449076164,2.4278,-0.9833,MEAN_CROSS,0.0023766647945600017,3.173747,13
2021-02-04 08:00:00+00:00,2021-02-04 23:00:00+00:00,1,-0.0012990494383262607,5.41026270324263e-05,-2.3029,0.6773,MEAN_CROSS,0.001353152065358687,2.700749,15
2021-02-05 08:00:00+00:00,2021-02-05 21:00:00+00:00,-1,0.001311518640652709,0.0005555183376177997,3.9272,0.2948,MEAN_CROSS,0.0007560003030349094,1.508897,13
2021-02-09 02:00:00+00:00,2021-02-09 14:00:00+00:00,-1,0.001437170631599205,-0.000561567635509741,3.1553,-1.7777,MEAN_CROSS,0.001998738267108946,3.989271,12
2021-02-10 09:00:00+00:00,2021-02-11 05:00:00+00:00,1,-0.0007398466929278147,0.00038092593979177636,-2.7785,0.9924,MEAN_CROSS,0.001120772632719591,2.236944,20
2021-02-11 13:00:00+00:00,2021-02-12 01:00:00+00:00,-1,0.0009267130620347341,-0.00019368858669133182,2.435,-0.5757,MEAN_CROSS,0.001120401648726066,2.236204,12
2021-02-12 07:00:00+00:00,2021-02-14 22:00:00+00:00,1,-0.0006685128473264967,0.00031552952620339525,-2.2567,0.7204,MEAN_CROSS,0.000984042373529892,1.964045,15
2021-02-16 08:00:00+00:00,2021-02-16 20:00:00+00:00,-1,0.0011221781354149307,-0.00015114564661544705,3.292,-0.069,MEAN_CROSS,0.0012733237820303778,2.54142,12
2021-02-18 08:00:00+00:00,2021-02-18 21:00:00+00:00,-1,0.001367973914537357,0.0004406191060104536,3.2069,0.4726,MEAN_CROSS,0.0009273548085269034,1.850903,13
2021-02-19 08:00:00+00:00,2021-02-19 20:00:00+00:00,-1,0.0020344524472861725,-0.0002162133754806117,3.9028,-0.8064,MEAN_CROSS,0.002250665822766784,4.492092,12
2021-02-22 17:00:00+00:00,2021-02-23 05:00:00+00:00,-1,0.0012682237891870063,7.295478954016943e-05,2.0821,-0.4332,MEAN_CROSS,0.0011952689996468369,2.385631,12
2021-02-23 09:00:00+00:00,2021-02-24 00:00:00+00:00,1,-0.0008451068911519144,0.00043766243608245325,-2.0419,0.822,MEAN_CROSS,0.0012827693272343677,2.560273,15
2021-02-24 08:00:00+00:00,2021-02-25 00:00:00+00:00,-1,0.0010925538281212344,-5.244201832721451e-05,2.8428,-0.2875,MEAN_CROSS,0.0011449958464484489,2.75662,16
2021-02-25 08:00:00+00:00,2021-02-25 20:00:00+00:00,-1,0.0017981093521632907,-0.0022749945780875525,2.4221,-2.4414,MEAN_CROSS,0.004073103930250843,9.806149,12
2021-03-02 10:00:00+00:00,2021-03-02 22:00:00+00:00,-1,0.0009054055576074305,6.418276511377385e-05,2.1698,-0.1971,MEAN_CROSS,0.0008412227924936566,2.025275,12
2021-03-03 11:00:00+00:00,2021-03-04 06:00:00+00:00,1,-0.0014660307060061495,0.00037435406852148745,-2.3823,0.8985,MEAN_CROSS,0.001840384774527637,4.430795,19
2021-03-04 17:00:00+00:00,2021-03-05 12:00:00+00:00,1,-0.0026736343182851563,-0.0002089788006298665,-4.3662,0.5202,MEAN_CROSS,0.00246465551765529,5.933749,19
2021-03-09 03:00:00+00:00,2021-03-09 15:00:00+00:00,-1,0.00097678131648693,-0.0007436588431979363,2.3024,-0.9551,MEAN_CROSS,0.0017204401596848662,4.142023,12
2021-03-11 08:00:00+00:00,2021-03-11 21:00:00+00:00,-1,0.0017055858338310692,0.00037325483400407755,2.9103,-0.0941,MEAN_CROSS,0.0013323309998269917,3.207636,13
2021-03-12 02:00:00+00:00,2021-03-12 15:00:00+00:00,1,-0.0011377473766669421,0.00033709969633899384,-2.7132,0.5136,MEAN_CROSS,0.001474847073005936,3.550749,13
2021-03-16 10:00:00+00:00,2021-03-16 22:00:00+00:00,-1,0.0009314050669839702,-8.934927054959907e-05,2.4707,0.0808,MEAN_CROSS,0.0010207543375335693,2.350101,12
2021-03-17 18:00:00+00:00,2021-03-18 06:00:00+00:00,-1,0.004337538663091278,0.0008241663942083477,7.3552,0.4051,MEAN_CROSS,0.0035133722688829305,8.088899,12
2021-03-19 07:00:00+00:00,2021-03-19 19:00:00+00:00,-1,0.0007637721779769624,-3.0338212123837138e-05,2.1015,0.2519,MEAN_CROSS,0.0007941103901007995,1.828294,12
2021-03-21 21:00:00+00:00,2021-03-22 09:00:00+00:00,1,-0.0014955353496215462,0.000335183430631103,-2.2815,0.6592,MEAN_CROSS,0.0018307187802526492,4.214896,12
2021-03-22 11:00:00+00:00,2021-03-22 23:00:00+00:00,-1,0.0015465686171411974,-0.00013547032258087732,2.3568,-0.4897,MEAN_CROSS,0.0016820389397220747,3.872588,12
2021-03-23 07:00:00+00:00,2021-03-24 01:00:00+00:00,1,-0.0011209231962330257,0.00016098344327453162,-2.7189,1.5342,MEAN_CROSS,0.0012819066395075573,2.951356,18
2021-03-24 07:00:00+00:00,2021-03-24 23:00:00+00:00,1,-0.001439157266839075,-9.08093934808285e-05,-2.2217,0.5936,MEAN_CROSS,0.0013483478733582466,3.104325,16
2021-03-25 02:00:00+00:00,2021-03-25 14:00:00+00:00,-1,0.0006004572468685243,-0.0002878048071610628,2.2722,-0.2909,MEAN_CROSS,0.0008882620540295871,2.045061,12
2021-03-25 15:00:00+00:00,2021-03-26 03:00:00+00:00,1,-0.0015318895448583891,0.0001571810812204255,-3.8705,0.6616,MEAN_CROSS,0.0016890706260788146,3.888777,12
2021-03-29 08:00:00+00:00,2021-03-29 23:00:00+00:00,1,-0.0011337068827770302,7.562045760756142e-05,-3.1481,0.6252,MEAN_CROSS,0.0012093273403845917,2.784256,15
2021-03-30 06:00:00+00:00,2021-03-30 19:00:00+00:00,1,-0.0009923489036713917,1.3685223699821947e-05,-2.168,0.9321,MEAN_CROSS,0.0010060341273712137,2.31621,13
2021-03-31 06:00:00+00:00,2021-03-31 18:00:00+00:00,-1,0.001029240623128258,-0.000781456715454043,3.546,-1.4342,MEAN_CROSS,0.001810697338582301,4.1688,12
2021-04-02 14:00:00+00:00,2021-04-05 03:00:00+00:00,1,-0.0007639872279292526,0.00025228801771159937,-2.5233,1.0811,MEAN_CROSS,0.001016275245640852,2.339788,13
2021-04-05 07:00:00+00:00,2021-04-06 07:00:00+00:00,1,-0.0008447361703720624,0.0008095449006852995,-2.1814,0.7596,MEAN_CROSS,0.0016542810710573619,5.113169,24
2021-04-07 18:00:00+00:00,2021-04-08 06:00:00+00:00,1,-0.0012024309758160712,0.0005876273490301731,-2.9994,1.4275,MEAN_CROSS,0.0017900583248462443,5.532839,12
2021-04-08 09:00:00+00:00,2021-04-09 15:00:00+00:00,1,-0.0009279245015065829,0.0005189273993331245,-2.205,0.7542,MEAN_CROSS,0.0014468519008397074,4.472032,30
2021-04-12 07:00:00+00:00,2021-04-13 07:00:00+00:00,1,-0.001059381202646037,0.000847975389347777,-2.158,1.7354,MEAN_CROSS,0.001907356591993814,5.895393,24
2021-04-13 12:00:00+00:00,2021-04-14 00:00:00+00:00,-1,0.0017251253881793716,0.00026611759869665796,3.1814,0.0638,MEAN_CROSS,0.0014590077894827136,4.509604,12
2021-04-15 01:00:00+00:00,2021-04-15 13:00:00+00:00,1,-0.0004631513689028477,0.00045523359816401765,-2.1693,0.8975,MEAN_CROSS,0.0009183849670668653,2.838609,12
2021-04-16 05:00:00+00:00,2021-04-16 17:00:00+00:00,-1,0.0006313172895699992,-0.00014585293616620199,2.0128,-0.3759,MEAN_CROSS,0.0007771702257362012,2.402133,12
2021-04-19 01:00:00+00:00,2021-04-20 03:00:00+00:00,1,-0.0015766808204376037,0.0012765828259269085,-3.5418,0.9498,MEAN_CROSS,0.0028532636463645122,8.819069,26
2021-04-20 12:00:00+00:00,2021-04-21 12:00:00+00:00,1,-0.0013319867059977675,0.00024294488640652645,-2.1795,1.0638,MEAN_CROSS,0.001574931592404294,4.86791,24
2021-04-21 14:00:00+00:00,2021-04-22 03:00:00+00:00,-1,0.0010041051748030938,-0.00029016905982670593,3.1265,-0.7448,MEAN_CROSS,0.0012942742346297997,4.000434,13
2021-04-22 12:00:00+00:00,2021-04-23 02:00:00+00:00,-1,0.0013974402619323367,0.00013238536283477487,2.5985,0.3025,MEAN_CROSS,0.0012650548990975619,3.910121,14
2021-04-23 07:00:00+00:00,2021-04-23 20:00:00+00:00,-1,0.0016318363987049,0.0006387094097546342,2.4425,0.4736,MEAN_CROSS,0.0009931269889502659,1.474108,13
2021-04-26 06:00:00+00:00,2021-04-27 05:00:00+00:00,1,-0.0008643864378148347,0.0001958797282830549,-2.7742,0.6032,MEAN_CROSS,0.0010602661660978896,1.573763,23
2021-04-27 10:00:00+00:00,2021-04-27 22:00:00+00:00,-1,0.0010292834228775583,0.00010006819091556984,3.1221,0.1527,MEAN_CROSS,0.0009292152319619884,1.379243,12
2021-04-28 14:00:00+00:00,2021-04-29 02:00:00+00:00,-1,0.0010853773942303135,2.0280533290062408e-05,2.3432,-0.3987,MEAN_CROSS,0.0010650968609402511,1.580933,12
2021-04-30 08:00:00+00:00,2021-05-02 21:00:00+00:00,1,-0.00100510839376855,0.00019368572134093043,-2.082,0.9559,MEAN_CROSS,0.0011987941151094805,1.779381,13
2021-05-03 06:00:00+00:00,2021-05-03 19:00:00+00:00,-1,0.0009202800099421538,0.0001577407276265319,2.0831,0.3288,MEAN_CROSS,0.0007625392823156218,1.131844,13
2021-05-04 07:00:00+00:00,2021-05-04 22:00:00+00:00,1,-0.0014637998412914133,0.00011757754040031543,-2.744,0.7418,MEAN_CROSS,0.0015813773816917287,2.347253,15
2021-05-06 07:00:00+00:00,2021-05-06 20:00:00+00:00,-1,0.000959066118313201,0.0003897478388519282,2.3092,0.161,MEAN_CROSS,0.0005693182794612728,0.845044,13
2021-05-07 12:00:00+00:00,2021-05-10 00:00:00+00:00,-1,0.0033635261205222644,-0.0002895887894298621,5.442,-1.0082,MEAN_CROSS,0.0036531149099521265,5.422352,12
2021-05-11 08:00:00+00:00,2021-05-11 20:00:00+00:00,-1,0.0015634941666049507,-0.0004313498164782992,3.317,-0.6338,MEAN_CROSS,0.00199484398308325,2.960965,12
2021-05-12 13:00:00+00:00,2021-05-13 01:00:00+00:00,1,-0.0015413647835547106,0.0004903593090259672,-2.3946,1.3995,MEAN_CROSS,0.002031724092580678,3.015707,12
2021-05-13 06:00:00+00:00,2021-05-13 20:00:00+00:00,-1,0.0011371876050432217,9.693014756217977e-05,2.0643,0.4079,MEAN_CROSS,0.001040257457481042,1.372537,14
2021-05-14 08:00:00+00:00,2021-05-14 20:00:00+00:00,-1,0.0014627078769866575,0.0002216165845940754,2.0549,-0.186,MEAN_CROSS,0.001241091292392582,1.637521,12
2021-05-17 00:00:00+00:00,2021-05-17 15:00:00+00:00,1,-0.0007162132474418659,0.0005856794760112916,-2.5532,0.661,MEAN_CROSS,0.0013018927234531574,1.717744,15
2021-05-18 06:00:00+00:00,2021-05-18 19:00:00+00:00,-1,0.0011179906601281875,0.00039631855053845477,2.0161,-0.0826,MEAN_CROSS,0.0007216721095897327,0.952189,13
2021-05-19 18:00:00+00:00,2021-05-20 06:00:00+00:00,1,-0.0025002158357732007,0.00029263875472351764,-4.8465,0.7589,MEAN_CROSS,0.0027928545904967184,3.684949,12
2021-05-21 06:00:00+00:00,2021-05-21 19:00:00+00:00,1,-0.0004298729937652901,0.0003065500019407974,-2.1373,0.5584,MEAN_CROSS,0.0007364229957060875,0.971652,13
2021-05-24 09:00:00+00:00,2021-05-24 21:00:00+00:00,-1,0.0012302776488994915,7.367529312451992e-05,2.1582,-0.0666,MEAN_CROSS,0.0011566023557749716,1.526045,12
2021-05-25 06:00:00+00:00,2021-05-25 19:00:00+00:00,-1,0.001292274081624134,-7.494602993074473e-05,2.9012,-0.6533,MEAN_CROSS,0.0013672201115548788,1.803938,13
2021-05-26 15:00:00+00:00,2021-05-27 03:00:00+00:00,1,-0.001367929495889042,0.00020719210187913895,-2.5769,1.1161,MEAN_CROSS,0.001575121597768181,2.078248,12
2021-05-27 10:00:00+00:00,2021-05-27 22:00:00+00:00,-1,0.0007736664919930636,-0.00027330340353715066,2.0377,-0.2657,MEAN_CROSS,0.0010469698955302142,1.381393,12
2021-05-28 08:00:00+00:00,2021-05-28 20:00:00+00:00,-1,0.0007877668623963441,-6.830491774856284e-06,2.0094,0.0026,MEAN_CROSS,0.0007945973541712004,1.048408,12
2021-05-31 14:00:00+00:00,2021-06-01 02:00:00+00:00,-1,0.0018352798730061348,-0.0001512768498173056,2.1902,-0.8048,MEAN_CROSS,0.0019865567228234404,2.621103,12
2021-06-02 08:00:00+00:00,2021-06-03 22:00:00+00:00,1,-0.0017827949419195743,0.00014752780864335513,-3.494,0.8082,MEAN_CROSS,0.0019303227505629295,4.357218,38
2021-06-04 12:00:00+00:00,2021-06-07 00:00:00+00:00,-1,0.0033238791818135383,0.0001278621193183671,5.7084,-0.0621,MEAN_CROSS,0.003196017062495171,7.214204,12
2021-06-09 01:00:00+00:00,2021-06-09 13:00:00+00:00,-1,0.00038757026737035183,0.0013547488867247104,2.3864,4.831,STOP_LOSS,-0.0009671786193543586,-2.183162,12
2021-06-09 14:00:00+00:00,2021-06-10 10:00:00+00:00,1,-0.0008403021678189404,0.00016689758644883312,-2.8075,0.5653,MEAN_CROSS,0.0010071997542677735,2.2735,20
2021-06-10 12:00:00+00:00,2021-06-11 04:00:00+00:00,-1,0.0010351491005191615,0.000166725541354662,2.3061,0.3915,MEAN_CROSS,0.0008684235591644995,1.960248,16
2021-06-11 08:00:00+00:00,2021-06-11 20:00:00+00:00,1,-0.0011081831274621923,5.769214020001634e-05,-3.135,0.6485,MEAN_CROSS,0.0011658752676622086,2.63167,12
2021-06-15 07:00:00+00:00,2021-06-15 20:00:00+00:00,-1,0.0009454010956779779,9.272327528653257e-05,2.9905,0.1349,MEAN_CROSS,0.0008526778203914454,1.924706,13
2021-06-16 18:00:00+00:00,2021-06-17 14:00:00+00:00,1,-0.005861064355797252,0.0001750145395478242,-21.8054,0.8581,MEAN_CROSS,0.006036078895345076,13.624929,20
2021-06-22 09:00:00+00:00,2021-06-23 07:00:00+00:00,1,-0.0009189588972386975,0.000717608181067364,-2.1123,0.9824,MEAN_CROSS,0.0016365670783060615,3.078877,22
2021-06-24 14:00:00+00:00,2021-06-25 02:00:00+00:00,1,-0.001179060121167197,0.0003248685351058267,-2.2437,0.6798,MEAN_CROSS,0.0015039286562730236,2.829344,12
2021-06-25 13:00:00+00:00,2021-06-28 01:00:00+00:00,-1,0.001459812841113406,-0.0006676625996495655,2.8173,-1.4857,MEAN_CROSS,0.0021274754407629715,4.002424,12
2021-06-28 11:00:00+00:00,2021-06-28 23:00:00+00:00,1,-0.0016568846785245395,0.00022670999458584973,-3.146,0.6931,MEAN_CROSS,0.0018835946731103892,3.543611,12
2021-06-30 14:00:00+00:00,2021-07-01 06:00:00+00:00,1,-0.0015243632589174716,0.00036074560843712966,-3.1864,1.2881,MEAN_CROSS,0.0018851088673546013,3.546459,16
2021-07-01 10:00:00+00:00,2021-07-01 22:00:00+00:00,-1,0.0010003630680137654,-0.00016720420469829023,2.5818,-0.1399,MEAN_CROSS,0.0011675672727120556,2.196547,12
2021-07-02 12:00:00+00:00,2021-07-05 00:00:00+00:00,-1,0.0010908189949987435,-0.0001138064297956376,2.2222,-0.1951,MEAN_CROSS,0.001204625424794381,2.266264,12
2021-07-06 06:00:00+00:00,2021-07-06 19:00:00+00:00,-1,0.0009394924499905866,-7.953126002036015e-05,2.5475,0.2788,MEAN_CROSS,0.0010190237100109467,1.917091,13
2021-07-08 05:00:00+00:00,2021-07-08 17:00:00+00:00,-1,0.0007132171368526841,-0.00029633823578412155,2.7248,-0.5657,MEAN_CROSS,0.0010095553726368056,1.899279,12
2021-07-09 09:00:00+00:00,2021-07-11 21:00:00+00:00,-1,0.0012185409429381622,0.00014499408865864538,2.1089,-0.0157,MEAN_CROSS,0.0010735468542795168,2.019666,12
2021-07-12 09:00:00+00:00,2021-07-13 00:00:00+00:00,1,-0.0010640579949812157,0.0002766115982029138,-2.6204,0.6376,MEAN_CROSS,0.0013406695931841295,2.79696,15
2021-07-13 12:00:00+00:00,2021-07-14 01:00:00+00:00,1,-0.002765878147932055,0.00017755840089250796,-5.0493,0.9608,MEAN_CROSS,0.002943436548824563,6.140718,13
2021-07-14 12:00:00+00:00,2021-07-15 00:00:00+00:00,-1,0.0015795193425416354,-3.538595157870361e-05,2.6065,-0.3008,MEAN_CROSS,0.001614905294120339,3.369082,12
2021-07-15 10:00:00+00:00,2021-07-16 03:00:00+00:00,1,-0.0013672392315200455,0.00022888661473530192,-3.9272,0.702,MEAN_CROSS,0.0015961258462553474,3.329903,17
2021-07-19 07:00:00+00:00,2021-07-20 09:00:00+00:00,1,-0.0012990903878231652,0.0008235617960443697,-3.4782,1.5096,MEAN_CROSS,0.002122652183867535,4.428364,26
2021-07-21 08:00:00+00:00,2021-07-21 20:00:00+00:00,-1,0.0007983617309916813,-0.00012120589465203224,2.4353,-0.516,MEAN_CROSS,0.0009195676256437135,1.91844,12
2021-07-22 13:00:00+00:00,2021-07-23 01:00:00+00:00,-1,0.0011846517057614303,8.590070964742402e-05,2.8733,0.366,MEAN_CROSS,0.0010987509961140063,2.292259,12
2021-07-26 09:00:00+00:00,2021-07-26 21:00:00+00:00,-1,0.0009927499773334514,-0.00013250537506004356,2.8518,-0.8647,MEAN_CROSS,0.001125255352393495,2.347554,12
2021-07-27 06:00:00+00:00,2021-07-28 08:00:00+00:00,1,-0.0009016587124879294,0.0009441488278683074,-2.7215,1.4099,MEAN_CROSS,0.0018458075403562368,3.850799,26
2021-07-28 18:00:00+00:00,2021-07-29 06:00:00+00:00,-1,0.001677165605920461,-6.228118946105532e-05,2.3881,-0.3494,MEAN_CROSS,0.0017394467953815163,3.628905,12
2021-07-30 08:00:00+00:00,2021-08-01 21:00:00+00:00,-1,0.001229915814302096,4.69317244933265e-05,2.5294,0.2725,MEAN_CROSS,0.0011829840898087696,3.143608,13
2021-08-03 13:00:00+00:00,2021-08-04 01:00:00+00:00,1,-0.0010757310661042574,0.0003058397147497338,-2.9316,0.8435,MEAN_CROSS,0.0013815707808539912,3.671323,12
2021-08-04 08:00:00+00:00,2021-08-05 07:00:00+00:00,1,-0.0014441210361808565,0.0006879581160477155,-3.215,1.1365,MEAN_CROSS,0.002132079152228572,5.665689,23
2021-08-06 08:00:00+00:00,2021-08-06 20:00:00+00:00,1,-0.0009113570582082176,2.805239115288849e-05,-2.6232,0.9405,MEAN_CROSS,0.000939409449361106,2.496344,12
2021-08-11 02:00:00+00:00,2021-08-11 18:00:00+00:00,-1,0.0003450077396600637,-0.0001615760956019674,2.0608,-0.5862,MEAN_CROSS,0.0005065838352620311,1.346173,16
2021-08-13 09:00:00+00:00,2021-08-15 21:00:00+00:00,-1,0.0006581164359118485,2.622781134853369e-05,2.6127,-0.5952,MEAN_CROSS,0.0006318886245633148,1.679152,12
2021-08-16 11:00:00+00:00,2021-08-17 07:00:00+00:00,1,-0.001002200557887134,0.00011507190921711263,-2.105,1.0743,MEAN_CROSS,0.0011172724671042467,2.968989,20
2021-08-17 08:00:00+00:00,2021-08-17 20:00:00+00:00,-1,0.00040101508984036194,-0.0004124612606442035,2.0978,-0.0612,MEAN_CROSS,0.0008134763504845655,2.161695,12
2021-08-19 09:00:00+00:00,2021-08-19 21:00:00+00:00,-1,0.0008078022248485528,-6.800925694006033e-05,2.0572,0.2661,MEAN_CROSS,0.0008758114817886131,1.760597,12
2021-08-20 15:00:00+00:00,2021-08-23 05:00:00+00:00,-1,0.0009195590267849774,0.0001823135203249393,2.2817,-0.0722,MEAN_CROSS,0.0007372455064600381,1.482045,14
2021-08-24 08:00:00+00:00,2021-08-25 08:00:00+00:00,1,-0.0007079693480693816,0.0007591273145708399,-2.5532,1.7489,MEAN_CROSS,0.0014670966626402215,2.949226,24
2021-08-26 12:00:00+00:00,2021-08-27 03:00:00+00:00,1,-0.0007915173335550918,0.0004980656987896293,-2.2622,1.7707,MEAN_CROSS,0.001289583032344721,2.59238,15
2021-08-27 14:00:00+00:00,2021-08-30 02:00:00+00:00,-1,0.0014724938499370843,0.00021491154424468917,3.9929,-0.0848,MEAN_CROSS,0.0012575823056923952,2.52805,12
2021-08-30 12:00:00+00:00,2021-08-31 00:00:00+00:00,1,-0.0007396179235743539,0.0002723289438537613,-2.1987,0.7497,MEAN_CROSS,0.0010119468674281151,2.034263,12
2021-08-31 03:00:00+00:00,2021-08-31 15:00:00+00:00,-1,0.0009989886210106658,-0.001160066346387545,3.4741,-2.4741,MEAN_CROSS,0.0021590549673982107,4.340232,12
2021-09-01 12:00:00+00:00,2021-09-02 00:00:00+00:00,-1,0.0014022749138120627,0.0002458318416909133,2.7705,0.1038,MEAN_CROSS,0.0011564430721211494,2.324735,12
2021-09-03 12:00:00+00:00,2021-09-06 00:00:00+00:00,-1,0.0011509750083760206,-0.0002570228737763802,2.8539,-1.0011,MEAN_CROSS,0.0014079978821524008,2.830423,12
2021-09-07 00:00:00+00:00,2021-09-07 12:00:00+00:00,-1,0.0004555086699373767,-0.0011225648915513808,2.0907,-3.7748,MEAN_CROSS,0.0015780735614887575,3.172317,12
2021-09-09 08:00:00+00:00,2021-09-09 20:00:00+00:00,-1,0.000996035493774139,-0.00018946283562604194,3.357,-0.5295,MEAN_CROSS,0.0011854983294001809,3.058381,12
2021-09-13 06:00:00+00:00,2021-09-13 18:00:00+00:00,1,-0.0012519804762922693,0.00011828159134119609,-2.6068,0.5306,MEAN_CROSS,0.0013702620676334654,3.535039,12
2021-09-14 12:00:00+00:00,2021-09-15 00:00:00+00:00,-1,0.0018678414111943376,6.48115673576033e-05,3.1876,0.109,MEAN_CROSS,0.0018030298438367343,4.651505,12
2021-09-16 06:00:00+00:00,2021-09-16 19:00:00+00:00,1,-0.001141962157635401,0.0007563001541690539,-2.9532,2.1094,MEAN_CROSS,0.001898262311804455,4.897189,13
2021-09-17 13:00:00+00:00,2021-09-20 10:00:00+00:00,1,-0.0015788326950019194,0.00010321369196408803,-2.4044,0.6485,MEAN_CROSS,0.0016820463869660074,4.339389,21
2021-09-21 01:00:00+00:00,2021-09-21 13:00:00+00:00,-1,0.000781477746943704,-0.0005383314334201916,2.4464,-2.069,MEAN_CROSS,0.0013198091803638956,3.40488,12
2021-09-21 14:00:00+00:00,2021-09-22 06:00:00+00:00,1,-0.0007948972213644989,0.00031629107867714445,-2.7604,1.1419,MEAN_CROSS,0.0011111883000416434,2.866674,16
2021-09-22 18:00:00+00:00,2021-09-23 06:00:00+00:00,1,-0.002351094811732235,0.0005575170629303905,-7.8684,1.0005,MEAN_CROSS,0.0029086118746626255,7.503716,12
2021-09-24 11:00:00+00:00,2021-09-26 23:00:00+00:00,1,-0.0013825634837194567,0.00020175103252184634,-3.7294,0.7546,MEAN_CROSS,0.001584314516241303,4.087258,12
2021-09-27 07:00:00+00:00,2021-09-28 02:00:00+00:00,1,-0.0013662841323529573,9.781742917480685e-05,-3.1158,0.5791,MEAN_CROSS,0.0014641015615277642,3.777129,19
2021-09-28 06:00:00+00:00,2021-09-28 19:00:00+00:00,1,-0.0012414105155136301,0.0004062427101516608,-2.432,1.7163,MEAN_CROSS,0.001647653225665291,3.675866,13
2021-09-29 07:00:00+00:00,2021-09-29 22:00:00+00:00,1,-0.0012959819618185708,-8.97719505563721e-05,-3.5843,0.5942,MEAN_CROSS,0.0012062100112621987,2.691019,15
2021-09-30 10:00:00+00:00,2021-09-30 22:00:00+00:00,1,-0.0019475436082441178,4.982932855601696e-05,-2.1683,0.556,MEAN_CROSS,0.0019973729368001347,4.45608,12
2021-10-01 11:00:00+00:00,2021-10-04 00:00:00+00:00,-1,0.0010655548204066,1.596192663821938e-05,2.2776,-0.3642,MEAN_CROSS,0.0010495928937683807,2.341611,13
2021-10-04 11:00:00+00:00,2021-10-04 23:00:00+00:00,-1,0.0013008490132884187,-0.0001756086753155195,2.6894,-0.7018,MEAN_CROSS,0.0014764576886039382,3.293934,12
2021-10-05 01:00:00+00:00,2021-10-05 15:00:00+00:00,1,-0.0007966813808835127,0.0008374600708438429,-2.0359,2.0521,MEAN_CROSS,0.0016341414517273556,3.645722,14
2021-10-06 07:00:00+00:00,2021-10-06 19:00:00+00:00,1,-0.0017866272141826567,0.0006840833627819176,-4.5689,1.6684,MEAN_CROSS,0.0024707105769645743,5.512083,12
2021-10-08 05:00:00+00:00,2021-10-08 18:00:00+00:00,1,-0.0006407294220129867,0.0005868013703473896,-2.1828,1.5201,MEAN_CROSS,0.0012275307923603762,2.738585,13
2021-10-11 09:00:00+00:00,2021-10-12 02:00:00+00:00,1,-0.0011356605454007074,0.00032427770468190786,-3.2559,1.1464,MEAN_CROSS,0.0014599382500826152,3.257079,17
2021-10-12 16:00:00+00:00,2021-10-13 04:00:00+00:00,1,-0.0010689275177220292,0.0003452398858805328,-2.3921,0.8085,MEAN_CROSS,0.001414167403602562,3.154966,12
2021-10-13 12:00:00+00:00,2021-10-14 06:00:00+00:00,1,-0.00103382075809888,0.0005984211687115604,-2.1321,0.5323,MEAN_CROSS,0.0016322419268104404,3.641484,18
2021-10-14 14:00:00+00:00,2021-10-15 02:00:00+00:00,1,-0.0007833678221400575,0.0007997381576172469,-2.1044,1.7304,MEAN_CROSS,0.0015831059797573044,3.531863,12
2021-10-18 11:00:00+00:00,2021-10-18 23:00:00+00:00,-1,0.0007958934810858853,0.00019282800262687694,2.0109,0.2095,MEAN_CROSS,0.0006030654784590084,1.279572,12
2021-10-19 01:00:00+00:00,2021-10-19 13:00:00+00:00,-1,0.0012010101733272993,0.00013986708376201307,2.0571,-0.6466,MEAN_CROSS,0.0010611430895652862,2.251512,12
2021-10-19 14:00:00+00:00,2021-10-20 04:00:00+00:00,1,-0.0007294874952712416,0.0007376035706874173,-2.2918,0.8703,MEAN_CROSS,0.001467091065958659,3.112844,14
2021-10-20 07:00:00+00:00,2021-10-21 00:00:00+00:00,1,-0.0011795056244996438,0.000337794585608453,-2.1034,0.5158,MEAN_CROSS,0.0015173002101080968,3.219377,17
2021-10-21 17:00:00+00:00,2021-10-22 06:00:00+00:00,1,-0.0009430767010694119,0.000638321713362533,-2.1049,2.051,MEAN_CROSS,0.0015813984144319448,3.355379,13
2021-10-22 07:00:00+00:00,2021-10-24 21:00:00+00:00,-1,0.0008052977617309942,-5.522018169501486e-05,2.3559,-0.0719,MEAN_CROSS,0.0008605179434260091,1.825829,14
2021-10-25 03:00:00+00:00,2021-10-25 15:00:00+00:00,-1,0.001278765163090112,-0.00024508832555469873,3.3461,-0.1274,MEAN_CROSS,0.0015238534886448107,3.233281,12
2021-10-27 12:00:00+00:00,2021-10-28 00:00:00+00:00,-1,0.0012522275991126985,-0.0006062489560512141,2.4825,-1.4412,MEAN_CROSS,0.0018584765551639126,3.943278,12
2021-10-28 12:00:00+00:00,2021-10-29 00:00:00+00:00,-1,0.002039857081264085,0.000173170718808624,3.8522,-0.2675,MEAN_CROSS,0.0018666863624554608,3.960697,12
2021-10-29 14:00:00+00:00,2021-11-01 04:00:00+00:00,1,-0.004204677863140827,-0.00018338104312554115,-3.4575,0.5149,MEAN_CROSS,0.004021296820015285,8.532306,14
2021-11-02 08:00:00+00:00,2021-11-03 01:00:00+00:00,1,-0.001061754136137072,0.0001667404115199833,-3.3406,0.5756,MEAN_CROSS,0.0012284945476570552,2.606595,17
2021-11-03 13:00:00+00:00,2021-11-04 12:00:00+00:00,1,-0.0009764805184226955,0.0003067803388983048,-2.1376,0.59,MEAN_CROSS,0.0012832608573210003,2.722797,23
2021-11-05 12:00:00+00:00,2021-11-08 08:00:00+00:00,1,-0.0017614250172939272,0.0006311243440244585,-2.2324,0.7791,MEAN_CROSS,0.0023925493613183857,3.910014,19
2021-11-09 11:00:00+00:00,2021-11-10 09:00:00+00:00,1,-0.0008493148515245075,0.00031897289059124034,-2.7654,0.7492,MEAN_CROSS,0.0011682877421157478,1.909269,22
2021-11-10 11:00:00+00:00,2021-11-10 23:00:00+00:00,1,-0.0016161508725651696,-5.192813198595658e-05,-3.0932,0.7033,MEAN_CROSS,0.001564222740579213,2.556324,12
2021-11-15 01:00:00+00:00,2021-11-15 13:00:00+00:00,-1,0.0010091259981428458,-6.803736373250935e-05,3.4781,-0.2352,MEAN_CROSS,0.001077163361875355,1.76035,12
2021-11-15 15:00:00+00:00,2021-11-16 03:00:00+00:00,1,-0.0015090270835100839,0.00029766602584446744,-3.9871,0.8071,MEAN_CROSS,0.0018066931093545513,2.952581,12
2021-11-17 03:00:00+00:00,2021-11-17 16:00:00+00:00,1,-0.0021222432165552974,0.0006026441164863616,-3.1097,1.4014,MEAN_CROSS,0.002724887333041659,4.453136,13
2021-11-18 16:00:00+00:00,2021-11-19 04:00:00+00:00,-1,0.001080173196063683,-0.000415463793924431,2.0469,-1.3095,MEAN_CROSS,0.001495636989988114,2.444238,12
2021-11-19 08:00:00+00:00,2021-11-22 04:00:00+00:00,1,-0.0018106612950918866,0.00022260857845868287,-3.598,0.8007,MEAN_CROSS,0.0020332698735505694,3.322863,20
2021-11-23 07:00:00+00:00,2021-11-23 19:00:00+00:00,-1,0.0009585136161665009,-0.00021368851741176975,2.2099,-0.127,MEAN_CROSS,0.0011722021335782706,1.915666,12
2021-11-24 08:00:00+00:00,2021-11-24 20:00:00+00:00,1,-0.0013330931433845894,0.0004472595231905796,-2.7099,1.3918,MEAN_CROSS,0.001780352666575169,2.909534,12
2021-11-26 08:00:00+00:00,2021-11-26 21:00:00+00:00,-1,0.0013484652150035359,0.0002652780777441244,3.5894,-0.4258,MEAN_CROSS,0.0010831871372594115,1.844474,13
2021-11-28 22:00:00+00:00,2021-11-29 19:00:00+00:00,1,-0.0009059453459829836,0.000387962019919863,-2.0633,0.5281,MEAN_CROSS,0.0012939073659028466,2.203293,21
2021-11-30 06:00:00+00:00,2021-11-30 18:00:00+00:00,-1,0.0013726363842798683,-0.0001692041167233871,2.0023,-0.2132,MEAN_CROSS,0.0015418405010032554,2.625479,12
2021-12-02 15:00:00+00:00,2021-12-03 09:00:00+00:00,1,-0.0011728249129985269,0.00034648774016043937,-2.0648,0.9617,MEAN_CROSS,0.0015193126531589662,2.587118,18
2021-12-03 18:00:00+00:00,2021-12-06 06:00:00+00:00,-1,0.0013457742698010922,-0.000528486626197866,2.2665,-0.7107,MEAN_CROSS,0.0018742608959989582,3.191531,12
2021-12-07 08:00:00+00:00,2021-12-07 20:00:00+00:00,1,-0.000947392135627334,0.0009015286154931967,-2.0286,2.0451,MEAN_CROSS,0.0018489207511205308,3.148381,12
2021-12-08 13:00:00+00:00,2021-12-09 01:00:00+00:00,-1,0.0018886847765646753,-0.00045478428276735094,2.755,-1.5351,MEAN_CROSS,0.002343469059332026,3.990509,12
2021-12-09 15:00:00+00:00,2021-12-10 03:00:00+00:00,1,-0.0016800912869363582,0.0001395645878463636,-2.2714,0.9728,MEAN_CROSS,0.0018196558747827218,3.098548,12
2021-12-10 10:00:00+00:00,2021-12-13 13:00:00+00:00,1,-0.0013022099917823216,0.0005025524395771974,-2.2752,0.9157,MEAN_CROSS,0.001804762431359519,3.073188,27
2021-12-14 09:00:00+00:00,2021-12-14 21:00:00+00:00,-1,0.0014273800946793536,-0.0002640541680212216,3.4159,-0.1875,MEAN_CROSS,0.0016914342627005752,2.88021,12
2021-12-15 20:00:00+00:00,2021-12-16 10:00:00+00:00,-1,0.0014851284350803073,-0.0003911317789180302,2.6314,-1.148,MEAN_CROSS,0.0018762602139983375,2.218004,14
2021-12-16 12:00:00+00:00,2021-12-17 00:00:00+00:00,-1,0.0017059984293976704,-9.403069890168148e-05,2.4329,-0.6102,MEAN_CROSS,0.001800029128299352,2.127888,12
2021-12-17 15:00:00+00:00,2021-12-20 03:00:00+00:00,1,-0.00265861697411518,0.00019255059682321551,-3.0516,0.7641,MEAN_CROSS,0.0028511675709383955,3.370481,12
2021-12-20 13:00:00+00:00,2021-12-21 01:00:00+00:00,-1,0.001713257066861873,0.00021388078224870988,2.3256,0.2541,MEAN_CROSS,0.001499376284613163,1.772474,12
2021-12-21 14:00:00+00:00,2021-12-22 09:00:00+00:00,1,-0.001079048171867436,0.0007324145584490793,-2.4204,1.6324,MEAN_CROSS,0.0018114627303165154,2.141404,19
2021-12-22 10:00:00+00:00,2021-12-22 22:00:00+00:00,-1,0.0010819031397892864,-0.0003086216702063993,2.2157,-1.0872,MEAN_CROSS,0.0013905248099956857,1.643796,12
2021-12-23 08:00:00+00:00,2021-12-24 04:00:00+00:00,1,-0.0012144140562331263,0.00044632598043170546,-2.6048,0.8025,MEAN_CROSS,0.0016607400366648317,1.963228,20
2021-12-24 15:00:00+00:00,2021-12-27 03:00:00+00:00,1,-0.0011831020955619387,0.00035778844324041437,-2.1427,1.0933,MEAN_CROSS,0.001540890538802353,1.82155,12
2021-12-27 07:00:00+00:00,2021-12-27 19:00:00+00:00,-1,0.0007562301163337448,3.508753343872684e-05,2.0396,0.151,MEAN_CROSS,0.000721142582895018,0.852492,12
2021-12-28 14:00:00+00:00,2021-12-29 11:00:00+00:00,1,-0.0012370261242928837,0.0007886002316102037,-3.5034,2.1202,MEAN_CROSS,0.0020256263559030874,2.394575,21
2021-12-29 13:00:00+00:00,2021-12-30 01:00:00+00:00,-1,0.001471810498866466,-0.0002664200496047542,3.2205,-0.6688,MEAN_CROSS,0.0017382305484712202,2.054833,12
2021-12-31 13:00:00+00:00,2022-01-03 01:00:00+00:00,-1,0.0016333506741321724,-0.0006911612614977081,2.4961,-1.3155,MEAN_CROSS,0.0023245119356298805,2.7479,12
2022-01-03 02:00:00+00:00,2022-01-03 23:00:00+00:00,1,-0.0014120240579558185,0.00031775581706039446,-2.1344,0.6816,MEAN_CROSS,0.001729779875016213,2.044843,21
2022-01-04 15:00:00+00:00,2022-01-05 04:00:00+00:00,-1,0.0015443153506404794,-4.977420337470839e-05,2.1238,0.0177,MEAN_CROSS,0.0015940895540151878,1.760763,13
2022-01-05 14:00:00+00:00,2022-01-06 02:00:00+00:00,-1,0.0014196151045891003,0.00036029753749100557,2.2266,0.3145,MEAN_CROSS,0.0010593175670980948,1.170077,12
2022-01-07 14:00:00+00:00,2022-01-10 02:00:00+00:00,-1,0.0017313855599576655,-0.0008939499653801697,3.6584,-1.8324,MEAN_CROSS,0.002625335525337835,2.899833,12
2022-01-10 13:00:00+00:00,2022-01-11 01:00:00+00:00,1,-0.0016260420054365898,0.0004771259834301933,-2.1834,0.9227,MEAN_CROSS,0.002103167988866783,2.323069,12
2022-01-11 16:00:00+00:00,2022-01-12 04:00:00+00:00,-1,0.0017689477828524147,8.132488989920361e-05,2.9724,-0.3812,MEAN_CROSS,0.001687622892953211,1.864076,12
2022-01-12 13:00:00+00:00,2022-01-13 01:00:00+00:00,-1,0.0028291708040917296,-0.0001087002429267514,4.7536,-0.7187,MEAN_CROSS,0.002937871047018481,3.245046,12
2022-01-14 16:00:00+00:00,2022-01-17 04:00:00+00:00,1,-0.0016464690525130887,0.0003104470047656793,-3.1576,0.8999,MEAN_CROSS,0.001956916057278768,2.161525,12
2022-01-18 03:00:00+00:00,2022-01-18 15:00:00+00:00,1,-0.001361666917198523,-0.002210690724957276,-3.2649,-4.0694,STOP_LOSS,-0.0008490238077587531,-0.937795,12
2022-01-18 16:00:00+00:00,2022-01-19 04:00:00+00:00,1,-0.002004933264209585,0.00021738715778329976,-2.8185,0.9931,MEAN_CROSS,0.002222320421992885,2.45468,12
2022-01-20 01:00:00+00:00,2022-01-20 14:00:00+00:00,-1,0.0008182083316468081,-0.00015445377171707797,2.0973,-0.6879,MEAN_CROSS,0.000972662103363886,1.074361,13
2022-01-20 16:00:00+00:00,2022-01-21 06:00:00+00:00,1,-0.0006706519697829982,0.00028444481114831,-2.0892,0.7118,MEAN_CROSS,0.0009550967809313082,1.054959,14
2022-01-24 11:00:00+00:00,2022-01-25 16:00:00+00:00,1,-0.0011910835941588704,0.0005729348008312041,-3.1322,1.3687,MEAN_CROSS,0.0017640183949900745,4.010988,29
2022-01-26 19:00:00+00:00,2022-01-27 14:00:00+00:00,1,-0.0017071517995927987,-0.00032703862825078645,-3.8581,0.6443,MEAN_CROSS,0.0013801131713420123,3.138073,19
2022-01-28 13:00:00+00:00,2022-01-31 04:00:00+00:00,-1,0.0021895715819499895,0.0003368970904826796,4.173,0.4496,MEAN_CROSS,0.00185267449146731,4.212573,15
2022-01-31 13:00:00+00:00,2022-02-01 01:00:00+00:00,-1,0.0017918253172068965,-0.00012802435849157412,2.7618,-0.7885,MEAN_CROSS,0.0019198496756984706,4.365314,12
2022-02-01 15:00:00+00:00,2022-02-02 07:00:00+00:00,1,-0.0009792751626027663,0.0005453633463239349,-2.0749,0.544,MEAN_CROSS,0.0015246385089267012,3.466691,16
2022-02-03 13:00:00+00:00,2022-02-04 01:00:00+00:00,-1,0.005016794675545055,0.0008218400039152751,7.9091,-0.0087,MEAN_CROSS,0.00419495467162978,9.538401,12
2022-02-04 14:00:00+00:00,2022-02-07 11:00:00+00:00,1,-0.0025282368472294703,0.0009419167329580702,-2.0593,1.4681,MEAN_CROSS,0.0034701535801875405,7.890363,21
2022-02-08 07:00:00+00:00,2022-02-08 23:00:00+00:00,1,-0.0015475840452785494,0.00022840271633661757,-2.3109,0.6137,MEAN_CROSS,0.001775986761615167,4.038202,16
2022-02-09 10:00:00+00:00,2022-02-09 22:00:00+00:00,-1,0.0012118607105786605,-0.00040316307075816127,2.3072,-1.1825,MEAN_CROSS,0.0016150237813368218,3.672207,12
2022-02-10 09:00:00+00:00,2022-02-10 21:00:00+00:00,-1,0.0009656706007943328,-0.0013009592493529176,2.3205,-1.4539,MEAN_CROSS,0.0022666298501472504,5.153816,12
2022-02-11 18:00:00+00:00,2022-02-14 12:00:00+00:00,1,-0.0031193134360942842,0.0006529881149062167,-2.4357,1.1163,MEAN_CROSS,0.003772301551000501,3.176251,18
2022-02-15 08:00:00+00:00,2022-02-15 20:00:00+00:00,-1,0.0018773739510773435,0.00014930835507387386,3.2491,-0.1197,MEAN_CROSS,0.0017280655960034697,1.455019,12
2022-02-16 08:00:00+00:00,2022-02-16 20:00:00+00:00,-1,0.001790781617621473,0.00011477438388540762,2.1518,-0.1181,MEAN_CROSS,0.0016760072337360654,1.411186,12
2022-02-17 03:00:00+00:00,2022-02-17 15:00:00+00:00,1,-0.0027711704765953638,0.0003111221715716983,-4.9155,0.5034,MEAN_CROSS,0.003082292648167062,2.595268,12
2022-02-18 13:00:00+00:00,2022-02-21 01:00:00+00:00,1,-0.0009628100108232118,0.0017555432911986468,-2.3361,3.8452,MEAN_CROSS,0.0027183533020218587,2.288834,12
2022-02-21 02:00:00+00:00,2022-02-21 14:00:00+00:00,-1,0.0013818830585368147,-0.0006029051871556668,2.4691,-0.4811,MEAN_CROSS,0.0019847882456924815,1.671178,12
2022-02-22 08:00:00+00:00,2022-02-22 20:00:00+00:00,-1,0.001705842881718711,-0.0006439388041994398,2.5973,-0.7151,MEAN_CROSS,0.002349781685918151,1.978499,12
2022-02-24 00:00:00+00:00,2022-02-24 16:00:00+00:00,1,-0.0019802715314301,0.00028246336257020666,-2.7466,1.4166,MEAN_CROSS,0.0022627348940003067,1.905207,16
2022-02-24 17:00:00+00:00,2022-02-25 06:00:00+00:00,-1,0.00115782003648901,-0.0009870674754126618,2.2781,-0.2961,MEAN_CROSS,0.002144887511901672,1.80598,13
2022-02-27 22:00:00+00:00,2022-02-28 10:00:00+00:00,1,-0.0071030668735161395,0.0031978113813686537,-7.5436,1.7459,MEAN_CROSS,0.010300878254884793,8.673266,12
2022-03-01 12:00:00+00:00,2022-03-02 00:00:00+00:00,1,-0.0020356276776472004,4.4306302035890255e-05,-2.0734,0.5807,MEAN_CROSS,0.0020799339796830907,1.75129,12
2022-03-02 18:00:00+00:00,2022-03-03 06:00:00+00:00,-1,0.0019218671340672788,3.131007786350004e-05,2.3562,0.1933,MEAN_CROSS,0.0018905570562037788,1.591836,12
2022-03-04 00:00:00+00:00,2022-03-04 12:00:00+00:00,1,-0.003322169838791744,-0.0040270685738497125,-4.424,-4.2394,STOP_LOSS,-0.0007048987350579683,-0.807026,12
2022-03-04 13:00:00+00:00,2022-03-07 03:00:00+00:00,1,-0.004363612659709526,0.00037344460150867675,-3.5966,1.0979,MEAN_CROSS,0.004737057261218203,5.423373,14
2022-03-07 12:00:00+00:00,2022-03-08 00:00:00+00:00,-1,0.0021250650485762357,-0.0002935420930056942,2.1635,0.0295,MEAN_CROSS,0.00241860714158193,2.769021,12
2022-03-08 08:00:00+00:00,2022-03-08 20:00:00+00:00,-1,0.0022660393509201793,-0.00017842682367197327,2.3965,-0.3771,MEAN_CROSS,0.0024444661745921525,2.798626,12
2022-03-09 09:00:00+00:00,2022-03-09 21:00:00+00:00,-1,0.0027014514469403395,0.0005586545756302019,2.2729,-0.3201,MEAN_CROSS,0.0021427968713101375,2.45325,12
2022-03-10 08:00:00+00:00,2022-03-10 23:00:00+00:00,1,-0.0017817469900438532,0.0015640210103329277,-2.0427,1.2812,MEAN_CROSS,0.003345768000376781,3.830511,15
2022-03-11 11:00:00+00:00,2022-03-14 01:00:00+00:00,-1,0.0020500567279750914,-0.0005040508032503332,2.003,-0.0895,MEAN_CROSS,0.0025541075312254247,2.924153,15
2022-03-14 08:00:00+00:00,2022-03-14 20:00:00+00:00,-1,0.0023099962626222936,-0.0011335472565181526,2.3573,-0.7301,MEAN_CROSS,0.003443543519140446,3.942452,12
2022-03-15 16:00:00+00:00,2022-03-16 05:00:00+00:00,1,-0.001915893818405623,0.0006833837804693932,-2.4895,0.5768,MEAN_CROSS,0.002599277598875016,2.975867,13
2022-03-16 19:00:00+00:00,2022-03-17 07:00:00+00:00,-1,0.0029107530356289324,0.0008495619096060558,3.0832,0.4618,MEAN_CROSS,0.0020611911260228766,2.359821,12
2022-03-17 15:00:00+00:00,2022-03-18 03:00:00+00:00,-1,0.0025362365556909072,-0.0004962277583113739,2.3099,-0.9349,MEAN_CROSS,0.003032464314002281,3.471815,12
2022-03-18 10:00:00+00:00,2022-03-21 02:00:00+00:00,1,-0.002064000747468153,0.0002718647580510769,-2.1829,0.8587,MEAN_CROSS,0.00233586550551923,2.674291,16
2022-03-22 00:00:00+00:00,2022-03-22 12:00:00+00:00,1,-0.0018789556887708336,0.0009066514362774392,-3.904,1.7102,MEAN_CROSS,0.002785607125048273,3.189192,12
2022-03-22 13:00:00+00:00,2022-03-23 01:00:00+00:00,-1,0.002190993867754454,-3.35380017979503e-05,3.369,-0.0417,MEAN_CROSS,0.002224531869552404,2.546827,12
2022-03-23 09:00:00+00:00,2022-03-23 21:00:00+00:00,1,-0.0015845522273230106,0.0002684434487669751,-2.3128,0.5569,MEAN_CROSS,0.0018529956760899857,2.279792,12
2022-03-24 15:00:00+00:00,2022-03-25 05:00:00+00:00,-1,0.0012567426091900646,0.00019463171270084345,2.0333,0.142,MEAN_CROSS,0.0010621108964892212,1.306744,14
2022-03-25 09:00:00+00:00,2022-03-28 08:00:00+00:00,1,-0.0011560511392425532,0.002513731274401021,-2.3298,4.8306,MEAN_CROSS,0.003669782413643574,4.515034,23
2022-03-28 16:00:00+00:00,2022-03-29 04:00:00+00:00,-1,0.001396360249038553,-0.0002579519894707616,2.0007,-0.3836,MEAN_CROSS,0.0016543122385093145,2.035346,12
2022-03-29 09:00:00+00:00,2022-03-29 21:00:00+00:00,-1,0.0030642397243016983,3.926655854691319e-06,3.9231,-0.4929,MEAN_CROSS,0.003060313068447007,3.765187,12
2022-03-31 07:00:00+00:00,2022-03-31 22:00:00+00:00,1,-0.0009489414512626748,0.00014417162563429287,-2.0602,0.7211,MEAN_CROSS,0.0010931130768969677,1.344887,15
2022-04-04 07:00:00+00:00,2022-04-04 21:00:00+00:00,1,-0.000981426178517486,-3.4785586766616916e-07,-2.1188,0.7206,MEAN_CROSS,0.0009810783226498199,1.207048,14
2022-04-05 14:00:00+00:00,2022-04-06 03:00:00+00:00,1,-0.0016785315838656611,0.00019249852955827151,-2.0745,0.9567,MEAN_CROSS,0.0018710301134239327,2.30198,13
2022-04-06 08:00:00+00:00,2022-04-06 20:00:00+00:00,-1,0.001983100272535676,-0.0004490802366161617,3.5931,-0.1362,MEAN_CROSS,0.002432180509151838,2.992379,12
2022-04-07 08:00:00+00:00,2022-04-08 05:00:00+00:00,1,-0.0019533496121946214,0.00034410232683890207,-3.098,0.7708,MEAN_CROSS,0.0022974519390335235,2.826618,21
2022-04-08 10:00:00+00:00,2022-04-10 22:00:00+00:00,-1,0.0012378937846106997,0.0002854730350765333,2.0866,0.4947,MEAN_CROSS,0.0009524207495341663,1.171789,12
2022-04-11 07:00:00+00:00,2022-04-11 19:00:00+00:00,-1,0.0014731336774964632,-0.00013913060073189598,2.0503,-0.2793,MEAN_CROSS,0.0016122642782283592,1.983613,12
2022-04-12 12:00:00+00:00,2022-04-13 00:00:00+00:00,-1,0.001729083152110844,-0.0007966004751112088,2.736,-0.6992,MEAN_CROSS,0.002525683627222053,3.70821,12
2022-04-13 14:00:00+00:00,2022-04-14 02:00:00+00:00,-1,0.0015878407748322054,0.0004595055985294749,2.5457,0.1069,MEAN_CROSS,0.0011283351763027305,1.656622,12
2022-04-14 11:00:00+00:00,2022-04-15 08:00:00+00:00,1,-0.0026405914584779477,0.000689127469375217,-3.8663,0.7349,MEAN_CROSS,0.0033297189278531647,4.888695,21
2022-04-18 11:00:00+00:00,2022-04-18 23:00:00+00:00,-1,0.0007837164166979438,-6.33363048438973e-05,2.5368,0.2189,MEAN_CROSS,0.0008470527215418411,1.243643,12
2022-04-19 07:00:00+00:00,2022-04-19 19:00:00+00:00,-1,0.001533228852982127,-2.69386164304386e-05,4.2825,-0.0213,MEAN_CROSS,0.0015601674694125656,2.290639,12
2022-04-20 08:00:00+00:00,2022-04-20 20:00:00+00:00,-1,0.0015920549720160881,0.00028095708309350265,2.4183,-0.0586,MEAN_CROSS,0.0013110978889225855,1.924955,12
2022-04-21 06:00:00+00:00,2022-04-21 18:00:00+00:00,-1,0.0038309612490190492,-0.000854263464959093,4.5277,-0.706,MEAN_CROSS,0.004685224713978142,6.87885,12
2022-04-25 06:00:00+00:00,2022-04-25 19:00:00+00:00,1,-0.004174499153376976,1.935261204288885e-05,-5.0302,0.6261,MEAN_CROSS,0.004193851765419865,6.157416,13
2022-04-26 07:00:00+00:00,2022-04-26 22:00:00+00:00,1,-0.002746507996207459,9.309895097686649e-05,-2.2873,0.6583,MEAN_CROSS,0.0028396069471843255,4.169113,15
2022-04-27 08:00:00+00:00,2022-04-27 20:00:00+00:00,1,-0.0026469453625526107,-2.96552013527851e-05,-2.7963,0.5621,MEAN_CROSS,0.0026172901611998256,3.842707,12
2022-04-28 07:00:00+00:00,2022-04-28 20:00:00+00:00,-1,0.0018463633326155637,-0.00042206718505566343,2.3206,-0.0724,MEAN_CROSS,0.002268430517671227,3.330511,13
2022-04-29 05:00:00+00:00,2022-04-29 19:00:00+00:00,-1,0.0014628756554999622,-0.0005493604606192637,2.1499,-1.0863,MEAN_CROSS,0.002012236116119226,2.954366,14
2022-05-03 00:00:00+00:00,2022-05-03 12:00:00+00:00,-1,0.0010306029887137136,0.002913683760598751,2.0412,4.1314,STOP_LOSS,-0.0018830807718850373,-1.975695,12
2022-05-04 18:00:00+00:00,2022-05-05 06:00:00+00:00,-1,0.0038165446689830684,-0.0010575868223907658,4.6974,-1.6956,MEAN_CROSS,0.004874131491373834,5.113852,12
2022-05-05 11:00:00+00:00,2022-05-06 07:00:00+00:00,1,-0.002862897970326017,0.00035441387919998846,-3.5139,0.7879,MEAN_CROSS,0.0032173118495260056,3.375546,20
2022-05-06 08:00:00+00:00,2022-05-06 20:00:00+00:00,-1,0.0023687087564543408,-0.0003002047253282125,2.7883,-0.2361,MEAN_CROSS,0.0026689134817825533,2.800177,12
2022-05-10 09:00:00+00:00,2022-05-11 01:00:00+00:00,1,-0.0012635501385911407,0.00010229110802795205,-2.1928,0.5194,MEAN_CROSS,0.0013658412466190928,1.433016,16
2022-05-11 12:00:00+00:00,2022-05-12 00:00:00+00:00,1,-0.0011951502794849134,0.000533608886050807,-2.1671,1.3249,MEAN_CROSS,0.0017287591655357204,1.813783,12
2022-05-12 07:00:00+00:00,2022-05-12 19:00:00+00:00,1,-0.0031329164767459616,2.4379496679882706e-05,-5.2897,0.7784,MEAN_CROSS,0.0031572959734258443,3.312579,12
2022-05-13 15:00:00+00:00,2022-05-16 03:00:00+00:00,-1,0.0017553118740201157,-0.0004086632383828448,2.0266,-0.8024,MEAN_CROSS,0.0021639751124029605,2.270404,12
2022-05-16 08:00:00+00:00,2022-05-16 20:00:00+00:00,-1,0.001930961160611755,0.00023488786748249169,2.4571,-0.1244,MEAN_CROSS,0.0016960732931292632,1.77949,12
2022-05-17 08:00:00+00:00,2022-05-17 20:00:00+00:00,-1,0.001820601353675011,0.00045444003058814353,2.7778,-0.1996,MEAN_CROSS,0.0013661613230868674,1.433352,12
2022-05-18 14:00:00+00:00,2022-05-19 02:00:00+00:00,1,-0.001593008698565157,0.0009347901618543819,-2.0774,1.7126,MEAN_CROSS,0.002527798860419539,2.652122,12
2022-05-19 10:00:00+00:00,2022-05-19 23:00:00+00:00,-1,0.0016948438842292468,-0.00036827072486711465,2.5748,-0.4667,MEAN_CROSS,0.0020631146090963615,2.164583,12
2022-05-23 08:00:00+00:00,2022-05-23 20:00:00+00:00,-1,0.0027669909071414978,0.00044499636404737863,4.0566,-0.1724,MEAN_CROSS,0.002321994543094119,2.274568,12
2022-05-24 07:00:00+00:00,2022-05-24 19:00:00+00:00,-1,0.0031685704580137752,0.00015776139541068268,2.7228,-0.3003,MEAN_CROSS,0.0030108090626030926,2.949314,12
2022-05-25 08:00:00+00:00,2022-05-25 20:00:00+00:00,1,-0.001733161198418598,0.00026925742419048326,-2.085,0.6993,MEAN_CROSS,0.002002418622609081,1.96152,12
2022-05-26 00:00:00+00:00,2022-05-26 12:00:00+00:00,-1,0.001256827560369711,-0.00022533397414870038,2.0449,-0.168,MEAN_CROSS,0.0014821615345184114,1.451889,12
2022-05-27 01:00:00+00:00,2022-05-27 14:00:00+00:00,-1,0.0016887916770562672,-0.0010832595697982672,2.1177,-1.4734,MEAN_CROSS,0.0027720512468545344,2.715433,13
2022-05-31 00:00:00+00:00,2022-05-31 13:00:00+00:00,1,-0.0015416683212088333,0.00036992338160724003,-3.9803,0.6995,MEAN_CROSS,0.0019115917028160734,1.872548,13
2022-06-01 14:00:00+00:00,2022-06-02 03:00:00+00:00,1,-0.002739441523355257,0.00015543815516827486,-3.2472,0.6686,MEAN_CROSS,0.002894879678523532,2.835752,13
2022-06-03 10:00:00+00:00,2022-06-06 03:00:00+00:00,1,-0.0005882515793007581,0.0002250864880033454,-2.0453,0.6532,MEAN_CROSS,0.0008133380673041035,0.796726,17
2022-06-06 07:00:00+00:00,2022-06-06 19:00:00+00:00,-1,0.0010420162466442395,-0.00014350403840968085,2.5842,-0.1389,MEAN_CROSS,0.0011855202850539204,1.161306,12
2022-06-07 13:00:00+00:00,2022-06-08 01:00:00+00:00,-1,0.0009590533742032115,-0.0006259348781241236,2.081,-1.2018,MEAN_CROSS,0.001584988252327335,1.552615,12
2022-06-08 09:00:00+00:00,2022-06-08 21:00:00+00:00,-1,0.0013996146724666314,4.86478096397569e-05,2.3612,-0.2827,MEAN_CROSS,0.0013509668628268745,1.323374,12
2022-06-09 13:00:00+00:00,2022-06-10 01:00:00+00:00,1,-0.0029096186187342887,0.0001604278083864319,-4.3806,0.6879,MEAN_CROSS,0.0030700464271207206,4.195512,12
2022-06-10 12:00:00+00:00,2022-06-13 02:00:00+00:00,1,-0.00408718356145199,-0.0002386705668457889,-3.1275,0.5576,MEAN_CROSS,0.0038485129946062013,5.259361,14
2022-06-14 03:00:00+00:00,2022-06-14 15:00:00+00:00,-1,0.0007860416201730391,-0.00013968584890444724,2.1689,0.0714,MEAN_CROSS,0.0009257274690774864,1.265095,12
2022-06-15 05:00:00+00:00,2022-06-15 17:00:00+00:00,-1,0.001929268746403645,-0.00012530994333248557,2.8048,-0.0055,MEAN_CROSS,0.0020545786897361307,2.807778,12
2022-06-16 07:00:00+00:00,2022-06-20 02:00:00+00:00,1,-0.004355037714633747,0.001363117639354705,-3.2066,2.279,MEAN_CROSS,0.005718155353988452,7.814406,43
2022-06-20 03:00:00+00:00,2022-06-20 16:00:00+00:00,-1,0.0014171091594397112,-0.00029137428238135143,2.1089,-0.4449,MEAN_CROSS,0.0017084834418210626,2.334806,13
2022-06-21 07:00:00+00:00,2022-06-21 19:00:00+00:00,-1,0.001536066144633308,-0.0004343480464901184,2.1852,-0.6708,MEAN_CROSS,0.0019704141911234263,2.692759,12
2022-06-22 13:00:00+00:00,2022-06-23 01:00:00+00:00,-1,0.0020736576105464533,-0.0005428879019764299,2.5464,-0.6782,MEAN_CROSS,0.002616545512522883,3.575759,12
2022-06-23 07:00:00+00:00,2022-06-23 19:00:00+00:00,1,-0.0032494875874147233,0.0007193036763095684,-3.7298,0.6449,MEAN_CROSS,0.003968791263724292,5.423733,12
2022-06-27 07:00:00+00:00,2022-06-27 19:00:00+00:00,-1,0.0014894442451198753,-0.0005317408937046686,2.0835,-1.8046,MEAN_CROSS,0.002021185138824544,2.762143,12
2022-06-28 12:00:00+00:00,2022-06-29 01:00:00+00:00,1,-0.0022086088609531984,0.0002574078160091364,-4.3145,0.9935,MEAN_CROSS,0.002466016676962335,3.370047,13
2022-06-29 13:00:00+00:00,2022-06-30 02:00:00+00:00,1,-0.002336083979543213,0.0005462681638972455,-2.5077,1.3765,MEAN_CROSS,0.0028823521434404586,3.878747,13
2022-06-30 14:00:00+00:00,2022-07-01 02:00:00+00:00,-1,0.0027083470575046675,-0.00043559328813014275,3.7933,-0.5393,MEAN_CROSS,0.0031439403456348103,4.230764,12
2022-07-01 12:00:00+00:00,2022-07-04 05:00:00+00:00,1,-0.0021570278383860053,0.0002489619983072622,-2.0054,0.6731,MEAN_CROSS,0.0024059898366932675,3.237712,17
2022-07-05 07:00:00+00:00,2022-07-05 19:00:00+00:00,1,-0.0038749579918799792,0.00044537773428610095,-7.8221,0.8762,MEAN_CROSS,0.00432033572616608,5.813825,12
2022-07-08 00:00:00+00:00,2022-07-08 17:00:00+00:00,-1,0.001210244156255369,0.00028930447658370717,2.1715,0.405,MEAN_CROSS,0.0009209396796716618,1.239298,17
2022-07-12 06:00:00+00:00,2022-07-12 18:00:00+00:00,-1,0.00027045520805013545,-0.0007144539685077778,2.2681,-0.5253,MEAN_CROSS,0.0009849091765579132,1.325381,12
2022-07-13 12:00:00+00:00,2022-07-14 07:00:00+00:00,1,-0.0015437115335037443,0.0015318178567229612,-2.3879,1.5309,MEAN_CROSS,0.0030755293902267056,4.138704,19
2022-07-18 07:00:00+00:00,2022-07-18 19:00:00+00:00,-1,0.0027587993080362416,-0.0007318730563317111,4.0687,-1.482,MEAN_CROSS,0.0034906723643679527,4.697357,12
2022-07-19 07:00:00+00:00,2022-07-19 19:00:00+00:00,-1,0.005027593033800848,-0.0008391367833144869,4.625,-0.9212,MEAN_CROSS,0.005866729817115335,5.803344,12
2022-07-20 10:00:00+00:00,2022-07-21 00:00:00+00:00,1,-0.002522665400575219,0.0004114721644008501,-2.3901,0.7902,MEAN_CROSS,0.0029341375649760693,2.902436,14
2022-07-21 12:00:00+00:00,2022-07-22 00:00:00+00:00,-1,0.0037137942856217965,-0.0009194506574830008,3.8901,-0.9513,MEAN_CROSS,0.004633244943104797,4.583186,12
2022-07-22 07:00:00+00:00,2022-07-25 02:00:00+00:00,1,-0.003601897908347862,0.0006551699017787183,-3.204,0.6442,MEAN_CROSS,0.00425706781012658,4.211073,19
2022-07-26 09:00:00+00:00,2022-07-26 21:00:00+00:00,1,-0.00230141654930871,-7.585493629025386e-05,-3.3036,0.6221,MEAN_CROSS,0.0022255616130184563,2.201516,12
2022-07-27 18:00:00+00:00,2022-07-28 06:00:00+00:00,-1,0.003827688127693074,0.0004187022412156516,5.1999,-0.0206,MEAN_CROSS,0.0034089858864774225,3.372154,12
2022-07-28 09:00:00+00:00,2022-07-29 03:00:00+00:00,1,-0.0035931928160151116,0.0006718489305836961,-3.7916,0.5753,MEAN_CROSS,0.004265041746598808,4.218961,18
2022-08-02 06:00:00+00:00,2022-08-03 01:00:00+00:00,1,-0.0014170774392661123,0.0004041362344169297,-2.6224,1.3557,MEAN_CROSS,0.001821213673683042,1.801537,19
2022-08-03 08:00:00+00:00,2022-08-03 22:00:00+00:00,-1,0.0013328573930084797,-0.00022591238555680349,2.7109,-0.1859,MEAN_CROSS,0.0015587697785652832,1.541928,14
2022-08-04 16:00:00+00:00,2022-08-05 04:00:00+00:00,-1,0.0015545116137929416,2.8830266145307704e-05,2.1835,-0.5216,MEAN_CROSS,0.0015256813476476339,1.509197,12
2022-08-05 08:00:00+00:00,2022-08-08 01:00:00+00:00,1,-0.0008368503712470332,0.0001302789912436264,-2.0436,0.5115,MEAN_CROSS,0.0009671293624906596,0.95668,17
2022-08-09 08:00:00+00:00,2022-08-09 20:00:00+00:00,-1,0.0017285088192324771,1.6546498600611415e-05,4.3776,-0.0368,MEAN_CROSS,0.0017119623206318657,2.40905,12
2022-08-10 11:00:00+00:00,2022-08-10 23:00:00+00:00,-1,0.0014487604290946976,-0.0002846698034748574,2.4417,-0.482,MEAN_CROSS,0.001733430232569555,2.439259,12
2022-08-12 12:00:00+00:00,2022-08-15 00:00:00+00:00,1,-0.0015059911204020615,0.0003862993037071494,-2.064,1.6287,MEAN_CROSS,0.0018922904241092109,2.662805,12
2022-08-15 08:00:00+00:00,2022-08-15 21:00:00+00:00,1,-0.0015318214487249904,-0.00024591345927760244,-2.1564,0.6833,MEAN_CROSS,0.001285907989447388,1.809512,13
2022-08-16 02:00:00+00:00,2022-08-16 16:00:00+00:00,-1,0.0005237871683654305,9.981411124626582e-05,2.3033,0.3646,MEAN_CROSS,0.00042397305711916466,0.596609,14
2022-08-18 06:00:00+00:00,2022-08-19 02:00:00+00:00,1,-0.0007551251098991685,0.0002800209050610736,-2.1394,0.9171,MEAN_CROSS,0.001035146014960242,1.456643,20
2022-08-22 02:00:00+00:00,2022-08-22 14:00:00+00:00,-1,0.0007341082989340553,-0.0007760386204114234,2.2056,-0.4048,MEAN_CROSS,0.0015101469193454786,2.125058,12
2022-08-22 15:00:00+00:00,2022-08-23 03:00:00+00:00,1,-0.002081502417233372,-1.2123192176582975e-05,-2.4292,0.6495,MEAN_CROSS,0.002069379225056789,2.912002,12
2022-08-23 13:00:00+00:00,2022-08-24 01:00:00+00:00,-1,0.003628469551923086,-0.0006653289780589322,5.1035,-0.9489,MEAN_CROSS,0.004293798529982018,6.042174,12
2022-08-24 14:00:00+00:00,2022-08-25 02:00:00+00:00,-1,0.003997372278980782,6.346606581519865e-05,4.4898,-0.0439,MEAN_CROSS,0.003933906213165583,5.535739,12
2022-08-26 08:00:00+00:00,2022-08-26 20:00:00+00:00,-1,0.0016041041909802267,-0.0007140261744380538,3.08,-0.7004,MEAN_CROSS,0.0023181303654182805,4.32891,12
2022-08-29 10:00:00+00:00,2022-08-29 22:00:00+00:00,-1,0.002572417685825945,0.0001130291592290611,2.2471,0.0861,MEAN_CROSS,0.002459388526596884,4.592697,12
2022-08-30 07:00:00+00:00,2022-08-30 19:00:00+00:00,-1,0.0026646716869882514,-6.359729744387366e-05,2.5371,-0.477,MEAN_CROSS,0.002728268984432125,5.094809,12
2022-08-31 06:00:00+00:00,2022-08-31 20:00:00+00:00,1,-0.0011591858048056736,0.0007529344605239352,-2.0036,0.5408,MEAN_CROSS,0.0019121202653296088,3.570721,14
2022-09-01 14:00:00+00:00,2022-09-02 02:00:00+00:00,1,-0.002893175297875583,0.00025594309499044066,-2.7998,0.9377,MEAN_CROSS,0.003149118392866024,5.880709,12
2022-09-02 09:00:00+00:00,2022-09-04 21:00:00+00:00,-1,0.0020440136117607643,-0.0023952628645780294,2.8354,-2.0209,MEAN_CROSS,0.004439276476338794,8.289969,12
2022-09-06 10:00:00+00:00,2022-09-07 06:00:00+00:00,1,-0.0017572330492257038,0.0009061699056480688,-3.0852,1.305,MEAN_CROSS,0.0026634029548737725,4.973677,20
2022-09-07 14:00:00+00:00,2022-09-08 02:00:00+00:00,-1,0.0027394139050691546,-0.00014189169444267513,4.1318,-0.5026,MEAN_CROSS,0.0028813055995118297,5.380591,12
2022-09-08 13:00:00+00:00,2022-09-09 01:00:00+00:00,1,-0.0030412797152796767,0.0016900229842531367,-3.4547,1.5563,MEAN_CROSS,0.004731302699532813,8.835303,12
2022-09-09 11:00:00+00:00,2022-09-12 01:00:00+00:00,1,-0.002204840253536844,0.0008821554363829254,-2.091,0.6366,MEAN_CROSS,0.0030869956899197692,5.7647,14
2022-09-12 06:00:00+00:00,2022-09-12 18:00:00+00:00,-1,0.0033880307714710955,-0.0006418417114872899,3.1144,-0.6557,MEAN_CROSS,0.004029872482958385,7.525442,12
2022-09-13 12:00:00+00:00,2022-09-14 00:00:00+00:00,1,-0.005729161583086784,0.00010339558560490403,-4.7545,0.5072,MEAN_CROSS,0.005832557168691688,10.891801,12
2022-09-15 10:00:00+00:00,2022-09-16 00:00:00+00:00,1,-0.001397270036528786,0.0006791758173365636,-2.5494,1.2682,MEAN_CROSS,0.0020764458538653496,3.896249,14
2022-09-16 07:00:00+00:00,2022-09-16 19:00:00+00:00,1,-0.0020992642442185794,0.0008028499883347973,-4.066,0.5989,MEAN_CROSS,0.0029021142325533766,5.445536,12
2022-09-20 11:00:00+00:00,2022-09-21 03:00:00+00:00,1,-0.0016448263168102883,7.096366690029221e-05,-3.0112,0.675,MEAN_CROSS,0.0017157899837105806,3.219514,16
2022-09-21 06:00:00+00:00,2022-09-21 18:00:00+00:00,1,-0.0038861002731995775,0.000888931457432518,-6.3514,1.9165,MEAN_CROSS,0.0047750317306320955,8.959884,12
2022-09-22 07:00:00+00:00,2022-09-22 19:00:00+00:00,-1,0.004417901428399373,-0.0004929965187350227,5.7047,-0.2192,MEAN_CROSS,0.004910897947134396,9.214824,12
2022-09-26 00:00:00+00:00,2022-09-26 12:00:00+00:00,1,-0.007153656949390408,0.0011027432721453234,-6.9457,1.15,MEAN_CROSS,0.008256400221535731,15.492335,12
2022-09-27 08:00:00+00:00,2022-09-27 23:00:00+00:00,1,-0.001993317582448917,0.0001742657005785464,-2.4851,0.5835,MEAN_CROSS,0.0021675832830274633,4.06726,15
2022-09-28 13:00:00+00:00,2022-09-29 01:00:00+00:00,-1,0.0012191124624216787,-0.0012369213216474328,2.3081,-1.081,MEAN_CROSS,0.0024560337840691115,4.608509,12
2022-09-30 10:00:00+00:00,2022-10-03 01:00:00+00:00,1,-0.0026635705256297104,0.0012908230320494152,-2.9737,0.8174,MEAN_CROSS,0.003954393557679126,7.420036,15
2022-10-03 14:00:00+00:00,2022-10-04 02:00:00+00:00,-1,0.0029864621853079587,0.00013484178842171346,2.2696,-0.1871,MEAN_CROSS,0.0028516203968862452,5.350789,12
2022-10-05 07:00:00+00:00,2022-10-05 22:00:00+00:00,1,-0.0014699596994183217,0.0001911615344534212,-2.4318,0.543,MEAN_CROSS,0.001661121233871743,1.945053,15
2022-10-07 12:00:00+00:00,2022-10-10 01:00:00+00:00,1,-0.0021644926381574336,0.0006090788835675376,-2.1197,1.3201,MEAN_CROSS,0.0027735715217249712,3.247653,13
2022-10-11 15:00:00+00:00,2022-10-12 03:00:00+00:00,-1,0.002097271060698569,-0.00015523806819928154,4.2219,-0.1154,MEAN_CROSS,0.0022525091288978505,2.637526,12
2022-10-13 07:00:00+00:00,2022-10-13 19:00:00+00:00,-1,0.0008684416438822229,0.00021356770322711327,2.0445,-0.2446,MEAN_CROSS,0.0006548739406551096,0.76681,12
2022-10-17 14:00:00+00:00,2022-10-18 02:00:00+00:00,-1,0.0023992680370583663,-0.0004930429187757213,3.3337,-1.0456,MEAN_CROSS,0.0028923109558340876,3.386688,12
2022-10-19 10:00:00+00:00,2022-10-20 02:00:00+00:00,1,-0.0016575281641142414,0.0002459765039914963,-3.2008,1.0883,MEAN_CROSS,0.0019035046681057377,2.228867,16
2022-10-20 04:00:00+00:00,2022-10-20 16:00:00+00:00,-1,0.0007022335560977755,-0.0007825653458681803,2.1128,-1.1001,MEAN_CROSS,0.0014847989019659558,1.738593,12
2022-10-21 13:00:00+00:00,2022-10-24 01:00:00+00:00,-1,0.0014324001947121356,-0.001081887451559238,2.1912,-1.8492,MEAN_CROSS,0.0025142876462713737,2.94405,12
2022-10-24 14:00:00+00:00,2022-10-25 02:00:00+00:00,-1,0.0023547551701028624,-2.636787953291808e-05,2.7136,-0.424,MEAN_CROSS,0.0023811230496357805,2.788124,12
2022-10-25 13:00:00+00:00,2022-10-26 01:00:00+00:00,-1,0.0045159196100355015,-0.000509225258770396,6.7344,-0.8498,MEAN_CROSS,0.0050251448688058975,7.490726,12
2022-10-26 07:00:00+00:00,2022-10-26 19:00:00+00:00,-1,0.002721897896035941,0.0006123598650686901,2.2462,-0.2014,MEAN_CROSS,0.0021095380309672507,3.14458,12
2022-10-27 12:00:00+00:00,2022-10-28 00:00:00+00:00,1,-0.002661184470858613,-6.621268025841509e-05,-3.3677,0.5056,MEAN_CROSS,0.002594971790600198,3.868191,12
2022-10-28 01:00:00+00:00,2022-10-28 14:00:00+00:00,-1,0.001147852751200551,-0.0005728739721877485,2.1231,-0.1716,MEAN_CROSS,0.0017207267233882995,2.564999,13
2022-10-31 13:00:00+00:00,2022-11-01 01:00:00+00:00,1,-0.0017624205424218164,0.0003672799017557793,-2.5452,0.9157,MEAN_CROSS,0.0021297004441775957,3.174635,12
2022-11-01 05:00:00+00:00,2022-11-01 17:00:00+00:00,-1,0.0011886522721362702,-4.634766733091489e-05,2.1105,0.3239,MEAN_CROSS,0.0012349999394671851,1.840951,12
2022-11-02 19:00:00+00:00,2022-11-03 14:00:00+00:00,1,-0.0021614950326702687,0.0016565958945360393,-2.7548,2.9938,MEAN_CROSS,0.003818090927206308,5.691432,19
2022-11-04 12:00:00+00:00,2022-11-07 01:00:00+00:00,-1,0.0019689309474619776,-3.468448018661974e-05,3.5494,-0.6805,MEAN_CROSS,0.0020036154276485973,2.986687,12
2022-11-08 08:00:00+00:00,2022-11-09 23:00:00+00:00,1,-0.0015544849314936826,8.54208029306136e-05,-3.0792,0.5091,MEAN_CROSS,0.0016399057344242962,2.444523,39
2022-11-10 09:00:00+00:00,2022-11-11 05:00:00+00:00,1,-0.002121988386925011,0.0015052541434827926,-2.9876,0.5648,MEAN_CROSS,0.0036272425304078038,5.406945,20
2022-11-14 11:00:00+00:00,2022-11-15 03:00:00+00:00,1,-0.0016527138487956172,0.0002823439854235943,-2.01,0.6161,MEAN_CROSS,0.0019350578342192115,2.190512,16
2022-11-15 07:00:00+00:00,2022-11-15 19:00:00+00:00,-1,0.0036298841108115543,-0.0002492544669905339,5.6874,-0.3499,MEAN_CROSS,0.003879138577802088,4.391238,12
2022-11-17 10:00:00+00:00,2022-11-18 00:00:00+00:00,1,-0.0013607453626973687,0.0005162072382984828,-2.1111,0.5984,MEAN_CROSS,0.0018769526009958515,2.124736,14
2022-11-18 14:00:00+00:00,2022-11-21 12:00:00+00:00,1,-0.0016197123636807476,-5.04854362703977e-05,-2.4332,0.892,MEAN_CROSS,0.0015692269274103499,1.776386,22
2022-11-21 13:00:00+00:00,2022-11-22 04:00:00+00:00,-1,0.0007698086330043541,-2.6490471286111372e-05,2.2847,0.4759,MEAN_CROSS,0.0007962991042904655,0.901422,15
2022-11-22 13:00:00+00:00,2022-11-23 02:00:00+00:00,1,-0.0015794485792894886,0.0008076272489754288,-2.5574,1.073,MEAN_CROSS,0.0023870758282649174,2.702203,13
2022-11-23 19:00:00+00:00,2022-11-24 07:00:00+00:00,-1,0.0015165541497885737,-0.0006833805794601577,2.0083,-2.081,MEAN_CROSS,0.0021999347292487315,2.490356,12
2022-11-25 09:00:00+00:00,2022-11-28 06:00:00+00:00,1,-0.001195984423589369,0.0005433288031178041,-3.0219,1.0486,MEAN_CROSS,0.0017393132267071731,1.968926,21
2022-11-28 08:00:00+00:00,2022-11-28 20:00:00+00:00,-1,0.0030362397456136225,-0.0015930247617652604,4.3152,-0.9137,MEAN_CROSS,0.004629264507378883,5.240391,12
2022-11-30 14:00:00+00:00,2022-12-01 02:00:00+00:00,-1,0.0013696069182578263,0.00017031009715040568,2.2916,-0.0468,MEAN_CROSS,0.0011992968211074206,1.35762,12
2022-12-02 13:00:00+00:00,2022-12-05 01:00:00+00:00,1,-0.002348013018119266,0.0013952755125059557,-3.1084,1.5545,MEAN_CROSS,0.0037432885306252217,4.478233,12
2022-12-05 07:00:00+00:00,2022-12-06 00:00:00+00:00,1,-0.0018208959114676126,0.0007874576325539451,-2.6183,0.7554,MEAN_CROSS,0.0026083535440215577,3.120469,17
2022-12-07 08:00:00+00:00,2022-12-07 20:00:00+00:00,-1,0.0012099179185103281,-1.3054447851823525e-05,3.2988,-0.0127,MEAN_CROSS,0.0012229723663621517,1.463087,12
2022-12-09 07:00:00+00:00,2022-12-12 04:00:00+00:00,1,-0.0006549067328502911,-2.523409525934106e-05,-2.3575,0.5005,MEAN_CROSS,0.00062967263759095,0.7533,21
2022-12-12 08:00:00+00:00,2022-12-12 21:00:00+00:00,-1,0.0009730652046802124,0.00022601039762659703,2.9004,0.4005,MEAN_CROSS,0.0007470548070536154,0.893729,13
2022-12-13 13:00:00+00:00,2022-12-14 01:00:00+00:00,-1,0.003345895308094704,0.0001917732176135445,6.1558,-0.2569,MEAN_CROSS,0.0031541220904811595,3.773392,12
2022-12-15 13:00:00+00:00,2022-12-16 01:00:00+00:00,-1,0.0014570265356053103,0.00026741511027505993,2.2727,0.326,MEAN_CROSS,0.0011896114253302503,1.423176,12
2022-12-19 06:00:00+00:00,2022-12-19 18:00:00+00:00,-1,0.0013660826968571183,-0.0002800495951087445,2.4816,-0.3548,MEAN_CROSS,0.0016461322919658627,1.969328,12
2022-12-20 05:00:00+00:00,2022-12-21 01:00:00+00:00,1,-0.0014883009728121621,0.00025083474076281753,-2.5312,0.5448,MEAN_CROSS,0.0017391357135749796,2.080592,20
2022-12-23 07:00:00+00:00,2022-12-23 20:00:00+00:00,-1,0.001222951301700581,-1.4852164580858584e-05,2.2708,-0.3236,MEAN_CROSS,0.0012378034662814397,2.523737,13
2022-12-27 06:00:00+00:00,2022-12-27 19:00:00+00:00,-1,0.0007187345700740977,-0.0002162309292081943,2.229,-0.582,MEAN_CROSS,0.000934965499282292,1.906286,13
2022-12-28 15:00:00+00:00,2022-12-29 08:00:00+00:00,1,-0.0013744246682227956,9.905745219662698e-05,-2.8321,0.6018,MEAN_CROSS,0.0014734821204194226,3.004258,17
2022-12-29 09:00:00+00:00,2022-12-29 21:00:00+00:00,-1,0.0009436914960747611,-0.0005035617101232237,2.5132,-0.9167,MEAN_CROSS,0.0014472532061979848,2.950781,12
2022-12-30 08:00:00+00:00,2022-12-30 21:00:00+00:00,-1,0.0014144339858992439,0.0006313813912823818,2.8045,0.4613,MEAN_CROSS,0.000783052594616862,1.596553,13
2023-01-02 07:00:00+00:00,2023-01-02 21:00:00+00:00,1,-0.0015733332851355364,0.000396952062275302,-2.8217,0.6127,MEAN_CROSS,0.0019702853474108384,4.017182,14
2023-01-03 07:00:00+00:00,2023-01-03 19:00:00+00:00,1,-0.0017677259769184328,0.00019520130965311466,-3.4538,0.7314,MEAN_CROSS,0.0019629272865715475,4.00218,12
2023-01-05 00:00:00+00:00,2023-01-05 12:00:00+00:00,-1,0.0010787445081938962,-0.0006773892778519919,2.624,-1.8117,MEAN_CROSS,0.001756133786045888,3.580552,12
2023-01-05 13:00:00+00:00,2023-01-06 01:00:00+00:00,1,-0.0018015054455944313,4.117851874818612e-05,-4.2664,0.556,MEAN_CROSS,0.0018426839643426174,3.757018,12
2023-01-06 08:00:00+00:00,2023-01-06 21:00:00+00:00,-1,0.0007055514719154221,0.0005058878238419773,2.0151,0.2169,MEAN_CROSS,0.00019966364807344483,0.407091,13
2023-01-11 08:00:00+00:00,2023-01-12 13:00:00+00:00,1,-0.000584673032097971,0.002884742340026225,-2.6009,3.9623,MEAN_CROSS,0.003469415372124196,13.422649,29
2023-01-12 17:00:00+00:00,2023-01-13 05:00:00+00:00,-1,0.002565009298453491,-4.4732316395679206e-05,2.5096,-0.6499,MEAN_CROSS,0.0026097416148491703,10.0967,12
2023-01-13 11:00:00+00:00,2023-01-16 00:00:00+00:00,1,-0.0015913454406075722,0.00043471969421360335,-2.2638,0.6087,MEAN_CROSS,0.0020260651348211756,7.838543,13
2023-01-16 01:00:00+00:00,2023-01-16 13:00:00+00:00,-1,0.001338015560619521,-0.0007816873641126598,2.226,-0.789,MEAN_CROSS,0.002119702924732181,8.200813,12
2023-01-17 12:00:00+00:00,2023-01-18 00:00:00+00:00,-1,0.0011635386970352268,-0.00025170269461360917,2.8548,0.0515,MEAN_CROSS,0.001415241391648836,5.475357,12
2023-01-18 07:00:00+00:00,2023-01-18 19:00:00+00:00,-1,0.001509174677880143,-0.0008809920697250284,2.2712,-0.4714,MEAN_CROSS,0.0023901667476051713,9.247197,12
2023-01-20 17:00:00+00:00,2023-01-23 05:00:00+00:00,-1,0.001332275062963184,6.449126312801923e-05,2.1223,-0.8608,MEAN_CROSS,0.0012677837998351649,4.904866,12
2023-01-23 08:00:00+00:00,2023-01-24 06:00:00+00:00,1,-0.0005653263796485675,0.00044325964379998695,-2.2011,0.5164,MEAN_CROSS,0.0010085860234485544,3.902068,22
2023-01-25 07:00:00+00:00,2023-01-26 18:00:00+00:00,1,-0.0007676661729660861,0.0008638928490733999,-2.5766,1.9451,MEAN_CROSS,0.001631559022039486,6.312258,35
2023-01-27 15:00:00+00:00,2023-01-30 04:00:00+00:00,1,-0.0016971375625174367,0.0001734882494419665,-2.8176,0.5444,MEAN_CROSS,0.0018706258119594033,7.237171,13
2023-01-30 08:00:00+00:00,2023-01-30 20:00:00+00:00,-1,0.0011341615251905246,-0.0004338518624320553,2.6723,-0.6257,MEAN_CROSS,0.00156801338762258,6.066409,12
2023-01-31 08:00:00+00:00,2023-01-31 20:00:00+00:00,1,-0.0015133303691450273,-9.442904514100903e-06,-2.3855,0.6103,MEAN_CROSS,0.0015038874646309264,2.46183,12
2023-02-01 08:00:00+00:00,2023-02-02 01:00:00+00:00,-1,0.0011394290653061745,0.0007477547745859958,2.9567,0.262,MEAN_CROSS,0.0003916742907201787,0.641162,17
2023-02-02 06:00:00+00:00,2023-02-03 06:00:00+00:00,1,-0.0006314638979987297,0.00019394358740254525,-2.1669,0.6349,MEAN_CROSS,0.000825407485401275,1.351174,24
2023-02-03 13:00:00+00:00,2023-02-06 04:00:00+00:00,1,-0.0026235347267118403,8.880590868809435e-05,-2.1855,0.5252,MEAN_CROSS,0.0027123406353999346,4.440041,15
2023-02-07 17:00:00+00:00,2023-02-08 05:00:00+00:00,-1,0.002385222448301416,0.00011438342886749275,4.8327,0.3698,MEAN_CROSS,0.0022708390194339234,3.717313,12
2023-02-09 08:00:00+00:00,2023-02-09 20:00:00+00:00,-1,0.0009856835946271403,-0.00033028948260205304,2.6302,-0.7505,MEAN_CROSS,0.0013159730772291933,2.154219,12
2023-02-10 09:00:00+00:00,2023-02-10 21:00:00+00:00,1,-0.0015529245758933996,-9.879104117449522e-05,-2.9347,0.6011,MEAN_CROSS,0.0014541335347189044,2.380384,12
2023-02-13 15:00:00+00:00,2023-02-14 03:00:00+00:00,-1,0.0016792563642489267,0.0002002300927888001,3.4945,0.1111,MEAN_CROSS,0.0014790262714601266,2.421133,12
2023-02-14 09:00:00+00:00,2023-02-14 21:00:00+00:00,-1,0.0010281301173347135,0.00017781182523446404,2.0782,-0.1849,MEAN_CROSS,0.0008503182921002495,1.391952,12
2023-02-15 12:00:00+00:00,2023-02-16 00:00:00+00:00,1,-0.0011370460684028139,0.00010096489781852291,-2.1956,0.5353,MEAN_CROSS,0.0012380109662213368,2.026596,12
2023-02-17 08:00:00+00:00,2023-02-17 21:00:00+00:00,-1,0.0008171009610724589,0.00022193564832462265,2.4433,0.3186,MEAN_CROSS,0.0005951653127478362,0.974272,13
2023-02-21 10:00:00+00:00,2023-02-21 23:00:00+00:00,1,-0.000917271856719637,0.0001735483145957062,-2.3713,0.5637,MEAN_CROSS,0.0010908201713153431,2.10766,13
2023-02-22 10:00:00+00:00,2023-02-23 00:00:00+00:00,1,-0.0011635957850051337,0.00018463174769278723,-2.2778,0.9578,MEAN_CROSS,0.001348227532697921,2.605018,14
2023-02-23 12:00:00+00:00,2023-02-24 02:00:00+00:00,-1,0.0007160624511690639,-7.271659110874573e-05,2.0848,-0.1581,MEAN_CROSS,0.0007887790422778096,1.524063,14
2023-02-24 12:00:00+00:00,2023-02-27 00:00:00+00:00,1,-0.000888014299144313,0.0002550056354233554,-2.1861,0.8452,MEAN_CROSS,0.0011430199345676684,2.20852,12
2023-02-27 10:00:00+00:00,2023-02-27 22:00:00+00:00,-1,0.0009256375712380915,-9.131958759756031e-05,2.5504,-0.9841,MEAN_CROSS,0.0010169571588356519,1.964944,12
2023-02-28 01:00:00+00:00,2023-02-28 13:00:00+00:00,1,-0.0011509549887296355,0.0007617066619374224,-3.9284,0.8463,MEAN_CROSS,0.001912661650667058,3.695606,12
2023-02-28 15:00:00+00:00,2023-03-01 03:00:00+00:00,1,-0.0009045273218946104,0.0004883857505986189,-2.2007,0.8095,MEAN_CROSS,0.0013929130724932293,2.691358,12
2023-03-01 07:00:00+00:00,2023-03-01 19:00:00+00:00,-1,0.0025712657754066726,-0.00011430576851068075,3.9955,-0.6051,MEAN_CROSS,0.0026855715439173533,5.189006,12
2023-03-02 09:00:00+00:00,2023-03-02 21:00:00+00:00,1,-0.001303344453299049,0.00022392456232966929,-2.2106,0.8756,MEAN_CROSS,0.0015272690156287183,2.950958,12
2023-03-06 07:00:00+00:00,2023-03-07 12:00:00+00:00,1,-0.0008334747575389212,0.0006011904692115877,-2.6172,1.0061,MEAN_CROSS,0.001434665226750509,2.772031,29
2023-03-07 15:00:00+00:00,2023-03-08 06:00:00+00:00,1,-0.002631209009555935,0.00021859640574017902,-4.7976,1.0137,MEAN_CROSS,0.002849805415296114,5.506336,15
2023-03-09 11:00:00+00:00,2023-03-09 23:00:00+00:00,-1,0.0005664618628185014,2.380054250217256e-05,2.2731,0.1228,MEAN_CROSS,0.0005426613203163289,1.048519,12
2023-03-10 13:00:00+00:00,2023-03-13 00:00:00+00:00,-1,0.0013225990785115105,0.00036210849621998165,3.5247,0.1584,MEAN_CROSS,0.0009604905822915288,2.731229,12
2023-03-13 02:00:00+00:00,2023-03-13 17:00:00+00:00,-1,0.002604467748756889,0.0009535960257900378,2.4311,0.3693,MEAN_CROSS,0.0016508717229668513,4.694381,15
2023-03-15 09:00:00+00:00,2023-03-15 21:00:00+00:00,1,-0.002865555200101344,0.0010914920349434087,-5.7563,0.7504,MEAN_CROSS,0.003957047235044753,11.252169,12
2023-03-17 16:00:00+00:00,2023-03-20 04:00:00+00:00,-1,0.0021825185380224266,-0.00044688660210479014,2.9407,-1.0918,MEAN_CROSS,0.0026294051401272167,7.476916,12
2023-03-20 10:00:00+00:00,2023-03-20 22:00:00+00:00,-1,0.0018369683515524482,0.00017931144773464247,2.096,-0.4757,MEAN_CROSS,0.0016576569038178057,4.713675,12
2023-03-22 18:00:00+00:00,2023-03-23 06:00:00+00:00,-1,0.004058097976985531,0.0010107835913424346,8.6779,0.4621,MEAN_CROSS,0.003047314385643096,8.665274,12
2023-03-23 18:00:00+00:00,2023-03-24 09:00:00+00:00,1,-0.0023132735015980455,-0.0053444637376496296,-2.6786,-5.3064,STOP_LOSS,-0.003031190236051584,-8.619423,15
2023-03-28 07:00:00+00:00,2023-03-28 19:00:00+00:00,-1,0.0010054753610058142,0.000449629520816508,2.0714,-0.1422,MEAN_CROSS,0.0005558458401893063,1.580591,12
2023-03-29 06:00:00+00:00,2023-03-30 04:00:00+00:00,1,-0.0006430921563620462,0.00018950216458013536,-2.3269,0.5548,MEAN_CROSS,0.0008325943209421816,2.367546,22
2023-03-30 08:00:00+00:00,2023-03-30 20:00:00+00:00,-1,0.0014283651465594183,-4.722962154124488e-05,3.0216,-0.3714,MEAN_CROSS,0.0014755947681006631,3.149277,12
2023-03-31 07:00:00+00:00,2023-04-03 05:00:00+00:00,1,-0.0009974935944878638,4.905934981636051e-05,-2.0066,1.0444,MEAN_CROSS,0.0010465529443042243,2.233598,22
2023-04-03 06:00:00+00:00,2023-04-03 20:00:00+00:00,-1,0.0013458085973261369,0.00023059041966444482,3.2187,0.1817,MEAN_CROSS,0.001115218177661692,2.380146,14
2023-04-04 11:00:00+00:00,2023-04-05 22:00:00+00:00,1,-0.0010259435906854186,0.00017149924931958438,-2.3434,0.7028,MEAN_CROSS,0.001197442840005003,2.555634,35
2023-04-06 14:00:00+00:00,2023-04-07 02:00:00+00:00,-1,0.0012117110842606582,6.984597105463841e-05,2.4947,0.0767,MEAN_CROSS,0.0011418651132060198,2.437017,12
2023-04-10 06:00:00+00:00,2023-04-10 21:00:00+00:00,-1,0.0003777747094024786,0.00012242417678964834,2.4341,0.478,MEAN_CROSS,0.00025535053261283025,0.54498,15
2023-04-12 12:00:00+00:00,2023-04-13 00:00:00+00:00,-1,0.0014973465150782683,0.0004192788852379614,3.2376,0.1272,MEAN_CROSS,0.001078067629840307,2.300858,12
2023-04-13 06:00:00+00:00,2023-04-14 01:00:00+00:00,1,-0.0007434635908911691,0.0006460142195321428,-2.0462,0.8131,MEAN_CROSS,0.0013894778104233119,2.965483,19
2023-04-14 13:00:00+00:00,2023-04-17 04:00:00+00:00,1,-0.0008633902644406,0.00025178612124165944,-2.0062,0.8147,MEAN_CROSS,0.0011151763856822594,2.380057,15
2023-04-17 13:00:00+00:00,2023-04-18 01:00:00+00:00,1,-0.0018825314182224773,0.00036108875576057464,-2.2753,1.1344,MEAN_CROSS,0.002243620173983052,4.78843,12
2023-04-18 07:00:00+00:00,2023-04-18 19:00:00+00:00,-1,0.0014857754053860805,0.00011141024487870688,2.428,0.085,MEAN_CROSS,0.0013743651605073737,2.933229,12
2023-04-19 09:00:00+00:00,2023-04-20 00:00:00+00:00,1,-0.0017169526505440569,0.0002485052769101159,-3.476,0.6276,MEAN_CROSS,0.001965457927454173,3.664697,15
2023-04-21 06:00:00+00:00,2023-04-21 19:00:00+00:00,1,-0.001100655998841571,0.0007489865927490236,-3.6701,1.5849,MEAN_CROSS,0.0018496425915905945,3.448754,13
2023-04-24 08:00:00+00:00,2023-04-24 20:00:00+00:00,-1,0.001232555289793158,0.00033590708655450996,2.368,-0.0384,MEAN_CROSS,0.000896648203238648,1.671847,12
2023-04-25 07:00:00+00:00,2023-04-25 22:00:00+00:00,1,-0.001236071050351839,0.0002762322774554349,-3.035,0.7176,MEAN_CROSS,0.001512303327807274,2.819767,15
2023-04-26 06:00:00+00:00,2023-04-26 18:00:00+00:00,-1,0.0015546351582300666,-0.0003059066354935691,3.1266,-0.4593,MEAN_CROSS,0.0018605417937236357,3.469076,12
2023-04-28 08:00:00+00:00,2023-05-01 11:00:00+00:00,1,-0.0013693087747765897,0.0004996289835379475,-2.7055,0.8605,MEAN_CROSS,0.0018689377583145372,3.484731,27
2023-05-01 14:00:00+00:00,2023-05-02 02:00:00+00:00,1,-0.0016596345865180773,0.0004981019874135129,-2.131,1.1449,MEAN_CROSS,0.00215773657393159,4.023211,12
2023-05-04 07:00:00+00:00,2023-05-04 22:00:00+00:00,1,-0.0007372266809291261,0.0003489102957099366,-3.4859,0.6783,MEAN_CROSS,0.0010861369766390627,2.025158,15
2023-05-08 14:00:00+00:00,2023-05-09 06:00:00+00:00,1,-0.0013843188598559042,0.00010382586817958561,-2.5104,0.5967,MEAN_CROSS,0.0014881447280354898,2.774722,16
2023-05-09 12:00:00+00:00,2023-05-10 00:00:00+00:00,1,-0.0014099126938305062,0.00041932515361464695,-2.4089,1.827,MEAN_CROSS,0.0018292378474451532,3.474191,12
2023-05-10 12:00:00+00:00,2023-05-11 01:00:00+00:00,-1,0.0022556271101710212,-4.3777694131996725e-05,5.2097,-0.2906,MEAN_CROSS,0.002299404804303018,4.367159,13
2023-05-11 06:00:00+00:00,2023-05-12 00:00:00+00:00,1,-0.002550482985409497,0.0002651883448037129,-4.7855,0.7681,MEAN_CROSS,0.0028156713302132097,5.347681,18
2023-05-12 14:00:00+00:00,2023-05-15 03:00:00+00:00,1,-0.0016326896874407915,0.0002140317683267945,-2.6747,0.9855,MEAN_CROSS,0.001846721455767586,3.507397,13
2023-05-16 05:00:00+00:00,2023-05-16 23:00:00+00:00,1,-0.0005451618764793498,0.00012402875146544368,-2.5024,0.5927,MEAN_CROSS,0.0006691906279447934,1.270965,18
2023-05-17 07:00:00+00:00,2023-05-17 19:00:00+00:00,1,-0.0013849781549986062,0.00012723118092705654,-4.0911,0.8224,MEAN_CROSS,0.0015122093359256628,2.872073,12
2023-05-18 12:00:00+00:00,2023-05-19 02:00:00+00:00,1,-0.0014276521536604747,7.338140809709515e-05,-2.7406,0.7872,MEAN_CROSS,0.0015010335617575699,2.850847,14
2023-05-19 08:00:00+00:00,2023-05-19 20:00:00+00:00,-1,0.0007367941432663283,-0.0002485658442523686,2.2758,-0.4773,MEAN_CROSS,0.000985359987518697,1.871451,12
2023-05-23 09:00:00+00:00,2023-05-23 21:00:00+00:00,1,-0.0010810832535348425,0.00010082522910859204,-3.4866,0.7081,MEAN_CROSS,0.0011819084826434345,2.244747,12
2023-05-24 10:00:00+00:00,2023-05-25 09:00:00+00:00,1,-0.0013448966016940123,0.00020026140896733935,-3.0345,0.7537,MEAN_CROSS,0.0015451580106613516,2.934651,23
2023-05-26 11:00:00+00:00,2023-05-28 23:00:00+00:00,-1,0.0007709237390924883,-7.361337202471674e-06,2.0732,-0.0251,MEAN_CROSS,0.00077828507629496,1.478163,12
2023-05-29 09:00:00+00:00,2023-05-30 00:00:00+00:00,1,-0.0010078877327484026,0.00023102866089086405,-2.0185,0.8978,MEAN_CROSS,0.0012389163936392666,2.642382,15
2023-05-30 01:00:00+00:00,2023-05-30 14:00:00+00:00,-1,0.0006827274321405952,0.0002110851976111494,2.1386,0.4311,MEAN_CROSS,0.00047164223452944576,1.005927,13
2023-05-31 01:00:00+00:00,2023-05-31 13:00:00+00:00,1,-0.0010402513237892652,0.0009169393059613729,-2.1318,1.298,MEAN_CROSS,0.001957190629750638,4.17433,12
2023-06-01 09:00:00+00:00,2023-06-01 21:00:00+00:00,-1,0.0013776602087103296,6.584278775911834e-05,2.0713,-0.4254,MEAN_CROSS,0.0013118174209512112,2.797867,12
2023-06-02 14:00:00+00:00,2023-06-05 02:00:00+00:00,1,-0.0018503994740513008,1.0888966805122635e-05,-3.2362,0.5625,MEAN_CROSS,0.0018612884408564234,3.969788,12
2023-06-05 14:00:00+00:00,2023-06-06 03:00:00+00:00,-1,0.0007921577267835378,4.053294938577423e-06,2.3529,0.1021,MEAN_CROSS,0.0007881044318449604,1.680883,13
2023-06-06 08:00:00+00:00,2023-06-06 21:00:00+00:00,1,-0.001128090669749282,0.00024112659448372042,-3.2691,0.5319,MEAN_CROSS,0.0013692172642330025,2.92029,13
2023-06-07 10:00:00+00:00,2023-06-07 22:00:00+00:00,-1,0.0013453226170505594,4.501852889360336e-05,2.8231,-0.11,MEAN_CROSS,0.001300304088156956,2.773311,12
2023-06-09 08:00:00+00:00,2023-06-11 23:00:00+00:00,1,-0.0006781928050143549,0.00019311360684426404,-2.4266,1.0122,MEAN_CROSS,0.0008713064118586189,1.858337,15
2023-06-12 05:00:00+00:00,2023-06-12 17:00:00+00:00,-1,0.0005204536021523598,0.0003167848722138711,2.2879,0.442,MEAN_CROSS,0.00020366872993848872,0.434388,12
2023-06-13 15:00:00+00:00,2023-06-14 08:00:00+00:00,1,-0.0006734378370563121,0.0008552471411960028,-2.185,1.648,MEAN_CROSS,0.0015286849782523149,3.260405,17
2023-06-14 12:00:00+00:00,2023-06-15 00:00:00+00:00,-1,0.0010912924558319492,0.0001520175739220253,2.1565,-0.0362,MEAN_CROSS,0.0009392748819099239,2.003302,12
2023-06-15 01:00:00+00:00,2023-06-15 13:00:00+00:00,1,-0.0012152126319011636,0.0026897121391398215,-2.3228,3.1341,MEAN_CROSS,0.003904924771040985,8.32849,12
2023-06-15 14:00:00+00:00,2023-06-16 02:00:00+00:00,-1,0.002152546410483236,-0.0003829285127898707,2.02,-0.8943,MEAN_CROSS,0.0025354749232731066,5.407704,12
2023-06-16 14:00:00+00:00,2023-06-19 12:00:00+00:00,1,-0.0014309437393766888,0.0003252790140257922,-2.1187,0.8298,MEAN_CROSS,0.001756222753402481,1.589635,22
2023-06-20 05:00:00+00:00,2023-06-20 17:00:00+00:00,-1,0.0005432933309614807,0.00020712879126616457,2.4263,0.4976,MEAN_CROSS,0.0003361645396953161,0.304277,12
2023-06-21 14:00:00+00:00,2023-06-22 02:00:00+00:00,-1,0.001581133388889544,0.00021586092473402374,4.1527,-0.3288,MEAN_CROSS,0.0013652724641555203,1.235768,12
2023-06-22 14:00:00+00:00,2023-06-23 07:00:00+00:00,1,-0.0014291884889419126,-0.003723796333443552,-3.1488,-6.7467,STOP_LOSS,-0.0022946078445016393,-2.076951,17
2023-06-23 08:00:00+00:00,2023-06-23 20:00:00+00:00,1,-0.003640841231561831,0.0001730006578906096,-4.034,0.7468,MEAN_CROSS,0.0038138418894524406,3.452076,12
2023-06-27 01:00:00+00:00,2023-06-27 14:00:00+00:00,-1,0.0008866538188081474,-0.00012025799557502381,2.5982,-0.9204,MEAN_CROSS,0.0010069118143831712,0.9114,13
2023-06-28 01:00:00+00:00,2023-06-28 14:00:00+00:00,1,-0.0005698061412733324,-0.002526025353925876,-2.0125,-5.3928,STOP_LOSS,-0.0019562192126525435,-1.77066,13
2023-06-29 07:00:00+00:00,2023-06-29 19:00:00+00:00,-1,0.001223774075246098,-0.00023168442819287982,2.5465,0.1662,MEAN_CROSS,0.0014554585034389778,1.3174,12
2023-06-30 12:00:00+00:00,2023-07-03 00:00:00+00:00,-1,0.0023396296916424753,-0.0004207805280902477,3.2361,-0.7191,MEAN_CROSS,0.002760410219732723,2.498569,12
2023-07-05 06:00:00+00:00,2023-07-05 18:00:00+00:00,-1,0.00041942333511291174,-0.000774672648324648,2.184,-1.3576,MEAN_CROSS,0.0011940959834375597,1.080829,12
2023-07-06 10:00:00+00:00,2023-07-06 22:00:00+00:00,-1,0.0015273625052161233,0.00030307562049913805,3.0317,0.4546,MEAN_CROSS,0.0012242868847169852,2.333049,12
2023-07-07 12:00:00+00:00,2023-07-10 00:00:00+00:00,-1,0.0013276398041612847,1.1879694963301546e-06,2.1957,-0.609,MEAN_CROSS,0.0013264518346649545,2.527739,12
2023-07-11 07:00:00+00:00,2023-07-12 00:00:00+00:00,1,-0.0007337980385753173,0.0004456748545194067,-2.1598,0.7408,MEAN_CROSS,0.001179472893094724,2.24765,17
2023-07-12 12:00:00+00:00,2023-07-13 00:00:00+00:00,-1,0.0018650178105124038,0.00019603483716790215,3.38,-0.4848,MEAN_CROSS,0.0016689829733445016,3.18048,12
2023-07-14 05:00:00+00:00,2023-07-17 05:00:00+00:00,1,-0.0007876893172793498,0.0003393952016998991,-2.9508,0.5896,MEAN_CROSS,0.0011270845189792489,2.147817,24
2023-07-18 08:00:00+00:00,2023-07-19 05:00:00+00:00,1,-0.0008386880430790722,0.0005701618839504263,-3.4439,1.5244,MEAN_CROSS,0.0014088499270294985,2.68476,21
2023-07-19 14:00:00+00:00,2023-07-20 02:00:00+00:00,1,-0.0015041000970286156,0.0005070853939237452,-2.4552,1.1575,MEAN_CROSS,0.0020111854909523608,3.832594,12
2023-07-20 14:00:00+00:00,2023-07-21 02:00:00+00:00,1,-0.002191924571887327,0.0001678564992149134,-3.8278,0.6279,MEAN_CROSS,0.0023597810711022404,4.496892,12
2023-07-24 07:00:00+00:00,2023-07-25 00:00:00+00:00,1,-0.002905746404940901,0.00017885951040175208,-7.9749,0.6277,MEAN_CROSS,0.003084605915342653,5.878147,17
2023-07-26 18:00:00+00:00,2023-07-27 06:00:00+00:00,-1,0.0019688968847666466,0.00038698358754007955,3.9289,0.3058,MEAN_CROSS,0.001581913297226567,2.839903,12
2023-07-27 07:00:00+00:00,2023-07-27 19:00:00+00:00,-1,0.0016755406181583332,-0.0016146612350675937,2.5781,-0.715,MEAN_CROSS,0.003290201853225927,5.906679,12
2023-07-31 14:00:00+00:00,2023-08-01 04:00:00+00:00,1,-0.0009848285310112281,0.0001545011181411926,-2.0184,0.6195,MEAN_CROSS,0.0011393296491524207,2.045362,14
2023-08-01 19:00:00+00:00,2023-08-02 08:00:00+00:00,-1,0.0006344605508044054,-0.00010573018948600854,2.0894,-0.27,MEAN_CROSS,0.000740190740290414,1.328815,13
2023-08-02 13:00:00+00:00,2023-08-03 05:00:00+00:00,1,-0.001227189252595684,0.00034938653787697227,-2.0589,1.1456,MEAN_CROSS,0.0015765757904726563,2.830321,16
2023-08-03 16:00:00+00:00,2023-08-04 04:00:00+00:00,-1,0.000974080845437264,-0.00018547864904316924,2.0541,-0.5187,MEAN_CROSS,0.0011595594944804333,2.081679,12
2023-08-04 12:00:00+00:00,2023-08-07 00:00:00+00:00,-1,0.002250423125219614,0.00027030910349146176,6.0271,-0.1215,MEAN_CROSS,0.001980114021728152,3.554766,12
2023-08-08 01:00:00+00:00,2023-08-08 17:00:00+00:00,1,-0.0010293794682352253,0.0006778765937238695,-2.1135,1.3849,MEAN_CROSS,0.0017072560619590949,3.064922,16
2023-08-10 06:00:00+00:00,2023-08-10 18:00:00+00:00,-1,0.0008106634137790003,-0.0007495127820029701,2.2811,-1.3804,MEAN_CROSS,0.0015601761957819704,2.80088,12
2023-08-14 07:00:00+00:00,2023-08-14 19:00:00+00:00,-1,0.0009155013285400138,-0.0006958306082893717,2.3489,-0.4147,MEAN_CROSS,0.0016113319368293855,2.892716,12
2023-08-16 16:00:00+00:00,2023-08-17 05:00:00+00:00,1,-0.0013591219286743783,0.00024061930786900554,-2.5853,0.9041,MEAN_CROSS,0.0015997412365433838,2.242488,13
2023-08-17 12:00:00+00:00,2023-08-18 03:00:00+00:00,-1,0.0012414111577025988,9.033510233580344e-05,2.5285,0.1841,MEAN_CROSS,0.0011510760553667954,1.613558,15
2023-08-21 09:00:00+00:00,2023-08-21 21:00:00+00:00,-1,0.0009696494719206861,-4.950686612215094e-06,2.8306,-0.4252,MEAN_CROSS,0.0009746001585329012,1.366177,12
2023-08-22 07:00:00+00:00,2023-08-22 19:00:00+00:00,-1,0.0009453074464811362,-0.0003924136695201419,2.1528,-0.143,MEAN_CROSS,0.001337721116001278,1.875193,12
2023-08-23 07:00:00+00:00,2023-08-23 19:00:00+00:00,1,-0.0025793292077660457,0.0004243586360535012,-3.019,0.5859,MEAN_CROSS,0.003003687843819547,4.210516,12
2023-08-25 10:00:00+00:00,2023-08-27 22:00:00+00:00,-1,0.0010565615597026845,-7.854917786342952e-05,3.0912,0.1907,MEAN_CROSS,0.001135110737566114,1.591178,12
2023-08-29 01:00:00+00:00,2023-08-29 13:00:00+00:00,-1,0.0007056610401614538,-4.7240641946943995e-05,2.3669,-0.0718,MEAN_CROSS,0.0007529016821083978,1.055404,12
2023-08-29 14:00:00+00:00,2023-08-30 02:00:00+00:00,-1,0.0010090181095221418,-0.00023698936412985816,2.3737,-0.664,MEAN_CROSS,0.001246007473652,1.746631,12
2023-08-30 12:00:00+00:00,2023-08-31 00:00:00+00:00,-1,0.002225422055649684,0.0003707295384400844,2.3443,-0.1078,MEAN_CROSS,0.0018546925172095996,2.599875,12
2023-08-31 07:00:00+00:00,2023-08-31 23:00:00+00:00,1,-0.0012927643049716053,-6.779296098069487e-05,-2.0696,0.5752,MEAN_CROSS,0.0012249713439909105,1.717143,16
2023-09-01 12:00:00+00:00,2023-09-04 01:00:00+00:00,-1,0.0009960840634848367,-0.00011317562552637384,2.4889,0.3533,MEAN_CROSS,0.0011092596890112105,1.55494,13
2023-09-05 06:00:00+00:00,2023-09-05 20:00:00+00:00,1,-0.0012221768444857783,-9.635496098381324e-05,-4.5887,0.523,MEAN_CROSS,0.001125821883501965,1.249089,14
2023-09-06 02:00:00+00:00,2023-09-06 14:00:00+00:00,-1,0.0008125152451192719,-0.0014951868430739257,2.1993,-2.1558,MEAN_CROSS,0.0023077020881931976,2.560374,12
2023-09-08 00:00:00+00:00,2023-09-08 12:00:00+00:00,-1,0.0008700721149146329,-1.2946921399636935e-05,3.5627,0.2599,MEAN_CROSS,0.0008830190363142698,0.979702,12
2023-09-08 13:00:00+00:00,2023-09-11 03:00:00+00:00,-1,0.0014570984920727614,0.00022291535922414063,3.7788,0.227,MEAN_CROSS,0.0012341831328486208,1.369315,14
2023-09-12 04:00:00+00:00,2023-09-12 17:00:00+00:00,1,-0.0004909726719526386,0.00035873439722200473,-2.1802,0.7746,MEAN_CROSS,0.0008497070691746433,0.942742,13
2023-09-12 20:00:00+00:00,2023-09-13 08:00:00+00:00,-1,0.0017483688651376283,-0.00041312067372945016,3.359,-0.6149,MEAN_CROSS,0.0021614895388670785,2.398153,12
2023-09-14 12:00:00+00:00,2023-09-15 00:00:00+00:00,1,-0.0034185707823857214,2.4590862100604127e-05,-10.2917,0.6262,MEAN_CROSS,0.0034431616444863256,3.820156,12
2023-09-18 06:00:00+00:00,2023-09-18 20:00:00+00:00,1,-0.0005633990880176132,0.00048712812643691983,-2.3046,0.6657,MEAN_CROSS,0.001050527214454533,1.16555,14
2023-09-20 08:00:00+00:00,2023-09-20 20:00:00+00:00,-1,0.0006942781220071748,-0.0017122374425706521,2.0024,-2.2284,MEAN_CROSS,0.002406515564577827,2.670007,12
2023-09-21 07:00:00+00:00,2023-09-21 19:00:00+00:00,-1,0.0019291624220312276,6.380934121530402e-05,2.288,0.1706,MEAN_CROSS,0.0018653530808159235,2.069592,12
2023-09-25 08:00:00+00:00,2023-09-25 21:00:00+00:00,1,-0.0010126621002457536,8.550352421643481e-06,-2.5886,0.5079,MEAN_CROSS,0.0010212124526673971,1.562886,13
2023-09-27 11:00:00+00:00,2023-09-27 23:00:00+00:00,1,-0.0010224585857916413,1.3727656503315089e-05,-2.0244,0.7163,MEAN_CROSS,0.0010361862422949564,1.585802,12
2023-09-28 09:00:00+00:00,2023-09-28 21:00:00+00:00,-1,0.0015436614669084303,0.00019518328216761027,3.1887,0.0594,MEAN_CROSS,0.00134847818474082,2.06374,12
2023-09-29 13:00:00+00:00,2023-10-02 06:00:00+00:00,1,-0.0009530399048189864,0.0010586590897441184,-2.3296,1.8896,MEAN_CROSS,0.0020116989945631047,3.078748,17
2023-10-02 09:00:00+00:00,2023-10-02 23:00:00+00:00,1,-0.0020340377016707656,-0.00011137344655653969,-3.326,0.7391,MEAN_CROSS,0.001922664255114226,2.942487,14
2023-10-03 07:00:00+00:00,2023-10-03 20:00:00+00:00,-1,0.0012090594698332957,-0.00026416239023840937,2.7142,0.0387,MEAN_CROSS,0.001473221860071705,2.254651,13
2023-10-04 07:00:00+00:00,2023-10-04 20:00:00+00:00,-1,0.0009407138672909987,-0.00021348889598371557,2.0421,-0.5923,MEAN_CROSS,0.0011542027632747143,1.766417,13
2023-10-05 18:00:00+00:00,2023-10-06 06:00:00+00:00,-1,0.0010835090352925292,-0.00024054591850575235,2.2053,-1.1088,MEAN_CROSS,0.0013240549537982815,2.026362,12
2023-10-06 12:00:00+00:00,2023-10-09 13:00:00+00:00,1,-0.0030675006193439103,0.0008638808768415274,-8.9075,0.8493,MEAN_CROSS,0.003931381496185438,6.016671,25
2023-10-10 08:00:00+00:00,2023-10-10 20:00:00+00:00,-1,0.00215784820043341,0.0001507521229218156,3.7408,-0.2734,MEAN_CROSS,0.0020070960775115942,3.071703,12
2023-10-12 12:00:00+00:00,2023-10-13 00:00:00+00:00,1,-0.0022312875432002333,0.00022653061960387078,-4.9857,0.7013,MEAN_CROSS,0.002457818162804104,5.861798,12
2023-10-17 06:00:00+00:00,2023-10-18 05:00:00+00:00,1,-0.0006039500995396185,0.0004798038907602997,-2.3054,0.647,MEAN_CROSS,0.0010837539902999183,2.58471,23
2023-10-18 10:00:00+00:00,2023-10-18 23:00:00+00:00,1,-0.0012493005105940203,2.408168502565644e-05,-2.2492,0.5423,MEAN_CROSS,0.0012733821956196767,3.036966,13
2023-10-19 12:00:00+00:00,2023-10-20 00:00:00+00:00,-1,0.0015799644350082964,-0.00046836482313428185,3.2066,-1.1943,MEAN_CROSS,0.0020483292581425783,4.885183,12
2023-10-23 02:00:00+00:00,2023-10-23 14:00:00+00:00,1,-0.0007211603904131447,0.0016189353485493996,-2.1056,3.4633,MEAN_CROSS,0.0023400957389625443,5.581035,12
2023-10-23 15:00:00+00:00,2023-10-24 03:00:00+00:00,-1,0.0020106894595881553,0.0005610029787441739,3.7872,0.0824,MEAN_CROSS,0.0014496864808439813,3.457444,12
2023-10-24 07:00:00+00:00,2023-10-25 01:00:00+00:00,1,-0.0010783958471287658,6.062320355937345e-05,-2.1988,0.5504,MEAN_CROSS,0.0011390190506881392,2.716515,18
2023-10-26 02:00:00+00:00,2023-10-26 17:00:00+00:00,1,-0.0008752774498703708,0.0009523374383875183,-2.0099,3.1818,MEAN_CROSS,0.001827614888257889,4.358788,15
2023-10-26 18:00:00+00:00,2023-10-27 06:00:00+00:00,-1,0.001255883925056489,-0.0005077205552634911,3.3739,-0.9948,MEAN_CROSS,0.0017636044803199802,4.206126,12
2023-10-27 11:00:00+00:00,2023-10-30 09:00:00+00:00,1,-0.0012687990861264264,0.0014929735024500346,-2.8471,2.2638,MEAN_CROSS,0.002761772588576461,6.586717,22
2023-10-30 12:00:00+00:00,2023-10-31 00:00:00+00:00,-1,0.0017964416761784285,-0.0001648625880776855,2.3182,-0.682,MEAN_CROSS,0.001961304264256114,4.677632,12
2023-10-31 08:00:00+00:00,2023-10-31 20:00:00+00:00,-1,0.0022383295329773123,-0.00027664965494111904,2.9814,-0.254,MEAN_CROSS,0.0025149791879184313,5.998125,12
2023-11-01 19:00:00+00:00,2023-11-02 08:00:00+00:00,-1,0.0015958535918396688,0.00022187797966921607,3.044,0.1923,MEAN_CROSS,0.0013739756121704527,1.158461,13
2023-11-02 12:00:00+00:00,2023-11-03 00:00:00+00:00,-1,0.0024530398236346507,-0.00010327241997076797,2.6533,-0.705,MEAN_CROSS,0.0025563122436054186,2.155342,12
2023-11-03 12:00:00+00:00,2023-11-06 01:00:00+00:00,-1,0.0036674231820055248,-5.9825245263933624e-05,4.6878,-0.6187,MEAN_CROSS,0.0037272484272694584,3.142612,12
2023-11-07 09:00:00+00:00,2023-11-07 21:00:00+00:00,1,-0.0012506264632154984,0.00048023143183373307,-2.8092,1.5519,MEAN_CROSS,0.0017308578950492315,1.459365,12
2023-11-08 14:00:00+00:00,2023-11-09 02:00:00+00:00,-1,0.001057382987112776,0.00011145220326191918,2.5319,0.02,MEAN_CROSS,0.0009459307838508568,0.797557,12
2023-11-09 14:00:00+00:00,2023-11-10 02:00:00+00:00,-1,0.0016197697414472856,0.00014564396727867468,2.4544,0.4566,MEAN_CROSS,0.001474125774168611,1.242902,12
2023-11-13 12:00:00+00:00,2023-11-14 07:00:00+00:00,1,-0.0007700989757222221,0.000460866793046133,-2.9047,1.1558,MEAN_CROSS,0.001230965768768355,1.037883,19
2023-11-14 09:00:00+00:00,2023-11-14 21:00:00+00:00,-1,0.0009878087453831785,0.0006070804458506718,2.6421,-0.2689,MEAN_CROSS,0.00038072829953250675,0.321009,12
2023-11-16 08:00:00+00:00,2023-11-16 20:00:00+00:00,-1,0.0010037724741636112,-0.0006834587790016666,2.8161,-1.0157,MEAN_CROSS,0.0016872312531652778,1.422581,12
2023-11-21 08:00:00+00:00,2023-11-21 23:00:00+00:00,1,-0.0005982903320556066,0.00017256148230071489,-2.5807,0.5906,MEAN_CROSS,0.0007708518143563214,2.223342,15
2023-11-22 08:00:00+00:00,2023-11-22 20:00:00+00:00,1,-0.0013774232493042327,0.00025924299152380037,-2.1501,1.0878,MEAN_CROSS,0.001636666240828033,4.720581,12
2023-11-24 14:00:00+00:00,2023-11-27 02:00:00+00:00,-1,0.001184950854102862,0.00017049172021743608,2.8807,-0.0855,MEAN_CROSS,0.0010144591338854259,2.92597,12
2023-11-27 14:00:00+00:00,2023-11-28 09:00:00+00:00,1,-0.001205266398953242,0.0003710534319880665,-3.2637,0.7832,MEAN_CROSS,0.0015763198309413085,4.546526,19
2023-11-28 13:00:00+00:00,2023-11-29 01:00:00+00:00,-1,0.0011710525381336545,0.00037386026659302907,2.5473,0.0715,MEAN_CROSS,0.0007971922715406254,2.299315,12
2023-11-29 07:00:00+00:00,2023-11-30 00:00:00+00:00,1,-0.0009372326166199318,0.0003950154452863064,-2.2085,1.0734,MEAN_CROSS,0.0013322480619062382,3.842558,17
2023-11-30 07:00:00+00:00,2023-11-30 22:00:00+00:00,1,-0.0014870021920734278,5.933804128566145e-05,-2.9965,0.9668,MEAN_CROSS,0.0015463402333590892,4.460057,15
2023-12-01 14:00:00+00:00,2023-12-04 02:00:00+00:00,1,-0.002377967454581853,0.00039693375087068716,-2.4918,0.7358,MEAN_CROSS,0.00277490120545254,8.003554,12
2023-12-04 15:00:00+00:00,2023-12-05 03:00:00+00:00,1,-0.0024950719245948605,0.0001972391153901576,-2.7058,0.6092,MEAN_CROSS,0.002692311039985018,7.765342,12
2023-12-05 07:00:00+00:00,2023-12-05 20:00:00+00:00,1,-0.0018432861526684885,0.0002409162707892598,-2.4087,0.8517,MEAN_CROSS,0.0020842024234577483,6.011395,13
2023-12-07 07:00:00+00:00,2023-12-07 19:00:00+00:00,-1,0.0009400087314508365,-4.4439072350188624e-05,3.0633,-0.2267,MEAN_CROSS,0.0009844478038010251,2.83941,12
2023-12-08 13:00:00+00:00,2023-12-11 05:00:00+00:00,1,-0.0015212688063026558,0.00023917454821686945,-3.094,0.7809,MEAN_CROSS,0.0017604433545195253,5.077588,16
2023-12-12 09:00:00+00:00,2023-12-12 21:00:00+00:00,-1,0.0011396103613725561,0.0001147939516148444,2.3201,-0.0833,MEAN_CROSS,0.0010248164097577117,1.914756,12
2023-12-13 13:00:00+00:00,2023-12-14 01:00:00+00:00,-1,0.001072647910868696,0.001071042599645411,2.0925,0.414,MEAN_CROSS,1.6053112232849998e-06,0.002999,12
2023-12-14 14:00:00+00:00,2023-12-15 02:00:00+00:00,-1,0.004103193675008221,0.0006016127727419551,2.485,-0.3501,MEAN_CROSS,0.003501580902266266,6.542316,12
2023-12-15 08:00:00+00:00,2023-12-18 00:00:00+00:00,1,-0.0023410881705252518,0.0002346641406982819,-2.9166,0.8722,MEAN_CROSS,0.0025757523112235337,4.812508,16
2023-12-19 08:00:00+00:00,2023-12-19 20:00:00+00:00,-1,0.0009983469503838105,0.00016651311732052143,2.5883,-0.2632,MEAN_CROSS,0.0008318338330632891,1.554189,12
2023-12-20 11:00:00+00:00,2023-12-21 00:00:00+00:00,1,-0.0012352388701184491,0.00033031041201114775,-2.4453,0.948,MEAN_CROSS,0.0015655492821295969,2.925056,13
2023-12-21 11:00:00+00:00,2023-12-21 23:00:00+00:00,-1,0.0017457052792164696,0.00011974408114800994,3.4128,-0.1495,MEAN_CROSS,0.0016259611980684596,3.037929,12
2023-12-22 15:00:00+00:00,2023-12-26 02:00:00+00:00,1,-0.0006930416189172561,0.00043838285250896725,-2.1303,0.778,MEAN_CROSS,0.0011314244714262234,2.113941,13
2023-12-27 12:00:00+00:00,2023-12-28 00:00:00+00:00,-1,0.0009979647760991472,0.0004451007285615205,2.5539,0.1885,MEAN_CROSS,0.0005528640475376267,1.032965,12
2023-12-28 13:00:00+00:00,2023-12-29 01:00:00+00:00,1,-0.0027191887471986753,0.00047581313094369193,-5.0727,1.0302,MEAN_CROSS,0.0031950018781423672,5.969507,12
2024-01-02 11:00:00+00:00,2024-01-02 23:00:00+00:00,1,-0.0027804066002863337,-0.00017200064104194723,-4.6779,0.5913,MEAN_CROSS,0.0026084059592443865,4.862998,12
2024-01-04 08:00:00+00:00,2024-01-04 20:00:00+00:00,-1,0.0016225272600032259,-9.260471396954628e-05,2.9193,-0.3601,MEAN_CROSS,0.0017151319739727722,3.197617,12
2024-01-05 08:00:00+00:00,2024-01-08 00:00:00+00:00,1,-0.0014921256223734414,0.0003691356952777447,-2.7183,0.575,MEAN_CROSS,0.001861261317651186,3.470055,16
2024-01-09 15:00:00+00:00,2024-01-10 08:00:00+00:00,1,-0.001491385991639893,0.000992389840224206,-3.3387,2.841,MEAN_CROSS,0.002483775831864099,4.630643,17
2024-01-10 09:00:00+00:00,2024-01-10 22:00:00+00:00,-1,0.0008705525258989599,0.0002846470814668045,2.2423,0.1495,MEAN_CROSS,0.0005859054444321554,1.092337,13
2024-01-11 09:00:00+00:00,2024-01-11 23:00:00+00:00,1,-0.000873688129779504,0.000637887316196073,-2.6612,0.827,MEAN_CROSS,0.001511575445975577,2.818115,14
2024-01-16 00:00:00+00:00,2024-01-16 15:00:00+00:00,1,-0.0017049326461946457,0.00011917190893950824,-4.6883,0.9321,MEAN_CROSS,0.001824104555134154,3.400781,15
2024-01-18 13:00:00+00:00,2024-01-19 01:00:00+00:00,1,-0.0017264311759561668,0.0006295389832822185,-3.8266,0.8601,MEAN_CROSS,0.0023559701592383853,4.392368,12
2024-01-22 08:00:00+00:00,2024-01-23 01:00:00+00:00,1,-0.0005800337068300188,0.0002923648424064673,-2.7091,1.0269,MEAN_CROSS,0.0008723985492364861,3.191646,17
2024-01-23 05:00:00+00:00,2024-01-23 17:00:00+00:00,-1,0.0008233043679208851,-0.000856410545265085,2.5086,-0.7891,MEAN_CROSS,0.00167971491318597,6.145192,12
2024-01-24 09:00:00+00:00,2024-01-24 21:00:00+00:00,-1,0.00201141087537704,-0.00039569842795450505,2.6717,-0.5768,MEAN_CROSS,0.002407109303331545,8.806344,12
2024-01-25 14:00:00+00:00,2024-01-26 08:00:00+00:00,1,-0.0017010055104942357,0.00034116866034583637,-2.6814,0.799,MEAN_CROSS,0.002042174170840072,7.471239,18
2024-01-26 10:00:00+00:00,2024-01-28 22:00:00+00:00,-1,0.0013781256609770587,-0.0007532232453497656,2.0764,-1.0502,MEAN_CROSS,0.0021313489063268243,7.797482,12
2024-01-29 20:00:00+00:00,2024-01-30 08:00:00+00:00,-1,0.0009117637254600908,3.387713182068097e-05,3.0205,0.389,MEAN_CROSS,0.0008778865936394098,3.211724,12
2024-01-30 10:00:00+00:00,2024-01-30 22:00:00+00:00,-1,0.0009747688213743722,3.341712536464314e-06,2.0127,-0.3994,MEAN_CROSS,0.0009714271088379078,3.55394,12
2024-01-31 02:00:00+00:00,2024-01-31 14:00:00+00:00,1,-0.0012503434800557045,0.0017733547217686496,-2.8468,2.7253,MEAN_CROSS,0.003023698201824354,11.062118,12
2024-01-31 20:00:00+00:00,2024-02-01 11:00:00+00:00,1,-0.002211619724054703,0.0006849430418240932,-3.4753,1.1114,MEAN_CROSS,0.0028965627658787962,10.596996,15
2024-02-01 16:00:00+00:00,2024-02-02 04:00:00+00:00,-1,0.0024402227907069918,-0.0001003368748448974,2.8716,-0.4215,MEAN_CROSS,0.002540559665551889,9.294569,12
2024-02-02 13:00:00+00:00,2024-02-05 05:00:00+00:00,1,-0.003862818262818646,0.000211521940741477,-6.123,0.6741,MEAN_CROSS,0.004074340203560123,14.905863,16
2024-02-07 07:00:00+00:00,2024-02-07 20:00:00+00:00,-1,0.0007681226389320006,0.00028595894057414917,2.2087,0.1482,MEAN_CROSS,0.00048216369835785144,1.763983,13
2024-02-11 23:00:00+00:00,2024-02-12 11:00:00+00:00,-1,0.0008381467001017384,-0.00066798024149195,2.5031,-1.5607,MEAN_CROSS,0.0015061269415936884,3.476248,12
2024-02-13 13:00:00+00:00,2024-02-14 06:00:00+00:00,1,-0.00370998860109073,0.00020432539355574875,-7.3295,0.5384,MEAN_CROSS,0.003914313994646479,9.034516,17
2024-02-15 13:00:00+00:00,2024-02-16 01:00:00+00:00,-1,0.0016631263161002163,-0.00021400738012422593,4.4745,-0.9934,MEAN_CROSS,0.0018771336962244423,4.332558,12
2024-02-16 13:00:00+00:00,2024-02-19 06:00:00+00:00,1,-0.0013100122901501532,0.00043715326503579455,-3.2875,0.8061,MEAN_CROSS,0.0017471655551859477,4.032583,17
2024-02-20 09:00:00+00:00,2024-02-20 21:00:00+00:00,-1,0.0015544798922793035,-9.169657709251489e-05,5.3367,-0.6048,MEAN_CROSS,0.0016461764693718184,3.799493,12
2024-02-21 08:00:00+00:00,2024-02-21 20:00:00+00:00,1,-0.0009041371076821125,0.0002571232130743617,-2.0988,0.5264,MEAN_CROSS,0.0011612603207564742,2.680272,12
2024-02-22 07:00:00+00:00,2024-02-22 19:00:00+00:00,-1,0.0010929415738836212,3.691007139261515e-06,2.9343,-0.2022,MEAN_CROSS,0.0010892505667443597,2.514068,12
2024-02-26 07:00:00+00:00,2024-02-26 19:00:00+00:00,-1,0.0006217504356211823,-4.6384641268382154e-05,3.1131,-0.4908,MEAN_CROSS,0.0006681350768895644,1.542103,12
2024-02-27 14:00:00+00:00,2024-02-28 10:00:00+00:00,1,-0.0008214990628871988,6.248826177834843e-06,-2.9917,0.6004,MEAN_CROSS,0.0008277478890650336,1.910501,20
2024-02-28 13:00:00+00:00,2024-02-29 01:00:00+00:00,-1,0.0009226341374779512,-0.0005433427647623112,3.0097,-0.897,MEAN_CROSS,0.0014659769022402624,3.383579,12
2024-02-29 09:00:00+00:00,2024-02-29 21:00:00+00:00,-1,0.0010112765145764424,-0.00015795642221649864,2.0553,-0.2023,MEAN_CROSS,0.001169232936792941,2.275477,12
2024-03-01 01:00:00+00:00,2024-03-01 13:00:00+00:00,-1,0.000870629192885275,0.0001827188453875639,2.0055,0.4558,MEAN_CROSS,0.0006879103474977111,1.338761,12
2024-03-01 15:00:00+00:00,2024-03-04 03:00:00+00:00,-1,0.00146894996798963,3.9406719631651654e-05,2.8866,-0.4241,MEAN_CROSS,0.0014295432483579784,2.782074,12
2024-03-05 15:00:00+00:00,2024-03-06 03:00:00+00:00,-1,0.001259588384161292,1.7135954253344465e-06,4.1373,0.1331,MEAN_CROSS,0.0012578747887359576,2.447985,12
2024-03-06 08:00:00+00:00,2024-03-06 20:00:00+00:00,-1,0.0010335921861301944,-1.1463156551538844e-05,3.047,-0.5681,MEAN_CROSS,0.0010450553426817333,2.033811,12
2024-03-07 13:00:00+00:00,2024-03-08 13:00:00+00:00,1,-0.0016488941483376873,0.001368559732499497,-3.7641,1.4809,MEAN_CROSS,0.0030174538808371842,5.872351,24
2024-03-11 13:00:00+00:00,2024-03-12 01:00:00+00:00,1,-0.0009783307684347875,0.00034154399537111857,-2.1078,1.6316,MEAN_CROSS,0.001319874763805906,2.568645,12
2024-03-12 08:00:00+00:00,2024-03-12 20:00:00+00:00,1,-0.0007298768050281179,0.00017544756041543152,-2.3224,0.7064,MEAN_CROSS,0.0009053243654435494,1.761877,12
2024-03-13 11:00:00+00:00,2024-03-13 23:00:00+00:00,-1,0.0008850435051848127,0.0002751333797130773,3.0241,0.3069,MEAN_CROSS,0.0006099101254717354,1.186963,12
2024-03-14 12:00:00+00:00,2024-03-15 03:00:00+00:00,1,-0.0006350080430257421,-5.9609666912541215e-05,-2.3332,0.6165,MEAN_CROSS,0.0005753983761132009,1.119799,15
2024-03-15 09:00:00+00:00,2024-03-17 21:00:00+00:00,-1,0.0009691501855257911,3.8505510866704284e-05,2.5591,0.4089,MEAN_CROSS,0.0009306446746590868,1.811153,12
2024-03-18 09:00:00+00:00,2024-03-18 21:00:00+00:00,-1,0.0006112194559457773,4.82542732682667e-06,2.2767,0.1478,MEAN_CROSS,0.0006063940286189506,1.18012,12
2024-03-19 07:00:00+00:00,2024-03-19 19:00:00+00:00,1,-0.0008157229364913476,0.00025635902980281067,-2.4428,0.8885,MEAN_CROSS,0.0010720819662941583,2.086409,12
2024-03-20 09:00:00+00:00,2024-03-20 21:00:00+00:00,1,-0.0014038175630370908,0.0011667701801574282,-2.7938,0.9148,MEAN_CROSS,0.002570587743194519,5.634305,12
2024-03-21 08:00:00+00:00,2024-03-22 11:00:00+00:00,1,-0.0019235076266774787,-0.0002445534965958007,-2.3431,0.5527,MEAN_CROSS,0.001678954130081678,3.679991,27
2024-03-25 01:00:00+00:00,2024-03-25 17:00:00+00:00,-1,0.0006491919782540823,0.0001666696454891703,2.4626,0.2096,MEAN_CROSS,0.00048252233276491197,1.05761,16
2024-03-26 14:00:00+00:00,2024-03-27 06:00:00+00:00,1,-0.000684834910259724,0.0003138134555407124,-3.6656,0.7941,MEAN_CROSS,0.0009986483658004364,2.188873,16
2024-03-27 22:00:00+00:00,2024-03-28 12:00:00+00:00,1,-0.0006853452667168192,0.0009993248859609949,-2.1413,2.2329,MEAN_CROSS,0.001684670152677814,3.69252,14
2024-03-29 12:00:00+00:00,2024-04-01 00:00:00+00:00,-1,0.000995618873427473,-3.625536534768159e-06,2.1273,0.1077,MEAN_CROSS,0.000999244409962241,2.190179,12
2024-04-01 14:00:00+00:00,2024-04-02 04:00:00+00:00,1,-0.0021105719132288314,-9.93650581060379e-06,-6.6998,0.5938,MEAN_CROSS,0.0021006354074182276,4.604247,14
2024-04-02 07:00:00+00:00,2024-04-02 19:00:00+00:00,-1,0.0008699610042239847,0.000264430533061244,2.2728,0.4472,MEAN_CROSS,0.0006055304711627407,1.327223,12
2024-04-03 14:00:00+00:00,2024-04-04 02:00:00+00:00,-1,0.002473138552121057,0.0002729206672333895,6.2009,-0.2552,MEAN_CROSS,0.0022002178848876675,4.822516,12
2024-04-04 18:00:00+00:00,2024-04-05 07:00:00+00:00,1,-0.0009437251979542705,0.0008584507998707913,-2.4053,1.4602,MEAN_CROSS,0.0018021759978250618,3.950073,13
2024-04-05 12:00:00+00:00,2024-04-08 01:00:00+00:00,1,-0.001486162161464355,0.0004093074053339585,-2.1985,0.8845,MEAN_CROSS,0.0018954695667983135,4.154557,13
2024-04-08 13:00:00+00:00,2024-04-09 01:00:00+00:00,-1,0.0013270971242125285,2.2995801467695642e-05,2.3549,-0.4778,MEAN_CROSS,0.0013041013227448328,2.858376,12
2024-04-09 12:00:00+00:00,2024-04-10 00:00:00+00:00,-1,0.0010914518469917756,-4.745671176498156e-05,2.2697,-0.1912,MEAN_CROSS,0.0011389085587567571,2.879039,12
2024-04-10 12:00:00+00:00,2024-04-11 01:00:00+00:00,1,-0.004683621952841666,0.00020668648704513792,-11.1546,0.6076,MEAN_CROSS,0.0048903084398868035,12.362179,13
2024-04-12 06:00:00+00:00,2024-04-12 19:00:00+00:00,1,-0.0020619773251748796,-0.0001648054472220828,-4.0755,0.5238,MEAN_CROSS,0.0018971718779527968,4.795848,13
2024-04-16 09:00:00+00:00,2024-04-16 21:00:00+00:00,-1,0.0009283509126449818,-0.00045607075817444276,2.761,-0.7348,MEAN_CROSS,0.0013844216708194246,3.49967,12
2024-04-17 05:00:00+00:00,2024-04-17 17:00:00+00:00,1,-0.0009077177542833326,0.0014834222359292326,-2.0761,2.9035,MEAN_CROSS,0.002391139990212565,6.044547,12
2024-04-17 18:00:00+00:00,2024-04-18 06:00:00+00:00,-1,0.0011583595509705447,0.0004392438213625116,2.0918,0.2307,MEAN_CROSS,0.000719115729608033,1.817848,12
2024-04-18 09:00:00+00:00,2024-04-19 01:00:00+00:00,1,-0.0006381683447200803,-0.001987878759051709,-2.0183,-4.2398,STOP_LOSS,-0.0013497104143316285,-3.411924,16
2024-04-19 02:00:00+00:00,2024-04-19 14:00:00+00:00,1,-0.0015507705521167203,0.0008021658086381223,-2.5465,1.3297,MEAN_CROSS,0.0023529363607548426,5.947972,12
2024-04-22 11:00:00+00:00,2024-04-23 00:00:00+00:00,1,-0.001247717400636894,0.00030260364420753305,-2.941,0.7066,MEAN_CROSS,0.0015503210448444271,3.919046,13
2024-04-23 07:00:00+00:00,2024-04-23 19:00:00+00:00,-1,0.0017222392806575115,0.0002669768210130652,3.9844,-0.1213,MEAN_CROSS,0.0014552624596444463,3.678748,12
2024-04-25 12:00:00+00:00,2024-04-26 06:00:00+00:00,1,-0.0017487318788236283,0.0006257365656803238,-5.1529,0.9716,MEAN_CROSS,0.002374468444503952,6.002403,18
2024-04-26 11:00:00+00:00,2024-04-28 23:00:00+00:00,1,-0.00105501203722147,0.0005440148250563936,-2.3489,1.1073,MEAN_CROSS,0.0015990268622778636,4.04217,12
2024-04-30 09:00:00+00:00,2024-04-30 21:00:00+00:00,-1,0.0012379741986463522,-0.00031045672241525324,2.804,-0.2185,MEAN_CROSS,0.0015484309210616054,2.243743,12
2024-05-01 18:00:00+00:00,2024-05-02 06:00:00+00:00,-1,0.0032071659097614447,-0.00018490830397399627,6.1615,-0.6478,MEAN_CROSS,0.003392074213735441,4.91526,12
2024-05-03 12:00:00+00:00,2024-05-06 00:00:00+00:00,-1,0.0031070226612208707,0.0003806875726302117,5.5028,0.1376,MEAN_CROSS,0.002726335088590659,3.950576,12
2024-05-07 17:00:00+00:00,2024-05-08 06:00:00+00:00,1,-0.000874215002175438,0.00015193278919189979,-2.3588,0.7925,MEAN_CROSS,0.0010261477913673378,1.486932,13
2024-05-09 08:00:00+00:00,2024-05-10 13:00:00+00:00,1,-0.0007195329460900624,0.0006976625897503475,-2.6412,0.8333,MEAN_CROSS,0.0014171955358404098,2.053577,29
2024-05-10 14:00:00+00:00,2024-05-13 05:00:00+00:00,1,-0.0009896803783828734,0.0001602206230202352,-2.0923,0.8233,MEAN_CROSS,0.0011499010014031086,1.666256,15
2024-05-13 08:00:00+00:00,2024-05-13 20:00:00+00:00,-1,0.0007185102736124716,-8.462776588813448e-05,2.7026,-0.4096,MEAN_CROSS,0.000803138039500606,1.163781,12
2024-05-14 13:00:00+00:00,2024-05-15 03:00:00+00:00,-1,0.0014145342216842494,0.00030869688508872173,3.3725,0.3174,MEAN_CROSS,0.0011058373365955276,1.602406,14
2024-05-15 12:00:00+00:00,2024-05-16 00:00:00+00:00,-1,0.002085908835049999,0.00038864626380985534,4.7788,-0.0229,MEAN_CROSS,0.0016972625712401435,2.459406,12
2024-05-17 08:00:00+00:00,2024-05-20 04:00:00+00:00,1,-0.0009910614510135751,0.00036214282169533263,-2.8255,0.5877,MEAN_CROSS,0.0013532042727089078,4.216744,20
2024-05-21 09:00:00+00:00,2024-05-21 23:00:00+00:00,-1,0.000547733852892307,-9.127840413380994e-05,2.1383,-0.1472,MEAN_CROSS,0.000639012257026117,1.991238,14
2024-05-22 09:00:00+00:00,2024-05-23 01:00:00+00:00,1,-0.0006779207289167033,0.00014708727371814945,-2.1604,0.7888,MEAN_CROSS,0.0008250080026348527,2.570822,16
2024-05-23 08:00:00+00:00,2024-05-23 20:00:00+00:00,-1,0.0007176918188893655,5.4855329256309204e-05,2.2688,0.3327,MEAN_CROSS,0.0006628364896330563,2.065477,12
2024-05-24 10:00:00+00:00,2024-05-26 22:00:00+00:00,-1,0.0011771519604126812,0.0001912299976738474,2.071,0.1745,MEAN_CROSS,0.0009859219627388338,3.072249,12
2024-05-27 09:00:00+00:00,2024-05-27 21:00:00+00:00,-1,0.0010960864853630792,-4.780692224004568e-05,2.2357,-0.5252,MEAN_CROSS,0.0011438934076031249,3.564507,12
2024-05-28 01:00:00+00:00,2024-05-28 13:00:00+00:00,-1,0.0006631676833523947,-0.0009038133767487189,2.2507,-3.3143,MEAN_CROSS,0.0015669810601011136,4.882898,12
2024-05-28 17:00:00+00:00,2024-05-29 06:00:00+00:00,1,-0.0006142465477421144,0.00029428240318551957,-2.1818,0.8963,MEAN_CROSS,0.000908528950927634,2.831083,13
2024-05-29 14:00:00+00:00,2024-05-30 03:00:00+00:00,1,-0.0019156834458629035,-8.265668958418182e-05,-4.6205,0.648,MEAN_CROSS,0.0018330267562787217,5.711928,13
2024-05-30 07:00:00+00:00,2024-05-30 19:00:00+00:00,-1,0.0007755129407915895,-0.0004200294771548041,2.3806,-0.4564,MEAN_CROSS,0.0011955424179463936,3.725451,12
2024-05-31 02:00:00+00:00,2024-06-03 13:00:00+00:00,1,-0.001076412097379409,0.0005740396460320873,-2.4173,0.6537,MEAN_CROSS,0.0016504517434114963,5.143002,35
2024-06-03 15:00:00+00:00,2024-06-04 03:00:00+00:00,-1,0.002140813562277133,2.63423480129088e-05,2.7478,-0.4878,MEAN_CROSS,0.002114471214264224,6.588942,12
2024-06-04 09:00:00+00:00,2024-06-05 12:00:00+00:00,1,-0.001404559532248717,0.0008166071497310856,-2.1297,2.0212,MEAN_CROSS,0.0022211666819798026,6.921417,27
2024-06-07 12:00:00+00:00,2024-06-10 07:00:00+00:00,1,-0.003986160263839356,0.0004655391711361201,-12.2544,1.1889,MEAN_CROSS,0.004451699434975476,9.079718,19
2024-06-11 08:00:00+00:00,2024-06-12 02:00:00+00:00,1,-0.0013664793593350932,0.0001704097080603706,-2.1617,0.5337,MEAN_CROSS,0.0015368890673954638,3.13465,18
2024-06-12 12:00:00+00:00,2024-06-13 00:00:00+00:00,-1,0.004591117730164518,-3.281431248836064e-05,7.8664,-0.401,MEAN_CROSS,0.0046239320426528785,9.431005,12
2024-06-14 08:00:00+00:00,2024-06-14 20:00:00+00:00,1,-0.002144013544953527,0.0003358721150032995,-2.3224,1.0744,MEAN_CROSS,0.0024798856599568264,5.057992,12
2024-06-18 01:00:00+00:00,2024-06-18 13:00:00+00:00,1,-0.0005163238838967743,0.0015537065424149343,-2.7607,3.4193,MEAN_CROSS,0.0020700304263117086,4.222049,12
2024-06-20 02:00:00+00:00,2024-06-20 23:00:00+00:00,1,-0.0004224787899758109,9.533344769274699e-05,-2.0095,1.0652,MEAN_CROSS,0.0005178122376685579,1.056134,21
2024-06-21 02:00:00+00:00,2024-06-21 14:00:00+00:00,-1,0.000637307316185387,-0.0004670101415620298,2.451,-0.3349,MEAN_CROSS,0.0011043174577474169,2.252374,12
2024-06-25 11:00:00+00:00,2024-06-26 01:00:00+00:00,1,-0.0012133917812968686,0.0002810585962866874,-2.8157,0.903,MEAN_CROSS,0.001494450377583556,3.048092,14
2024-06-27 01:00:00+00:00,2024-06-27 14:00:00+00:00,-1,0.0005902222390747891,0.000204470685827296,2.2722,0.2729,MEAN_CROSS,0.0003857515532474931,0.868197,13
2024-06-28 01:00:00+00:00,2024-06-28 14:00:00+00:00,1,-0.0007716084421045544,0.001134853422128268,-2.0085,2.0556,MEAN_CROSS,0.0019064618642328224,4.290806,13
2024-06-30 21:00:00+00:00,2024-07-01 09:00:00+00:00,-1,0.0017549611784861696,-0.00024789811549963403,4.1888,-1.1946,MEAN_CROSS,0.0020028592939858036,4.507764,12
2024-07-01 10:00:00+00:00,2024-07-02 11:00:00+00:00,1,-0.0007286413017419946,0.00034452359702519253,-2.0951,1.022,MEAN_CROSS,0.0010731648987671871,2.415334,25
2024-07-02 13:00:00+00:00,2024-07-03 01:00:00+00:00,-1,0.0011635717102767007,-0.00031869241168269724,2.7619,-0.9334,MEAN_CROSS,0.001482264121959398,3.336079,12
2024-07-03 07:00:00+00:00,2024-07-03 19:00:00+00:00,-1,0.0010476415118234605,-5.2635753750029934e-05,2.2427,-0.6892,MEAN_CROSS,0.0011002772655734905,2.476355,12
2024-07-05 11:00:00+00:00,2024-07-08 03:00:00+00:00,1,-0.00039669111909468313,0.0003284564215464414,-2.9954,0.6182,MEAN_CROSS,0.0007251475406411245,1.632064,16
2024-07-11 08:00:00+00:00,2024-07-11 20:00:00+00:00,-1,0.0007033706439008025,0.00011481105591881757,3.0,-0.2748,MEAN_CROSS,0.0005885595879819849,1.32465,12
2024-07-14 21:00:00+00:00,2024-07-15 09:00:00+00:00,1,-0.0010176485539279412,0.0009425875977562281,-2.9907,1.4626,MEAN_CROSS,0.0019602361516841693,4.411834,12
2024-07-16 12:00:00+00:00,2024-07-17 01:00:00+00:00,1,-0.0012479514954968352,0.00021068709164184796,-2.9229,0.5514,MEAN_CROSS,0.001458638587138683,3.346271,13
2024-07-17 08:00:00+00:00,2024-07-17 20:00:00+00:00,-1,0.0025987939340006427,0.0003076791799248024,6.0157,-0.0046,MEAN_CROSS,0.0022911147540758403,5.256059,12
2024-07-18 13:00:00+00:00,2024-07-19 05:00:00+00:00,1,-0.0012327987271696372,-7.414465640809276e-05,-2.2913,0.7303,MEAN_CROSS,0.0011586540707615445,2.658075,16
2024-07-19 11:00:00+00:00,2024-07-22 01:00:00+00:00,-1,0.0006246743681419531,-0.00041130409811551694,2.9376,-0.7494,MEAN_CROSS,0.00103597846625747,2.376644,14
2024-07-23 07:00:00+00:00,2024-07-23 20:00:00+00:00,1,-0.0008337228300390187,9.38596466641961e-05,-3.0563,0.6665,MEAN_CROSS,0.0009275824767032148,2.127972,13
2024-07-24 07:00:00+00:00,2024-07-25 03:00:00+00:00,1,-0.0011415585212231072,0.00023917930191541537,-2.1366,0.7975,MEAN_CROSS,0.0013807378231385226,3.167558,20
2024-07-29 07:00:00+00:00,2024-07-29 19:00:00+00:00,1,-0.0009951125022158447,0.00013197411186682828,-3.7443,0.6738,MEAN_CROSS,0.001127086614082673,2.585656,12
2024-07-30 12:00:00+00:00,2024-07-31 00:00:00+00:00,1,-0.001661099026118107,0.00036499133373024684,-2.6579,0.9984,MEAN_CROSS,0.0020260903598483537,4.648065,12
2024-07-31 14:00:00+00:00,2024-08-01 03:00:00+00:00,1,-0.0009351403727266838,0.0004354111677682404,-2.1078,0.7911,MEAN_CROSS,0.0013705515404949242,3.14419,13
2024-08-01 07:00:00+00:00,2024-08-01 19:00:00+00:00,1,-0.0014941877476852827,8.16822627700553e-05,-3.2783,0.5223,MEAN_CROSS,0.001575870010455338,3.615212,12
2024-08-02 12:00:00+00:00,2024-08-05 00:00:00+00:00,-1,0.0046417324740100074,0.00031012356901993776,6.0597,-0.3565,MEAN_CROSS,0.00433160890499007,9.937168,12
2024-08-08 09:00:00+00:00,2024-08-09 02:00:00+00:00,1,-0.0006655970158642166,0.0003405025883109758,-2.4233,0.6349,MEAN_CROSS,0.0010060996041751924,0.786547,17
2024-08-12 14:00:00+00:00,2024-08-13 02:00:00+00:00,-1,0.0004941374672833287,0.00015639161758707054,2.0082,0.3019,MEAN_CROSS,0.0003377458496962582,0.264043,12
2024-08-13 06:00:00+00:00,2024-08-13 18:00:00+00:00,1,-0.0002845942570766091,0.0023670383079219537,-2.1433,3.5684,MEAN_CROSS,0.002651632564998563,2.07299,12
2024-08-15 12:00:00+00:00,2024-08-16 00:00:00+00:00,1,-0.0036222683269142575,0.00016779755274520802,-6.7861,0.6687,MEAN_CROSS,0.0037900658796594655,2.962993,12
2024-08-19 14:00:00+00:00,2024-08-20 02:00:00+00:00,-1,0.0016226640077294796,-0.0004975422292645693,3.2172,-2.0951,MEAN_CROSS,0.002120206236994049,1.657532,12
2024-08-21 15:00:00+00:00,2024-08-22 03:00:00+00:00,-1,0.0014014097978289897,-0.00013136412115777318,2.2629,-0.5302,MEAN_CROSS,0.0015327739189867629,1.19829,12
2024-08-22 13:00:00+00:00,2024-08-23 01:00:00+00:00,1,-0.0014154890727224867,0.000774773728545286,-2.7467,2.0616,MEAN_CROSS,0.0021902628012677727,1.712301,12
2024-08-23 14:00:00+00:00,2024-08-26 02:00:00+00:00,-1,0.003921267407024587,-0.0002173185206670869,7.9965,-0.7655,MEAN_CROSS,0.004138585927691674,7.908688,12
2024-08-27 17:00:00+00:00,2024-08-28 05:00:00+00:00,-1,0.0011828248510628026,-0.0015855890815197338,3.4822,-3.5234,MEAN_CROSS,0.0027684139325825363,5.290339,12
2024-08-28 10:00:00+00:00,2024-08-28 22:00:00+00:00,1,-0.0013635288504563192,0.00043132997180594934,-2.0609,0.9833,MEAN_CROSS,0.0017948588222622686,3.42991,12
2024-08-29 08:00:00+00:00,2024-08-29 22:00:00+00:00,1,-0.0031058425029342196,8.806161875063445e-05,-4.099,0.5039,MEAN_CROSS,0.003193904121684854,6.103435,14
2024-08-30 16:00:00+00:00,2024-09-02 05:00:00+00:00,1,-0.0012608817705506148,0.00038689021839277693,-2.1352,1.4466,MEAN_CROSS,0.0016477719889433917,3.148833,13
2024-09-02 06:00:00+00:00,2024-09-02 20:00:00+00:00,-1,0.0009524948242027875,5.7214933155247394e-05,2.7441,0.1943,MEAN_CROSS,0.0008952798910475401,1.710847,14
2024-09-03 08:00:00+00:00,2024-09-03 20:00:00+00:00,1,-0.0006871269127559643,0.000260369969919072,-2.1419,0.9259,MEAN_CROSS,0.0009474968826750363,1.810632,12
2024-09-04 14:00:00+00:00,2024-09-05 02:00:00+00:00,-1,0.002363559738627563,-4.578828277201907e-06,4.8225,-0.532,MEAN_CROSS,0.002368138566904765,4.525427,12
2024-09-05 14:00:00+00:00,2024-09-06 12:00:00+00:00,1,-0.0012010150202419467,0.000667829549463983,-2.6607,1.0635,MEAN_CROSS,0.0018688445697059297,3.571294,22
2024-09-06 13:00:00+00:00,2024-09-09 13:00:00+00:00,1,-0.0020511171763362146,2.7968811963541285e-05,-5.188,0.8812,MEAN_CROSS,0.002079085988299756,3.973058,24
2024-09-10 06:00:00+00:00,2024-09-10 18:00:00+00:00,-1,0.0007592251971459962,-2.9119094473895046e-05,2.6933,0.3925,MEAN_CROSS,0.0007883442916198913,1.506497,12
2024-09-11 01:00:00+00:00,2024-09-11 13:00:00+00:00,-1,0.0010513916488237296,-0.0014310304172617805,3.6748,-2.4921,MEAN_CROSS,0.00248242206608551,4.743819,12
2024-09-12 13:00:00+00:00,2024-09-13 01:00:00+00:00,-1,0.0012107989134173547,0.00032609402904459905,2.4259,-0.1003,MEAN_CROSS,0.0008847048843727556,1.380483,12
2024-09-16 03:00:00+00:00,2024-09-16 15:00:00+00:00,-1,0.0011557580578653859,-0.00010209605683719758,2.3368,-0.7134,MEAN_CROSS,0.0012578541147025835,1.962741,12
2024-09-17 12:00:00+00:00,2024-09-18 00:00:00+00:00,1,-0.0007958509448620088,0.0005746259534367137,-2.4053,1.3411,MEAN_CROSS,0.0013704768982987225,2.138476,12
2024-09-18 18:00:00+00:00,2024-09-19 11:00:00+00:00,-1,0.0016762723170806737,-0.0001426165124651657,3.5715,-0.3415,MEAN_CROSS,0.0018188888295458394,2.838173,17
2024-09-19 12:00:00+00:00,2024-09-20 06:00:00+00:00,1,-0.002234998920016551,0.0008675458706977057,-2.2215,0.5006,MEAN_CROSS,0.0031025447907142567,4.841175,18
2024-09-23 07:00:00+00:00,2024-09-24 03:00:00+00:00,1,-0.003948726329641827,0.00030050126088787543,-8.9738,0.6875,MEAN_CROSS,0.004249227590529703,6.630446,20
2024-09-25 08:00:00+00:00,2024-09-26 01:00:00+00:00,1,-0.0005036783695862024,0.0003530327351792817,-2.315,0.5089,MEAN_CROSS,0.0008567111047654841,1.336802,17
2024-09-26 15:00:00+00:00,2024-09-27 03:00:00+00:00,-1,0.0019872636676481203,-6.53642356196471e-05,2.381,-0.4862,MEAN_CROSS,0.0020526279032677675,3.202897,12
2024-09-27 06:00:00+00:00,2024-09-29 22:00:00+00:00,1,-0.001045902370806484,0.0005114135290205102,-2.2109,0.6257,MEAN_CROSS,0.0015573158998269943,2.430018,16
2024-09-30 08:00:00+00:00,2024-09-30 20:00:00+00:00,-1,0.0025425281500288666,-0.0005593340288239101,3.1868,-0.3748,MEAN_CROSS,0.0031018621788527767,4.84011,12
2024-10-03 14:00:00+00:00,2024-10-04 05:00:00+00:00,1,-0.0013452788029855167,0.00027053754977757194,-2.4143,0.9255,MEAN_CROSS,0.0016158163527630887,2.30342,15
2024-10-04 12:00:00+00:00,2024-10-07 01:00:00+00:00,1,-0.004457480127983304,0.0001648294298559616,-11.0811,0.5348,MEAN_CROSS,0.004622309557839266,6.589313,13
2024-10-08 07:00:00+00:00,2024-10-08 21:00:00+00:00,-1,0.0007972403646423487,0.00013917818488384803,2.2962,0.3229,MEAN_CROSS,0.0006580621797585007,0.938098,14
2024-10-10 12:00:00+00:00,2024-10-11 01:00:00+00:00,-1,0.0005615785093324721,-0.00011507941163690916,2.7752,-0.1148,MEAN_CROSS,0.0006766579209693813,0.964607,13
2024-10-14 11:00:00+00:00,2024-10-14 23:00:00+00:00,1,-0.0008262750745020586,0.0001063714477378408,-2.2823,0.9257,MEAN_CROSS,0.0009326465222398994,1.32953,12
2024-10-15 08:00:00+00:00,2024-10-15 22:00:00+00:00,-1,0.0008986211121007059,-0.00011164108742756085,3.1262,0.0725,MEAN_CROSS,0.0010102621995282668,1.440175,14
2024-10-17 12:00:00+00:00,2024-10-18 01:00:00+00:00,1,-0.0011263785626114409,0.00036270999478071886,-2.101,1.3142,MEAN_CROSS,0.0014890885573921597,2.122763,13
2024-10-21 04:00:00+00:00,2024-10-22 00:00:00+00:00,1,-0.00045602643714692803,-6.079048487706018e-06,-2.548,0.5349,MEAN_CROSS,0.000449947388659222,0.64142,20
2024-10-22 07:00:00+00:00,2024-10-22 19:00:00+00:00,-1,0.0010324981258671428,-0.00065275982473878,2.5792,-0.5914,MEAN_CROSS,0.0016852579506059229,3.386648,12
2024-10-23 07:00:00+00:00,2024-10-23 19:00:00+00:00,1,-0.001159819457033917,0.0006659700771725063,-2.4465,2.1501,MEAN_CROSS,0.0018257895342064234,3.669056,12
2024-10-24 17:00:00+00:00,2024-10-25 05:00:00+00:00,-1,0.0011284786556255977,-9.104174327934089e-05,2.3225,-0.9446,MEAN_CROSS,0.0012195203989049386,2.450715,12
2024-10-25 12:00:00+00:00,2024-10-28 00:00:00+00:00,-1,0.0010606356634312863,-0.0002124201978290774,2.1027,-0.2308,MEAN_CROSS,0.0012730558612603637,2.558298,12
2024-10-28 07:00:00+00:00,2024-10-28 19:00:00+00:00,-1,0.0009134059591269228,2.46765496423329e-05,2.2807,0.1703,MEAN_CROSS,0.0008887294094845899,1.785966,12
2024-10-29 11:00:00+00:00,2024-10-29 23:00:00+00:00,1,-0.0008225414537708087,0.0002990706741774485,-2.1489,0.5791,MEAN_CROSS,0.0011216121279482572,2.253961,12
2024-10-30 15:00:00+00:00,2024-10-31 03:00:00+00:00,-1,0.001777179039848864,-0.00011040981945087402,2.3298,-0.5702,MEAN_CROSS,0.001887588859299738,3.793246,12
2024-11-01 12:00:00+00:00,2024-11-04 05:00:00+00:00,-1,0.0013747076980856754,0.000513677366300147,2.4287,0.4444,MEAN_CROSS,0.0008610303317855283,1.730303,16
2024-11-05 16:00:00+00:00,2024-11-06 04:00:00+00:00,-1,0.0013635936089124723,-0.0018483009347627366,2.6442,-0.6343,MEAN_CROSS,0.003211894543675209,6.454535,12
2024-11-08 13:00:00+00:00,2024-11-11 01:00:00+00:00,1,-0.0014901655607104658,0.000328415631650536,-2.0525,1.1,MEAN_CROSS,0.0018185811923610018,3.654571,12
2024-11-12 20:00:00+00:00,2024-11-13 10:00:00+00:00,-1,0.0006618479208533312,-9.862414502159744e-05,2.1447,0.1591,MEAN_CROSS,0.0007604720658749287,1.024729,14
2024-11-13 11:00:00+00:00,2024-11-13 23:00:00+00:00,-1,0.001346282786003572,2.8701991798163462e-05,3.0133,0.3111,MEAN_CROSS,0.0013175807942054085,1.775429,12
2024-11-14 15:00:00+00:00,2024-11-15 05:00:00+00:00,-1,0.0023076412797129464,6.681941305242134e-05,2.7507,0.2594,MEAN_CROSS,0.002240821866660525,3.019488,14
2024-11-15 14:00:00+00:00,2024-11-18 07:00:00+00:00,1,-0.002232717503684478,0.00042018454877257305,-2.6082,0.5227,MEAN_CROSS,0.0026529020524570512,3.574762,17
2024-11-19 08:00:00+00:00,2024-11-19 23:00:00+00:00,1,-0.0009838237514223636,0.0009364463593815042,-2.1051,1.2331,MEAN_CROSS,0.0019202701108038678,2.587547,15
2024-11-20 08:00:00+00:00,2024-11-20 20:00:00+00:00,1,-0.0013940691089686652,0.000250543583960372,-2.1125,0.5739,MEAN_CROSS,0.0016446126929290372,2.216101,12
2024-11-21 16:00:00+00:00,2024-11-22 04:00:00+00:00,1,-0.0030461878871199666,4.574983295313473e-06,-3.7741,0.548,MEAN_CROSS,0.00305076287041528,4.110876,12
2024-11-22 08:00:00+00:00,2024-11-22 20:00:00+00:00,1,-0.0020810778423931975,0.000127791600660343,-2.2112,0.751,MEAN_CROSS,0.0022088694430535405,2.976432,12
2024-11-24 22:00:00+00:00,2024-11-25 10:00:00+00:00,-1,0.003992015781026037,0.0006175077193473211,4.4035,0.3997,MEAN_CROSS,0.003374508061678716,4.54712,12
2024-11-25 23:00:00+00:00,2024-11-26 11:00:00+00:00,1,-0.003169312440011174,0.0009622300235645476,-3.1666,0.6991,MEAN_CROSS,0.004131542463575721,5.567218,12
2024-11-27 13:00:00+00:00,2024-11-28 01:00:00+00:00,-1,0.003274996932683516,-0.0001434751320377181,3.272,-0.7326,MEAN_CROSS,0.003418472064721234,4.606361,12
2024-11-29 09:00:00+00:00,2024-12-02 06:00:00+00:00,1,-0.0010112755015436736,0.0003333215559999658,-2.4615,0.6604,MEAN_CROSS,0.0013445970575436395,3.057179,21
2024-12-02 14:00:00+00:00,2024-12-03 03:00:00+00:00,1,-0.0022700021533659243,-1.232852131427542e-05,-2.4468,0.575,MEAN_CROSS,0.002257673632051649,5.133219,13
2024-12-03 08:00:00+00:00,2024-12-03 20:00:00+00:00,-1,0.0019817409170534983,-0.0004438701091793451,3.0946,-0.6148,MEAN_CROSS,0.0024256110262328434,5.515055,12
2024-12-04 08:00:00+00:00,2024-12-05 02:00:00+00:00,1,-0.0012943605592561358,0.00043272997236876165,-2.2991,0.6659,MEAN_CROSS,0.0017270905316248975,3.926845,18
2024-12-05 13:00:00+00:00,2024-12-06 01:00:00+00:00,-1,0.002082535154441345,-0.0008132246136121069,2.9492,-1.9724,MEAN_CROSS,0.002895759768053452,6.584021,12
2024-12-06 15:00:00+00:00,2024-12-09 06:00:00+00:00,1,-0.0014548505675084922,0.00015605682163721823,-2.7192,0.6738,MEAN_CROSS,0.0016109073891457104,3.662682,15
2024-12-09 07:00:00+00:00,2024-12-09 19:00:00+00:00,-1,0.0013121896500556396,-0.0008866583462419086,2.5162,-1.0067,MEAN_CROSS,0.0021988479962975482,4.999469,12
2024-12-10 18:00:00+00:00,2024-12-11 06:00:00+00:00,-1,0.0007672511235798929,-5.4867067250885526e-05,2.002,0.1503,MEAN_CROSS,0.0008221181908307784,1.869231,12
2024-12-11 07:00:00+00:00,2024-12-11 21:00:00+00:00,1,-0.0022576892675694182,0.00017422333551841973,-3.8465,0.5056,MEAN_CROSS,0.002431912603087838,5.529382,14
2024-12-12 14:00:00+00:00,2024-12-13 02:00:00+00:00,-1,0.0016109335962768423,-0.000684026312860686,3.134,-0.8722,MEAN_CROSS,0.0022949599091375283,5.217996,12
2024-12-13 09:00:00+00:00,2024-12-13 21:00:00+00:00,-1,0.0015940137850392055,0.00042280036720576675,2.4196,0.4905,MEAN_CROSS,0.0011712134178334388,2.66296,12
2024-12-16 10:00:00+00:00,2024-12-16 23:00:00+00:00,1,-0.0011185092770717997,0.00043826126600099435,-2.2549,0.6121,MEAN_CROSS,0.001556770543072794,3.539593,13
2024-12-18 15:00:00+00:00,2024-12-19 06:00:00+00:00,1,-0.0014428842898130956,0.00025716665880959333,-3.2891,0.5496,MEAN_CROSS,0.001700050948622689,3.865366,15
